ts,utm_x,utm_y,z,utm_zone_n,utm_zone_l,heading,inx_x,inx_y,inx_z,inx_yaw
F66F0A5C00000000,DBA8A601,E09FC633,F62D0000,12000000,4C000000,85140000,46000000,48000000,48000000,A0D0FFFF
5A700A5C00000000,F9A8A601,F79FC633,F62D0000,12000000,4C000000,85140000,61000000,64000000,64000000,A0D0FFFF
C0700A5C00000000,18A9A601,0FA0C633,F62D0000,12000000,4C000000,85140000,7C000000,80000000,80000000,A0D0FFFF
22710A5C00000000,37A9A601,26A0C633,F62D0000,12000000,4C000000,85140000,97000000,9C000000,9C000000,A0D0FFFF
85710A5C00000000,56A9A601,3EA0C633,F62D0000,12000000,4C000000,85140000,B2000000,B8000000,B8000000,A0D0FFFF
EC710A5C00000000,75A9A601,56A0C633,F62D0000,12000000,4C000000,84140000,CD000000,D4000000,D4000000,9FD0FFFF
4F720A5C00000000,94A9A601,6DA0C633,F62D0000,12000000,4C000000,84140000,E8000000,F0000000,F0000000,9FD0FFFF
B4720A5C00000000,B2A9A601,85A0C633,F62D0000,12000000,4C000000,84140000,03010000,0C010000,0C010000,9FD0FFFF
18730A5C00000000,D1A9A601,9CA0C633,F62D0000,12000000,4C000000,84140000,1D010000,28010000,28010000,9FD0FFFF
7B730A5C00000000,F0A9A601,B4A0C633,F62D0000,12000000,4C000000,83140000,38010000,44010000,44010000,9ED0FFFF
E1730A5C00000000,0FAAA601,CCA0C633,F62D0000,12000000,4C000000,83140000,53010000,60010000,60010000,9ED0FFFF
43740A5C00000000,2DAAA601,E3A0C633,F62D0000,12000000,4C000000,83140000,6E010000,7C010000,7C010000,9ED0FFFF
A7740A5C00000000,4CAAA601,FBA0C633,F62D0000,12000000,4C000000,83140000,89010000,98010000,98010000,9ED0FFFF
0D750A5C00000000,6BAAA601,12A1C633,F62D0000,12000000,4C000000,83140000,A4010000,B4010000,B4010000,9ED0FFFF
70750A5C00000000,8AAAA601,2AA1C633,F62D0000,12000000,4C000000,83140000,BF010000,D0010000,D0010000,9ED0FFFF
D5750A5C00000000,A8AAA601,42A1C633,F62D0000,12000000,4C000000,82140000,D9010000,EC010000,EC010000,9DD0FFFF
39760A5C00000000,C7AAA601,59A1C633,F62D0000,12000000,4C000000,82140000,F4010000,08020000,08020000,9DD0FFFF
9C760A5C00000000,E6AAA601,71A1C633,F62D0000,12000000,4C000000,82140000,0F020000,24020000,24020000,9DD0FFFF
02770A5C00000000,05ABA601,88A1C633,F62D0000,12000000,4C000000,82140000,2A020000,40020000,40020000,9DD0FFFF
64770A5C00000000,24ABA601,A0A1C633,F62D0000,12000000,4C000000,82140000,45020000,5C020000,5C020000,9DD0FFFF
CA770A5C00000000,42ABA601,B8A1C633,F62D0000,12000000,4C000000,81140000,60020000,78020000,78020000,9CD0FFFF
2E780A5C00000000,61ABA601,CFA1C633,F62D0000,12000000,4C000000,81140000,7A020000,94020000,94020000,9CD0FFFF
91780A5C00000000,80ABA601,E7A1C633,F62D0000,12000000,4C000000,81140000,95020000,B0020000,B0020000,9CD0FFFF
F6780A5C00000000,9FABA601,FFA1C633,F62D0000,12000000,4C000000,81140000,B0020000,CC020000,CC020000,9CD0FFFF
57790A5C00000000,BEABA601,16A2C633,F62D0000,12000000,4C000000,81140000,CB020000,E8020000,E8020000,9CD0FFFF
BD790A5C00000000,DCABA601,2EA2C633,F62D0000,12000000,4C000000,80140000,E6020000,04030000,04030000,9BD0FFFF
237A0A5C00000000,FBABA601,46A2C633,F62D0000,12000000,4C000000,80140000,01030000,20030000,20030000,9BD0FFFF
867A0A5C00000000,1AACA601,5DA2C633,F62D0000,12000000,4C000000,80140000,1C030000,3C030000,3C030000,9BD0FFFF
EB7A0A5C00000000,39ACA601,75A2C633,F62D0000,12000000,4C000000,80140000,37030000,58030000,58030000,9BD0FFFF
4F7B0A5C00000000,57ACA601,8CA2C633,F62D0000,12000000,4C000000,7F140000,52030000,74030000,74030000,9AD0FFFF
B27B0A5C00000000,76ACA601,A4A2C633,F62D0000,12000000,4C000000,7F140000,6D030000,90030000,90030000,9AD0FFFF
187C0A5C00000000,95ACA601,BCA2C633,F62D0000,12000000,4C000000,7F140000,87030000,AC030000,AC030000,9AD0FFFF
7A7C0A5C00000000,B4ACA601,D3A2C633,F62D0000,12000000,4C000000,7F140000,A2030000,C8030000,C8030000,9AD0FFFF
E17C0A5C00000000,D2ACA601,EBA2C633,F62D0000,12000000,4C000000,7F140000,BD030000,E4030000,E4030000,9AD0FFFF
437D0A5C00000000,F1ACA601,03A3C633,F62D0000,12000000,4C000000,7E140000,D8030000,00040000,00040000,99D0FFFF
A67D0A5C00000000,10ADA601,1AA3C633,F62D0000,12000000,4C000000,7E140000,F3030000,1C040000,1C040000,99D0FFFF
0D7E0A5C00000000,2FADA601,32A3C633,F62D0000,12000000,4C000000,7E140000,0E040000,38040000,38040000,99D0FFFF
707E0A5C00000000,4EADA601,4AA3C633,F62D0000,12000000,4C000000,7E140000,29040000,54040000,54040000,99D0FFFF
D27E0A5C00000000,6CADA601,61A3C633,F62D0000,12000000,4C000000,7E140000,43040000,70040000,70040000,99D0FFFF
397F0A5C00000000,8BADA601,79A3C633,F62D0000,12000000,4C000000,7E140000,5E040000,8C040000,8C040000,99D0FFFF
9C7F0A5C00000000,AAADA601,90A3C633,F62D0000,12000000,4C000000,7E140000,79040000,A8040000,A8040000,99D0FFFF
FF7F0A5C00000000,C9ADA601,A8A3C633,F62D0000,12000000,4C000000,7D140000,94040000,C4040000,C4040000,98D0FFFF
65800A5C00000000,E7ADA601,C0A3C633,F62D0000,12000000,4C000000,7D140000,AF040000,E0040000,E0040000,98D0FFFF
C8800A5C00000000,06AEA601,D7A3C633,F62D0000,12000000,4C000000,7D140000,CA040000,FC040000,FC040000,98D0FFFF
2C810A5C00000000,25AEA601,EFA3C633,F62D0000,12000000,4C000000,7D140000,E5040000,18050000,18050000,98D0FFFF
91810A5C00000000,44AEA601,07A4C633,F62D0000,12000000,4C000000,7D140000,FF040000,33050000,34050000,98D0FFFF
F4810A5C00000000,62AEA601,1EA4C633,F62D0000,12000000,4C000000,7D140000,1A050000,50050000,50050000,98D0FFFF
5A820A5C00000000,81AEA601,36A4C633,F62D0000,12000000,4C000000,7D140000,35050000,6C050000,6C050000,98D0FFFF
BD820A5C00000000,A0AEA601,4EA4C633,F62D0000,12000000,4C000000,7C140000,50050000,87050000,88050000,97D0FFFF
23830A5C00000000,BFAEA601,65A4C633,F62D0000,12000000,4C000000,7C140000,6B050000,A4050000,A4050000,97D0FFFF
85830A5C00000000,DDAEA601,7DA4C633,F62D0000,12000000,4C000000,7C140000,86050000,C0050000,C0050000,97D0FFFF
E9830A5C00000000,FCAEA601,95A4C633,F62D0000,12000000,4C000000,7C140000,A1050000,DB050000,DC050000,97D0FFFF
4F840A5C00000000,1BAFA601,ACA4C633,F62D0000,12000000,4C000000,7C140000,BC050000,F7050000,F8050000,97D0FFFF
B2840A5C00000000,3AAFA601,C4A4C633,F62D0000,12000000,4C000000,7B140000,D6050000,14060000,14060000,96D0FFFF
18850A5C00000000,58AFA601,DCA4C633,F62D0000,12000000,4C000000,7B140000,F1050000,2F060000,30060000,96D0FFFF
7B850A5C00000000,77AFA601,F3A4C633,F62D0000,12000000,4C000000,7B140000,0C060000,4B060000,4C060000,96D0FFFF
DE850A5C00000000,96AFA601,0BA5C633,F62D0000,12000000,4C000000,7B140000,27060000,67060000,68060000,96D0FFFF
44860A5C00000000,B5AFA601,23A5C633,F62D0000,12000000,4C000000,7B140000,42060000,83060000,84060000,96D0FFFF
A7860A5C00000000,D4AFA601,3AA5C633,F62D0000,12000000,4C000000,7B140000,5D060000,9F060000,A0060000,96D0FFFF
0A870A5C00000000,F2AFA601,52A5C633,F62D0000,12000000,4C000000,7A140000,78060000,BB060000,BC060000,95D0FFFF
70870A5C00000000,11B0A601,6AA5C633,F62D0000,12000000,4C000000,7A140000,93060000,D7060000,D8060000,95D0FFFF
D3870A5C00000000,30B0A601,81A5C633,F62D0000,12000000,4C000000,7A140000,AE060000,F3060000,F4060000,95D0FFFF
39880A5C00000000,4FB0A601,99A5C633,F62D0000,12000000,4C000000,7A140000,C9060000,0F070000,10070000,95D0FFFF
9C880A5C00000000,6DB0A601,B1A5C633,F62D0000,12000000,4C000000,7A140000,E4060000,2B070000,2C070000,95D0FFFF
FE880A5C00000000,8CB0A601,C8A5C633,F62D0000,12000000,4C000000,79140000,FF060000,47070000,48070000,94D0FFFF
65890A5C00000000,ABB0A601,E0A5C633,F62D0000,12000000,4C000000,79140000,19070000,63070000,64070000,94D0FFFF
C8890A5C00000000,CAB0A601,F8A5C633,F62D0000,12000000,4C000000,79140000,35070000,7F070000,80070000,94D0FFFF
2E8A0A5C00000000,E9B0A601,10A6C633,F62D0000,12000000,4C000000,79140000,4F070000,9B070000,9C070000,94D0FFFF
918A0A5C00000000,08B1A601,27A6C633,F62D0000,12000000,4C000000,79140000,6B070000,B7070000,B8070000,94D0FFFF
F48A0A5C00000000,26B1A601,3FA6C633,F62D0000,12000000,4C000000,78140000,85070000,D3070000,D4070000,93D0FFFF
5A8B0A5C00000000,45B1A601,57A6C633,F62D0000,12000000,4C000000,78140000,A0070000,EF070000,F0070000,93D0FFFF
BA8B0A5C00000000,64B1A601,6EA6C633,F62D0000,12000000,4C000000,78140000,BB070000,0B080000,0C080000,93D0FFFF
208C0A5C00000000,83B1A601,86A6C633,F62D0000,12000000,4C000000,78140000,D6070000,27080000,28080000,93D0FFFF
868C0A5C00000000,A1B1A601,9EA6C633,F62D0000,12000000,4C000000,77140000,F1070000,43080000,44080000,92D0FFFF
E98C0A5C00000000,C0B1A601,B6A6C633,F62D0000,12000000,4C000000,77140000,0C080000,5F080000,60080000,92D0FFFF
4F8D0A5C00000000,DFB1A601,CDA6C633,F62D0000,12000000,4C000000,77140000,28080000,7B080000,7C080000,92D0FFFF
B28D0A5C00000000,FEB1A601,E5A6C633,F62D0000,12000000,4C000000,77140000,42080000,97080000,98080000,92D0FFFF
158E0A5C00000000,1DB2A601,FDA6C633,F62D0000,12000000,4C000000,77140000,5D080000,B3080000,B4080000,92D0FFFF
7B8E0A5C00000000,3BB2A601,14A7C633,F62D0000,12000000,4C000000,77140000,78080000,CF080000,D0080000,92D0FFFF
DE8E0A5C00000000,5AB2A601,2CA7C633,F62D0000,12000000,4C000000,77140000,93080000,EB080000,EC080000,92D0FFFF
448F0A5C00000000,79B2A601,44A7C633,F62D0000,12000000,4C000000,77140000,AE080000,07090000,08090000,92D0FFFF
A68F0A5C00000000,98B2A601,5CA7C633,F62D0000,12000000,4C000000,76140000,C9080000,23090000,24090000,91D0FFFF
0B900A5C00000000,B7B2A601,73A7C633,F62D0000,12000000,4C000000,76140000,E4080000,3F090000,40090000,91D0FFFF
70900A5C00000000,D5B2A601,8BA7C633,F62D0000,12000000,4C000000,76140000,FF080000,5B090000,5C090000,91D0FFFF
D3900A5C00000000,F4B2A601,A3A7C633,F62D0000,12000000,4C000000,76140000,1A090000,77090000,78090000,91D0FFFF
36910A5C00000000,13B3A601,BBA7C633,F62D0000,12000000,4C000000,77140000,35090000,93090000,94090000,92D0FFFF
9D910A5C00000000,32B3A601,D2A7C633,F62D0000,12000000,4C000000,78140000,50090000,AF090000,B0090000,93D0FFFF
FF910A5C00000000,51B3A601,EAA7C633,F62D0000,12000000,4C000000,78140000,6B090000,CB090000,CC090000,93D0FFFF
63920A5C00000000,6FB3A601,02A8C633,F62D0000,12000000,4C000000,78140000,86090000,E7090000,E8090000,93D0FFFF
C8920A5C00000000,8EB3A601,19A8C633,F62D0000,12000000,4C000000,79140000,A1090000,030A0000,040A0000,94D0FFFF
2B930A5C00000000,ADB3A601,31A8C633,F62D0000,12000000,4C000000,7A140000,BC090000,1F0A0000,200A0000,95D0FFFF
8F930A5C00000000,CCB3A601,49A8C633,F62D0000,12000000,4C000000,7A140000,D7090000,3B0A0000,3C0A0000,95D0FFFF
F4930A5C00000000,EBB3A601,61A8C633,F62D0000,12000000,4C000000,7A140000,F2090000,570A0000,580A0000,95D0FFFF
57940A5C00000000,0AB4A601,78A8C633,F62D0000,12000000,4C000000,7A140000,0D0A0000,730A0000,740A0000,95D0FFFF
BD940A5C00000000,28B4A601,90A8C633,F62D0000,12000000,4C000000,7A140000,280A0000,8F0A0000,900A0000,95D0FFFF
20950A5C00000000,47B4A601,A8A8C633,F62D0000,12000000,4C000000,7A140000,430A0000,AB0A0000,AC0A0000,95D0FFFF
86950A5C00000000,66B4A601,C0A8C633,F62D0000,12000000,4C000000,79140000,5E0A0000,C70A0000,C80A0000,94D0FFFF
E9950A5C00000000,85B4A601,D7A8C633,F62D0000,12000000,4C000000,79140000,790A0000,E30A0000,E40A0000,94D0FFFF
4C960A5C00000000,A4B4A601,EFA8C633,F62D0000,12000000,4C000000,79140000,940A0000,FF0A0000,000B0000,94D0FFFF
B2960A5C00000000,C2B4A601,07A9C633,F62D0000,12000000,4C000000,79140000,AF0A0000,1B0B0000,1C0B0000,94D0FFFF
15970A5C00000000,E1B4A601,1EA9C633,F62D0000,12000000,4C000000,78140000,CA0A0000,370B0000,380B0000,93D0FFFF
7C970A5C00000000,00B5A601,36A9C633,F62D0000,12000000,4C000000,78140000,E50A0000,530B0000,540B0000,93D0FFFF
DE970A5C00000000,1FB5A601,4EA9C633,F62D0000,12000000,4C000000,77140000,000B0000,6F0B0000,700B0000,92D0FFFF
41980A5C00000000,3EB5A601,66A9C633,F62D0000,12000000,4C000000,77140000,1B0B0000,8B0B0000,8C0B0000,92D0FFFF
A7980A5C00000000,5CB5A601,7DA9C633,F62D0000,12000000,4C000000,76140000,360B0000,A70B0000,A80B0000,91D0FFFF
09990A5C00000000,7BB5A601,95A9C633,F62D0000,12000000,4C000000,76140000,510B0000,C30B0000,C40B0000,91D0FFFF
6D990A5C00000000,9AB5A601,ADA9C633,F62D0000,12000000,4C000000,75140000,6C0B0000,DF0B0000,E00B0000,90D0FFFF
D4990A5C00000000,B9B5A601,C4A9C633,F62D0000,12000000,4C000000,75140000,870B0000,FB0B0000,FC0B0000,90D0FFFF
369A0A5C00000000,D8B5A601,DCA9C633,F62D0000,12000000,4C000000,75140000,A20B0000,170C0000,180C0000,90D0FFFF
9C9A0A5C00000000,F6B5A601,F4A9C633,F62D0000,12000000,4C000000,75140000,BD0B0000,330C0000,340C0000,90D0FFFF
FF9A0A5C00000000,15B6A601,0CAAC633,F62D0000,12000000,4C000000,74140000,D80B0000,4F0C0000,500C0000,8FD0FFFF
639B0A5C00000000,34B6A601,23AAC633,F62D0000,12000000,4C000000,74140000,F30B0000,6B0C0000,6C0C0000,8FD0FFFF
C99B0A5C00000000,53B6A601,3BAAC633,F62D0000,12000000,4C000000,74140000,0D0C0000,870C0000,880C0000,8FD0FFFF
2C9C0A5C00000000,71B6A601,53AAC633,F62D0000,12000000,4C000000,74140000,290C0000,A30C0000,A40C0000,8FD0FFFF
929C0A5C00000000,90B6A601,6BAAC633,F62D0000,12000000,4C000000,74140000,430C0000,BF0C0000,C00C0000,8FD0FFFF
F49C0A5C00000000,AFB6A601,82AAC633,F62D0000,12000000,4C000000,74140000,5E0C0000,DB0C0000,DC0C0000,8FD0FFFF
579D0A5C00000000,CEB6A601,9AAAC633,F62D0000,12000000,4C000000,73140000,7A0C0000,F70C0000,F80C0000,8ED0FFFF
BE9D0A5C00000000,EDB6A601,B2AAC633,F62D0000,12000000,4C000000,73140000,950C0000,130D0000,140D0000,8ED0FFFF
1C9E0A5C00000000,0BB7A601,CAAAC633,F62D0000,12000000,4C000000,73140000,AF0C0000,2F0D0000,300D0000,8ED0FFFF
839E0A5C00000000,2AB7A601,E1AAC633,F62D0000,12000000,4C000000,72140000,CA0C0000,4B0D0000,4C0D0000,8DD0FFFF
E99E0A5C00000000,49B7A601,F9AAC633,F62D0000,12000000,4C000000,72140000,E50C0000,670D0000,680D0000,8DD0FFFF
4C9F0A5C00000000,68B7A601,11ABC633,F62D0000,12000000,4C000000,72140000,000D0000,830D0000,840D0000,8DD0FFFF
B29F0A5C00000000,86B7A601,29ABC633,F62D0000,12000000,4C000000,72140000,1B0D0000,9F0D0000,A00D0000,8DD0FFFF
15A00A5C00000000,A5B7A601,40ABC633,F62D0000,12000000,4C000000,72140000,360D0000,BB0D0000,BC0D0000,8DD0FFFF
79A00A5C00000000,C4B7A601,58ABC633,F62D0000,12000000,4C000000,71140000,510D0000,D70D0000,D80D0000,8CD0FFFF
DFA00A5C00000000,E3B7A601,70ABC633,F62D0000,12000000,4C000000,71140000,6C0D0000,F30D0000,F40D0000,8CD0FFFF
42A10A5C00000000,01B8A601,88ABC633,F62D0000,12000000,4C000000,71140000,870D0000,0F0E0000,100E0000,8CD0FFFF
A7A10A5C00000000,20B8A601,9FABC633,F62D0000,12000000,4C000000,71140000,A20D0000,2B0E0000,2C0E0000,8CD0FFFF
0AA20A5C00000000,3FB8A601,B7ABC633,F62D0000,12000000,4C000000,70140000,BD0D0000,470E0000,480E0000,8BD0FFFF
6DA20A5C00000000,5EB8A601,CFABC633,F62D0000,12000000,4C000000,70140000,D80D0000,630E0000,640E0000,8BD0FFFF
D2A20A5C00000000,7CB8A601,E7ABC633,F62D0000,12000000,4C000000,70140000,F30D0000,7F0E0000,800E0000,8BD0FFFF
35A30A5C00000000,9BB8A601,FEABC633,F62D0000,12000000,4C000000,70140000,0E0E0000,9B0E0000,9C0E0000,8BD0FFFF
9AA30A5C00000000,BAB8A601,16ACC633,F62D0000,12000000,4C000000,70140000,290E0000,B70E0000,B80E0000,8BD0FFFF
FFA30A5C00000000,D9B8A601,2EACC633,F62D0000,12000000,4C000000,70140000,440E0000,D30E0000,D40E0000,8BD0FFFF
61A40A5C00000000,F8B8A601,46ACC633,F62D0000,12000000,4C000000,6F140000,5F0E0000,EF0E0000,F00E0000,8AD0FFFF
C4A40A5C00000000,16B9A601,5DACC633,F62D0000,12000000,4C000000,6F140000,7A0E0000,0B0F0000,0C0F0000,8AD0FFFF
2BA50A5C00000000,35B9A601,75ACC633,F62D0000,12000000,4C000000,6F140000,950E0000,270F0000,280F0000,8AD0FFFF
8EA50A5C00000000,54B9A601,8DACC633,F62D0000,12000000,4C000000,6F140000,AF0E0000,430F0000,440F0000,8AD0FFFF
F3A50A5C00000000,72B9A601,A5ACC633,F62D0000,12000000,4C000000,6F140000,CA0E0000,5F0F0000,600F0000,8AD0FFFF
56A60A5C00000000,91B9A601,BCACC633,F62D0000,12000000,4C000000,6F140000,E50E0000,7B0F0000,7C0F0000,8AD0FFFF
BAA60A5C00000000,B0B9A601,D4ACC633,F62D0000,12000000,4C000000,6E140000,000F0000,970F0000,980F0000,89D0FFFF
1FA70A5C00000000,CFB9A601,ECACC633,F62D0000,12000000,4C000000,6E140000,1B0F0000,B30F0000,B40F0000,89D0FFFF
82A70A5C00000000,EDB9A601,04ADC633,F62D0000,12000000,4C000000,6E140000,360F0000,CF0F0000,D00F0000,89D0FFFF
E9A70A5C00000000,0CBAA601,1BADC633,F62D0000,12000000,4C000000,6E140000,510F0000,EB0F0000,EC0F0000,89D0FFFF
4CA80A5C00000000,2BBAA601,33ADC633,F62D0000,12000000,4C000000,6E140000,6C0F0000,07100000,08100000,89D0FFFF
AEA80A5C00000000,4ABAA601,4BADC633,F62D0000,12000000,4C000000,6E140000,870F0000,23100000,24100000,89D0FFFF
11A90A5C00000000,68BAA601,63ADC633,F62D0000,12000000,4C000000,6D140000,A20F0000,3F100000,40100000,88D0FFFF
78A90A5C00000000,87BAA601,7BADC633,F62D0000,12000000,4C000000,6D140000,BD0F0000,5B100000,5C100000,88D0FFFF
DEA90A5C00000000,A6BAA601,92ADC633,F62D0000,12000000,4C000000,6D140000,D80F0000,77100000,78100000,88D0FFFF
3EAA0A5C00000000,C5BAA601,AAADC633,F62D0000,12000000,4C000000,6D140000,F30F0000,92100000,94100000,88D0FFFF
A4AA0A5C00000000,E3BAA601,C2ADC633,F62D0000,12000000,4C000000,6D140000,0E100000,AF100000,B0100000,88D0FFFF
09AB0A5C00000000,02BBA601,DAADC633,F62D0000,12000000,4C000000,6D140000,29100000,CB100000,CC100000,88D0FFFF
6DAB0A5C00000000,21BBA601,F1ADC633,F62D0000,12000000,4C000000,6C140000,44100000,E6100000,E8100000,87D0FFFF
D1AB0A5C00000000,40BBA601,09AEC633,F62D0000,12000000,4C000000,6C140000,5F100000,02110000,04110000,87D0FFFF
36AC0A5C00000000,5EBBA601,21AEC633,F62D0000,12000000,4C000000,6C140000,7A100000,1F110000,20110000,87D0FFFF
99AC0A5C00000000,7DBBA601,39AEC633,F62D0000,12000000,4C000000,6C140000,95100000,3A110000,3C110000,87D0FFFF
FEAC0A5C00000000,9CBBA601,50AEC633,F62D0000,12000000,4C000000,6C140000,B0100000,56110000,58110000,87D0FFFF
61AD0A5C00000000,BBBBA601,68AEC633,F62D0000,12000000,4C000000,6B140000,CB100000,72110000,74110000,86D0FFFF
C5AD0A5C00000000,D9BBA601,80AEC633,F62D0000,12000000,4C000000,6B140000,E6100000,8E110000,90110000,86D0FFFF
29AE0A5C00000000,F8BBA601,98AEC633,F62D0000,12000000,4C000000,6B140000,01110000,AA110000,AC110000,86D0FFFF
8EAE0A5C00000000,17BCA601,B0AEC633,F62D0000,12000000,4C000000,6B140000,1C110000,C6110000,C8110000,86D0FFFF
F3AE0A5C00000000,36BCA601,C7AEC633,F62D0000,12000000,4C000000,6B140000,37110000,E2110000,E4110000,86D0FFFF
56AF0A5C00000000,54BCA601,DFAEC633,F62D0000,12000000,4C000000,6A140000,52110000,FE110000,00120000,85D0FFFF
BAAF0A5C00000000,73BCA601,F7AEC633,F62D0000,12000000,4C000000,6A140000,6D110000,1A120000,1C120000,85D0FFFF
20B00A5C00000000,92BCA601,0FAFC633,F62D0000,12000000,4C000000,6A140000,88110000,36120000,38120000,85D0FFFF
82B00A5C00000000,B0BCA601,27AFC633,F62D0000,12000000,4C000000,6A140000,A2110000,52120000,54120000,85D0FFFF
E5B00A5C00000000,CFBCA601,3EAFC633,F62D0000,12000000,4C000000,6A140000,BD110000,6E120000,70120000,85D0FFFF
4CB10A5C00000000,EEBCA601,56AFC633,F62D0000,12000000,4C000000,69140000,D8110000,8A120000,8C120000,84D0FFFF
AFB10A5C00000000,0DBDA601,6EAFC633,F62D0000,12000000,4C000000,69140000,F3110000,A6120000,A8120000,84D0FFFF
14B20A5C00000000,2BBDA601,86AFC633,F62D0000,12000000,4C000000,69140000,0E120000,C2120000,C4120000,84D0FFFF
78B20A5C00000000,4ABDA601,9DAFC633,F62D0000,12000000,4C000000,69140000,29120000,DE120000,E0120000,84D0FFFF
DBB20A5C00000000,69BDA601,B5AFC633,F62D0000,12000000,4C000000,69140000,44120000,FA120000,FC120000,84D0FFFF
40B30A5C00000000,88BDA601,CDAFC633,F62D0000,12000000,4C000000,69140000,5F120000,16130000,18130000,84D0FFFF
A2B30A5C00000000,A6BDA601,E5AFC633,F62D0000,12000000,4C000000,68140000,7A120000,32130000,34130000,83D0FFFF
0AB40A5C00000000,C5BDA601,FDAFC633,F62D0000,12000000,4C000000,68140000,95120000,4E130000,50130000,83D0FFFF
6DB40A5C00000000,E4BDA601,14B0C633,F62D0000,12000000,4C000000,68140000,B0120000,6A130000,6C130000,83D0FFFF
CFB40A5C00000000,02BEA601,2CB0C633,F62D0000,12000000,4C000000,68140000,CB120000,86130000,88130000,83D0FFFF
36B50A5C00000000,21BEA601,44B0C633,F62D0000,12000000,4C000000,68140000,E6120000,A2130000,A4130000,83D0FFFF
99B50A5C00000000,40BEA601,5CB0C633,F62D0000,12000000,4C000000,68140000,01130000,BE130000,C0130000,83D0FFFF
FCB50A5C00000000,5EBEA601,74B0C633,F62D0000,12000000,4C000000,67140000,1C130000,DA130000,DC130000,82D0FFFF
5EB60A5C00000000,7DBEA601,8BB0C633,F62D0000,12000000,4C000000,67140000,37130000,F6130000,F8130000,82D0FFFF
C5B60A5C00000000,9CBEA601,A3B0C633,F62D0000,12000000,4C000000,67140000,52130000,12140000,14140000,82D0FFFF
2BB70A5C00000000,BBBEA601,BBB0C633,F62D0000,12000000,4C000000,67140000,6D130000,2E140000,30140000,82D0FFFF
8EB70A5C00000000,D9BEA601,D3B0C633,F62D0000,12000000,4C000000,67140000,88130000,4A140000,4C140000,82D0FFFF
F1B70A5C00000000,F8BEA601,EBB0C633,F62D0000,12000000,4C000000,66140000,A3130000,66140000,68140000,81D0FFFF
57B80A5C00000000,17BFA601,02B1C633,F62D0000,12000000,4C000000,66140000,BD130000,82140000,84140000,81D0FFFF
BAB80A5C00000000,36BFA601,1AB1C633,F62D0000,12000000,4C000000,66140000,D8130000,9E140000,A0140000,81D0FFFF
1CB90A5C00000000,54BFA601,32B1C633,F62D0000,12000000,4C000000,66140000,F4130000,BA140000,BC140000,81D0FFFF
83B90A5C00000000,73BFA601,4AB1C633,F62D0000,12000000,4C000000,66140000,0E140000,D6140000,D8140000,81D0FFFF
E6B90A5C00000000,92BFA601,62B1C633,F62D0000,12000000,4C000000,66140000,29140000,F2140000,F4140000,81D0FFFF
49BA0A5C00000000,B0BFA601,79B1C633,F62D0000,12000000,4C000000,66140000,44140000,0E150000,10150000,81D0FFFF
AEBA0A5C00000000,CFBFA601,91B1C633,F62D0000,12000000,4C000000,65140000,5F140000,2A150000,2C150000,80D0FFFF
12BB0A5C00000000,EEBFA601,A9B1C633,F62D0000,12000000,4C000000,65140000,7A140000,46150000,48150000,80D0FFFF
78BB0A5C00000000,0CC0A601,C1B1C633,F62D0000,12000000,4C000000,65140000,95140000,62150000,64150000,80D0FFFF
DBBB0A5C00000000,2BC0A601,D9B1C633,F62D0000,12000000,4C000000,64140000,B0140000,7E150000,80150000,7FD0FFFF
41BC0A5C00000000,4AC0A601,F0B1C633,F62D0000,12000000,4C000000,64140000,CB140000,9A150000,9C150000,7FD0FFFF
A4BC0A5C00000000,69C0A601,08B2C633,F62D0000,12000000,4C000000,64140000,E6140000,B6150000,B8150000,7FD0FFFF
07BD0A5C00000000,87C0A601,20B2C633,F62D0000,12000000,4C000000,64140000,01150000,D2150000,D4150000,7FD0FFFF
6CBD0A5C00000000,A6C0A601,38B2C633,F62D0000,12000000,4C000000,64140000,1C150000,EE150000,F0150000,7FD0FFFF
D0BD0A5C00000000,C5C0A601,50B2C633,F62D0000,12000000,4C000000,64140000,37150000,0A160000,0C160000,7FD0FFFF
33BE0A5C00000000,E3C0A601,67B2C633,F62D0000,12000000,4C000000,64140000,52150000,26160000,28160000,7FD0FFFF
99BE0A5C00000000,02C1A601,7FB2C633,F62D0000,12000000,4C000000,63140000,6D150000,42160000,44160000,7ED0FFFF
FCBE0A5C00000000,21C1A601,97B2C633,F62D0000,12000000,4C000000,63140000,88150000,5E160000,60160000,7ED0FFFF
62BF0A5C00000000,40C1A601,AFB2C633,F62D0000,12000000,4C000000,63140000,A3150000,7A160000,7C160000,7ED0FFFF
C5BF0A5C00000000,5EC1A601,C7B2C633,F62D0000,12000000,4C000000,63140000,BD150000,96160000,98160000,7ED0FFFF
28C00A5C00000000,7DC1A601,DFB2C633,F62D0000,12000000,4C000000,63140000,D8150000,B2160000,B4160000,7ED0FFFF
8EC00A5C00000000,9CC1A601,F6B2C633,F62D0000,12000000,4C000000,63140000,F3150000,CE160000,D0160000,7ED0FFFF
EFC00A5C00000000,BAC1A601,0EB3C633,F62D0000,12000000,4C000000,62140000,0F160000,EA160000,EC160000,7DD0FFFF
57C10A5C00000000,D9C1A601,26B3C633,F62D0000,12000000,4C000000,62140000,29160000,06170000,08170000,7DD0FFFF
B9C10A5C00000000,F8C1A601,3EB3C633,F62D0000,12000000,4C000000,62140000,44160000,22170000,24170000,7DD0FFFF
1AC20A5C00000000,16C2A601,56B3C633,F62D0000,12000000,4C000000,62140000,5F160000,3E170000,40170000,7DD0FFFF
83C20A5C00000000,35C2A601,6DB3C633,F62D0000,12000000,4C000000,62140000,7A160000,5A170000,5C170000,7DD0FFFF
E5C20A5C00000000,54C2A601,85B3C633,F62D0000,12000000,4C000000,61140000,95160000,76170000,78170000,7CD0FFFF
49C30A5C00000000,72C2A601,9DB3C633,F62D0000,12000000,4C000000,61140000,B0160000,92170000,94170000,7CD0FFFF
AFC30A5C00000000,91C2A601,B5B3C633,F62D0000,12000000,4C000000,61140000,CB160000,AE170000,B0170000,7CD0FFFF
12C40A5C00000000,B0C2A601,CDB3C633,F62D0000,12000000,4C000000,61140000,E6160000,CA170000,CC170000,7CD0FFFF
77C40A5C00000000,CEC2A601,E5B3C633,F62D0000,12000000,4C000000,61140000,01170000,E6170000,E8170000,7CD0FFFF
DBC40A5C00000000,EDC2A601,FCB3C633,F62D0000,12000000,4C000000,60140000,1B170000,02180000,04180000,7BD0FFFF
3EC50A5C00000000,0CC3A601,14B4C633,F62D0000,12000000,4C000000,60140000,37170000,1E180000,20180000,7BD0FFFF
A5C50A5C00000000,2AC3A601,2CB4C633,F62D0000,12000000,4C000000,60140000,51170000,3A180000,3C180000,7BD0FFFF
06C60A5C00000000,49C3A601,44B4C633,F62D0000,12000000,4C000000,60140000,6C170000,56180000,58180000,7BD0FFFF
6DC60A5C00000000,68C3A601,5CB4C633,F62D0000,12000000,4C000000,60140000,87170000,72180000,74180000,7BD0FFFF
D0C60A5C00000000,86C3A601,74B4C633,F62D0000,12000000,4C000000,5F140000,A2170000,8E180000,90180000,7AD0FFFF
33C70A5C00000000,A5C3A601,8BB4C633,F62D0000,12000000,4C000000,5F140000,BD170000,AA180000,AC180000,7AD0FFFF
98C70A5C00000000,C4C3A601,A3B4C633,F62D0000,12000000,4C000000,5F140000,D8170000,C6180000,C8180000,7AD0FFFF
FCC70A5C00000000,E2C3A601,BBB4C633,F62D0000,12000000,4C000000,5F140000,F3170000,E2180000,E4180000,7AD0FFFF
5FC80A5C00000000,01C4A601,D3B4C633,F62D0000,12000000,4C000000,5F140000,0E180000,FE180000,00190000,7AD0FFFF
C2C80A5C00000000,1FC4A601,EBB4C633,F62D0000,12000000,4C000000,5F140000,28180000,1A190000,1C190000,7AD0FFFF
28C90A5C00000000,3EC4A601,02B5C633,F62D0000,12000000,4C000000,5F140000,43180000,36190000,38190000,7AD0FFFF
8FC90A5C00000000,5DC4A601,1AB5C633,F62D0000,12000000,4C000000,5E140000,5E180000,52190000,54190000,79D0FFFF
F1C90A5C00000000,7BC4A601,32B5C633,F62D0000,12000000,4C000000,5E140000,79180000,6E190000,70190000,79D0FFFF
54CA0A5C00000000,9AC4A601,4AB5C633,F62D0000,12000000,4C000000,5E140000,94180000,8A190000,8C190000,79D0FFFF
BBCA0A5C00000000,B9C4A601,62B5C633,F62D0000,12000000,4C000000,5E140000,AF180000,A6190000,A8190000,79D0FFFF
1CCB0A5C00000000,D7C4A601,79B5C633,F62D0000,12000000,4C000000,5E140000,C9180000,C2190000,C4190000,79D0FFFF
83CB0A5C00000000,F6C4A601,91B5C633,F62D0000,12000000,4C000000,5D140000,E4180000,DE190000,E0190000,78D0FFFF
E6CB0A5C00000000,15C5A601,A9B5C633,F62D0000,12000000,4C000000,5D140000,FF180000,FA190000,FC190000,78D0FFFF
49CC0A5C00000000,33C5A601,C1B5C633,F62D0000,12000000,4C000000,5D140000,1A190000,161A0000,181A0000,78D0FFFF
AFCC0A5C00000000,52C5A601,D9B5C633,F62D0000,12000000,4C000000,5D140000,35190000,321A0000,341A0000,78D0FFFF
12CD0A5C00000000,70C5A601,F0B5C633,F62D0000,12000000,4C000000,5D140000,50190000,4E1A0000,501A0000,78D0FFFF
75CD0A5C00000000,8FC5A601,08B6C633,F62D0000,12000000,4C000000,5C140000,6B190000,6A1A0000,6C1A0000,77D0FFFF
DBCD0A5C00000000,AEC5A601,20B6C633,F62D0000,12000000,4C000000,5C140000,85190000,861A0000,881A0000,77D0FFFF
3ECE0A5C00000000,CCC5A601,38B6C633,F62D0000,12000000,4C000000,5C140000,A0190000,A21A0000,A41A0000,77D0FFFF
A4CE0A5C00000000,EBC5A601,50B6C633,F62D0000,12000000,4C000000,5C140000,BB190000,BE1A0000,C01A0000,77D0FFFF
04CF0A5C00000000,09C6A601,67B6C633,F62D0000,12000000,4C000000,5B140000,D6190000,DA1A0000,DC1A0000,76D0FFFF
6ACF0A5C00000000,28C6A601,7FB6C633,F62D0000,12000000,4C000000,5B140000,F1190000,F61A0000,F81A0000,76D0FFFF
D0CF0A5C00000000,46C6A601,97B6C633,F62D0000,12000000,4C000000,5B140000,0B1A0000,121B0000,141B0000,76D0FFFF
33D00A5C00000000,65C6A601,AFB6C633,F62D0000,12000000,4C000000,5B140000,261A0000,2E1B0000,301B0000,76D0FFFF
96D00A5C00000000,84C6A601,C7B6C633,F62D0000,12000000,4C000000,5B140000,411A0000,4A1B0000,4C1B0000,76D0FFFF
FCD00A5C00000000,A2C6A601,DEB6C633,F62D0000,12000000,4C000000,5B140000,5C1A0000,661B0000,681B0000,76D0FFFF
5FD10A5C00000000,C1C6A601,F6B6C633,F62D0000,12000000,4C000000,5A140000,761A0000,821B0000,841B0000,75D0FFFF
C2D10A5C00000000,DFC6A601,0EB7C633,F62D0000,12000000,4C000000,5A140000,911A0000,9E1B0000,A01B0000,75D0FFFF
28D20A5C00000000,FEC6A601,26B7C633,F62D0000,12000000,4C000000,5A140000,AC1A0000,BA1B0000,BC1B0000,75D0FFFF
8BD20A5C00000000,1CC7A601,3EB7C633,F62D0000,12000000,4C000000,5A140000,C71A0000,D61B0000,D81B0000,75D0FFFF
F2D20A5C00000000,3BC7A601,55B7C633,F62D0000,12000000,4C000000,5A140000,E21A0000,F21B0000,F41B0000,75D0FFFF
51D30A5C00000000,5AC7A601,6DB7C633,F62D0000,12000000,4C000000,5A140000,FC1A0000,0E1C0000,101C0000,75D0FFFF
BAD30A5C00000000,78C7A601,85B7C633,F62D0000,12000000,4C000000,59140000,171B0000,2A1C0000,2C1C0000,74D0FFFF
1ED40A5C00000000,97C7A601,9DB7C633,F62D0000,12000000,4C000000,59140000,321B0000,461C0000,481C0000,74D0FFFF
80D40A5C00000000,B5C7A601,B5B7C633,F62D0000,12000000,4C000000,59140000,4D1B0000,611C0000,641C0000,74D0FFFF
E6D40A5C00000000,D4C7A601,CCB7C633,F62D0000,12000000,4C000000,59140000,681B0000,7D1C0000,801C0000,74D0FFFF
49D50A5C00000000,F3C7A601,E4B7C633,F62D0000,12000000,4C000000,58140000,831B0000,991C0000,9C1C0000,73D0FFFF
ACD50A5C00000000,11C8A601,FCB7C633,F62D0000,12000000,4C000000,58140000,9D1B0000,B61C0000,B81C0000,73D0FFFF
12D60A5C00000000,30C8A601,14B8C633,F62D0000,12000000,4C000000,58140000,B81B0000,D21C0000,D41C0000,73D0FFFF
75D60A5C00000000,4EC8A601,2CB8C633,F62D0000,12000000,4C000000,58140000,D31B0000,EE1C0000,F01C0000,73D0FFFF
DBD60A5C00000000,6DC8A601,44B8C633,F62D0000,12000000,4C000000,58140000,EE1B0000,091D0000,0C1D0000,73D0FFFF
3FD70A5C00000000,8BC8A601,5BB8C633,F62D0000,12000000,4C000000,58140000,081C0000,251D0000,281D0000,73D0FFFF
A1D70A5C00000000,AAC8A601,73B8C633,F62D0000,12000000,4C000000,57140000,231C0000,411D0000,441D0000,72D0FFFF
07D80A5C00000000,C8C8A601,8BB8C633,F62D0000,12000000,4C000000,57140000,3E1C0000,5D1D0000,601D0000,72D0FFFF
6BD80A5C00000000,E7C8A601,A3B8C633,F62D0000,12000000,4C000000,57140000,591C0000,791D0000,7C1D0000,72D0FFFF
D1D80A5C00000000,06C9A601,BBB8C633,F62D0000,12000000,4C000000,57140000,741C0000,951D0000,981D0000,72D0FFFF
33D90A5C00000000,24C9A601,D2B8C633,F62D0000,12000000,4C000000,57140000,8F1C0000,B11D0000,B41D0000,72D0FFFF
96D90A5C00000000,43C9A601,EAB8C633,F62D0000,12000000,4C000000,56140000,A91C0000,CD1D0000,D01D0000,71D0FFFF
FCD90A5C00000000,61C9A601,02B9C633,F62D0000,12000000,4C000000,56140000,C41C0000,E91D0000,EC1D0000,71D0FFFF
5FDA0A5C00000000,80C9A601,1AB9C633,F62D0000,12000000,4C000000,56140000,DF1C0000,051E0000,081E0000,71D0FFFF
C3DA0A5C00000000,9FC9A601,32B9C633,F62D0000,12000000,4C000000,56140000,FA1C0000,211E0000,241E0000,71D0FFFF
29DB0A5C00000000,BDC9A601,4AB9C633,F62D0000,12000000,4C000000,56140000,141D0000,3D1E0000,401E0000,71D0FFFF
8BDB0A5C00000000,DCC9A601,61B9C633,F62D0000,12000000,4C000000,55140000,2F1D0000,591E0000,5C1E0000,70D0FFFF
F2DB0A5C00000000,FAC9A601,79B9C633,F62D0000,12000000,4C000000,55140000,4A1D0000,751E0000,781E0000,70D0FFFF
54DC0A5C00000000,19CAA601,91B9C633,F62D0000,12000000,4C000000,55140000,651D0000,911E0000,941E0000,70D0FFFF
B8DC0A5C00000000,37CAA601,A9B9C633,F62D0000,12000000,4C000000,55140000,801D0000,AD1E0000,B01E0000,70D0FFFF
1EDD0A5C00000000,56CAA601,C1B9C633,F62D0000,12000000,4C000000,55140000,9B1D0000,C91E0000,CC1E0000,70D0FFFF
80DD0A5C00000000,74CAA601,D9B9C633,F62D0000,12000000,4C000000,54140000,B51D0000,E51E0000,E81E0000,6FD0FFFF
E5DD0A5C00000000,93CAA601,F1B9C633,F62D0000,12000000,4C000000,54140000,D01D0000,011F0000,041F0000,6FD0FFFF
49DE0A5C00000000,B2CAA601,08BAC633,F62D0000,12000000,4C000000,54140000,EB1D0000,1D1F0000,201F0000,6FD0FFFF
ACDE0A5C00000000,D0CAA601,20BAC633,F62D0000,12000000,4C000000,54140000,061E0000,391F0000,3C1F0000,6FD0FFFF
0FDF0A5C00000000,EFCAA601,38BAC633,F62D0000,12000000,4C000000,54140000,211E0000,551F0000,581F0000,6FD0FFFF
76DF0A5C00000000,0DCBA601,50BAC633,F62D0000,12000000,4C000000,54140000,3B1E0000,711F0000,741F0000,6FD0FFFF
D9DF0A5C00000000,2CCBA601,68BAC633,F62D0000,12000000,4C000000,53140000,561E0000,8D1F0000,901F0000,6ED0FFFF
3EE00A5C00000000,4ACBA601,7FBAC633,F62D0000,12000000,4C000000,53140000,711E0000,A91F0000,AC1F0000,6ED0FFFF
A0E00A5C00000000,69CBA601,97BAC633,F62D0000,12000000,4C000000,53140000,8C1E0000,C51F0000,C81F0000,6ED0FFFF
07E10A5C00000000,87CBA601,AFBAC633,F62D0000,12000000,4C000000,53140000,A61E0000,E11F0000,E41F0000,6ED0FFFF
6BE10A5C00000000,A6CBA601,C7BAC633,F62D0000,12000000,4C000000,53140000,C11E0000,FD1F0000,00200000,6ED0FFFF
CDE10A5C00000000,C4CBA601,DFBAC633,F62D0000,12000000,4C000000,53140000,DC1E0000,19200000,1C200000,6ED0FFFF
33E20A5C00000000,E3CBA601,F6BAC633,F62D0000,12000000,4C000000,53140000,F61E0000,35200000,38200000,6ED0FFFF
97E20A5C00000000,01CCA601,0EBBC633,F62D0000,12000000,4C000000,53140000,111F0000,51200000,54200000,6ED0FFFF
F9E20A5C00000000,20CCA601,26BBC633,F62D0000,12000000,4C000000,53140000,2C1F0000,6D200000,70200000,6ED0FFFF
5FE30A5C00000000,3ECCA601,3EBBC633,F62D0000,12000000,4C000000,53140000,471F0000,89200000,8C200000,6ED0FFFF
C2E30A5C00000000,5DCCA601,56BBC633,F62D0000,12000000,4C000000,52140000,621F0000,A5200000,A8200000,6DD0FFFF
29E40A5C00000000,7BCCA601,6EBBC633,F62D0000,12000000,4C000000,52140000,7D1F0000,C1200000,C4200000,6DD0FFFF
8BE40A5C00000000,9ACCA601,86BBC633,F62D0000,12000000,4C000000,52140000,971F0000,DD200000,E0200000,6DD0FFFF
EFE40A5C00000000,B9CCA601,9DBBC633,F62D0000,12000000,4C000000,52140000,B21F0000,F9200000,FC200000,6DD0FFFF
55E50A5C00000000,D7CCA601,B5BBC633,F62D0000,12000000,4C000000,52140000,CD1F0000,15210000,18210000,6DD0FFFF
B8E50A5C00000000,F6CCA601,CDBBC633,F62D0000,12000000,4C000000,51140000,E81F0000,31210000,34210000,6CD0FFFF
1DE60A5C00000000,14CDA601,E5BBC633,F62D0000,12000000,4C000000,51140000,02200000,4D210000,50210000,6CD0FFFF
81E60A5C00000000,32CDA601,FDBBC633,F62D0000,12000000,4C000000,51140000,1D200000,69210000,6C210000,6CD0FFFF
E3E60A5C00000000,51CDA601,15BCC633,F62D0000,12000000,4C000000,50140000,38200000,85210000,88210000,6BD0FFFF
49E70A5C00000000,70CDA601,2CBCC633,F62D0000,12000000,4C000000,50140000,52200000,A1210000,A4210000,6BD0FFFF
ACE70A5C00000000,8ECDA601,44BCC633,F62D0000,12000000,4C000000,50140000,6D200000,BD210000,C0210000,6BD0FFFF
10E80A5C00000000,ADCDA601,5CBCC633,F62D0000,12000000,4C000000,50140000,88200000,D9210000,DC210000,6BD0FFFF
76E80A5C00000000,CBCDA601,74BCC633,F62D0000,12000000,4C000000,50140000,A2200000,F5210000,F8210000,6BD0FFFF
D9E80A5C00000000,EACDA601,8CBCC633,F62D0000,12000000,4C000000,4F140000,BD200000,11220000,14220000,6AD0FFFF
3FE90A5C00000000,08CEA601,A3BCC633,F62D0000,12000000,4C000000,4F140000,D8200000,2D220000,30220000,6AD0FFFF
A0E90A5C00000000,26CEA601,BBBCC633,F62D0000,12000000,4C000000,4F140000,F3200000,49220000,4C220000,6AD0FFFF
04EA0A5C00000000,45CEA601,D3BCC633,F62D0000,12000000,4C000000,4F140000,0D210000,65220000,68220000,6AD0FFFF
6AEA0A5C00000000,64CEA601,EBBCC633,F62D0000,12000000,4C000000,4F140000,28210000,81220000,84220000,6AD0FFFF
CEEA0A5C00000000,82CEA601,03BDC633,F62D0000,12000000,4C000000,4F140000,43210000,9D220000,A0220000,6AD0FFFF
32EB0A5C00000000,A0CEA601,1BBDC633,F62D0000,12000000,4C000000,4E140000,5E210000,B9220000,BC220000,69D0FFFF
97EB0A5C00000000,BFCEA601,32BDC633,F62D0000,12000000,4C000000,4E140000,78210000,D5220000,D8220000,69D0FFFF
FAEB0A5C00000000,DDCEA601,4ABDC633,F62D0000,12000000,4C000000,4E140000,93210000,F1220000,F4220000,69D0FFFF
5CEC0A5C00000000,FCCEA601,62BDC633,F62D0000,12000000,4C000000,4E140000,AE210000,0D230000,10230000,69D0FFFF
C2EC0A5C00000000,1BCFA601,7ABDC633,F62D0000,12000000,4C000000,4E140000,C9210000,29230000,2C230000,69D0FFFF
26ED0A5C00000000,39CFA601,92BDC633,F62D0000,12000000,4C000000,4D140000,E3210000,45230000,48230000,68D0FFFF
8CED0A5C00000000,57CFA601,AABDC633,F62D0000,12000000,4C000000,4D140000,FE210000,61230000,64230000,68D0FFFF
EFED0A5C00000000,76CFA601,C2BDC633,F62D0000,12000000,4C000000,4D140000,19220000,7D230000,80230000,68D0FFFF
55EE0A5C00000000,94CFA601,D9BDC633,F62D0000,12000000,4C000000,4D140000,33220000,99230000,9C230000,68D0FFFF
B7EE0A5C00000000,B3CFA601,F1BDC633,F62D0000,12000000,4C000000,4D140000,4E220000,B5230000,B8230000,68D0FFFF
19EF0A5C00000000,D1CFA601,09BEC633,F62D0000,12000000,4C000000,4D140000,69220000,D1230000,D4230000,68D0FFFF
80EF0A5C00000000,F0CFA601,21BEC633,F62D0000,12000000,4C000000,4C140000,83220000,ED230000,F0230000,67D0FFFF
E4EF0A5C00000000,0ED0A601,39BEC633,F62D0000,12000000,4C000000,4C140000,9E220000,09240000,0C240000,67D0FFFF
4AF00A5C00000000,2CD0A601,50BEC633,F62D0000,12000000,4C000000,4C140000,B9220000,25240000,28240000,67D0FFFF
ADF00A5C00000000,4BD0A601,68BEC633,F62D0000,12000000,4C000000,4C140000,D3220000,41240000,44240000,67D0FFFF
0FF10A5C00000000,69D0A601,80BEC633,F62D0000,12000000,4C000000,4C140000,EE220000,5D240000,60240000,67D0FFFF
75F10A5C00000000,88D0A601,98BEC633,F62D0000,12000000,4C000000,4B140000,08230000,79240000,7C240000,66D0FFFF
D9F10A5C00000000,A6D0A601,B0BEC633,F62D0000,12000000,4C000000,4B140000,23230000,95240000,98240000,66D0FFFF
3CF20A5C00000000,C5D0A601,C8BEC633,F62D0000,12000000,4C000000,4B140000,3E230000,B1240000,B4240000,66D0FFFF
A2F20A5C00000000,E3D0A601,DFBEC633,F62D0000,12000000,4C000000,4B140000,59230000,CD240000,D0240000,66D0FFFF
05F30A5C00000000,02D1A601,F7BEC633,F62D0000,12000000,4C000000,4B140000,73230000,E9240000,EC240000,66D0FFFF
6AF30A5C00000000,20D1A601,0FBFC633,F62D0000,12000000,4C000000,4A140000,8E230000,05250000,08250000,65D0FFFF
CEF30A5C00000000,3FD1A601,27BFC633,F62D0000,12000000,4C000000,4A140000,A9230000,21250000,24250000,65D0FFFF
31F40A5C00000000,5DD1A601,3FBFC633,F62D0000,12000000,4C000000,4A140000,C4230000,3D250000,40250000,65D0FFFF
97F40A5C00000000,7CD1A601,57BFC633,F62D0000,12000000,4C000000,4A140000,DE230000,59250000,5C250000,65D0FFFF
FAF40A5C00000000,9AD1A601,6EBFC633,F62D0000,12000000,4C000000,4A140000,F9230000,75250000,78250000,65D0FFFF
5CF50A5C00000000,B8D1A601,86BFC633,F62D0000,12000000,4C000000,49140000,14240000,91250000,94250000,64D0FFFF
C2F50A5C00000000,D7D1A601,9EBFC633,F62D0000,12000000,4C000000,49140000,2E240000,AD250000,B0250000,64D0FFFF
26F60A5C00000000,F5D1A601,B6BFC633,F62D0000,12000000,4C000000,49140000,49240000,C9250000,CC250000,64D0FFFF
8BF60A5C00000000,14D2A601,CEBFC633,F62D0000,12000000,4C000000,49140000,63240000,E5250000,E8250000,64D0FFFF
EFF60A5C00000000,32D2A601,E6BFC633,F62D0000,12000000,4C000000,49140000,7E240000,01260000,04260000,64D0FFFF
52F70A5C00000000,51D2A601,FDBFC633,F62D0000,12000000,4C000000,49140000,99240000,1D260000,20260000,64D0FFFF
B7F70A5C00000000,6FD2A601,15C0C633,F62D0000,12000000,4C000000,48140000,B3240000,39260000,3C260000,63D0FFFF
1BF80A5C00000000,8DD2A601,2DC0C633,F62D0000,12000000,4C000000,48140000,CE240000,55260000,58260000,63D0FFFF
80F80A5C00000000,ACD2A601,45C0C633,F62D0000,12000000,4C000000,48140000,E8240000,71260000,74260000,63D0FFFF
E4F80A5C00000000,CAD2A601,5DC0C633,F62D0000,12000000,4C000000,48140000,03250000,8D260000,90260000,63D0FFFF
47F90A5C00000000,E8D2A601,74C0C633,F62D0000,12000000,4C000000,48140000,1D250000,A9260000,AC260000,63D0FFFF
ABF90A5C00000000,07D3A601,8CC0C633,F62D0000,12000000,4C000000,47140000,38250000,C5260000,C8260000,62D0FFFF
0FFA0A5C00000000,25D3A601,A4C0C633,F62D0000,12000000,4C000000,47140000,53250000,E1260000,E4260000,62D0FFFF
73FA0A5C00000000,44D3A601,BCC0C633,F62D0000,12000000,4C000000,47140000,6E250000,FD260000,00270000,62D0FFFF
D9FA0A5C00000000,62D3A601,D4C0C633,F62D0000,12000000,4C000000,47140000,88250000,19270000,1C270000,62D0FFFF
3CFB0A5C00000000,81D3A601,ECC0C633,F62D0000,12000000,4C000000,47140000,A3250000,35270000,38270000,62D0FFFF
A2FB0A5C00000000,9FD3A601,04C1C633,F62D0000,12000000,4C000000,47140000,BE250000,51270000,54270000,62D0FFFF
05FC0A5C00000000,BDD3A601,1BC1C633,F62D0000,12000000,4C000000,46140000,D8250000,6D270000,70270000,61D0FFFF
67FC0A5C00000000,DCD3A601,33C1C633,F62D0000,12000000,4C000000,46140000,F3250000,89270000,8C270000,61D0FFFF
CEFC0A5C00000000,FAD3A601,4BC1C633,F62D0000,12000000,4C000000,46140000,0E260000,A5270000,A8270000,61D0FFFF
31FD0A5C00000000,19D4A601,63C1C633,F62D0000,12000000,4C000000,46140000,28260000,C0270000,C4270000,61D0FFFF
97FD0A5C00000000,37D4A601,7BC1C633,F62D0000,12000000,4C000000,46140000,43260000,DC270000,E0270000,61D0FFFF
FAFD0A5C00000000,55D4A601,93C1C633,F62D0000,12000000,4C000000,45140000,5D260000,F8270000,FC270000,60D0FFFF
5DFE0A5C00000000,74D4A601,ABC1C633,F62D0000,12000000,4C000000,45140000,78260000,15280000,18280000,60D0FFFF
C3FE0A5C00000000,92D4A601,C2C1C633,F62D0000,12000000,4C000000,45140000,93260000,31280000,34280000,60D0FFFF
26FF0A5C00000000,B1D4A601,DAC1C633,F62D0000,12000000,4C000000,45140000,AD260000,4D280000,50280000,60D0FFFF
89FF0A5C00000000,CFD4A601,F2C1C633,F62D0000,12000000,4C000000,45140000,C8260000,68280000,6C280000,60D0FFFF
EFFF0A5C00000000,EDD4A601,0AC2C633,F62D0000,12000000,4C000000,44140000,E2260000,84280000,88280000,5FD0FFFF
52000B5C00000000,0CD5A601,22C2C633,F62D0000,12000000,4C000000,44140000,FD260000,A0280000,A4280000,5FD0FFFF
B8000B5C00000000,2AD5A601,39C2C633,F62D0000,12000000,4C000000,44140000,18270000,BD280000,C0280000,5FD0FFFF
1B010B5C00000000,48D5A601,51C2C633,F62D0000,12000000,4C000000,44140000,32270000,D9280000,DC280000,5FD0FFFF
7C010B5C00000000,67D5A601,69C2C633,F62D0000,12000000,4C000000,44140000,4D270000,F5280000,F8280000,5FD0FFFF
E4010B5C00000000,85D5A601,81C2C633,F62D0000,12000000,4C000000,43140000,68270000,11290000,14290000,5ED0FFFF
47020B5C00000000,A4D5A601,99C2C633,F62D0000,12000000,4C000000,43140000,82270000,2C290000,30290000,5ED0FFFF
AD020B5C00000000,C2D5A601,B1C2C633,F62D0000,12000000,4C000000,43140000,9D270000,48290000,4C290000,5ED0FFFF
10030B5C00000000,E1D5A601,C9C2C633,F62D0000,12000000,4C000000,43140000,B8270000,64290000,68290000,5ED0FFFF
73030B5C00000000,FFD5A601,E1C2C633,F62D0000,12000000,4C000000,43140000,D2270000,80290000,84290000,5ED0FFFF
D9030B5C00000000,1DD6A601,F8C2C633,F62D0000,12000000,4C000000,43140000,ED270000,9C290000,A0290000,5ED0FFFF
3C040B5C00000000,3CD6A601,10C3C633,F62D0000,12000000,4C000000,42140000,07280000,B8290000,BC290000,5DD0FFFF
9F040B5C00000000,5AD6A601,28C3C633,F62D0000,12000000,4C000000,42140000,22280000,D4290000,D8290000,5DD0FFFF
05050B5C00000000,78D6A601,40C3C633,F62D0000,12000000,4C000000,42140000,3C280000,F0290000,F4290000,5DD0FFFF
67050B5C00000000,97D6A601,58C3C633,F62D0000,12000000,4C000000,42140000,57280000,0C2A0000,102A0000,5DD0FFFF
CE050B5C00000000,B5D6A601,70C3C633,F62D0000,12000000,4C000000,41140000,72280000,282A0000,2C2A0000,5CD0FFFF
31060B5C00000000,D3D6A601,87C3C633,F62D0000,12000000,4C000000,41140000,8C280000,442A0000,482A0000,5CD0FFFF
91060B5C00000000,F2D6A601,9FC3C633,F62D0000,12000000,4C000000,41140000,A7280000,602A0000,642A0000,5CD0FFFF
FA060B5C00000000,10D7A601,B7C3C633,F62D0000,12000000,4C000000,41140000,C2280000,7C2A0000,802A0000,5CD0FFFF
5D070B5C00000000,2FD7A601,CFC3C633,F62D0000,12000000,4C000000,41140000,DC280000,982A0000,9C2A0000,5CD0FFFF
C3070B5C00000000,4DD7A601,E7C3C633,F62D0000,12000000,4C000000,41140000,F7280000,B42A0000,B82A0000,5CD0FFFF
23080B5C00000000,6BD7A601,FFC3C633,F62D0000,12000000,4C000000,40140000,11290000,D02A0000,D42A0000,5BD0FFFF
89080B5C00000000,8AD7A601,16C4C633,F62D0000,12000000,4C000000,40140000,2C290000,EC2A0000,F02A0000,5BD0FFFF
EF080B5C00000000,A8D7A601,2EC4C633,F62D0000,12000000,4C000000,40140000,46290000,082B0000,0C2B0000,5BD0FFFF
4F090B5C00000000,C6D7A601,46C4C633,F62D0000,12000000,4C000000,40140000,61290000,242B0000,282B0000,5BD0FFFF
B5090B5C00000000,E5D7A601,5EC4C633,F62D0000,12000000,4C000000,40140000,7B290000,402B0000,442B0000,5BD0FFFF
1B0A0B5C00000000,03D8A601,76C4C633,F62D0000,12000000,4C000000,40140000,96290000,5C2B0000,602B0000,5BD0FFFF
7E0A0B5C00000000,21D8A601,8EC4C633,F62D0000,12000000,4C000000,3F140000,B1290000,782B0000,7C2B0000,5AD0FFFF
E10A0B5C00000000,40D8A601,A5C4C633,F62D0000,12000000,4C000000,3F140000,CB290000,942B0000,982B0000,5AD0FFFF
470B0B5C00000000,5ED8A601,BDC4C633,F62D0000,12000000,4C000000,3F140000,E5290000,B02B0000,B42B0000,5AD0FFFF
AA0B0B5C00000000,7CD8A601,D5C4C633,F62D0000,12000000,4C000000,3F140000,002A0000,CC2B0000,D02B0000,5AD0FFFF
0E0C0B5C00000000,9BD8A601,EDC4C633,F62D0000,12000000,4C000000,3F140000,1B2A0000,E82B0000,EC2B0000,5AD0FFFF
740C0B5C00000000,B9D8A601,05C5C633,F62D0000,12000000,4C000000,3E140000,352A0000,042C0000,082C0000,59D0FFFF
D70C0B5C00000000,D7D8A601,1DC5C633,F62D0000,12000000,4C000000,3E140000,502A0000,202C0000,242C0000,59D0FFFF
3C0D0B5C00000000,F6D8A601,35C5C633,F62D0000,12000000,4C000000,3E140000,6A2A0000,3C2C0000,402C0000,59D0FFFF
9F0D0B5C00000000,14D9A601,4CC5C633,F62D0000,12000000,4C000000,3E140000,852A0000,582C0000,5C2C0000,59D0FFFF
050E0B5C00000000,32D9A601,64C5C633,F62D0000,12000000,4C000000,3E140000,9F2A0000,742C0000,782C0000,59D0FFFF
680E0B5C00000000,51D9A601,7CC5C633,F62D0000,12000000,4C000000,3E140000,BA2A0000,902C0000,942C0000,59D0FFFF
CB0E0B5C00000000,6FD9A601,94C5C633,F62D0000,12000000,4C000000,3D140000,D52A0000,AC2C0000,B02C0000,58D0FFFF
310F0B5C00000000,8DD9A601,ACC5C633,F62D0000,12000000,4C000000,3D140000,EF2A0000,C82C0000,CC2C0000,58D0FFFF
950F0B5C00000000,ACD9A601,C4C5C633,F62D0000,12000000,4C000000,3D140000,0A2B0000,E42C0000,E82C0000,58D0FFFF
FA0F0B5C00000000,CAD9A601,DBC5C633,F62D0000,12000000,4C000000,3D140000,242B0000,002D0000,042D0000,58D0FFFF
5D100B5C00000000,E8D9A601,F3C5C633,F62D0000,12000000,4C000000,3D140000,3F2B0000,1C2D0000,202D0000,58D0FFFF
C0100B5C00000000,07DAA601,0BC6C633,F62D0000,12000000,4C000000,3C140000,592B0000,382D0000,3C2D0000,57D0FFFF
26110B5C00000000,25DAA601,23C6C633,F62D0000,12000000,4C000000,3C140000,742B0000,542D0000,582D0000,57D0FFFF
89110B5C00000000,43DAA601,3BC6C633,F62D0000,12000000,4C000000,3C140000,8E2B0000,702D0000,742D0000,57D0FFFF
EC110B5C00000000,61DAA601,53C6C633,F62D0000,12000000,4C000000,3C140000,A92B0000,8C2D0000,902D0000,57D0FFFF
52120B5C00000000,80DAA601,6BC6C633,F62D0000,12000000,4C000000,3C140000,C32B0000,A82D0000,AC2D0000,57D0FFFF
B5120B5C00000000,9EDAA601,82C6C633,F62D0000,12000000,4C000000,3C140000,DE2B0000,C42D0000,C82D0000,57D0FFFF
1B130B5C00000000,BCDAA601,9AC6C633,F62D0000,12000000,4C000000,3B140000,F82B0000,E02D0000,E42D0000,56D0FFFF
7F130B5C00000000,DADAA601,B2C6C633,F62D0000,12000000,4C000000,3B140000,132C0000,FC2D0000,002E0000,56D0FFFF
E1130B5C00000000,F9DAA601,CAC6C633,F62D0000,12000000,4C000000,3B140000,2E2C0000,182E0000,1C2E0000,56D0FFFF
47140B5C00000000,17DBA601,E2C6C633,F62D0000,12000000,4C000000,3B140000,482C0000,342E0000,382E0000,56D0FFFF
AB140B5C00000000,36DBA601,FAC6C633,F62D0000,12000000,4C000000,3B140000,632C0000,502E0000,542E0000,56D0FFFF
10150B5C00000000,54DBA601,12C7C633,F62D0000,12000000,4C000000,3A140000,7D2C0000,6C2E0000,702E0000,55D0FFFF
73150B5C00000000,72DBA601,29C7C633,F62D0000,12000000,4C000000,3A140000,982C0000,882E0000,8C2E0000,55D0FFFF
D6150B5C00000000,90DBA601,41C7C633,F62D0000,12000000,4C000000,3A140000,B22C0000,A42E0000,A82E0000,55D0FFFF
3C160B5C00000000,AFDBA601,59C7C633,F62D0000,12000000,4C000000,3A140000,CD2C0000,C02E0000,C42E0000,55D0FFFF
9B160B5C00000000,CDDBA601,71C7C633,F62D0000,12000000,4C000000,3A140000,E72C0000,DC2E0000,E02E0000,55D0FFFF
02170B5C00000000,EBDBA601,89C7C633,F62D0000,12000000,4C000000,39140000,022D0000,F82E0000,FC2E0000,54D0FFFF
68170B5C00000000,0ADCA601,A1C7C633,F62D0000,12000000,4C000000,39140000,1C2D0000,142F0000,182F0000,54D0FFFF
CB170B5C00000000,28DCA601,B9C7C633,F62D0000,12000000,4C000000,39140000,372D0000,302F0000,342F0000,54D0FFFF
31180B5C00000000,46DCA601,D1C7C633,F62D0000,12000000,4C000000,39140000,512D0000,4C2F0000,502F0000,54D0FFFF
94180B5C00000000,64DCA601,E8C7C633,F62D0000,12000000,4C000000,39140000,6C2D0000,682F0000,6C2F0000,54D0FFFF
F7180B5C00000000,83DCA601,00C8C633,F62D0000,12000000,4C000000,38140000,862D0000,842F0000,882F0000,53D0FFFF
5A190B5C00000000,A1DCA601,18C8C633,F62D0000,12000000,4C000000,38140000,A12D0000,A02F0000,A42F0000,53D0FFFF
C0190B5C00000000,BFDCA601,30C8C633,F62D0000,12000000,4C000000,38140000,BB2D0000,BC2F0000,C02F0000,53D0FFFF
261A0B5C00000000,DEDCA601,48C8C633,F62D0000,12000000,4C000000,38140000,D62D0000,D82F0000,DC2F0000,53D0FFFF
8A1A0B5C00000000,FCDCA601,60C8C633,F62D0000,12000000,4C000000,38140000,F02D0000,F42F0000,F82F0000,53D0FFFF
EC1A0B5C00000000,1ADDA601,78C8C633,F62D0000,12000000,4C000000,37140000,0B2E0000,10300000,14300000,52D0FFFF
531B0B5C00000000,38DDA601,8FC8C633,F62D0000,12000000,4C000000,37140000,252E0000,2C300000,30300000,52D0FFFF
B61B0B5C00000000,57DDA601,A7C8C633,F62D0000,12000000,4C000000,37140000,402E0000,48300000,4C300000,52D0FFFF
171C0B5C00000000,75DDA601,BFC8C633,F62D0000,12000000,4C000000,37140000,5B2E0000,64300000,68300000,52D0FFFF
7D1C0B5C00000000,93DDA601,D7C8C633,F62D0000,12000000,4C000000,37140000,752E0000,80300000,84300000,52D0FFFF
E11C0B5C00000000,B2DDA601,EFC8C633,F62D0000,12000000,4C000000,36140000,902E0000,9C300000,A0300000,51D0FFFF
461D0B5C00000000,D0DDA601,07C9C633,F62D0000,12000000,4C000000,36140000,AA2E0000,B8300000,BC300000,51D0FFFF
AA1D0B5C00000000,EEDDA601,1FC9C633,F62D0000,12000000,4C000000,36140000,C52E0000,D4300000,D8300000,51D0FFFF
0C1E0B5C00000000,0CDEA601,37C9C633,F62D0000,12000000,4C000000,36140000,DF2E0000,F0300000,F4300000,51D0FFFF
721E0B5C00000000,2BDEA601,4FC9C633,F62D0000,12000000,4C000000,36140000,FA2E0000,0C310000,10310000,51D0FFFF
D61E0B5C00000000,49DEA601,66C9C633,F62D0000,12000000,4C000000,35140000,142F0000,28310000,2C310000,50D0FFFF
381F0B5C00000000,67DEA601,7EC9C633,F62D0000,12000000,4C000000,35140000,2F2F0000,44310000,48310000,50D0FFFF
9E1F0B5C00000000,86DEA601,96C9C633,F62D0000,12000000,4C000000,35140000,4A2F0000,60310000,64310000,50D0FFFF
02200B5C00000000,A4DEA601,AEC9C633,F62D0000,12000000,4C000000,35140000,642F0000,7C310000,80310000,50D0FFFF
68200B5C00000000,C2DEA601,C6C9C633,F62D0000,12000000,4C000000,35140000,7F2F0000,98310000,9C310000,50D0FFFF
CB200B5C00000000,E0DEA601,DEC9C633,F62D0000,12000000,4C000000,35140000,992F0000,B4310000,B8310000,50D0FFFF
2E210B5C00000000,FFDEA601,F6C9C633,F62D0000,12000000,4C000000,34140000,B42F0000,D0310000,D4310000,4FD0FFFF
90210B5C00000000,1DDFA601,0ECAC633,F62D0000,12000000,4C000000,34140000,CE2F0000,EC310000,F0310000,4FD0FFFF
F6210B5C00000000,3BDFA601,26CAC633,F62D0000,12000000,4C000000,34140000,E92F0000,08320000,0C320000,4FD0FFFF
5C220B5C00000000,5ADFA601,3DCAC633,F62D0000,12000000,4C000000,34140000,03300000,24320000,28320000,4FD0FFFF
BD220B5C00000000,78DFA601,55CAC633,F62D0000,12000000,4C000000,34140000,1E300000,40320000,44320000,4FD0FFFF
22230B5C00000000,96DFA601,6DCAC633,F62D0000,12000000,4C000000,34140000,38300000,5C320000,60320000,4FD0FFFF
88230B5C00000000,B4DFA601,85CAC633,F62D0000,12000000,4C000000,34140000,53300000,78320000,7C320000,4FD0FFFF
EB230B5C00000000,D3DFA601,9DCAC633,F62D0000,12000000,4C000000,33140000,6D300000,94320000,98320000,4ED0FFFF
4E240B5C00000000,F1DFA601,B5CAC633,F62D0000,12000000,4C000000,33140000,88300000,B0320000,B4320000,4ED0FFFF
B4240B5C00000000,0FE0A601,CDCAC633,F62D0000,12000000,4C000000,33140000,A2300000,CC320000,D0320000,4ED0FFFF
18250B5C00000000,2DE0A601,E5CAC633,F62D0000,12000000,4C000000,33140000,BD300000,E8320000,EC320000,4ED0FFFF
7E250B5C00000000,4CE0A601,FDCAC633,F62D0000,12000000,4C000000,33140000,D7300000,04330000,08330000,4ED0FFFF
E0250B5C00000000,6AE0A601,14CBC633,F62D0000,12000000,4C000000,33140000,F2300000,20330000,24330000,4ED0FFFF
43260B5C00000000,88E0A601,2CCBC633,F62D0000,12000000,4C000000,32140000,0C310000,3B330000,40330000,4DD0FFFF
A8260B5C00000000,A6E0A601,44CBC633,F62D0000,12000000,4C000000,32140000,27310000,57330000,5C330000,4DD0FFFF
0D270B5C00000000,C5E0A601,5CCBC633,F62D0000,12000000,4C000000,32140000,42310000,73330000,78330000,4DD0FFFF
72270B5C00000000,E3E0A601,74CBC633,F62D0000,12000000,4C000000,32140000,5C310000,8F330000,94330000,4DD0FFFF
D5270B5C00000000,01E1A601,8CCBC633,F62D0000,12000000,4C000000,32140000,77310000,AB330000,B0330000,4DD0FFFF
39280B5C00000000,20E1A601,A4CBC633,F62D0000,12000000,4C000000,32140000,91310000,C7330000,CC330000,4DD0FFFF
9F280B5C00000000,3EE1A601,BCCBC633,F62D0000,12000000,4C000000,31140000,AC310000,E4330000,E8330000,4CD0FFFF
01290B5C00000000,5CE1A601,D4CBC633,F62D0000,12000000,4C000000,31140000,C6310000,00340000,04340000,4CD0FFFF
65290B5C00000000,7AE1A601,ECCBC633,F62D0000,12000000,4C000000,31140000,E1310000,1C340000,20340000,4CD0FFFF
CB290B5C00000000,99E1A601,03CCC633,F62D0000,12000000,4C000000,31140000,FB310000,38340000,3C340000,4CD0FFFF
2D2A0B5C00000000,B7E1A601,1BCCC633,F62D0000,12000000,4C000000,31140000,16320000,54340000,58340000,4CD0FFFF
902A0B5C00000000,D5E1A601,33CCC633,F62D0000,12000000,4C000000,30140000,30320000,70340000,74340000,4BD0FFFF
F62A0B5C00000000,F3E1A601,4BCCC633,F62D0000,12000000,4C000000,30140000,4A320000,8B340000,90340000,4BD0FFFF
5A2B0B5C00000000,11E2A601,63CCC633,F62D0000,12000000,4C000000,30140000,65320000,A7340000,AC340000,4BD0FFFF
C02B0B5C00000000,30E2A601,7BCCC633,F62D0000,12000000,4C000000,30140000,80320000,C3340000,C8340000,4BD0FFFF
232C0B5C00000000,4EE2A601,93CCC633,F62D0000,12000000,4C000000,30140000,9A320000,DF340000,E4340000,4BD0FFFF
892C0B5C00000000,6CE2A601,ABCCC633,F62D0000,12000000,4C000000,2F140000,B5320000,FB340000,00350000,4AD0FFFF
EC2C0B5C00000000,8BE2A601,C3CCC633,F62D0000,12000000,4C000000,2F140000,CF320000,17350000,1C350000,4AD0FFFF
4E2D0B5C00000000,A9E2A601,DBCCC633,F62D0000,12000000,4C000000,2F140000,EA320000,33350000,38350000,4AD0FFFF
B52D0B5C00000000,C7E2A601,F2CCC633,F62D0000,12000000,4C000000,2F140000,04330000,4F350000,54350000,4AD0FFFF
182E0B5C00000000,E5E2A601,0ACDC633,F62D0000,12000000,4C000000,2F140000,1F330000,6B350000,70350000,4AD0FFFF
7A2E0B5C00000000,04E3A601,22CDC633,F62D0000,12000000,4C000000,2E140000,39330000,87350000,8C350000,49D0FFFF
DE2E0B5C00000000,22E3A601,3ACDC633,F62D0000,12000000,4C000000,2E140000,54330000,A3350000,A8350000,49D0FFFF
442F0B5C00000000,40E3A601,52CDC633,F62D0000,12000000,4C000000,2E140000,6E330000,BF350000,C4350000,49D0FFFF
A92F0B5C00000000,5EE3A601,6ACDC633,F62D0000,12000000,4C000000,2E140000,89330000,DB350000,E0350000,49D0FFFF
0C300B5C00000000,7CE3A601,82CDC633,F62D0000,12000000,4C000000,2E140000,A3330000,F7350000,FC350000,49D0FFFF
70300B5C00000000,9BE3A601,9ACDC633,F62D0000,12000000,4C000000,2E140000,BE330000,13360000,18360000,49D0FFFF
D6300B5C00000000,B9E3A601,B2CDC633,F62D0000,12000000,4C000000,2E140000,D8330000,2F360000,34360000,49D0FFFF
37310B5C00000000,D7E3A601,CACDC633,F62D0000,12000000,4C000000,2D140000,F3330000,4B360000,50360000,48D0FFFF
9F310B5C00000000,F5E3A601,E2CDC633,F62D0000,12000000,4C000000,2D140000,0D340000,67360000,6C360000,48D0FFFF
02320B5C00000000,14E4A601,F9CDC633,F62D0000,12000000,4C000000,2D140000,28340000,83360000,88360000,48D0FFFF
64320B5C00000000,32E4A601,12CEC633,F62D0000,12000000,4C000000,2D140000,42340000,9F360000,A4360000,48D0FFFF
CB320B5C00000000,50E4A601,29CEC633,F62D0000,12000000,4C000000,2C140000,5D340000,BB360000,C0360000,47D0FFFF
2E330B5C00000000,6EE4A601,41CEC633,F62D0000,12000000,4C000000,2C140000,77340000,D7360000,DC360000,47D0FFFF
91330B5C00000000,8DE4A601,59CEC633,F62D0000,12000000,4C000000,2C140000,92340000,F3360000,F8360000,47D0FFFF
F6330B5C00000000,ABE4A601,71CEC633,F62D0000,12000000,4C000000,2C140000,AC340000,0F370000,14370000,47D0FFFF
5A340B5C00000000,C9E4A601,89CEC633,F62D0000,12000000,4C000000,2C140000,C7340000,2B370000,30370000,47D0FFFF
C0340B5C00000000,E7E4A601,A1CEC633,F62D0000,12000000,4C000000,2B140000,E1340000,47370000,4C370000,46D0FFFF
20350B5C00000000,05E5A601,B9CEC633,F62D0000,12000000,4C000000,2B140000,FB340000,63370000,68370000,46D0FFFF
86350B5C00000000,23E5A601,D1CEC633,F62D0000,12000000,4C000000,2B140000,16350000,7F370000,84370000,46D0FFFF
EC350B5C00000000,42E5A601,E9CEC633,F62D0000,12000000,4C000000,2B140000,30350000,9B370000,A0370000,46D0FFFF
4F360B5C00000000,60E5A601,00CFC633,F62D0000,12000000,4C000000,2B140000,4B350000,B7370000,BC370000,46D0FFFF
B1360B5C00000000,7EE5A601,18CFC633,F62D0000,12000000,4C000000,2A140000,65350000,D3370000,D8370000,45D0FFFF
18370B5C00000000,9CE5A601,30CFC633,F62D0000,12000000,4C000000,2A140000,80350000,EF370000,F4370000,45D0FFFF
7B370B5C00000000,BAE5A601,48CFC633,F62D0000,12000000,4C000000,2A140000,9A350000,0B380000,10380000,45D0FFFF
DD370B5C00000000,D9E5A601,60CFC633,F62D0000,12000000,4C000000,2A140000,B5350000,27380000,2C380000,45D0FFFF
44380B5C00000000,F7E5A601,78CFC633,F62D0000,12000000,4C000000,2A140000,CF350000,43380000,48380000,45D0FFFF
A7380B5C00000000,15E6A601,90CFC633,F62D0000,12000000,4C000000,2A140000,EA350000,5F380000,64380000,45D0FFFF
0C390B5C00000000,33E6A601,A8CFC633,F62D0000,12000000,4C000000,29140000,04360000,7B380000,80380000,44D0FFFF
6C390B5C00000000,51E6A601,C0CFC633,F62D0000,12000000,4C000000,29140000,1F360000,97380000,9C380000,44D0FFFF
D6390B5C00000000,70E6A601,D8CFC633,F62D0000,12000000,4C000000,29140000,39360000,B3380000,B8380000,44D0FFFF
383A0B5C00000000,8EE6A601,F0CFC633,F62D0000,12000000,4C000000,29140000,54360000,CF380000,D4380000,44D0FFFF
9C3A0B5C00000000,ACE6A601,08D0C633,F62D0000,12000000,4C000000,29140000,6E360000,EB380000,F0380000,44D0FFFF
023B0B5C00000000,CAE6A601,20D0C633,F62D0000,12000000,4C000000,28140000,89360000,07390000,0C390000,43D0FFFF
653B0B5C00000000,E8E6A601,38D0C633,F62D0000,12000000,4C000000,28140000,A3360000,23390000,28390000,43D0FFFF
C73B0B5C00000000,07E7A601,4FD0C633,F62D0000,12000000,4C000000,28140000,BD360000,3F390000,44390000,43D0FFFF
2E3C0B5C00000000,25E7A601,67D0C633,F62D0000,12000000,4C000000,28140000,D8360000,5B390000,60390000,43D0FFFF
913C0B5C00000000,43E7A601,7FD0C633,F62D0000,12000000,4C000000,28140000,F2360000,77390000,7C390000,43D0FFFF
F63C0B5C00000000,61E7A601,97D0C633,F62D0000,12000000,4C000000,28140000,0D370000,93390000,98390000,43D0FFFF
5A3D0B5C00000000,7FE7A601,AFD0C633,F62D0000,12000000,4C000000,27140000,27370000,AF390000,B4390000,42D0FFFF
BD3D0B5C00000000,9DE7A601,C7D0C633,F62D0000,12000000,4C000000,27140000,42370000,CB390000,D0390000,42D0FFFF
233E0B5C00000000,BCE7A601,DFD0C633,F62D0000,12000000,4C000000,27140000,5C370000,E7390000,EC390000,42D0FFFF
853E0B5C00000000,DAE7A601,F7D0C633,F62D0000,12000000,4C000000,27140000,77370000,033A0000,083A0000,42D0FFFF
EC3E0B5C00000000,F8E7A601,0FD1C633,F62D0000,12000000,4C000000,27140000,91370000,1F3A0000,243A0000,42D0FFFF
4E3F0B5C00000000,16E8A601,27D1C633,F62D0000,12000000,4C000000,26140000,AB370000,3B3A0000,403A0000,41D0FFFF
B23F0B5C00000000,34E8A601,3FD1C633,F62D0000,12000000,4C000000,26140000,C6370000,573A0000,5C3A0000,41D0FFFF
18400B5C00000000,52E8A601,57D1C633,F62D0000,12000000,4C000000,26140000,E0370000,733A0000,783A0000,41D0FFFF
7B400B5C00000000,70E8A601,6ED1C633,F62D0000,12000000,4C000000,26140000,FA370000,8F3A0000,943A0000,41D0FFFF
DD400B5C00000000,8FE8A601,86D1C633,F62D0000,12000000,4C000000,26140000,15380000,AB3A0000,B03A0000,41D0FFFF
44410B5C00000000,ADE8A601,9ED1C633,F62D0000,12000000,4C000000,26140000,30380000,C73A0000,CC3A0000,41D0FFFF
A7410B5C00000000,CBE8A601,B6D1C633,F62D0000,12000000,4C000000,26140000,4A380000,E33A0000,E83A0000,41D0FFFF
0D420B5C00000000,E9E8A601,CED1C633,F62D0000,12000000,4C000000,25140000,65380000,FF3A0000,043B0000,40D0FFFF
6F420B5C00000000,08E9A601,E6D1C633,F62D0000,12000000,4C000000,25140000,7F380000,1B3B0000,203B0000,40D0FFFF
D3420B5C00000000,26E9A601,FED1C633,F62D0000,12000000,4C000000,25140000,9A380000,373B0000,3C3B0000,40D0FFFF
39430B5C00000000,44E9A601,16D2C633,F62D0000,12000000,4C000000,25140000,B4380000,533B0000,583B0000,40D0FFFF
9C430B5C00000000,62E9A601,2ED2C633,F62D0000,12000000,4C000000,25140000,CF380000,6F3B0000,743B0000,40D0FFFF
FF430B5C00000000,80E9A601,46D2C633,F62D0000,12000000,4C000000,24140000,E9380000,8B3B0000,903B0000,3FD0FFFF
65440B5C00000000,9EE9A601,5ED2C633,F62D0000,12000000,4C000000,24140000,04390000,A73B0000,AC3B0000,3FD0FFFF
C8440B5C00000000,BDE9A601,76D2C633,F62D0000,12000000,4C000000,24140000,1E390000,C33B0000,C83B0000,3FD0FFFF
2B450B5C00000000,DBE9A601,8ED2C633,F62D0000,12000000,4C000000,24140000,39390000,DF3B0000,E43B0000,3FD0FFFF
91450B5C00000000,F9E9A601,A6D2C633,F62D0000,12000000,4C000000,24140000,53390000,FB3B0000,003C0000,3FD0FFFF
F4450B5C00000000,17EAA601,BED2C633,F62D0000,12000000,4C000000,24140000,6D390000,173C0000,1C3C0000,3FD0FFFF
5A460B5C00000000,35EAA601,D6D2C633,F62D0000,12000000,4C000000,24140000,88390000,333C0000,383C0000,3FD0FFFF
BC460B5C00000000,53EAA601,EED2C633,F62D0000,12000000,4C000000,23140000,A2390000,4F3C0000,543C0000,3ED0FFFF
23470B5C00000000,72EAA601,06D3C633,F62D0000,12000000,4C000000,23140000,BD390000,6B3C0000,703C0000,3ED0FFFF
86470B5C00000000,90EAA601,1DD3C633,F62D0000,12000000,4C000000,23140000,D7390000,873C0000,8C3C0000,3ED0FFFF
E9470B5C00000000,AEEAA601,35D3C633,F62D0000,12000000,4C000000,23140000,F2390000,A33C0000,A83C0000,3ED0FFFF
4F480B5C00000000,CCEAA601,4DD3C633,F62D0000,12000000,4C000000,22140000,0C3A0000,BF3C0000,C43C0000,3DD0FFFF
B2480B5C00000000,EAEAA601,65D3C633,F62D0000,12000000,4C000000,22140000,263A0000,DB3C0000,E03C0000,3DD0FFFF
18490B5C00000000,08EBA601,7DD3C633,F62D0000,12000000,4C000000,22140000,413A0000,F73C0000,FC3C0000,3DD0FFFF
7B490B5C00000000,26EBA601,95D3C633,F62D0000,12000000,4C000000,22140000,5B3A0000,133D0000,183D0000,3DD0FFFF
DE490B5C00000000,45EBA601,ADD3C633,F62D0000,12000000,4C000000,22140000,763A0000,2F3D0000,343D0000,3DD0FFFF
414A0B5C00000000,63EBA601,C5D3C633,F62D0000,12000000,4C000000,21140000,903A0000,4B3D0000,503D0000,3CD0FFFF
A74A0B5C00000000,81EBA601,DDD3C633,F62D0000,12000000,4C000000,21140000,AA3A0000,673D0000,6C3D0000,3CD0FFFF
0A4B0B5C00000000,9FEBA601,F5D3C633,F62D0000,12000000,4C000000,21140000,C53A0000,833D0000,883D0000,3CD0FFFF
704B0B5C00000000,BDEBA601,0DD4C633,F62D0000,12000000,4C000000,21140000,DF3A0000,9F3D0000,A43D0000,3CD0FFFF
D34B0B5C00000000,DBEBA601,25D4C633,F62D0000,12000000,4C000000,21140000,FA3A0000,BB3D0000,C03D0000,3CD0FFFF
394C0B5C00000000,FAEBA601,3DD4C633,F62D0000,12000000,4C000000,21140000,143B0000,D73D0000,DC3D0000,3CD0FFFF
9C4C0B5C00000000,18ECA601,55D4C633,F62D0000,12000000,4C000000,20140000,2F3B0000,F33D0000,F83D0000,3BD0FFFF
FF4C0B5C00000000,36ECA601,6DD4C633,F62D0000,12000000,4C000000,20140000,493B0000,0F3E0000,143E0000,3BD0FFFF
664D0B5C00000000,54ECA601,85D4C633,F62D0000,12000000,4C000000,20140000,643B0000,2B3E0000,303E0000,3BD0FFFF
C84D0B5C00000000,72ECA601,9DD4C633,F62D0000,12000000,4C000000,20140000,7E3B0000,473E0000,4C3E0000,3BD0FFFF
2B4E0B5C00000000,90ECA601,B5D4C633,F62D0000,12000000,4C000000,20140000,993B0000,633E0000,683E0000,3BD0FFFF
914E0B5C00000000,AEECA601,CDD4C633,F62D0000,12000000,4C000000,1F140000,B33B0000,7F3E0000,843E0000,3AD0FFFF
F54E0B5C00000000,CCECA601,E5D4C633,F62D0000,12000000,4C000000,1F140000,CD3B0000,9B3E0000,A03E0000,3AD0FFFF
5A4F0B5C00000000,EBECA601,FDD4C633,F62D0000,12000000,4C000000,1F140000,E83B0000,B73E0000,BC3E0000,3AD0FFFF
BE4F0B5C00000000,09EDA601,14D5C633,F62D0000,12000000,4C000000,1F140000,023C0000,D33E0000,D83E0000,3AD0FFFF
20500B5C00000000,27EDA601,2DD5C633,F62D0000,12000000,4C000000,1F140000,1D3C0000,EF3E0000,F43E0000,3AD0FFFF
86500B5C00000000,45EDA601,44D5C633,F62D0000,12000000,4C000000,1E140000,373C0000,0B3F0000,103F0000,39D0FFFF
E8500B5C00000000,63EDA601,5CD5C633,F62D0000,12000000,4C000000,1E140000,513C0000,263F0000,2C3F0000,39D0FFFF
50510B5C00000000,81EDA601,74D5C633,F62D0000,12000000,4C000000,1E140000,6C3C0000,433F0000,483F0000,39D0FFFF
B2510B5C00000000,9FEDA601,8CD5C633,F62D0000,12000000,4C000000,1E140000,863C0000,5F3F0000,643F0000,39D0FFFF
15520B5C00000000,BDEDA601,A4D5C633,F62D0000,12000000,4C000000,1E140000,A13C0000,7B3F0000,803F0000,39D0FFFF
7C520B5C00000000,DCEDA601,BCD5C633,F62D0000,12000000,4C000000,1D140000,BB3C0000,973F0000,9C3F0000,38D0FFFF
DE520B5C00000000,FAEDA601,D4D5C633,F62D0000,12000000,4C000000,1D140000,D63C0000,B33F0000,B83F0000,38D0FFFF
41530B5C00000000,18EEA601,ECD5C633,F62D0000,12000000,4C000000,1D140000,F03C0000,CF3F0000,D43F0000,38D0FFFF
A7530B5C00000000,36EEA601,04D6C633,F62D0000,12000000,4C000000,1D140000,0A3D0000,EB3F0000,F03F0000,38D0FFFF
0A540B5C00000000,54EEA601,1CD6C633,F62D0000,12000000,4C000000,1D140000,253D0000,06400000,0C400000,38D0FFFF
70540B5C00000000,72EEA601,34D6C633,F62D0000,12000000,4C000000,1C140000,403D0000,22400000,28400000,37D0FFFF
D4540B5C00000000,90EEA601,4CD6C633,F62D0000,12000000,4C000000,1C140000,5A3D0000,3E400000,44400000,37D0FFFF
36550B5C00000000,AFEEA601,64D6C633,F62D0000,12000000,4C000000,1C140000,753D0000,5A400000,60400000,37D0FFFF
9C550B5C00000000,CDEEA601,7CD6C633,F62D0000,12000000,4C000000,1C140000,8F3D0000,76400000,7C400000,37D0FFFF
00560B5C00000000,EBEEA601,94D6C633,F62D0000,12000000,4C000000,1B140000,AA3D0000,92400000,98400000,36D0FFFF
65560B5C00000000,09EFA601,ACD6C633,F62D0000,12000000,4C000000,1B140000,C43D0000,AE400000,B4400000,36D0FFFF
C8560B5C00000000,27EFA601,C4D6C633,F62D0000,12000000,4C000000,1B140000,DE3D0000,CA400000,D0400000,36D0FFFF
2B570B5C00000000,45EFA601,DCD6C633,F62D0000,12000000,4C000000,1B140000,F93D0000,E6400000,EC400000,36D0FFFF
91570B5C00000000,63EFA601,F4D6C633,F62D0000,12000000,4C000000,1B140000,133E0000,02410000,08410000,36D0FFFF
F4570B5C00000000,81EFA601,0CD7C633,F62D0000,12000000,4C000000,1A140000,2D3E0000,1E410000,24410000,35D0FFFF
58580B5C00000000,A0EFA601,24D7C633,F62D0000,12000000,4C000000,1B140000,483E0000,3A410000,40410000,36D0FFFF
BD580B5C00000000,BEEFA601,3CD7C633,F62D0000,12000000,4C000000,1A140000,633E0000,56410000,5C410000,35D0FFFF
20590B5C00000000,DCEFA601,54D7C633,F62D0000,12000000,4C000000,1A140000,7D3E0000,72410000,78410000,35D0FFFF
87590B5C00000000,FAEFA601,6CD7C633,F62D0000,12000000,4C000000,1A140000,973E0000,8E410000,94410000,35D0FFFF
EA590B5C00000000,18F0A601,84D7C633,F62D0000,12000000,4C000000,1A140000,B23E0000,AA410000,B0410000,35D0FFFF
4C5A0B5C00000000,36F0A601,9CD7C633,F62D0000,12000000,4C000000,1A140000,CC3E0000,C6410000,CC410000,35D0FFFF
B35A0B5C00000000,54F0A601,B4D7C633,F62D0000,12000000,4C000000,19140000,E73E0000,E2410000,E8410000,34D0FFFF
155B0B5C00000000,72F0A601,CCD7C633,F62D0000,12000000,4C000000,19140000,013F0000,FE410000,04420000,34D0FFFF
785B0B5C00000000,91F0A601,E4D7C633,F62D0000,12000000,4C000000,19140000,1B3F0000,1A420000,20420000,34D0FFFF
DF5B0B5C00000000,AFF0A601,FCD7C633,F62D0000,12000000,4C000000,19140000,363F0000,36420000,3C420000,34D0FFFF
425C0B5C00000000,CDF0A601,14D8C633,F62D0000,12000000,4C000000,18140000,503F0000,52420000,58420000,33D0FFFF
A45C0B5C00000000,EBF0A601,2CD8C633,F62D0000,12000000,4C000000,18140000,6B3F0000,6E420000,74420000,33D0FFFF
0B5D0B5C00000000,09F1A601,44D8C633,F62D0000,12000000,4C000000,18140000,853F0000,8A420000,90420000,33D0FFFF
6D5D0B5C00000000,27F1A601,5CD8C633,F62D0000,12000000,4C000000,18140000,9F3F0000,A6420000,AC420000,33D0FFFF
D35D0B5C00000000,45F1A601,74D8C633,F62D0000,12000000,4C000000,18140000,BA3F0000,C2420000,C8420000,33D0FFFF
365E0B5C00000000,63F1A601,8CD8C633,F62D0000,12000000,4C000000,17140000,D43F0000,DE420000,E4420000,32D0FFFF
9C5E0B5C00000000,81F1A601,A4D8C633,F62D0000,12000000,4C000000,17140000,EF3F0000,FA420000,00430000,32D0FFFF
005F0B5C00000000,9FF1A601,BCD8C633,F62D0000,12000000,4C000000,17140000,09400000,16430000,1C430000,32D0FFFF
635F0B5C00000000,BDF1A601,D4D8C633,F62D0000,12000000,4C000000,17140000,23400000,32430000,38430000,32D0FFFF
C85F0B5C00000000,DBF1A601,ECD8C633,F62D0000,12000000,4C000000,17140000,3E400000,4E430000,54430000,32D0FFFF
2B600B5C00000000,F9F1A601,04D9C633,F62D0000,12000000,4C000000,16140000,58400000,6A430000,70430000,31D0FFFF
8F600B5C00000000,18F2A601,1CD9C633,F62D0000,12000000,4C000000,16140000,73400000,86430000,8C430000,31D0FFFF
F4600B5C00000000,36F2A601,34D9C633,F62D0000,12000000,4C000000,16140000,8D400000,A2430000,A8430000,31D0FFFF
58610B5C00000000,54F2A601,4CD9C633,F62D0000,12000000,4C000000,16140000,A7400000,BE430000,C4430000,31D0FFFF
BD610B5C00000000,72F2A601,64D9C633,F62D0000,12000000,4C000000,16140000,C2400000,DA430000,E0430000,31D0FFFF
20620B5C00000000,90F2A601,7CD9C633,F62D0000,12000000,4C000000,16140000,DC400000,F6430000,FC430000,31D0FFFF
84620B5C00000000,AEF2A601,94D9C633,F62D0000,12000000,4C000000,15140000,F7400000,12440000,18440000,30D0FFFF
E9620B5C00000000,CCF2A601,ACD9C633,F62D0000,12000000,4C000000,15140000,11410000,2E440000,34440000,30D0FFFF
4C630B5C00000000,EAF2A601,C4D9C633,F62D0000,12000000,4C000000,15140000,2C410000,4A440000,50440000,30D0FFFF
B3630B5C00000000,08F3A601,DCD9C633,F62D0000,12000000,4C000000,15140000,46410000,66440000,6C440000,30D0FFFF
16640B5C00000000,26F3A601,F4D9C633,F62D0000,12000000,4C000000,15140000,60410000,82440000,88440000,30D0FFFF
78640B5C00000000,44F3A601,0CDAC633,F62D0000,12000000,4C000000,15140000,7A410000,9E440000,A4440000,30D0FFFF
DF640B5C00000000,62F3A601,24DAC633,F62D0000,12000000,4C000000,14140000,95410000,BA440000,C0440000,2FD0FFFF
42650B5C00000000,80F3A601,3CDAC633,F62D0000,12000000,4C000000,14140000,AF410000,D6440000,DC440000,2FD0FFFF
A4650B5C00000000,9EF3A601,54DAC633,F62D0000,12000000,4C000000,14140000,C9410000,F2440000,F8440000,2FD0FFFF
0B660B5C00000000,BCF3A601,6BDAC633,F62D0000,12000000,4C000000,14140000,E3410000,0E450000,14450000,2FD0FFFF
6E660B5C00000000,DAF3A601,84DAC633,F62D0000,12000000,4C000000,14140000,FE410000,2A450000,30450000,2FD0FFFF
D3660B5C00000000,F8F3A601,9BDAC633,F62D0000,12000000,4C000000,14140000,18420000,46450000,4C450000,2FD0FFFF
36670B5C00000000,16F4A601,B3DAC633,F62D0000,12000000,4C000000,13140000,32420000,62450000,68450000,2ED0FFFF
9A670B5C00000000,34F4A601,CBDAC633,F62D0000,12000000,4C000000,13140000,4D420000,7E450000,84450000,2ED0FFFF
FF670B5C00000000,52F4A601,E3DAC633,F62D0000,12000000,4C000000,13140000,67420000,9A450000,A0450000,2ED0FFFF
63680B5C00000000,71F4A601,FBDAC633,F62D0000,12000000,4C000000,13140000,82420000,B6450000,BC450000,2ED0FFFF
C6680B5C00000000,8EF4A601,13DBC633,F62D0000,12000000,4C000000,13140000,9C420000,D2450000,D8450000,2ED0FFFF
2C690B5C00000000,ACF4A601,2BDBC633,F62D0000,12000000,4C000000,13140000,B6420000,EE450000,F4450000,2ED0FFFF
8F690B5C00000000,CBF4A601,43DBC633,F62D0000,12000000,4C000000,12140000,D1420000,0A460000,10460000,2DD0FFFF
F2690B5C00000000,E9F4A601,5BDBC633,F62D0000,12000000,4C000000,12140000,EB420000,26460000,2C460000,2DD0FFFF
576A0B5C00000000,07F5A601,74DBC633,F62D0000,12000000,4C000000,12140000,06430000,42460000,48460000,2DD0FFFF
BB6A0B5C00000000,25F5A601,8CDBC633,F62D0000,12000000,4C000000,12140000,20430000,5E460000,64460000,2DD0FFFF
206B0B5C00000000,43F5A601,A3DBC633,F62D0000,12000000,4C000000,12140000,3A430000,7A460000,80460000,2DD0FFFF
846B0B5C00000000,61F5A601,BCDBC633,F62D0000,12000000,4C000000,11140000,55430000,96460000,9C460000,2CD0FFFF
EA6B0B5C00000000,7FF5A601,D3DBC633,F62D0000,12000000,4C000000,11140000,6F430000,B2460000,B8460000,2CD0FFFF
4C6C0B5C00000000,9DF5A601,EBDBC633,F62D0000,12000000,4C000000,11140000,89430000,CE460000,D4460000,2CD0FFFF
AD6C0B5C00000000,BBF5A601,03DCC633,F62D0000,12000000,4C000000,11140000,A4430000,EA460000,F0460000,2CD0FFFF
166D0B5C00000000,D9F5A601,1BDCC633,F62D0000,12000000,4C000000,11140000,BE430000,06470000,0C470000,2CD0FFFF
796D0B5C00000000,F7F5A601,33DCC633,F62D0000,12000000,4C000000,11140000,D8430000,22470000,28470000,2CD0FFFF
DE6D0B5C00000000,15F6A601,4BDCC633,F62D0000,12000000,4C000000,10140000,F3430000,3E470000,44470000,2BD0FFFF
426E0B5C00000000,33F6A601,63DCC633,F62D0000,12000000,4C000000,10140000,0D440000,5A470000,60470000,2BD0FFFF
A56E0B5C00000000,51F6A601,7BDCC633,F62D0000,12000000,4C000000,10140000,27440000,76470000,7C470000,2BD0FFFF
0A6F0B5C00000000,6FF6A601,93DCC633,F62D0000,12000000,4C000000,10140000,42440000,92470000,98470000,2BD0FFFF
6E6F0B5C00000000,8DF6A601,ABDCC633,F62D0000,12000000,4C000000,10140000,5C440000,AE470000,B4470000,2BD0FFFF
D16F0B5C00000000,ABF6A601,C3DCC633,F62D0000,12000000,4C000000,10140000,76440000,CA470000,D0470000,2BD0FFFF
36700B5C00000000,C9F6A601,DBDCC633,F62D0000,12000000,4C000000,10140000,91440000,E6470000,EC470000,2BD0FFFF
99700B5C00000000,E7F6A601,F3DCC633,F62D0000,12000000,4C000000,10140000,AB440000,02480000,08480000,2BD0FFFF
00710B5C00000000,05F7A601,0BDDC633,F62D0000,12000000,4C000000,10140000,C5440000,1E480000,24480000,2BD0FFFF
63710B5C00000000,23F7A601,23DDC633,F62D0000,12000000,4C000000,10140000,E0440000,3A480000,40480000,2BD0FFFF
C3710B5C00000000,41F7A601,3CDDC633,F62D0000,12000000,4C000000,0F140000,FA440000,56480000,5C480000,2AD0FFFF
2C720B5C00000000,5FF7A601,54DDC633,F62D0000,12000000,4C000000,0F140000,15450000,72480000,78480000,2AD0FFFF
8F720B5C00000000,7DF7A601,6CDDC633,F62D0000,12000000,4C000000,0F140000,2F450000,8E480000,94480000,2AD0FFFF
F4720B5C00000000,9BF7A601,84DDC633,F62D0000,12000000,4C000000,0F140000,49450000,AA480000,B0480000,2AD0FFFF
54730B5C00000000,B9F7A601,9CDDC633,F62D0000,12000000,4C000000,0F140000,64450000,C6480000,CC480000,2AD0FFFF
BB730B5C00000000,D7F7A601,B4DDC633,F62D0000,12000000,4C000000,0E140000,7E450000,E2480000,E8480000,29D0FFFF
21740B5C00000000,F5F7A601,CCDDC633,F62D0000,12000000,4C000000,0E140000,98450000,FE480000,04490000,29D0FFFF
81740B5C00000000,13F8A601,E3DDC633,F62D0000,12000000,4C000000,0E140000,B3450000,1A490000,20490000,29D0FFFF
E7740B5C00000000,31F8A601,FCDDC633,F62D0000,12000000,4C000000,0E140000,CD450000,36490000,3C490000,29D0FFFF
4D750B5C00000000,4FF8A601,14DEC633,F62D0000,12000000,4C000000,0E140000,E7450000,52490000,58490000,29D0FFFF
B0750B5C00000000,6DF8A601,2CDEC633,F62D0000,12000000,4C000000,0E140000,02460000,6E490000,74490000,29D0FFFF
13760B5C00000000,8BF8A601,44DEC633,F62D0000,12000000,4C000000,0D140000,1C460000,8A490000,90490000,28D0FFFF
79760B5C00000000,A9F8A601,5BDEC633,F62D0000,12000000,4C000000,0D140000,36460000,A6490000,AC490000,28D0FFFF
DB760B5C00000000,C7F8A601,74DEC633,F62D0000,12000000,4C000000,0D140000,50460000,C2490000,C8490000,28D0FFFF
40770B5C00000000,E5F8A601,8CDEC633,F62D0000,12000000,4C000000,0D140000,6B460000,DE490000,E4490000,28D0FFFF
A5770B5C00000000,03F9A601,A4DEC633,F62D0000,12000000,4C000000,0D140000,85460000,FA490000,004A0000,28D0FFFF
07780B5C00000000,21F9A601,BCDEC633,F62D0000,12000000,4C000000,0C140000,9F460000,154A0000,1C4A0000,27D0FFFF
6E780B5C00000000,3FF9A601,D4DEC633,F62D0000,12000000,4C000000,0C140000,BA460000,314A0000,384A0000,27D0FFFF
D1780B5C00000000,5DF9A601,ECDEC633,F62D0000,12000000,4C000000,0C140000,D4460000,4D4A0000,544A0000,27D0FFFF
36790B5C00000000,7BF9A601,04DFC633,F62D0000,12000000,4C000000,0C140000,EF460000,694A0000,704A0000,27D0FFFF
9A790B5C00000000,99F9A601,1CDFC633,F62D0000,12000000,4C000000,0C140000,09470000,854A0000,8C4A0000,27D0FFFF
FD790B5C00000000,B8F9A601,34DFC633,F62D0000,12000000,4C000000,0C140000,23470000,A14A0000,A84A0000,27D0FFFF
637A0B5C00000000,D5F9A601,4CDFC633,F62D0000,12000000,4C000000,0B140000,3E470000,BE4A0000,C44A0000,26D0FFFF
C67A0B5C00000000,F3F9A601,64DFC633,F62D0000,12000000,4C000000,0B140000,58470000,DA4A0000,E04A0000,26D0FFFF
2C7B0B5C00000000,11FAA601,7CDFC633,F62D0000,12000000,4C000000,0B140000,72470000,F64A0000,FC4A0000,26D0FFFF
8E7B0B5C00000000,2FFAA601,94DFC633,F62D0000,12000000,4C000000,0B140000,8D470000,124B0000,184B0000,26D0FFFF
F27B0B5C00000000,4DFAA601,ACDFC633,F62D0000,12000000,4C000000,0B140000,A7470000,2D4B0000,344B0000,26D0FFFF
587C0B5C00000000,6BFAA601,C4DFC633,F62D0000,12000000,4C000000,0A140000,C1470000,494B0000,504B0000,25D0FFFF
BA7C0B5C00000000,89FAA601,DCDFC633,F62D0000,12000000,4C000000,0A140000,DB470000,654B0000,6C4B0000,25D0FFFF
1E7D0B5C00000000,A7FAA601,F4DFC633,F62D0000,12000000,4C000000,0A140000,F6470000,814B0000,884B0000,25D0FFFF
847D0B5C00000000,C5FAA601,0CE0C633,F62D0000,12000000,4C000000,0A140000,10480000,9D4B0000,A44B0000,25D0FFFF
E77D0B5C00000000,E3FAA601,24E0C633,F62D0000,12000000,4C000000,0A140000,2A480000,B94B0000,C04B0000,25D0FFFF
4D7E0B5C00000000,01FBA601,3CE0C633,F62D0000,12000000,4C000000,09140000,45480000,D54B0000,DC4B0000,24D0FFFF
B07E0B5C00000000,1FFBA601,54E0C633,F62D0000,12000000,4C000000,09140000,5F480000,F14B0000,F84B0000,24D0FFFF
137F0B5C00000000,3DFBA601,6CE0C633,F62D0000,12000000,4C000000,09140000,79480000,0D4C0000,144C0000,24D0FFFF
787F0B5C00000000,5BFBA601,84E0C633,F62D0000,12000000,4C000000,09140000,94480000,294C0000,304C0000,24D0FFFF
DC7F0B5C00000000,79FBA601,9CE0C633,F62D0000,12000000,4C000000,09140000,AE480000,454C0000,4C4C0000,24D0FFFF
42800B5C00000000,97FBA601,B4E0C633,F62D0000,12000000,4C000000,09140000,C8480000,614C0000,684C0000,24D0FFFF
A5800B5C00000000,B5FBA601,CCE0C633,F62D0000,12000000,4C000000,09140000,E3480000,7D4C0000,844C0000,24D0FFFF
08810B5C00000000,D3FBA601,E4E0C633,F62D0000,12000000,4C000000,08140000,FD480000,994C0000,A04C0000,23D0FFFF
6F810B5C00000000,F1FBA601,FCE0C633,F62D0000,12000000,4C000000,08140000,17490000,B54C0000,BC4C0000,23D0FFFF
CE810B5C00000000,0FFCA601,14E1C633,F62D0000,12000000,4C000000,08140000,32490000,D14C0000,D84C0000,23D0FFFF
34820B5C00000000,2DFCA601,2CE1C633,F62D0000,12000000,4C000000,08140000,4C490000,ED4C0000,F44C0000,23D0FFFF
9A820B5C00000000,4BFCA601,44E1C633,F62D0000,12000000,4C000000,07140000,66490000,094D0000,104D0000,22D0FFFF
FD820B5C00000000,69FCA601,5CE1C633,F62D0000,12000000,4C000000,07140000,80490000,254D0000,2C4D0000,22D0FFFF
60830B5C00000000,87FCA601,74E1C633,F62D0000,12000000,4C000000,07140000,9B490000,414D0000,484D0000,22D0FFFF
C6830B5C00000000,A5FCA601,8CE1C633,F62D0000,12000000,4C000000,07140000,B5490000,5D4D0000,644D0000,22D0FFFF
29840B5C00000000,C3FCA601,A4E1C633,F62D0000,12000000,4C000000,07140000,D0490000,794D0000,804D0000,22D0FFFF
8F840B5C00000000,E1FCA601,BCE1C633,F62D0000,12000000,4C000000,07140000,EA490000,954D0000,9C4D0000,22D0FFFF
F2840B5C00000000,FFFCA601,D4E1C633,F62D0000,12000000,4C000000,07140000,044A0000,B14D0000,B84D0000,22D0FFFF
58850B5C00000000,1DFDA601,EDE1C633,F62D0000,12000000,4C000000,06140000,1E4A0000,CD4D0000,D44D0000,21D0FFFF
BB850B5C00000000,3BFDA601,04E2C633,F62D0000,12000000,4C000000,06140000,394A0000,E94D0000,F04D0000,21D0FFFF
1E860B5C00000000,59FDA601,1DE2C633,F62D0000,12000000,4C000000,06140000,534A0000,054E0000,0C4E0000,21D0FFFF
84860B5C00000000,76FDA601,35E2C633,F62D0000,12000000,4C000000,06140000,6D4A0000,214E0000,284E0000,21D0FFFF
E7860B5C00000000,95FDA601,4DE2C633,F62D0000,12000000,4C000000,06140000,874A0000,3D4E0000,444E0000,21D0FFFF
4A870B5C00000000,B3FDA601,65E2C633,F62D0000,12000000,4C000000,05140000,A24A0000,594E0000,604E0000,20D0FFFF
AC870B5C00000000,D0FDA601,7DE2C633,F62D0000,12000000,4C000000,05140000,BC4A0000,754E0000,7C4E0000,20D0FFFF
13880B5C00000000,EEFDA601,95E2C633,F62D0000,12000000,4C000000,05140000,D64A0000,914E0000,984E0000,20D0FFFF
79880B5C00000000,0CFEA601,ADE2C633,F62D0000,12000000,4C000000,05140000,F14A0000,AD4E0000,B44E0000,20D0FFFF
DC880B5C00000000,2AFEA601,C5E2C633,F62D0000,12000000,4C000000,05140000,0B4B0000,C94E0000,D04E0000,20D0FFFF
3F890B5C00000000,48FEA601,DDE2C633,F62D0000,12000000,4C000000,05140000,264B0000,E54E0000,EC4E0000,20D0FFFF
A5890B5C00000000,66FEA601,F5E2C633,F62D0000,12000000,4C000000,05140000,404B0000,014F0000,084F0000,20D0FFFF
098A0B5C00000000,84FEA601,0DE3C633,F62D0000,12000000,4C000000,04140000,5A4B0000,1D4F0000,244F0000,1FD0FFFF
6A8A0B5C00000000,A2FEA601,25E3C633,F62D0000,12000000,4C000000,04140000,744B0000,394F0000,404F0000,1FD0FFFF
D18A0B5C00000000,C0FEA601,3DE3C633,F62D0000,12000000,4C000000,04140000,8F4B0000,554F0000,5C4F0000,1FD0FFFF
348B0B5C00000000,DEFEA601,55E3C633,F62D0000,12000000,4C000000,04140000,A94B0000,714F0000,784F0000,1FD0FFFF
968B0B5C00000000,FCFEA601,6DE3C633,F62D0000,12000000,4C000000,04140000,C34B0000,8D4F0000,944F0000,1FD0FFFF
FD8B0B5C00000000,1AFFA601,85E3C633,F62D0000,12000000,4C000000,04140000,DD4B0000,A94F0000,B04F0000,1FD0FFFF
608C0B5C00000000,38FFA601,9DE3C633,F62D0000,12000000,4C000000,03140000,F84B0000,C54F0000,CC4F0000,1ED0FFFF
C68C0B5C00000000,56FFA601,B5E3C633,F62D0000,12000000,4C000000,03140000,124C0000,E14F0000,E84F0000,1ED0FFFF
298D0B5C00000000,74FFA601,CDE3C633,F62D0000,12000000,4C000000,03140000,2D4C0000,FD4F0000,04500000,1ED0FFFF
8F8D0B5C00000000,92FFA601,E6E3C633,F62D0000,12000000,4C000000,03140000,474C0000,19500000,20500000,1ED0FFFF
F18D0B5C00000000,B0FFA601,FDE3C633,F62D0000,12000000,4C000000,03140000,614C0000,35500000,3C500000,1ED0FFFF
558E0B5C00000000,CEFFA601,16E4C633,F62D0000,12000000,4C000000,02140000,7B4C0000,51500000,58500000,1DD0FFFF
BB8E0B5C00000000,ECFFA601,2EE4C633,F62D0000,12000000,4C000000,02140000,964C0000,6D500000,74500000,1DD0FFFF
1E8F0B5C00000000,0900A701,46E4C633,F62D0000,12000000,4C000000,02140000,B04C0000,89500000,90500000,1DD0FFFF
818F0B5C00000000,2700A701,5EE4C633,F62D0000,12000000,4C000000,02140000,CA4C0000,A5500000,AC500000,1DD0FFFF
E88F0B5C00000000,4500A701,76E4C633,F62D0000,12000000,4C000000,02140000,E54C0000,C1500000,C8500000,1DD0FFFF
4A900B5C00000000,6300A701,8EE4C633,F62D0000,12000000,4C000000,01140000,FF4C0000,DD500000,E4500000,1CD0FFFF
AC900B5C00000000,8100A701,A6E4C633,F62D0000,12000000,4C000000,01140000,194D0000,F9500000,00510000,1CD0FFFF
13910B5C00000000,9F00A701,BEE4C633,F62D0000,12000000,4C000000,01140000,334D0000,15510000,1C510000,1CD0FFFF
76910B5C00000000,BD00A701,D6E4C633,F62D0000,12000000,4C000000,01140000,4E4D0000,31510000,38510000,1CD0FFFF
DC910B5C00000000,DB00A701,EEE4C633,F62D0000,12000000,4C000000,01140000,684D0000,4D510000,54510000,1CD0FFFF
3B920B5C00000000,F900A701,06E5C633,F62D0000,12000000,4C000000,00140000,824D0000,69510000,70510000,1BD0FFFF
A5920B5C00000000,1701A701,1EE5C633,F62D0000,12000000,4C000000,00140000,9C4D0000,85510000,8C510000,1BD0FFFF
08930B5C00000000,3501A701,36E5C633,F62D0000,12000000,4C000000,00140000,B74D0000,A1510000,A8510000,1BD0FFFF
6B930B5C00000000,5301A701,4EE5C633,F62D0000,12000000,4C000000,00140000,D14D0000,BD510000,C4510000,1BD0FFFF
D1930B5C00000000,7001A701,66E5C633,F62D0000,12000000,4C000000,00140000,EB4D0000,D9510000,E0510000,1BD0FFFF
34940B5C00000000,8E01A701,7EE5C633,F62D0000,12000000,4C000000,00140000,054E0000,F5510000,FC510000,1BD0FFFF
97940B5C00000000,AC01A701,96E5C633,F62D0000,12000000,4C000000,FF130000,1F4E0000,11520000,18520000,1AD0FFFF
FE940B5C00000000,CA01A701,AEE5C633,F62D0000,12000000,4C000000,FF130000,3A4E0000,2D520000,34520000,1AD0FFFF
60950B5C00000000,E801A701,C6E5C633,F62D0000,12000000,4C000000,FF130000,544E0000,49520000,50520000,1AD0FFFF
C7950B5C00000000,0602A701,DEE5C633,F62D0000,12000000,4C000000,FF130000,6E4E0000,65520000,6C520000,1AD0FFFF
29960B5C00000000,2402A701,F6E5C633,F62D0000,12000000,4C000000,FF130000,884E0000,81520000,88520000,1AD0FFFF
8B960B5C00000000,4202A701,0EE6C633,F62D0000,12000000,4C000000,FE130000,A34E0000,9D520000,A4520000,19D0FFFF
F2960B5C00000000,6002A701,26E6C633,F62D0000,12000000,4C000000,FE130000,BD4E0000,B9520000,C0520000,19D0FFFF
54970B5C00000000,7E02A701,3FE6C633,F62D0000,12000000,4C000000,FE130000,D74E0000,D5520000,DC520000,19D0FFFF
BA970B5C00000000,9B02A701,57E6C633,F62D0000,12000000,4C000000,FE130000,F24E0000,F1520000,F8520000,19D0FFFF
1D980B5C00000000,B902A701,6FE6C633,F62D0000,12000000,4C000000,FD130000,0C4F0000,0D530000,14530000,18D0FFFF
81980B5C00000000,D702A701,87E6C633,F62D0000,12000000,4C000000,FD130000,264F0000,29530000,30530000,18D0FFFF
E6980B5C00000000,F502A701,9FE6C633,F62D0000,12000000,4C000000,FD130000,404F0000,45530000,4C530000,18D0FFFF
49990B5C00000000,1303A701,B7E6C633,F62D0000,12000000,4C000000,FD130000,5A4F0000,61530000,68530000,18D0FFFF
AC990B5C00000000,3103A701,CFE6C633,F62D0000,12000000,4C000000,FD130000,754F0000,7D530000,84530000,18D0FFFF
129A0B5C00000000,4F03A701,E7E6C633,F62D0000,12000000,4C000000,FD130000,8F4F0000,99530000,A0530000,18D0FFFF
769A0B5C00000000,6D03A701,FFE6C633,F62D0000,12000000,4C000000,FD130000,A94F0000,B5530000,BC530000,18D0FFFF
DC9A0B5C00000000,8B03A701,17E7C633,F62D0000,12000000,4C000000,FD130000,C34F0000,D1530000,D8530000,18D0FFFF
3E9B0B5C00000000,A903A701,2FE7C633,F62D0000,12000000,4C000000,FC130000,DE4F0000,ED530000,F4530000,17D0FFFF
A29B0B5C00000000,C603A701,47E7C633,F62D0000,12000000,4C000000,FC130000,F84F0000,09540000,10540000,17D0FFFF
089C0B5C00000000,E403A701,5FE7C633,F62D0000,12000000,4C000000,FC130000,13500000,24540000,2C540000,17D0FFFF
6A9C0B5C00000000,0204A701,77E7C633,F62D0000,12000000,4C000000,FC130000,2D500000,40540000,48540000,17D0FFFF
CF9C0B5C00000000,2004A701,90E7C633,F62D0000,12000000,4C000000,FC130000,47500000,5C540000,64540000,17D0FFFF
339D0B5C00000000,3E04A701,A8E7C633,F62D0000,12000000,4C000000,FC130000,61500000,78540000,80540000,17D0FFFF
979D0B5C00000000,5C04A701,C0E7C633,F62D0000,12000000,4C000000,FB130000,7B500000,94540000,9C540000,16D0FFFF
FA9D0B5C00000000,7A04A701,D8E7C633,F62D0000,12000000,4C000000,FB130000,95500000,B0540000,B8540000,16D0FFFF
5F9E0B5C00000000,9804A701,F0E7C633,F62D0000,12000000,4C000000,FB130000,B0500000,CD540000,D4540000,16D0FFFF
C39E0B5C00000000,B504A701,08E8C633,F62D0000,12000000,4C000000,FB130000,CA500000,E9540000,F0540000,16D0FFFF
299F0B5C00000000,D304A701,20E8C633,F62D0000,12000000,4C000000,FB130000,E4500000,05550000,0C550000,16D0FFFF
8A9F0B5C00000000,F104A701,38E8C633,F62D0000,12000000,4C000000,FB130000,FF500000,20550000,28550000,16D0FFFF
F19F0B5C00000000,0F05A701,50E8C633,F62D0000,12000000,4C000000,FA130000,19510000,3C550000,44550000,15D0FFFF
55A00B5C00000000,2D05A701,68E8C633,F62D0000,12000000,4C000000,FA130000,33510000,58550000,60550000,15D0FFFF
B7A00B5C00000000,4B05A701,80E8C633,F62D0000,12000000,4C000000,FA130000,4D510000,74550000,7C550000,15D0FFFF
1DA10B5C00000000,6905A701,98E8C633,F62D0000,12000000,4C000000,FA130000,67510000,90550000,98550000,15D0FFFF
81A10B5C00000000,8605A701,B0E8C633,F62D0000,12000000,4C000000,FA130000,81510000,AC550000,B4550000,15D0FFFF
E6A10B5C00000000,A405A701,C8E8C633,F62D0000,12000000,4C000000,FA130000,9C510000,C8550000,D0550000,15D0FFFF
49A20B5C00000000,C205A701,E0E8C633,F62D0000,12000000,4C000000,FA130000,B6510000,E4550000,EC550000,15D0FFFF
ACA20B5C00000000,E005A701,F8E8C633,F62D0000,12000000,4C000000,F9130000,D0510000,00560000,08560000,14D0FFFF
0FA30B5C00000000,FE05A701,10E9C633,F62D0000,12000000,4C000000,F9130000,EA510000,1C560000,24560000,14D0FFFF
75A30B5C00000000,1C06A701,28E9C633,F62D0000,12000000,4C000000,F9130000,04520000,38560000,40560000,14D0FFFF
D9A30B5C00000000,3A06A701,41E9C633,F62D0000,12000000,4C000000,F9130000,1F520000,54560000,5C560000,14D0FFFF
3EA40B5C00000000,5806A701,59E9C633,F62D0000,12000000,4C000000,F9130000,39520000,70560000,78560000,14D0FFFF
A1A40B5C00000000,7506A701,71E9C633,F62D0000,12000000,4C000000,F9130000,53520000,8C560000,94560000,14D0FFFF
08A50B5C00000000,9306A701,89E9C633,F62D0000,12000000,4C000000,F8130000,6D520000,A8560000,B0560000,13D0FFFF
6BA50B5C00000000,B106A701,A1E9C633,F62D0000,12000000,4C000000,F8130000,87520000,C4560000,CC560000,13D0FFFF
CDA50B5C00000000,CF06A701,B9E9C633,F62D0000,12000000,4C000000,F8130000,A2520000,E0560000,E8560000,13D0FFFF
33A60B5C00000000,ED06A701,D1E9C633,F62D0000,12000000,4C000000,F8130000,BC520000,FC560000,04570000,13D0FFFF
97A60B5C00000000,0A07A701,E9E9C633,F62D0000,12000000,4C000000,F8130000,D6520000,18570000,20570000,13D0FFFF
F9A60B5C00000000,2807A701,01EAC633,F62D0000,12000000,4C000000,F7130000,F0520000,34570000,3C570000,12D0FFFF
5FA70B5C00000000,4607A701,19EAC633,F62D0000,12000000,4C000000,F7130000,0B530000,50570000,58570000,12D0FFFF
C3A70B5C00000000,6407A701,31EAC633,F62D0000,12000000,4C000000,F7130000,25530000,6C570000,74570000,12D0FFFF
29A80B5C00000000,8207A701,49EAC633,F62D0000,12000000,4C000000,F7130000,3F530000,88570000,90570000,12D0FFFF
8CA80B5C00000000,A007A701,61EAC633,F62D0000,12000000,4C000000,F7130000,59530000,A4570000,AC570000,12D0FFFF
EEA80B5C00000000,BE07A701,7AEAC633,F62D0000,12000000,4C000000,F7130000,73530000,C0570000,C8570000,12D0FFFF
55A90B5C00000000,DB07A701,91EAC633,F62D0000,12000000,4C000000,F7130000,8D530000,DC570000,E4570000,12D0FFFF
B8A90B5C00000000,F907A701,AAEAC633,F62D0000,12000000,4C000000,F7130000,A8530000,F8570000,00580000,12D0FFFF
1EAA0B5C00000000,1708A701,C2EAC633,F62D0000,12000000,4C000000,F7130000,C2530000,14580000,1C580000,12D0FFFF
80AA0B5C00000000,3508A701,D9EAC633,F62D0000,12000000,4C000000,F6130000,DC530000,30580000,38580000,11D0FFFF
E4AA0B5C00000000,5208A701,F2EAC633,F62D0000,12000000,4C000000,F6130000,F6530000,4C580000,54580000,11D0FFFF
4AAB0B5C00000000,7008A701,0AEBC633,F62D0000,12000000,4C000000,F6130000,10540000,68580000,70580000,11D0FFFF
ACAB0B5C00000000,8E08A701,22EBC633,F62D0000,12000000,4C000000,F5130000,2A540000,84580000,8C580000,10D0FFFF
10AC0B5C00000000,AC08A701,3AEBC633,F62D0000,12000000,4C000000,F5130000,44540000,A0580000,A8580000,10D0FFFF
76AC0B5C00000000,CA08A701,52EBC633,F62D0000,12000000,4C000000,F5130000,5E540000,BC580000,C4580000,10D0FFFF
D9AC0B5C00000000,E808A701,6AEBC633,F62D0000,12000000,4C000000,F4130000,79540000,D8580000,E0580000,0FD0FFFF
3FAD0B5C00000000,0509A701,82EBC633,F62D0000,12000000,4C000000,F4130000,93540000,F4580000,FC580000,0FD0FFFF
A2AD0B5C00000000,2309A701,9AEBC633,F62D0000,12000000,4C000000,F4130000,AC540000,10590000,18590000,0FD0FFFF
04AE0B5C00000000,4109A701,B2EBC633,F62D0000,12000000,4C000000,F4130000,C7540000,2C590000,34590000,0FD0FFFF
6BAE0B5C00000000,5F09A701,CAEBC633,F62D0000,12000000,4C000000,F3130000,E1540000,48590000,50590000,0ED0FFFF
CEAE0B5C00000000,7C09A701,E2EBC633,F62D0000,12000000,4C000000,F3130000,FB540000,64590000,6C590000,0ED0FFFF
31AF0B5C00000000,9A09A701,FAEBC633,F62D0000,12000000,4C000000,F3130000,15550000,80590000,88590000,0ED0FFFF
97AF0B5C00000000,B809A701,12ECC633,F62D0000,12000000,4C000000,F3130000,2F550000,9C590000,A4590000,0ED0FFFF
FAAF0B5C00000000,D609A701,2AECC633,F62D0000,12000000,4C000000,F3130000,4A550000,B8590000,C0590000,0ED0FFFF
5CB00B5C00000000,F409A701,42ECC633,F62D0000,12000000,4C000000,F3130000,64550000,D4590000,DC590000,0ED0FFFF
C3B00B5C00000000,110AA701,5BECC633,F62D0000,12000000,4C000000,F2130000,7E550000,F0590000,F8590000,0DD0FFFF
26B10B5C00000000,2F0AA701,73ECC633,F62D0000,12000000,4C000000,F2130000,98550000,0C5A0000,145A0000,0DD0FFFF
8BB10B5C00000000,4D0AA701,8BECC633,F62D0000,12000000,4C000000,F2130000,B2550000,285A0000,305A0000,0DD0FFFF
EFB10B5C00000000,6B0AA701,A3ECC633,F62D0000,12000000,4C000000,F2130000,CC550000,445A0000,4C5A0000,0DD0FFFF
55B20B5C00000000,880AA701,BBECC633,F62D0000,12000000,4C000000,F1130000,E6550000,605A0000,685A0000,0CD0FFFF
B8B20B5C00000000,A60AA701,D3ECC633,F62D0000,12000000,4C000000,F1130000,00560000,7C5A0000,845A0000,0CD0FFFF
18B30B5C00000000,C40AA701,EBECC633,F62D0000,12000000,4C000000,F1130000,1A560000,985A0000,A05A0000,0CD0FFFF
80B30B5C00000000,E10AA701,03EDC633,F62D0000,12000000,4C000000,F1130000,34560000,B45A0000,BC5A0000,0CD0FFFF
E4B30B5C00000000,FF0AA701,1BEDC633,F62D0000,12000000,4C000000,F1130000,4E560000,D05A0000,D85A0000,0CD0FFFF
4AB40B5C00000000,1D0BA701,33EDC633,F62D0000,12000000,4C000000,F1130000,68560000,EC5A0000,F45A0000,0CD0FFFF
ACB40B5C00000000,3B0BA701,4BEDC633,F62D0000,12000000,4C000000,F1130000,82560000,085B0000,105B0000,0CD0FFFF
10B50B5C00000000,590BA701,63EDC633,F62D0000,12000000,4C000000,F0130000,9C560000,245B0000,2C5B0000,0BD0FFFF
76B50B5C00000000,760BA701,7BEDC633,F62D0000,12000000,4C000000,F0130000,B7560000,405B0000,485B0000,0BD0FFFF
D8B50B5C00000000,940BA701,93EDC633,F62D0000,12000000,4C000000,F0130000,D0560000,5C5B0000,645B0000,0BD0FFFF
3CB60B5C00000000,B20BA701,ABEDC633,F62D0000,12000000,4C000000,F0130000,EB560000,785B0000,805B0000,0BD0FFFF
A2B60B5C00000000,CF0BA701,C3EDC633,F62D0000,12000000,4C000000,EF130000,05570000,945B0000,9C5B0000,0AD0FFFF
04B70B5C00000000,ED0BA701,DBEDC633,F62D0000,12000000,4C000000,EF130000,1F570000,B05B0000,B85B0000,0AD0FFFF
6BB70B5C00000000,0B0CA701,F3EDC633,F62D0000,12000000,4C000000,EF130000,39570000,CC5B0000,D45B0000,0AD0FFFF
CEB70B5C00000000,290CA701,0BEEC633,F62D0000,12000000,4C000000,EF130000,53570000,E85B0000,F05B0000,0AD0FFFF
31B80B5C00000000,470CA701,23EEC633,F62D0000,12000000,4C000000,EF130000,6D570000,045C0000,0C5C0000,0AD0FFFF
97B80B5C00000000,640CA701,3CEEC633,F62D0000,12000000,4C000000,EF130000,87570000,205C0000,285C0000,0AD0FFFF
FAB80B5C00000000,820CA701,53EEC633,F62D0000,12000000,4C000000,EF130000,A1570000,3C5C0000,445C0000,0AD0FFFF
60B90B5C00000000,A00CA701,6CEEC633,F62D0000,12000000,4C000000,EE130000,BB570000,585C0000,605C0000,09D0FFFF
C0B90B5C00000000,BD0CA701,84EEC633,F62D0000,12000000,4C000000,EE130000,D5570000,745C0000,7C5C0000,09D0FFFF
26BA0B5C00000000,DB0CA701,9CEEC633,F62D0000,12000000,4C000000,EE130000,F0570000,905C0000,985C0000,09D0FFFF
8CBA0B5C00000000,F90CA701,B4EEC633,F62D0000,12000000,4C000000,EE130000,09580000,AC5C0000,B45C0000,09D0FFFF
ECBA0B5C00000000,160DA701,CCEEC633,F62D0000,12000000,4C000000,EE130000,23580000,C85C0000,D05C0000,09D0FFFF
52BB0B5C00000000,340DA701,E4EEC633,F62D0000,12000000,4C000000,ED130000,3D580000,E45C0000,EC5C0000,08D0FFFF
B8BB0B5C00000000,520DA701,FCEEC633,F62D0000,12000000,4C000000,ED130000,57580000,005D0000,085D0000,08D0FFFF
1BBC0B5C00000000,700DA701,14EFC633,F62D0000,12000000,4C000000,ED130000,71580000,1C5D0000,245D0000,08D0FFFF
81BC0B5C00000000,8D0DA701,2CEFC633,F62D0000,12000000,4C000000,ED130000,8B580000,385D0000,405D0000,08D0FFFF
E4BC0B5C00000000,AB0DA701,44EFC633,F62D0000,12000000,4C000000,EC130000,A5580000,545D0000,5C5D0000,07D0FFFF
47BD0B5C00000000,C90DA701,5CEFC633,F62D0000,12000000,4C000000,EC130000,BF580000,705D0000,785D0000,07D0FFFF
ADBD0B5C00000000,E60DA701,74EFC633,F62D0000,12000000,4C000000,EC130000,D9580000,8C5D0000,945D0000,07D0FFFF
10BE0B5C00000000,040EA701,8CEFC633,F62D0000,12000000,4C000000,EC130000,F3580000,A85D0000,B05D0000,07D0FFFF
73BE0B5C00000000,220EA701,A4EFC633,F62D0000,12000000,4C000000,EC130000,0D590000,C45D0000,CC5D0000,07D0FFFF
D7BE0B5C00000000,3F0EA701,BCEFC633,F62D0000,12000000,4C000000,EC130000,27590000,E05D0000,E85D0000,07D0FFFF
3CBF0B5C00000000,5D0EA701,D4EFC633,F62D0000,12000000,4C000000,EC130000,42590000,FC5D0000,045E0000,07D0FFFF
A2BF0B5C00000000,7B0EA701,ECEFC633,F62D0000,12000000,4C000000,EB130000,5B590000,185E0000,205E0000,06D0FFFF
05C00B5C00000000,990EA701,04F0C633,F62D0000,12000000,4C000000,EB130000,76590000,345E0000,3C5E0000,06D0FFFF
68C00B5C00000000,B60EA701,1CF0C633,F62D0000,12000000,4C000000,EB130000,90590000,505E0000,585E0000,06D0FFFF
CEC00B5C00000000,D40EA701,34F0C633,F62D0000,12000000,4C000000,EB130000,AA590000,6C5E0000,745E0000,06D0FFFF
31C10B5C00000000,F20EA701,4CF0C633,F62D0000,12000000,4C000000,EB130000,C4590000,885E0000,905E0000,06D0FFFF
97C10B5C00000000,100FA701,65F0C633,F62D0000,12000000,4C000000,EB130000,DE590000,A45E0000,AC5E0000,06D0FFFF
FAC10B5C00000000,2D0FA701,7DF0C633,F62D0000,12000000,4C000000,EB130000,F8590000,C05E0000,C85E0000,06D0FFFF
5DC20B5C00000000,4B0FA701,95F0C633,F62D0000,12000000,4C000000,EA130000,115A0000,DC5E0000,E45E0000,05D0FFFF
C3C20B5C00000000,680FA701,ADF0C633,F62D0000,12000000,4C000000,EA130000,2B5A0000,F85E0000,005F0000,05D0FFFF
26C30B5C00000000,860FA701,C5F0C633,F62D0000,12000000,4C000000,EA130000,455A0000,145F0000,1C5F0000,05D0FFFF
89C30B5C00000000,A40FA701,DDF0C633,F62D0000,12000000,4C000000,EA130000,5F5A0000,305F0000,385F0000,05D0FFFF
EFC30B5C00000000,C10FA701,F5F0C633,F62D0000,12000000,4C000000,EA130000,795A0000,4C5F0000,545F0000,05D0FFFF
52C40B5C00000000,DF0FA701,0DF1C633,F62D0000,12000000,4C000000,E9130000,935A0000,685F0000,705F0000,04D0FFFF
B8C40B5C00000000,FD0FA701,25F1C633,F62D0000,12000000,4C000000,EA130000,AD5A0000,835F0000,8C5F0000,05D0FFFF
1BC50B5C00000000,1A10A701,3DF1C633,F62D0000,12000000,4C000000,E9130000,C75A0000,9F5F0000,A85F0000,04D0FFFF
7DC50B5C00000000,3810A701,55F1C633,F62D0000,12000000,4C000000,E9130000,E15A0000,BB5F0000,C45F0000,04D0FFFF
E5C50B5C00000000,5510A701,6DF1C633,F62D0000,12000000,4C000000,E9130000,FB5A0000,D75F0000,E05F0000,04D0FFFF
47C60B5C00000000,7310A701,85F1C633,F62D0000,12000000,4C000000,E9130000,155B0000,F35F0000,FC5F0000,04D0FFFF
ADC60B5C00000000,9110A701,9DF1C633,F62D0000,12000000,4C000000,E9130000,2F5B0000,0F600000,18600000,04D0FFFF
10C70B5C00000000,AE10A701,B5F1C633,F62D0000,12000000,4C000000,E8130000,485B0000,2C600000,34600000,03D0FFFF
73C70B5C00000000,CC10A701,CDF1C633,F62D0000,12000000,4C000000,E8130000,625B0000,48600000,50600000,03D0FFFF
D9C70B5C00000000,E910A701,E5F1C633,F62D0000,12000000,4C000000,E8130000,7C5B0000,64600000,6C600000,03D0FFFF
39C80B5C00000000,0711A701,FDF1C633,F62D0000,12000000,4C000000,E8130000,965B0000,7F600000,88600000,03D0FFFF
9FC80B5C00000000,2511A701,15F2C633,F62D0000,12000000,4C000000,E7130000,B05B0000,9B600000,A4600000,02D0FFFF
05C90B5C00000000,4211A701,2DF2C633,F62D0000,12000000,4C000000,E7130000,CA5B0000,B7600000,C0600000,02D0FFFF
68C90B5C00000000,6011A701,45F2C633,F62D0000,12000000,4C000000,E7130000,E45B0000,D3600000,DC600000,02D0FFFF
CEC90B5C00000000,7E11A701,5DF2C633,F62D0000,12000000,4C000000,E7130000,FE5B0000,EF600000,F8600000,02D0FFFF
31CA0B5C00000000,9B11A701,75F2C633,F62D0000,12000000,4C000000,E7130000,175C0000,0B610000,14610000,02D0FFFF
95CA0B5C00000000,B911A701,8DF2C633,F62D0000,12000000,4C000000,E6130000,315C0000,27610000,30610000,01D0FFFF
FACA0B5C00000000,D611A701,A5F2C633,F62D0000,12000000,4C000000,E6130000,4B5C0000,43610000,4C610000,01D0FFFF
5DCB0B5C00000000,F411A701,BDF2C633,F62D0000,12000000,4C000000,E6130000,655C0000,5F610000,68610000,01D0FFFF
C3CB0B5C00000000,1212A701,D5F2C633,F62D0000,12000000,4C000000,E6130000,7F5C0000,7B610000,84610000,01D0FFFF
25CC0B5C00000000,2F12A701,EDF2C633,F62D0000,12000000,4C000000,E6130000,995C0000,97610000,A0610000,01D0FFFF
89CC0B5C00000000,4D12A701,05F3C633,F62D0000,12000000,4C000000,E6130000,B35C0000,B3610000,BC610000,01D0FFFF
EFCC0B5C00000000,6A12A701,1DF3C633,F62D0000,12000000,4C000000,E6130000,CD5C0000,CF610000,D8610000,01D0FFFF
51CD0B5C00000000,8812A701,35F3C633,F62D0000,12000000,4C000000,E5130000,E75C0000,EB610000,F4610000,00D0FFFF
B5CD0B5C00000000,A612A701,4DF3C633,F62D0000,12000000,4C000000,E5130000,005D0000,07620000,10620000,00D0FFFF
1BCE0B5C00000000,C312A701,65F3C633,F62D0000,12000000,4C000000,E5130000,1A5D0000,23620000,2C620000,00D0FFFF
7ECE0B5C00000000,E112A701,7DF3C633,F62D0000,12000000,4C000000,E5130000,345D0000,3F620000,48620000,00D0FFFF
E4CE0B5C00000000,FE12A701,95F3C633,F62D0000,12000000,4C000000,E5130000,4E5D0000,5B620000,64620000,00D0FFFF
47CF0B5C00000000,1C13A701,ADF3C633,F62D0000,12000000,4C000000,E5130000,675D0000,77620000,80620000,00D0FFFF
AACF0B5C00000000,3913A701,C5F3C633,F62D0000,12000000,4C000000,E4130000,815D0000,93620000,9C620000,FFCFFFFF
0ED00B5C00000000,5713A701,DDF3C633,F62D0000,12000000,4C000000,E4130000,9B5D0000,AF620000,B8620000,FFCFFFFF
73D00B5C00000000,7413A701,F5F3C633,F62D0000,12000000,4C000000,E4130000,B45D0000,CB620000,D4620000,FFCFFFFF
D9D00B5C00000000,9213A701,0DF4C633,F62D0000,12000000,4C000000,E4130000,CE5D0000,E7620000,F0620000,FFCFFFFF
3DD10B5C00000000,AF13A701,25F4C633,F62D0000,12000000,4C000000,E4130000,E85D0000,03630000,0C630000,FFCFFFFF
9FD10B5C00000000,CD13A701,3DF4C633,F62D0000,12000000,4C000000,E4130000,025E0000,1F630000,28630000,FFCFFFFF
05D20B5C00000000,EA13A701,55F4C633,F62D0000,12000000,4C000000,E3130000,1B5E0000,3B630000,44630000,FECFFFFF
69D20B5C00000000,0814A701,6DF4C633,F62D0000,12000000,4C000000,E3130000,355E0000,57630000,60630000,FECFFFFF
CBD20B5C00000000,2514A701,85F4C633,F62D0000,12000000,4C000000,E3130000,4F5E0000,73630000,7C630000,FECFFFFF
31D30B5C00000000,4314A701,9DF4C633,F62D0000,12000000,4C000000,E3130000,685E0000,8F630000,98630000,FECFFFFF
94D30B5C00000000,6014A701,B5F4C633,F62D0000,12000000,4C000000,E3130000,825E0000,AB630000,B4630000,FECFFFFF
F9D30B5C00000000,7E14A701,CDF4C633,F62D0000,12000000,4C000000,E3130000,9C5E0000,C7630000,D0630000,FECFFFFF
5DD40B5C00000000,9B14A701,E5F4C633,F62D0000,12000000,4C000000,E3130000,B65E0000,E3630000,EC630000,FECFFFFF
C1D40B5C00000000,B914A701,FDF4C633,F62D0000,12000000,4C000000,E3130000,D05E0000,FF630000,08640000,FECFFFFF
26D50B5C00000000,D714A701,15F5C633,F62D0000,12000000,4C000000,E2130000,EA5E0000,1B640000,24640000,FDCFFFFF
89D50B5C00000000,F414A701,2DF5C633,F62D0000,12000000,4C000000,E2130000,035F0000,37640000,40640000,FDCFFFFF
ECD50B5C00000000,1215A701,45F5C633,F62D0000,12000000,4C000000,E2130000,1D5F0000,53640000,5C640000,FDCFFFFF
52D60B5C00000000,2F15A701,5DF5C633,F62D0000,12000000,4C000000,E2130000,375F0000,6F640000,78640000,FDCFFFFF
B5D60B5C00000000,4D15A701,75F5C633,F62D0000,12000000,4C000000,E2130000,515F0000,8B640000,94640000,FDCFFFFF
1BD70B5C00000000,6A15A701,8DF5C633,F62D0000,12000000,4C000000,E2130000,6B5F0000,A7640000,B0640000,FDCFFFFF
7ED70B5C00000000,8815A701,A5F5C633,F62D0000,12000000,4C000000,E2130000,845F0000,C3640000,CC640000,FDCFFFFF
E1D70B5C00000000,A515A701,BDF5C633,F62D0000,12000000,4C000000,E2130000,9F5F0000,DF640000,E8640000,FDCFFFFF
47D80B5C00000000,C315A701,D5F5C633,F62D0000,12000000,4C000000,E1130000,B85F0000,FB640000,04650000,FCCFFFFF
ABD80B5C00000000,E015A701,EDF5C633,F62D0000,12000000,4C000000,E1130000,D25F0000,17650000,20650000,FCCFFFFF
11D90B5C00000000,FE15A701,05F6C633,F62D0000,12000000,4C000000,E1130000,EB5F0000,33650000,3C650000,FCCFFFFF
73D90B5C00000000,1B16A701,1DF6C633,F62D0000,12000000,4C000000,E1130000,05600000,4F650000,58650000,FCCFFFFF
D7D90B5C00000000,3916A701,35F6C633,F62D0000,12000000,4C000000,E0130000,1F600000,6B650000,74650000,FBCFFFFF
3DDA0B5C00000000,5616A701,4DF6C633,F62D0000,12000000,4C000000,E0130000,38600000,87650000,90650000,FBCFFFFF
9FDA0B5C00000000,7316A701,64F6C633,F62D0000,12000000,4C000000,E0130000,52600000,A3650000,AC650000,FBCFFFFF
03DB0B5C00000000,9116A701,7CF6C633,F62D0000,12000000,4C000000,E0130000,6C600000,BF650000,C8650000,FBCFFFFF
69DB0B5C00000000,AE16A701,94F6C633,F62D0000,12000000,4C000000,E0130000,85600000,DB650000,E4650000,FBCFFFFF
CBDB0B5C00000000,CC16A701,ACF6C633,F62D0000,12000000,4C000000,DF130000,9F600000,F7650000,00660000,FACFFFFF
31DC0B5C00000000,E916A701,C4F6C633,F62D0000,12000000,4C000000,DF130000,B8600000,13660000,1C660000,FACFFFFF
95DC0B5C00000000,0717A701,DCF6C633,F62D0000,12000000,4C000000,DF130000,D2600000,2F660000,38660000,FACFFFFF
F7DC0B5C00000000,2417A701,F4F6C633,F62D0000,12000000,4C000000,DF130000,EC600000,4B660000,54660000,FACFFFFF
5EDD0B5C00000000,4217A701,0CF7C633,F62D0000,12000000,4C000000,DF130000,06610000,67660000,70660000,FACFFFFF
C0DD0B5C00000000,5F17A701,24F7C633,F62D0000,12000000,4C000000,DE130000,1F610000,83660000,8C660000,F9CFFFFF
26DE0B5C00000000,7D17A701,3CF7C633,F62D0000,12000000,4C000000,DE130000,39610000,9F660000,A8660000,F9CFFFFF
8ADE0B5C00000000,9A17A701,54F7C633,F62D0000,12000000,4C000000,DE130000,53610000,BB660000,C4660000,F9CFFFFF
EDDE0B5C00000000,B817A701,6CF7C633,F62D0000,12000000,4C000000,DE130000,6D610000,D7660000,E0660000,F9CFFFFF
52DF0B5C00000000,D517A701,84F7C633,F62D0000,12000000,4C000000,DE130000,86610000,F3660000,FC660000,F9CFFFFF
B2DF0B5C00000000,F317A701,9CF7C633,F62D0000,12000000,4C000000,DD130000,A0610000,0F670000,18670000,F8CFFFFF
18E00B5C00000000,1018A701,B4F7C633,F62D0000,12000000,4C000000,DD130000,BA610000,2B670000,34670000,F8CFFFFF
7FE00B5C00000000,2E18A701,CCF7C633,F62D0000,12000000,4C000000,DD130000,D3610000,47670000,50670000,F8CFFFFF
E1E00B5C00000000,4B18A701,E4F7C633,F62D0000,12000000,4C000000,DD130000,ED610000,63670000,6C670000,F8CFFFFF
47E10B5C00000000,6918A701,FCF7C633,F62D0000,12000000,4C000000,DD130000,07620000,7F670000,88670000,F8CFFFFF
ABE10B5C00000000,8618A701,14F8C633,F62D0000,12000000,4C000000,DD130000,20620000,9B670000,A4670000,F8CFFFFF
0EE20B5C00000000,A318A701,2CF8C633,F62D0000,12000000,4C000000,DC130000,3A620000,B7670000,C0670000,F7CFFFFF
73E20B5C00000000,C118A701,44F8C633,F62D0000,12000000,4C000000,DC130000,54620000,D3670000,DC670000,F7CFFFFF
D6E20B5C00000000,DE18A701,5CF8C633,F62D0000,12000000,4C000000,DC130000,6D620000,EF670000,F8670000,F7CFFFFF
3DE30B5C00000000,FC18A701,74F8C633,F62D0000,12000000,4C000000,DC130000,87620000,0B680000,14680000,F7CFFFFF
9FE30B5C00000000,1919A701,8CF8C633,F62D0000,12000000,4C000000,DC130000,A0620000,27680000,30680000,F7CFFFFF
02E40B5C00000000,3619A701,A4F8C633,F62D0000,12000000,4C000000,DC130000,BA620000,43680000,4C680000,F7CFFFFF
69E40B5C00000000,5419A701,BCF8C633,F62D0000,12000000,4C000000,DB130000,D4620000,5F680000,68680000,F6CFFFFF
CBE40B5C00000000,7119A701,D4F8C633,F62D0000,12000000,4C000000,DB130000,ED620000,7B680000,84680000,F6CFFFFF
2FE50B5C00000000,8F19A701,ECF8C633,F62D0000,12000000,4C000000,DB130000,07630000,97680000,A0680000,F6CFFFFF
95E50B5C00000000,AC19A701,04F9C633,F62D0000,12000000,4C000000,DB130000,21630000,B3680000,BC680000,F6CFFFFF
F8E50B5C00000000,CA19A701,1CF9C633,F62D0000,12000000,4C000000,DB130000,3A630000,CF680000,D8680000,F6CFFFFF
5BE60B5C00000000,E719A701,34F9C633,F62D0000,12000000,4C000000,DA130000,54630000,EB680000,F4680000,F5CFFFFF
C0E60B5C00000000,041AA701,4CF9C633,F62D0000,12000000,4C000000,DA130000,6D630000,07690000,10690000,F5CFFFFF
24E70B5C00000000,221AA701,64F9C633,F62D0000,12000000,4C000000,DA130000,87630000,22690000,2C690000,F5CFFFFF
89E70B5C00000000,3F1AA701,7CF9C633,F62D0000,12000000,4C000000,DA130000,A0630000,3E690000,48690000,F5CFFFFF
EDE70B5C00000000,5C1AA701,93F9C633,F62D0000,12000000,4C000000,DA130000,BA630000,5A690000,64690000,F5CFFFFF
52E80B5C00000000,7A1AA701,ABF9C633,F62D0000,12000000,4C000000,DA130000,D4630000,76690000,80690000,F5CFFFFF
B5E80B5C00000000,971AA701,C3F9C633,F62D0000,12000000,4C000000,DA130000,ED630000,93690000,9C690000,F5CFFFFF
19E90B5C00000000,B51AA701,DBF9C633,F62D0000,12000000,4C000000,D9130000,07640000,AF690000,B8690000,F4CFFFFF
7EE90B5C00000000,D21AA701,F3F9C633,F62D0000,12000000,4C000000,D9130000,20640000,CB690000,D4690000,F4CFFFFF
E2E90B5C00000000,EF1AA701,0BFAC633,F62D0000,12000000,4C000000,D9130000,3A640000,E7690000,F0690000,F4CFFFFF
44EA0B5C00000000,0D1BA701,23FAC633,F62D0000,12000000,4C000000,D9130000,54640000,036A0000,0C6A0000,F4CFFFFF
AAEA0B5C00000000,2A1BA701,3BFAC633,F62D0000,12000000,4C000000,D9130000,6D640000,1F6A0000,286A0000,F4CFFFFF
0DEB0B5C00000000,481BA701,53FAC633,F62D0000,12000000,4C000000,D9130000,87640000,3B6A0000,446A0000,F4CFFFFF
73EB0B5C00000000,651BA701,6BFAC633,F62D0000,12000000,4C000000,D8130000,A1640000,566A0000,606A0000,F3CFFFFF
D7EB0B5C00000000,831BA701,83FAC633,F62D0000,12000000,4C000000,D8130000,BA640000,726A0000,7C6A0000,F3CFFFFF
39EC0B5C00000000,A01BA701,9BFAC633,F62D0000,12000000,4C000000,D8130000,D4640000,8E6A0000,986A0000,F3CFFFFF
A0EC0B5C00000000,BD1BA701,B3FAC633,F62D0000,12000000,4C000000,D8130000,EE640000,AA6A0000,B46A0000,F3CFFFFF
03ED0B5C00000000,DB1BA701,CBFAC633,F62D0000,12000000,4C000000,D8130000,07650000,C66A0000,D06A0000,F3CFFFFF
66ED0B5C00000000,F81BA701,E3FAC633,F62D0000,12000000,4C000000,D8130000,21650000,E26A0000,EC6A0000,F3CFFFFF
CBED0B5C00000000,161CA701,FBFAC633,F62D0000,12000000,4C000000,D7130000,3A650000,FE6A0000,086B0000,F2CFFFFF
2DEE0B5C00000000,331CA701,13FBC633,F62D0000,12000000,4C000000,D7130000,54650000,1A6B0000,246B0000,F2CFFFFF
95EE0B5C00000000,501CA701,2BFBC633,F62D0000,12000000,4C000000,D7130000,6E650000,366B0000,406B0000,F2CFFFFF
F8EE0B5C00000000,6E1CA701,43FBC633,F62D0000,12000000,4C000000,D7130000,87650000,526B0000,5C6B0000,F2CFFFFF
5AEF0B5C00000000,8B1CA701,5BFBC633,F62D0000,12000000,4C000000,D7130000,A1650000,6E6B0000,786B0000,F2CFFFFF
C1EF0B5C00000000,A81CA701,73FBC633,F62D0000,12000000,4C000000,D7130000,BA650000,8A6B0000,946B0000,F2CFFFFF
24F00B5C00000000,C61CA701,8BFBC633,F62D0000,12000000,4C000000,D7130000,D4650000,A66B0000,B06B0000,F2CFFFFF
89F00B5C00000000,E31CA701,A3FBC633,F62D0000,12000000,4C000000,D6130000,ED650000,C26B0000,CC6B0000,F1CFFFFF
EDF00B5C00000000,001DA701,BBFBC633,F62D0000,12000000,4C000000,D6130000,06660000,DE6B0000,E86B0000,F1CFFFFF
50F10B5C00000000,1E1DA701,D3FBC633,F62D0000,12000000,4C000000,D6130000,20660000,FA6B0000,046C0000,F1CFFFFF
B6F10B5C00000000,3B1DA701,EBFBC633,F62D0000,12000000,4C000000,D6130000,3A660000,166C0000,206C0000,F1CFFFFF
17F20B5C00000000,591DA701,03FCC633,F62D0000,12000000,4C000000,D6130000,53660000,326C0000,3C6C0000,F1CFFFFF
7BF20B5C00000000,761DA701,1BFCC633,F62D0000,12000000,4C000000,D6130000,6D660000,4E6C0000,586C0000,F1CFFFFF
E2F20B5C00000000,931DA701,33FCC633,F62D0000,12000000,4C000000,D5130000,87660000,6A6C0000,746C0000,F0CFFFFF
45F30B5C00000000,B11DA701,4BFCC633,F62D0000,12000000,4C000000,D5130000,A1660000,866C0000,906C0000,F0CFFFFF
ABF30B5C00000000,CE1DA701,63FCC633,F62D0000,12000000,4C000000,D5130000,BA660000,A26C0000,AC6C0000,F0CFFFFF
0DF40B5C00000000,EC1DA701,7BFCC633,F62D0000,12000000,4C000000,D5130000,D4660000,BE6C0000,C86C0000,F0CFFFFF
71F40B5C00000000,091EA701,93FCC633,F62D0000,12000000,4C000000,D5130000,EE660000,DA6C0000,E46C0000,F0CFFFFF
D6F40B5C00000000,261EA701,ABFCC633,F62D0000,12000000,4C000000,D4130000,07670000,F66C0000,006D0000,EFCFFFFF
3AF50B5C00000000,441EA701,C3FCC633,F62D0000,12000000,4C000000,D4130000,21670000,126D0000,1C6D0000,EFCFFFFF
9FF50B5C00000000,611EA701,DBFCC633,F62D0000,12000000,4C000000,D4130000,3A670000,2E6D0000,386D0000,EFCFFFFF
03F60B5C00000000,7E1EA701,F3FCC633,F62D0000,12000000,4C000000,D4130000,54670000,4A6D0000,546D0000,EFCFFFFF
66F60B5C00000000,9C1EA701,0BFDC633,F62D0000,12000000,4C000000,D4130000,6D670000,666D0000,706D0000,EFCFFFFF
CCF60B5C00000000,B91EA701,23FDC633,F62D0000,12000000,4C000000,D4130000,86670000,826D0000,8C6D0000,EFCFFFFF
2FF70B5C00000000,D61EA701,3BFDC633,F62D0000,12000000,4C000000,D4130000,A0670000,9E6D0000,A86D0000,EFCFFFFF
92F70B5C00000000,F41EA701,53FDC633,F62D0000,12000000,4C000000,D3130000,BA670000,BA6D0000,C46D0000,EECFFFFF
F8F70B5C00000000,111FA701,6AFDC633,F62D0000,12000000,4C000000,D3130000,D3670000,D66D0000,E06D0000,EECFFFFF
5BF80B5C00000000,2E1FA701,82FDC633,F62D0000,12000000,4C000000,D3130000,EC670000,F26D0000,FC6D0000,EECFFFFF
C0F80B5C00000000,4C1FA701,9AFDC633,F62D0000,12000000,4C000000,D3130000,06680000,0E6E0000,186E0000,EECFFFFF
24F90B5C00000000,691FA701,B2FDC633,F62D0000,12000000,4C000000,D3130000,20680000,2A6E0000,346E0000,EECFFFFF
87F90B5C00000000,871FA701,CAFDC633,F62D0000,12000000,4C000000,D2130000,39680000,466E0000,506E0000,EDCFFFFF
EDF90B5C00000000,A41FA701,E2FDC633,F62D0000,12000000,4C000000,D2130000,53680000,626E0000,6C6E0000,EDCFFFFF
50FA0B5C00000000,C11FA701,FAFDC633,F62D0000,12000000,4C000000,D2130000,6C680000,7E6E0000,886E0000,EDCFFFFF
B6FA0B5C00000000,DF1FA701,12FEC633,F62D0000,12000000,4C000000,D2130000,86680000,9A6E0000,A46E0000,EDCFFFFF
19FB0B5C00000000,FC1FA701,2AFEC633,F62D0000,12000000,4C000000,D2130000,A0680000,B66E0000,C06E0000,EDCFFFFF
7CFB0B5C00000000,1920A701,43FEC633,F62D0000,12000000,4C000000,D1130000,BA680000,D26E0000,DC6E0000,ECCFFFFF
E2FB0B5C00000000,3720A701,5AFEC633,F62D0000,12000000,4C000000,D1130000,D3680000,EE6E0000,F86E0000,ECCFFFFF
45FC0B5C00000000,5420A701,72FEC633,F62D0000,12000000,4C000000,D1130000,EC680000,0A6F0000,146F0000,ECCFFFFF
A7FC0B5C00000000,7120A701,8AFEC633,F62D0000,12000000,4C000000,D1130000,06690000,266F0000,306F0000,ECCFFFFF
0BFD0B5C00000000,8E20A701,A2FEC633,F62D0000,12000000,4C000000,D1130000,1F690000,426F0000,4C6F0000,ECCFFFFF
71FD0B5C00000000,AC20A701,BAFEC633,F62D0000,12000000,4C000000,D1130000,39690000,5E6F0000,686F0000,ECCFFFFF
D6FD0B5C00000000,C920A701,D2FEC633,F62D0000,12000000,4C000000,D1130000,52690000,7A6F0000,846F0000,ECCFFFFF
3AFE0B5C00000000,E620A701,EAFEC633,F62D0000,12000000,4C000000,D0130000,6C690000,966F0000,A06F0000,EBCFFFFF
9DFE0B5C00000000,0421A701,02FFC633,F62D0000,12000000,4C000000,D0130000,86690000,B26F0000,BC6F0000,EBCFFFFF
03FF0B5C00000000,2121A701,1AFFC633,F62D0000,12000000,4C000000,D0130000,9F690000,CE6F0000,D86F0000,EBCFFFFF
64FF0B5C00000000,3E21A701,32FFC633,F62D0000,12000000,4C000000,D0130000,B8690000,EA6F0000,F46F0000,EBCFFFFF
CCFF0B5C00000000,5C21A701,4AFFC633,F62D0000,12000000,4C000000,D0130000,D2690000,06700000,10700000,EBCFFFFF
2F000C5C00000000,7921A701,62FFC633,F62D0000,12000000,4C000000,D0130000,EB690000,22700000,2C700000,EBCFFFFF
92000C5C00000000,9621A701,7AFFC633,F62D0000,12000000,4C000000,CF130000,046A0000,3E700000,48700000,EACFFFFF
F8000C5C00000000,B321A701,92FFC633,F62D0000,12000000,4C000000,CF130000,1E6A0000,5A700000,64700000,EACFFFFF
5B010C5C00000000,D121A701,AAFFC633,F62D0000,12000000,4C000000,CF130000,376A0000,76700000,80700000,EACFFFFF
BE010C5C00000000,EE21A701,C2FFC633,F62D0000,12000000,4C000000,CF130000,516A0000,92700000,9C700000,EACFFFFF
20020C5C00000000,0B22A701,DAFFC633,F62D0000,12000000,4C000000,CF130000,6A6A0000,AE700000,B8700000,EACFFFFF
88020C5C00000000,2922A701,F2FFC633,F62D0000,12000000,4C000000,CF130000,846A0000,CA700000,D4700000,EACFFFFF
EE020C5C00000000,4622A701,0900C733,F62D0000,12000000,4C000000,CF130000,9D6A0000,E6700000,F0700000,EACFFFFF
50030C5C00000000,6322A701,2100C733,F62D0000,12000000,4C000000,CE130000,B66A0000,02710000,0C710000,E9CFFFFF
B4030C5C00000000,8022A701,3900C733,F62D0000,12000000,4C000000,CE130000,D06A0000,1E710000,28710000,E9CFFFFF
19040C5C00000000,9D22A701,5100C733,F62D0000,12000000,4C000000,CE130000,E96A0000,3A710000,44710000,E9CFFFFF
7C040C5C00000000,BA22A701,6900C733,F62D0000,12000000,4C000000,CE130000,026B0000,56710000,60710000,E9CFFFFF
DE040C5C00000000,D822A701,8100C733,F62D0000,12000000,4C000000,CE130000,1C6B0000,72710000,7C710000,E9CFFFFF
45050C5C00000000,F522A701,9900C733,F62D0000,12000000,4C000000,CE130000,356B0000,8E710000,98710000,E9CFFFFF
A8050C5C00000000,1223A701,B100C733,F62D0000,12000000,4C000000,CD130000,4E6B0000,AA710000,B4710000,E8CFFFFF
0A060C5C00000000,2F23A701,C900C733,F62D0000,12000000,4C000000,CD130000,686B0000,C6710000,D0710000,E8CFFFFF
71060C5C00000000,4D23A701,E100C733,F62D0000,12000000,4C000000,CD130000,816B0000,E2710000,EC710000,E8CFFFFF
D4060C5C00000000,6A23A701,F900C733,F62D0000,12000000,4C000000,CD130000,9A6B0000,FE710000,08720000,E8CFFFFF
3A070C5C00000000,8723A701,1101C733,F62D0000,12000000,4C000000,CD130000,B46B0000,1A720000,24720000,E8CFFFFF
9D070C5C00000000,A523A701,2901C733,F62D0000,12000000,4C000000,CC130000,CE6B0000,36720000,40720000,E7CFFFFF
03080C5C00000000,C223A701,4101C733,F62D0000,12000000,4C000000,CC130000,E76B0000,51720000,5C720000,E7CFFFFF
66080C5C00000000,DF23A701,5801C733,F62D0000,12000000,4C000000,CC130000,006C0000,6D720000,78720000,E7CFFFFF
C9080C5C00000000,FC23A701,7101C733,F62D0000,12000000,4C000000,CC130000,1A6C0000,89720000,94720000,E7CFFFFF
2F090C5C00000000,1A24A701,8901C733,F62D0000,12000000,4C000000,CC130000,336C0000,A5720000,B0720000,E7CFFFFF
92090C5C00000000,3724A701,A001C733,F62D0000,12000000,4C000000,CC130000,4C6C0000,C1720000,CC720000,E7CFFFFF
F5090C5C00000000,5424A701,B801C733,F62D0000,12000000,4C000000,CC130000,666C0000,DD720000,E8720000,E7CFFFFF
5C0A0C5C00000000,7124A701,D001C733,F62D0000,12000000,4C000000,CB130000,7F6C0000,F9720000,04730000,E6CFFFFF
BE0A0C5C00000000,8E24A701,E801C733,F62D0000,12000000,4C000000,CB130000,996C0000,15730000,20730000,E6CFFFFF
200B0C5C00000000,AC24A701,0002C733,F62D0000,12000000,4C000000,CB130000,B26C0000,31730000,3C730000,E6CFFFFF
870B0C5C00000000,C924A701,1802C733,F62D0000,12000000,4C000000,CB130000,CC6C0000,4D730000,58730000,E6CFFFFF
EA0B0C5C00000000,E624A701,3002C733,F62D0000,12000000,4C000000,CB130000,E56C0000,69730000,74730000,E6CFFFFF
510C0C5C00000000,0325A701,4802C733,F62D0000,12000000,4C000000,CA130000,FE6C0000,85730000,90730000,E5CFFFFF
AF0C0C5C00000000,2125A701,6002C733,F62D0000,12000000,4C000000,CA130000,186D0000,A1730000,AC730000,E5CFFFFF
190D0C5C00000000,3E25A701,7802C733,F62D0000,12000000,4C000000,CA130000,316D0000,BD730000,C8730000,E5CFFFFF
7C0D0C5C00000000,5B25A701,9002C733,F62D0000,12000000,4C000000,CA130000,4A6D0000,D9730000,E4730000,E5CFFFFF
DF0D0C5C00000000,7825A701,A802C733,F62D0000,12000000,4C000000,CA130000,646D0000,F5730000,00740000,E5CFFFFF
450E0C5C00000000,9525A701,C002C733,F62D0000,12000000,4C000000,CA130000,7D6D0000,11740000,1C740000,E5CFFFFF
A80E0C5C00000000,B325A701,D802C733,F62D0000,12000000,4C000000,C9130000,966D0000,2D740000,38740000,E4CFFFFF
0B0F0C5C00000000,CF25A701,EF02C733,F62D0000,12000000,4C000000,C9130000,AF6D0000,49740000,54740000,E4CFFFFF
710F0C5C00000000,ED25A701,0703C733,F62D0000,12000000,4C000000,C9130000,C96D0000,65740000,70740000,E4CFFFFF
D40F0C5C00000000,0A26A701,1F03C733,F62D0000,12000000,4C000000,C9130000,E26D0000,81740000,8C740000,E4CFFFFF
3B100C5C00000000,2726A701,3703C733,F62D0000,12000000,4C000000,C9130000,FB6D0000,9D740000,A8740000,E4CFFFFF
9C100C5C00000000,4426A701,4F03C733,F62D0000,12000000,4C000000,C8130000,146E0000,B9740000,C4740000,E3CFFFFF
FF100C5C00000000,6126A701,6703C733,F62D0000,12000000,4C000000,C8130000,2E6E0000,D5740000,E0740000,E3CFFFFF
66110C5C00000000,7E26A701,7F03C733,F62D0000,12000000,4C000000,C8130000,476E0000,F1740000,FC740000,E3CFFFFF
C8110C5C00000000,9C26A701,9703C733,F62D0000,12000000,4C000000,C8130000,616E0000,0D750000,18750000,E3CFFFFF
2E120C5C00000000,B926A701,AF03C733,F62D0000,12000000,4C000000,C8130000,796E0000,29750000,34750000,E3CFFFFF
91120C5C00000000,D626A701,C703C733,F62D0000,12000000,4C000000,C8130000,936E0000,45750000,50750000,E3CFFFFF
F5120C5C00000000,F326A701,DF03C733,F62D0000,12000000,4C000000,C8130000,AC6E0000,61750000,6C750000,E3CFFFFF
5A130C5C00000000,1027A701,F703C733,F62D0000,12000000,4C000000,C7130000,C56E0000,7D750000,88750000,E2CFFFFF
BE130C5C00000000,2D27A701,0E04C733,F62D0000,12000000,4C000000,C7130000,DE6E0000,99750000,A4750000,E2CFFFFF
20140C5C00000000,4B27A701,2704C733,F62D0000,12000000,4C000000,C7130000,F86E0000,B5750000,C0750000,E2CFFFFF
85140C5C00000000,6827A701,3E04C733,F62D0000,12000000,4C000000,C7130000,116F0000,D1750000,DC750000,E2CFFFFF
E9140C5C00000000,8527A701,5704C733,F62D0000,12000000,4C000000,C6130000,2B6F0000,ED750000,F8750000,E1CFFFFF
4F150C5C00000000,A227A701,6E04C733,F62D0000,12000000,4C000000,C6130000,446F0000,09760000,14760000,E1CFFFFF
B2150C5C00000000,C027A701,8604C733,F62D0000,12000000,4C000000,C6130000,5E6F0000,25760000,30760000,E1CFFFFF
15160C5C00000000,DD27A701,9E04C733,F62D0000,12000000,4C000000,C6130000,776F0000,41760000,4C760000,E1CFFFFF
7C160C5C00000000,FA27A701,B604C733,F62D0000,12000000,4C000000,C5130000,916F0000,5D760000,68760000,E0CFFFFF
DF160C5C00000000,1728A701,CE04C733,F62D0000,12000000,4C000000,C5130000,AA6F0000,79760000,84760000,E0CFFFFF
41170C5C00000000,3428A701,E604C733,F62D0000,12000000,4C000000,C5130000,C36F0000,95760000,A0760000,E0CFFFFF
A8170C5C00000000,5128A701,FE04C733,F62D0000,12000000,4C000000,C5130000,DC6F0000,B1760000,BC760000,E0CFFFFF
0A180C5C00000000,6E28A701,1605C733,F62D0000,12000000,4C000000,C5130000,F56F0000,CD760000,D8760000,E0CFFFFF
70180C5C00000000,8C28A701,2E05C733,F62D0000,12000000,4C000000,C5130000,0E700000,E9760000,F4760000,E0CFFFFF
D3180C5C00000000,A928A701,4605C733,F62D0000,12000000,4C000000,C4130000,27700000,05770000,10770000,DFCFFFFF
36190C5C00000000,C628A701,5E05C733,F62D0000,12000000,4C000000,C4130000,41700000,21770000,2C770000,DFCFFFFF
9D190C5C00000000,E328A701,7605C733,F62D0000,12000000,4C000000,C4130000,5A700000,3D770000,48770000,DFCFFFFF
001A0C5C00000000,0029A701,8E05C733,F62D0000,12000000,4C000000,C4130000,74700000,59770000,64770000,DFCFFFFF
651A0C5C00000000,1D29A701,A605C733,F62D0000,12000000,4C000000,C4130000,8D700000,75770000,80770000,DFCFFFFF
C81A0C5C00000000,3A29A701,BD05C733,F62D0000,12000000,4C000000,C3130000,A6700000,91770000,9C770000,DECFFFFF
2B1B0C5C00000000,5729A701,D505C733,F62D0000,12000000,4C000000,C3130000,BF700000,AD770000,B8770000,DECFFFFF
911B0C5C00000000,7529A701,ED05C733,F62D0000,12000000,4C000000,C3130000,D9700000,C9770000,D4770000,DECFFFFF
F51B0C5C00000000,9229A701,0506C733,F62D0000,12000000,4C000000,C3130000,F2700000,E5770000,F0770000,DECFFFFF
5B1C0C5C00000000,AF29A701,1D06C733,F62D0000,12000000,4C000000,C3130000,0B710000,01780000,0C780000,DECFFFFF
BD1C0C5C00000000,CC29A701,3506C733,F62D0000,12000000,4C000000,C3130000,24710000,1D780000,28780000,DECFFFFF
211D0C5C00000000,E929A701,4D06C733,F62D0000,12000000,4C000000,C3130000,3E710000,39780000,44780000,DECFFFFF
841D0C5C00000000,062AA701,6506C733,F62D0000,12000000,4C000000,C2130000,57710000,55780000,60780000,DDCFFFFF
EA1D0C5C00000000,232AA701,7D06C733,F62D0000,12000000,4C000000,C2130000,70710000,71780000,7C780000,DDCFFFFF
4C1E0C5C00000000,412AA701,9506C733,F62D0000,12000000,4C000000,C2130000,8A710000,8D780000,98780000,DDCFFFFF
B21E0C5C00000000,5E2AA701,AD06C733,F62D0000,12000000,4C000000,C2130000,A3710000,A9780000,B4780000,DDCFFFFF
151F0C5C00000000,7B2AA701,C506C733,F62D0000,12000000,4C000000,C2130000,BC710000,C5780000,D0780000,DDCFFFFF
7B1F0C5C00000000,982AA701,DD06C733,F62D0000,12000000,4C000000,C2130000,D5710000,E1780000,EC780000,DDCFFFFF
DF1F0C5C00000000,B52AA701,F506C733,F62D0000,12000000,4C000000,C1130000,EF710000,FD780000,08790000,DCCFFFFF
42200C5C00000000,D22AA701,0D07C733,F62D0000,12000000,4C000000,C1130000,08720000,19790000,24790000,DCCFFFFF
A8200C5C00000000,EF2AA701,2507C733,F62D0000,12000000,4C000000,C1130000,21720000,35790000,40790000,DCCFFFFF
0A210C5C00000000,0C2BA701,3C07C733,F62D0000,12000000,4C000000,C1130000,3A720000,51790000,5C790000,DCCFFFFF
6D210C5C00000000,2A2BA701,5507C733,F62D0000,12000000,4C000000,C1130000,54720000,6D790000,78790000,DCCFFFFF
D4210C5C00000000,472BA701,6D07C733,F62D0000,12000000,4C000000,C1130000,6D720000,89790000,94790000,DCCFFFFF
37220C5C00000000,642BA701,8407C733,F62D0000,12000000,4C000000,C1130000,86720000,A5790000,B0790000,DCCFFFFF
9D220C5C00000000,812BA701,9C07C733,F62D0000,12000000,4C000000,C0130000,9F720000,C1790000,CC790000,DBCFFFFF
00230C5C00000000,9E2BA701,B407C733,F62D0000,12000000,4C000000,C0130000,B8720000,DD790000,E8790000,DBCFFFFF
63230C5C00000000,BB2BA701,CC07C733,F62D0000,12000000,4C000000,C0130000,D2720000,F9790000,047A0000,DBCFFFFF
C8230C5C00000000,D82BA701,E407C733,F62D0000,12000000,4C000000,C0130000,EB720000,157A0000,207A0000,DBCFFFFF
2B240C5C00000000,F52BA701,FC07C733,F62D0000,12000000,4C000000,C0130000,04730000,317A0000,3C7A0000,DBCFFFFF
92240C5C00000000,122CA701,1408C733,F62D0000,12000000,4C000000,BF130000,1D730000,4D7A0000,587A0000,DACFFFFF
F4240C5C00000000,2F2CA701,2C08C733,F62D0000,12000000,4C000000,BF130000,36730000,697A0000,747A0000,DACFFFFF
55250C5C00000000,4C2CA701,4408C733,F62D0000,12000000,4C000000,BF130000,4F730000,857A0000,907A0000,DACFFFFF
BE250C5C00000000,692CA701,5B08C733,F62D0000,12000000,4C000000,BF130000,68730000,A17A0000,AC7A0000,DACFFFFF
21260C5C00000000,862CA701,7308C733,F62D0000,12000000,4C000000,BF130000,81730000,BD7A0000,C87A0000,DACFFFFF
83260C5C00000000,A32CA701,8B08C733,F62D0000,12000000,4C000000,BF130000,9B730000,D97A0000,E47A0000,DACFFFFF
E7260C5C00000000,C02CA701,A308C733,F62D0000,12000000,4C000000,BE130000,B3730000,F57A0000,007B0000,D9CFFFFF
4D270C5C00000000,DD2CA701,BB08C733,F62D0000,12000000,4C000000,BE130000,CD730000,117B0000,1C7B0000,D9CFFFFF
B3270C5C00000000,FA2CA701,D308C733,F62D0000,12000000,4C000000,BE130000,E6730000,2D7B0000,387B0000,D9CFFFFF
16280C5C00000000,172DA701,EB08C733,F62D0000,12000000,4C000000,BE130000,FF730000,497B0000,547B0000,D9CFFFFF
78280C5C00000000,342DA701,0309C733,F62D0000,12000000,4C000000,BE130000,18740000,657B0000,707B0000,D9CFFFFF
DF280C5C00000000,512DA701,1B09C733,F62D0000,12000000,4C000000,BD130000,31740000,817B0000,8C7B0000,D8CFFFFF
42290C5C00000000,6E2DA701,3209C733,F62D0000,12000000,4C000000,BD130000,4A740000,9D7B0000,A87B0000,D8CFFFFF
A7290C5C00000000,8C2DA701,4A09C733,F62D0000,12000000,4C000000,BD130000,63740000,B97B0000,C47B0000,D8CFFFFF
0A2A0C5C00000000,A82DA701,6209C733,F62D0000,12000000,4C000000,BD130000,7C740000,D57B0000,E07B0000,D8CFFFFF
6E2A0C5C00000000,C62DA701,7A09C733,F62D0000,12000000,4C000000,BD130000,95740000,F17B0000,FC7B0000,D8CFFFFF
D42A0C5C00000000,E32DA701,9209C733,F62D0000,12000000,4C000000,BC130000,AF740000,0D7C0000,187C0000,D7CFFFFF
372B0C5C00000000,002EA701,AA09C733,F62D0000,12000000,4C000000,BD130000,C8740000,297C0000,347C0000,D8CFFFFF
992B0C5C00000000,1D2EA701,C209C733,F62D0000,12000000,4C000000,BD130000,E1740000,447C0000,507C0000,D8CFFFFF
FE2B0C5C00000000,3A2EA701,DA09C733,F62D0000,12000000,4C000000,BC130000,FB740000,607C0000,6C7C0000,D7CFFFFF
622C0C5C00000000,582EA701,F309C733,F62D0000,12000000,4C000000,BD130000,15750000,7C7C0000,887C0000,D8CFFFFF
C82C0C5C00000000,752EA701,0B0AC733,F62D0000,12000000,4C000000,BC130000,2F750000,987C0000,A47C0000,D7CFFFFF
2C2D0C5C00000000,922EA701,230AC733,F62D0000,12000000,4C000000,BC130000,49750000,B47C0000,C07C0000,D7CFFFFF
8F2D0C5C00000000,B02EA701,3B0AC733,F62D0000,12000000,4C000000,BC130000,63750000,D07C0000,DC7C0000,D7CFFFFF
F52D0C5C00000000,CE2EA701,540AC733,F62D0000,12000000,4C000000,BB130000,7D750000,EC7C0000,F87C0000,D6CFFFFF
582E0C5C00000000,EC2EA701,6D0AC733,F62D0000,12000000,4C000000,BB130000,98750000,087D0000,147D0000,D6CFFFFF
BE2E0C5C00000000,0A2FA701,850AC733,F62D0000,12000000,4C000000,BB130000,B3750000,247D0000,307D0000,D6CFFFFF
212F0C5C00000000,282FA701,9E0AC733,F62D0000,12000000,4C000000,BB130000,CE750000,407D0000,4C7D0000,D6CFFFFF
842F0C5C00000000,462FA701,B70AC733,F62D0000,12000000,4C000000,BB130000,EA750000,5C7D0000,687D0000,D6CFFFFF
EA2F0C5C00000000,652FA701,D00AC733,F62D0000,12000000,4C000000,BB130000,06760000,787D0000,847D0000,D6CFFFFF
4D300C5C00000000,832FA701,EA0AC733,F62D0000,12000000,4C000000,BB130000,22760000,947D0000,A07D0000,D6CFFFFF
B0300C5C00000000,A22FA701,030BC733,F62D0000,12000000,4C000000,BB130000,3E760000,B07D0000,BC7D0000,D6CFFFFF
15310C5C00000000,C12FA701,1C0BC733,F62D0000,12000000,4C000000,BB130000,5A760000,CC7D0000,D87D0000,D6CFFFFF
79310C5C00000000,DF2FA701,350BC733,F62D0000,12000000,4C000000,BA130000,76760000,E87D0000,F47D0000,D5CFFFFF
DE310C5C00000000,FE2FA701,4E0BC733,F62D0000,12000000,4C000000,BB130000,92760000,047E0000,107E0000,D6CFFFFF
40320C5C00000000,1C30A701,670BC733,F62D0000,12000000,4C000000,BB130000,AE760000,207E0000,2C7E0000,D6CFFFFF
A5320C5C00000000,3B30A701,810BC733,F62D0000,12000000,4C000000,BB130000,CA760000,3C7E0000,487E0000,D6CFFFFF
0B330C5C00000000,5930A701,9A0BC733,F62D0000,12000000,4C000000,BA130000,E6760000,587E0000,647E0000,D5CFFFFF
6E330C5C00000000,7830A701,B30BC733,F62D0000,12000000,4C000000,BA130000,02770000,747E0000,807E0000,D5CFFFFF
D1330C5C00000000,9630A701,CC0BC733,F62D0000,12000000,4C000000,B9130000,1E770000,907E0000,9C7E0000,D4CFFFFF
37340C5C00000000,B530A701,E50BC733,F62D0000,12000000,4C000000,B7130000,3A770000,AC7E0000,B87E0000,D2CFFFFF
99340C5C00000000,D330A701,FE0BC733,F62D0000,12000000,4C000000,B5130000,56770000,C87E0000,D47E0000,D0CFFFFF
FD340C5C00000000,F230A701,180CC733,F62D0000,12000000,4C000000,B4130000,72770000,E37E0000,F07E0000,CFCFFFFF
63350C5C00000000,1031A701,310CC733,F62D0000,12000000,4C000000,B4130000,8E770000,FF7E0000,0C7F0000,CFCFFFFF
C6350C5C00000000,2F31A701,4A0CC733,F62D0000,12000000,4C000000,B4130000,AA770000,1B7F0000,287F0000,CFCFFFFF
2B360C5C00000000,4D31A701,630CC733,F62D0000,12000000,4C000000,B3130000,C6770000,377F0000,447F0000,CECFFFFF
8E360C5C00000000,6C31A701,7C0CC733,F62D0000,12000000,4C000000,B0130000,E2770000,537F0000,607F0000,CBCFFFFF
F5360C5C00000000,8A31A701,950CC733,F62D0000,12000000,4C000000,AF130000,FE770000,6F7F0000,7C7F0000,CACFFFFF
57370C5C00000000,A831A701,AF0CC733,F62D0000,12000000,4C000000,B0130000,1A780000,8B7F0000,987F0000,CBCFFFFF
BB370C5C00000000,C731A701,C80CC733,F62D0000,12000000,4C000000,AF130000,36780000,A77F0000,B47F0000,CACFFFFF
21380C5C00000000,E531A701,E10CC733,F62D0000,12000000,4C000000,AE130000,52780000,C37F0000,D07F0000,C9CFFFFF
83380C5C00000000,0432A701,FA0CC733,F62D0000,12000000,4C000000,AD130000,6E780000,DE7F0000,EC7F0000,C8CFFFFF
EA380C5C00000000,2232A701,130DC733,F62D0000,12000000,4C000000,AA130000,8A780000,FA7F0000,08800000,C5CFFFFF
4D390C5C00000000,4032A701,2C0DC733,F62D0000,12000000,4C000000,AB130000,A6780000,16800000,24800000,C6CFFFFF
B0390C5C00000000,5F32A701,460DC733,F62D0000,12000000,4C000000,AB130000,C2780000,31800000,40800000,C6CFFFFF
123A0C5C00000000,7D32A701,5F0DC733,F62D0000,12000000,4C000000,A6130000,DE780000,4D800000,5C800000,C1CFFFFF
793A0C5C00000000,9B32A701,780DC733,F62D0000,12000000,4C000000,A1130000,FA780000,69800000,77800000,BCCFFFFF
DC3A0C5C00000000,BA32A701,910DC733,F62D0000,12000000,4C000000,A0130000,16790000,85800000,93800000,BBCFFFFF
423B0C5C00000000,D832A701,AB0DC733,F62D0000,12000000,4C000000,9D130000,32790000,A1800000,AF800000,B8CFFFFF
A53B0C5C00000000,F632A701,C40DC733,F62D0000,12000000,4C000000,94130000,4E790000,BD800000,CB800000,AFCFFFFF
0B3C0C5C00000000,1433A701,DD0DC733,F62D0000,12000000,4C000000,8C130000,6A790000,D8800000,E7800000,A7CFFFFF
6E3C0C5C00000000,3333A701,F60DC733,F62D0000,12000000,4C000000,8A130000,86790000,F4800000,03810000,A5CFFFFF
CE3C0C5C00000000,5133A701,100EC733,F62D0000,12000000,4C000000,88130000,A2790000,0F810000,1F810000,A3CFFFFF
373D0C5C00000000,6F33A701,290EC733,F62D0000,12000000,4C000000,89130000,BE790000,2B810000,3B810000,A4CFFFFF
9A3D0C5C00000000,8D33A701,420EC733,F62D0000,12000000,4C000000,83130000,DA790000,47810000,57810000,9ECFFFFF
FD3D0C5C00000000,AB33A701,5C0EC733,F62D0000,12000000,4C000000,7B130000,F6790000,63810000,73810000,96CFFFFF
623E0C5C00000000,C933A701,750EC733,F62D0000,12000000,4C000000,74130000,127A0000,7E810000,8E810000,8FCFFFFF
C63E0C5C00000000,E733A701,8F0EC733,F62D0000,12000000,4C000000,77130000,2E7A0000,9A810000,AA810000,92CFFFFF
2C3F0C5C00000000,0534A701,A80EC733,F62D0000,12000000,4C000000,76130000,4A7A0000,B6810000,C6810000,91CFFFFF
8F3F0C5C00000000,2334A701,C10EC733,F62D0000,12000000,4C000000,70130000,667A0000,D1810000,E1810000,8BCFFFFF
F23F0C5C00000000,4134A701,DB0EC733,F62D0000,12000000,4C000000,67130000,827A0000,ED810000,FD810000,82CFFFFF
58400C5C00000000,5F34A701,F40EC733,F62D0000,12000000,4C000000,66130000,9E7A0000,09820000,19820000,81CFFFFF
BC400C5C00000000,7D34A701,0E0FC733,F62D0000,12000000,4C000000,6C130000,BA7A0000,24820000,35820000,87CFFFFF
21410C5C00000000,9C34A701,270FC733,F62D0000,12000000,4C000000,67130000,D67A0000,40820000,50820000,82CFFFFF
84410C5C00000000,B934A701,410FC733,F62D0000,12000000,4C000000,5B130000,F27A0000,5C820000,6B820000,76CFFFFF
E8410C5C00000000,D734A701,5A0FC733,F62D0000,12000000,4C000000,5B130000,0E7B0000,77820000,87820000,76CFFFFF
4D420C5C00000000,F534A701,740FC733,F62D0000,12000000,4C000000,5C130000,2A7B0000,93820000,A2820000,77CFFFFF
B0420C5C00000000,1335A701,8D0FC733,F62D0000,12000000,4C000000,5C130000,467B0000,AF820000,BD820000,77CFFFFF
13430C5C00000000,3135A701,A70FC733,F62D0000,12000000,4C000000,5B130000,627B0000,CB820000,D8820000,76CFFFFF
79430C5C00000000,4F35A701,C00FC733,F62D0000,12000000,4C000000,60130000,7E7B0000,E6820000,F4820000,7BCFFFFF
DC430C5C00000000,6D35A701,DA0FC733,F62D0000,12000000,4C000000,67130000,9A7B0000,02830000,10830000,82CFFFFF
42440C5C00000000,8B35A701,F30FC733,F62D0000,12000000,4C000000,65130000,B67B0000,1D830000,2B830000,80CFFFFF
A5440C5C00000000,A935A701,0D10C733,F62D0000,12000000,4C000000,64130000,D27B0000,39830000,46830000,7FCFFFFF
08450C5C00000000,C735A701,2610C733,F62D0000,12000000,4C000000,66130000,ED7B0000,55830000,61830000,81CFFFFF
6E450C5C00000000,E535A701,4010C733,F62D0000,12000000,4C000000,67130000,097C0000,71830000,7D830000,82CFFFFF
D2450C5C00000000,0336A701,5910C733,F62D0000,12000000,4C000000,66130000,257C0000,8D830000,98830000,81CFFFFF
35460C5C00000000,2136A701,7210C733,F62D0000,12000000,4C000000,60130000,407C0000,A8830000,B3830000,7BCFFFFF
9A460C5C00000000,3E36A701,8C10C733,F62D0000,12000000,4C000000,59130000,5C7C0000,C4830000,CE830000,74CFFFFF
FD460C5C00000000,5C36A701,A510C733,F62D0000,12000000,4C000000,53130000,777C0000,E0830000,E9830000,6ECFFFFF
60470C5C00000000,7936A701,BE10C733,F62D0000,12000000,4C000000,4F130000,937C0000,FB830000,05840000,6ACFFFFF
C6470C5C00000000,9736A701,D710C733,F62D0000,12000000,4C000000,49130000,AE7C0000,17840000,20840000,64CFFFFF
29480C5C00000000,B436A701,F110C733,F62D0000,12000000,4C000000,43130000,C97C0000,32840000,3B840000,5ECFFFFF
8F480C5C00000000,D136A701,0A11C733,F62D0000,12000000,4C000000,3A130000,E47C0000,4E840000,56840000,55CFFFFF
F2480C5C00000000,EE36A701,2311C733,F62D0000,12000000,4C000000,31130000,FF7C0000,6A840000,71840000,4CCFFFFF
58490C5C00000000,0B37A701,3C11C733,F62D0000,12000000,4C000000,29130000,197D0000,85840000,8C840000,44CFFFFF
BC490C5C00000000,2837A701,5511C733,F62D0000,12000000,4C000000,1E130000,347D0000,A0840000,A7840000,39CFFFFF
1C4A0C5C00000000,4537A701,6E11C733,F62D0000,12000000,4C000000,10130000,4E7D0000,BC840000,C2840000,2BCFFFFF
854A0C5C00000000,6137A701,8711C733,F62D0000,12000000,4C000000,06130000,687D0000,D7840000,DD840000,21CFFFFF
E74A0C5C00000000,7D37A701,A011C733,F62D0000,12000000,4C000000,FA120000,827D0000,F2840000,F8840000,15CFFFFF
4D4B0C5C00000000,9937A701,B911C733,F62D0000,12000000,4C000000,EF120000,9D7D0000,0D850000,14850000,0ACFFFFF
B04B0C5C00000000,B537A701,D211C733,F62D0000,12000000,4C000000,E2120000,B67D0000,28850000,2F850000,FDCEFFFF
134C0C5C00000000,D137A701,EB11C733,F62D0000,12000000,4C000000,D5120000,D07D0000,43850000,4A850000,F0CEFFFF
794C0C5C00000000,ED37A701,0312C733,F62D0000,12000000,4C000000,CB120000,EA7D0000,5E850000,65850000,E6CEFFFF
DD4C0C5C00000000,0838A701,1C12C733,F62D0000,12000000,4C000000,C0120000,037E0000,79850000,80850000,DBCEFFFF
3F4D0C5C00000000,2438A701,3512C733,F62D0000,12000000,4C000000,B4120000,1C7E0000,94850000,9B850000,CFCEFFFF
A64D0C5C00000000,3F38A701,4D12C733,F62D0000,12000000,4C000000,A6120000,357E0000,AF850000,B6850000,C1CEFFFF
084E0C5C00000000,5A38A701,6612C733,F62D0000,12000000,4C000000,9B120000,4E7E0000,C9850000,D1850000,B6CEFFFF
6E4E0C5C00000000,7438A701,7F12C733,F62D0000,12000000,4C000000,90120000,677E0000,E4850000,EC850000,ABCEFFFF
D14E0C5C00000000,8F38A701,9712C733,F62D0000,12000000,4C000000,84120000,7F7E0000,FF850000,07860000,9FCEFFFF
314F0C5C00000000,A938A701,AF12C733,F62D0000,12000000,4C000000,79120000,977E0000,19860000,23860000,94CEFFFF
9A4F0C5C00000000,C438A701,C812C733,F62D0000,12000000,4C000000,6E120000,AF7E0000,34860000,3E860000,89CEFFFF
FD4F0C5C00000000,DD38A701,DF12C733,F62D0000,12000000,4C000000,65120000,C67E0000,4E860000,58860000,80CEFFFF
64500C5C00000000,F738A701,F812C733,F62D0000,12000000,4C000000,5B120000,DE7E0000,69860000,74860000,76CEFFFF
C6500C5C00000000,1039A701,0F13C733,F62D0000,12000000,4C000000,56120000,F47E0000,83860000,8F860000,71CEFFFF
29510C5C00000000,2A39A701,2713C733,F62D0000,12000000,4C000000,50120000,0B7F0000,9E860000,AA860000,6BCEFFFF
90510C5C00000000,4339A701,3E13C733,F62D0000,12000000,4C000000,47120000,217F0000,B8860000,C5860000,62CEFFFF
F2510C5C00000000,5B39A701,5613C733,F62D0000,12000000,4C000000,3F120000,367F0000,D2860000,E0860000,5ACEFFFF
55520C5C00000000,7439A701,6D13C733,F62D0000,12000000,4C000000,3A120000,4B7F0000,EC860000,FB860000,55CEFFFF
BB520C5C00000000,8C39A701,8413C733,F62D0000,12000000,4C000000,34120000,607F0000,07870000,15870000,4FCEFFFF
1F530C5C00000000,A539A701,9B13C733,F62D0000,12000000,4C000000,2F120000,757F0000,21870000,30870000,4ACEFFFF
84530C5C00000000,BC39A701,B113C733,F62D0000,12000000,4C000000,2B120000,887F0000,3B870000,4B870000,46CEFFFF
E7530C5C00000000,D439A701,C813C733,F62D0000,12000000,4C000000,26120000,9C7F0000,55870000,66870000,41CEFFFF
4B540C5C00000000,EC39A701,DF13C733,F62D0000,12000000,4C000000,24120000,B07F0000,6F870000,81870000,3FCEFFFF
B1540C5C00000000,033AA701,F513C733,F62D0000,12000000,4C000000,1E120000,C37F0000,8A870000,9C870000,39CEFFFF
13550C5C00000000,1A3AA701,0B14C733,F62D0000,12000000,4C000000,1B120000,D57F0000,A4870000,B6870000,36CEFFFF
79550C5C00000000,313AA701,2114C733,F62D0000,12000000,4C000000,18120000,E77F0000,BE870000,D1870000,33CEFFFF
DB550C5C00000000,483AA701,3714C733,F62D0000,12000000,4C000000,14120000,F97F0000,D8870000,EC870000,2FCEFFFF
40560C5C00000000,5F3AA701,4C14C733,F62D0000,12000000,4C000000,10120000,0A800000,F2870000,07880000,2BCEFFFF
A6560C5C00000000,753AA701,6214C733,F62D0000,12000000,4C000000,0D120000,1B800000,0C880000,22880000,28CEFFFF
08570C5C00000000,8B3AA701,7714C733,F62D0000,12000000,4C000000,0A120000,2B800000,26880000,3D880000,25CEFFFF
6B570C5C00000000,A23AA701,8D14C733,F62D0000,12000000,4C000000,05120000,3C800000,41880000,57880000,20CEFFFF
D1570C5C00000000,B83AA701,A214C733,F62D0000,12000000,4C000000,00120000,4C800000,5B880000,72880000,1BCEFFFF
35580C5C00000000,CE3AA701,B714C733,F62D0000,12000000,4C000000,FD110000,5D800000,75880000,8D880000,18CEFFFF
99580C5C00000000,E43AA701,CD14C733,F62D0000,12000000,4C000000,F9110000,6D800000,8F880000,A8880000,14CEFFFF
FD580C5C00000000,FA3AA701,E214C733,F62D0000,12000000,4C000000,F3110000,7D800000,A9880000,C2880000,0ECEFFFF
60590C5C00000000,103BA701,F714C733,F62D0000,12000000,4C000000,EF110000,8D800000,C3880000,DD880000,0ACEFFFF
C5590C5C00000000,263BA701,0C15C733,F62D0000,12000000,4C000000,ED110000,9D800000,DD880000,F8880000,08CEFFFF
295A0C5C00000000,3C3BA701,2115C733,F62D0000,12000000,4C000000,E9110000,AC800000,F7880000,13890000,04CEFFFF
8D5A0C5C00000000,513BA701,3715C733,F62D0000,12000000,4C000000,E4110000,BC800000,11890000,2E890000,FFCDFFFF
F25A0C5C00000000,673BA701,4C15C733,F62D0000,12000000,4C000000,E0110000,CB800000,2B890000,49890000,FBCDFFFF
555B0C5C00000000,7C3BA701,6115C733,F62D0000,12000000,4C000000,DD110000,DA800000,45890000,63890000,F8CDFFFF
BC5B0C5C00000000,923BA701,7615C733,F62D0000,12000000,4C000000,D9110000,E9800000,5F890000,7E890000,F4CDFFFF
1F5C0C5C00000000,A73BA701,8A15C733,F62D0000,12000000,4C000000,D5110000,F7800000,79890000,99890000,F0CDFFFF
815C0C5C00000000,BD3BA701,9F15C733,F62D0000,12000000,4C000000,D1110000,06810000,93890000,B4890000,ECCDFFFF
E75C0C5C00000000,D23BA701,B415C733,F62D0000,12000000,4C000000,D1110000,14810000,AD890000,CF890000,ECCDFFFF
4B5D0C5C00000000,E73BA701,C915C733,F62D0000,12000000,4C000000,D0110000,22810000,C7890000,EA890000,EBCDFFFF
B05D0C5C00000000,FC3BA701,DD15C733,F62D0000,12000000,4C000000,CE110000,2F810000,E1890000,048A0000,E9CDFFFF
145E0C5C00000000,103CA701,F115C733,F62D0000,12000000,4C000000,CE110000,3D810000,FB890000,1F8A0000,E9CDFFFF
775E0C5C00000000,253CA701,0616C733,F62D0000,12000000,4C000000,CF110000,4A810000,158A0000,3A8A0000,EACDFFFF
DC5E0C5C00000000,3A3CA701,1A16C733,F62D0000,12000000,4C000000,CD110000,57810000,2F8A0000,558A0000,E8CDFFFF
405F0C5C00000000,4E3CA701,2E16C733,F62D0000,12000000,4C000000,D0110000,63810000,488A0000,6F8A0000,EBCDFFFF
A35F0C5C00000000,633CA701,4216C733,F62D0000,12000000,4C000000,CD110000,70810000,638A0000,8A8A0000,E8CDFFFF
08600C5C00000000,773CA701,5616C733,F62D0000,12000000,4C000000,CE110000,7B810000,7D8A0000,A58A0000,E9CDFFFF
6C600C5C00000000,8C3CA701,6A16C733,F62D0000,12000000,4C000000,CF110000,87810000,978A0000,C08A0000,EACDFFFF
D2600C5C00000000,A03CA701,7E16C733,F62D0000,12000000,4C000000,D1110000,92810000,B18A0000,DA8A0000,ECCDFFFF
34610C5C00000000,B43CA701,9216C733,F62D0000,12000000,4C000000,CE110000,9D810000,CA8A0000,F58A0000,E9CDFFFF
98610C5C00000000,C93CA701,A616C733,F62D0000,12000000,4C000000,D0110000,A9810000,E58A0000,108B0000,EBCDFFFF
FE610C5C00000000,DD3CA701,B916C733,F62D0000,12000000,4C000000,D3110000,B3810000,FF8A0000,2B8B0000,EECDFFFF
61620C5C00000000,F13CA701,CD16C733,F62D0000,12000000,4C000000,D3110000,BD810000,198B0000,468B0000,EECDFFFF
C6620C5C00000000,053DA701,E116C733,F62D0000,12000000,4C000000,D3110000,C7810000,338B0000,608B0000,EECDFFFF
2A630C5C00000000,193DA701,F416C733,F62D0000,12000000,4C000000,D2110000,D1810000,4D8B0000,7B8B0000,EDCDFFFF
8C630C5C00000000,2D3DA701,0817C733,F62D0000,12000000,4C000000,D1110000,DA810000,688B0000,968B0000,ECCDFFFF
F3630C5C00000000,403DA701,1B17C733,F62D0000,12000000,4C000000,D2110000,E3810000,828B0000,B08B0000,EDCDFFFF
53640C5C00000000,543DA701,2E17C733,F62D0000,12000000,4C000000,D4110000,EB810000,9C8B0000,CB8B0000,EFCDFFFF
B8640C5C00000000,683DA701,4217C733,F62D0000,12000000,4C000000,D5110000,F4810000,B78B0000,E68B0000,F0CDFFFF
1F650C5C00000000,7B3DA701,5517C733,F62D0000,12000000,4C000000,D6110000,FB810000,D18B0000,018C0000,F1CDFFFF
82650C5C00000000,8F3DA701,6817C733,F62D0000,12000000,4C000000,D6110000,03820000,EB8B0000,1B8C0000,F1CDFFFF
E8650C5C00000000,A23DA701,7B17C733,F62D0000,12000000,4C000000,D8110000,0A820000,058C0000,368C0000,F3CDFFFF
4B660C5C00000000,B63DA701,8E17C733,F62D0000,12000000,4C000000,D9110000,11820000,208C0000,518C0000,F4CDFFFF
AE660C5C00000000,C93DA701,A117C733,F62D0000,12000000,4C000000,DA110000,17820000,3A8C0000,6B8C0000,F5CDFFFF
14670C5C00000000,DD3DA701,B417C733,F62D0000,12000000,4C000000,DA110000,1D820000,548C0000,868C0000,F5CDFFFF
76670C5C00000000,F03DA701,C717C733,F62D0000,12000000,4C000000,DA110000,23820000,6F8C0000,A08C0000,F5CDFFFF
DD670C5C00000000,043EA701,DA17C733,F62D0000,12000000,4C000000,DD110000,29820000,898C0000,BB8C0000,F8CDFFFF
3F680C5C00000000,173EA701,EC17C733,F62D0000,12000000,4C000000,E1110000,2E820000,A48C0000,D58C0000,FCCDFFFF
A3680C5C00000000,2A3EA701,FF17C733,F62D0000,12000000,4C000000,DE110000,32820000,BE8C0000,F08C0000,F9CDFFFF
08690C5C00000000,3D3EA701,1218C733,F62D0000,12000000,4C000000,DD110000,37820000,D98C0000,0B8D0000,F8CDFFFF
6B690C5C00000000,513EA701,2518C733,F62D0000,12000000,4C000000,DF110000,3B820000,F38C0000,258D0000,FACDFFFF
CE690C5C00000000,643EA701,3818C733,F62D0000,12000000,4C000000,DE110000,3F820000,0E8D0000,408D0000,F9CDFFFF
356A0C5C00000000,773EA701,4A18C733,F62D0000,12000000,4C000000,E4110000,43820000,298D0000,5A8D0000,FFCDFFFF
986A0C5C00000000,8B3EA701,5D18C733,F62D0000,12000000,4C000000,ED110000,46820000,448D0000,758D0000,08CEFFFF
FE6A0C5C00000000,9E3EA701,7018C733,F62D0000,12000000,4C000000,F0110000,49820000,5E8D0000,908D0000,0BCEFFFF
616B0C5C00000000,B13EA701,8218C733,F62D0000,12000000,4C000000,F5110000,4C820000,798D0000,AA8D0000,10CEFFFF
C36B0C5C00000000,C43EA701,9518C733,F62D0000,12000000,4C000000,F8110000,4F820000,938D0000,C48D0000,13CEFFFF
276C0C5C00000000,D83EA701,A818C733,F62D0000,12000000,4C000000,FA110000,51820000,AE8D0000,DF8D0000,15CEFFFF
8D6C0C5C00000000,EB3EA701,BA18C733,F62D0000,12000000,4C000000,FC110000,53820000,C98D0000,F98D0000,17CEFFFF
F36C0C5C00000000,FF3EA701,CD18C733,F62D0000,12000000,4C000000,00120000,55820000,E48D0000,148E0000,1BCEFFFF
566D0C5C00000000,123FA701,E018C733,F62D0000,12000000,4C000000,02120000,57820000,FF8D0000,2E8E0000,1DCEFFFF
B96D0C5C00000000,263FA701,F318C733,F62D0000,12000000,4C000000,02120000,58820000,1A8E0000,498E0000,1DCEFFFF
1F6E0C5C00000000,393FA701,0519C733,F62D0000,12000000,4C000000,04120000,59820000,358E0000,638E0000,1FCEFFFF
816E0C5C00000000,4C3FA701,1819C733,F62D0000,12000000,4C000000,03120000,5A820000,508E0000,7D8E0000,1ECEFFFF
E56E0C5C00000000,603FA701,2B19C733,F62D0000,12000000,4C000000,00120000,5B820000,6B8E0000,988E0000,1BCEFFFF
4B6F0C5C00000000,733FA701,3D19C733,F62D0000,12000000,4C000000,FD110000,5C820000,868E0000,B28E0000,18CEFFFF
AD6F0C5C00000000,873FA701,5019C733,F62D0000,12000000,4C000000,F8110000,5C820000,A18E0000,CC8E0000,13CEFFFF
11700C5C00000000,9A3FA701,6319C733,F62D0000,12000000,4C000000,F4110000,5C820000,BC8E0000,E78E0000,0FCEFFFF
77700C5C00000000,AD3FA701,7519C733,F62D0000,12000000,4C000000,EF110000,5C820000,D68E0000,018F0000,0ACEFFFF
DA700C5C00000000,C03FA701,8819C733,F62D0000,12000000,4C000000,E8110000,5C820000,F18E0000,1C8F0000,03CEFFFF
40710C5C00000000,D43FA701,9B19C733,F62D0000,12000000,4C000000,E4110000,5C820000,0C8F0000,368F0000,FFCDFFFF
A3710C5C00000000,E73FA701,AD19C733,F62D0000,12000000,4C000000,DE110000,5C820000,278F0000,508F0000,F9CDFFFF
06720C5C00000000,FA3FA701,C019C733,F62D0000,12000000,4C000000,D8110000,5D820000,428F0000,6B8F0000,F3CDFFFF
6C720C5C00000000,0D40A701,D319C733,F62D0000,12000000,4C000000,D1110000,5D820000,5C8F0000,868F0000,ECCDFFFF
CF720C5C00000000,2040A701,E619C733,F62D0000,12000000,4C000000,CB110000,5D820000,778F0000,A08F0000,E6CDFFFF
35730C5C00000000,3340A701,F819C733,F62D0000,12000000,4C000000,C7110000,5E820000,928F0000,BB8F0000,E2CDFFFF
98730C5C00000000,4640A701,0B1AC733,F62D0000,12000000,4C000000,C2110000,5F820000,AC8F0000,D58F0000,DDCDFFFF
FB730C5C00000000,5940A701,1E1AC733,F62D0000,12000000,4C000000,C0110000,60820000,C78F0000,F08F0000,DBCDFFFF
60740C5C00000000,6C40A701,301AC733,F62D0000,12000000,4C000000,BF110000,62820000,E28F0000,0B900000,DACDFFFF
C4740C5C00000000,7F40A701,431AC733,F62D0000,12000000,4C000000,BE110000,64820000,FD8F0000,25900000,D9CDFFFF
2A750C5C00000000,9240A701,561AC733,F62D0000,12000000,4C000000,C0110000,66820000,17900000,40900000,DBCDFFFF
89750C5C00000000,A640A701,691AC733,F62D0000,12000000,4C000000,C0110000,68820000,32900000,5B900000,DBCDFFFF
F0750C5C00000000,B940A701,7C1AC733,F62D0000,12000000,4C000000,C3110000,6B820000,4D900000,76900000,DECDFFFF
55760C5C00000000,CC40A701,8F1AC733,F62D0000,12000000,4C000000,C6110000,6E820000,67900000,90900000,E1CDFFFF
B9760C5C00000000,DF40A701,A11AC733,F62D0000,12000000,4C000000,CA110000,71820000,82900000,AB900000,E5CDFFFF
1B770C5C00000000,F240A701,B41AC733,F62D0000,12000000,4C000000,CE110000,73820000,9D900000,C6900000,E9CDFFFF
82770C5C00000000,0641A701,C71AC733,F62D0000,12000000,4C000000,D1110000,76820000,B8900000,E1900000,ECCDFFFF
E5770C5C00000000,1941A701,DA1AC733,F62D0000,12000000,4C000000,D3110000,79820000,D3900000,FC900000,EECDFFFF
46780C5C00000000,2D41A701,ED1AC733,F62D0000,12000000,4C000000,D7110000,7B820000,EE900000,17910000,F2CDFFFF
AE780C5C00000000,4041A701,001BC733,F62D0000,12000000,4C000000,DB110000,7D820000,09910000,31910000,F6CDFFFF
11790C5C00000000,5341A701,131BC733,F62D0000,12000000,4C000000,E0110000,7F820000,24910000,4C910000,FBCDFFFF
77790C5C00000000,6741A701,261BC733,F62D0000,12000000,4C000000,E7110000,80820000,3F910000,67910000,02CEFFFF
D7790C5C00000000,7A41A701,391BC733,F62D0000,12000000,4C000000,EB110000,81820000,5A910000,82910000,06CEFFFF
407A0C5C00000000,8E41A701,4C1BC733,F62D0000,12000000,4C000000,F0110000,81820000,75910000,9D910000,0BCEFFFF
A37A0C5C00000000,A141A701,5F1BC733,F62D0000,12000000,4C000000,F9110000,81820000,91910000,B7910000,14CEFFFF
067B0C5C00000000,B541A701,721BC733,F62D0000,12000000,4C000000,08120000,80820000,AC910000,D2910000,23CEFFFF
6C7B0C5C00000000,C941A701,851BC733,F62D0000,12000000,4C000000,15120000,7F820000,C8910000,ED910000,30CEFFFF
CF7B0C5C00000000,DD41A701,981BC733,F62D0000,12000000,4C000000,27120000,7D820000,E3910000,07920000,42CEFFFF
327C0C5C00000000,F141A701,AB1BC733,F62D0000,12000000,4C000000,3B120000,7B820000,FF910000,22920000,56CEFFFF
987C0C5C00000000,0642A701,BE1BC733,F62D0000,12000000,4C000000,50120000,78820000,1B920000,3D920000,6BCEFFFF
FB7C0C5C00000000,1B42A701,D11BC733,F62D0000,12000000,4C000000,66120000,75820000,37920000,57920000,81CEFFFF
607D0C5C00000000,2F42A701,E41BC733,F62D0000,12000000,4C000000,7A120000,71820000,53920000,71920000,95CEFFFF
C47D0C5C00000000,4442A701,F71BC733,F62D0000,12000000,4C000000,8A120000,6D820000,6F920000,8C920000,A5CEFFFF
277E0C5C00000000,5942A701,0B1CC733,F62D0000,12000000,4C000000,9D120000,69820000,8B920000,A6920000,B8CEFFFF
8D7E0C5C00000000,6E42A701,1E1CC733,F62D0000,12000000,4C000000,B2120000,64820000,A7920000,C1920000,CDCEFFFF
EF7E0C5C00000000,8442A701,311CC733,F62D0000,12000000,4C000000,CB120000,5E820000,C3920000,DB920000,E6CEFFFF
567F0C5C00000000,9942A701,441CC733,F62D0000,12000000,4C000000,E2120000,57820000,DF920000,F6920000,FDCEFFFF
B97F0C5C00000000,AF42A701,571CC733,F62D0000,12000000,4C000000,FB120000,51820000,FB920000,10930000,16CFFFFF
18800C5C00000000,C442A701,6A1CC733,F62D0000,12000000,4C000000,15130000,4A820000,17930000,2B930000,30CFFFFF
82800C5C00000000,DA42A701,7D1CC733,F62D0000,12000000,4C000000,31130000,42820000,33930000,45930000,4CCFFFFF
E5800C5C00000000,F042A701,901CC733,F62D0000,12000000,4C000000,51130000,3A820000,4F930000,5F930000,6CCFFFFF
48810C5C00000000,0743A701,A31CC733,F62D0000,12000000,4C000000,71130000,31820000,6B930000,79930000,8CCFFFFF
AE810C5C00000000,1D43A701,B61CC733,F62D0000,12000000,4C000000,94130000,28820000,87930000,93930000,AFCFFFFF
11820C5C00000000,3443A701,C91CC733,F62D0000,12000000,4C000000,BE130000,1E820000,A3930000,AE930000,D9CFFFFF
77820C5C00000000,4C43A701,DB1CC733,F62D0000,12000000,4C000000,EB130000,14820000,BF930000,C8930000,06D0FFFF
DB820C5C00000000,6343A701,EE1CC733,F62D0000,12000000,4C000000,1B140000,09820000,DB930000,E2930000,36D0FFFF
3D830C5C00000000,7B43A701,011DC733,F62D0000,12000000,4C000000,50140000,FD810000,F7930000,FD930000,6BD0FFFF
A3830C5C00000000,9343A701,131DC733,F62D0000,12000000,4C000000,7D140000,F1810000,13940000,17940000,98D0FFFF
06840C5C00000000,AC43A701,261DC733,F62D0000,12000000,4C000000,AB140000,E5810000,2F940000,31940000,C6D0FFFF
6A840C5C00000000,C443A701,381DC733,F62D0000,12000000,4C000000,D8140000,D7810000,4B940000,4B940000,F3D0FFFF
CF840C5C00000000,DE43A701,4B1DC733,F62D0000,12000000,4C000000,04150000,CA810000,67940000,65940000,1FD1FFFF
32850C5C00000000,F743A701,5D1DC733,F62D0000,12000000,4C000000,2E150000,BB810000,83940000,7F940000,49D1FFFF
99850C5C00000000,1144A701,6F1DC733,F62D0000,12000000,4C000000,4D150000,AD810000,9F940000,99940000,68D1FFFF
FB850C5C00000000,2A44A701,821DC733,F62D0000,12000000,4C000000,67150000,9E810000,BB940000,B3940000,82D1FFFF
5E860C5C00000000,4444A701,941DC733,F62D0000,12000000,4C000000,79150000,8F810000,D7940000,CD940000,94D1FFFF
C4860C5C00000000,5F44A701,A61DC733,F62D0000,12000000,4C000000,87150000,7F810000,F2940000,E7940000,A2D1FFFF
27870C5C00000000,7944A701,B91DC733,F62D0000,12000000,4C000000,9B150000,6E810000,0E950000,02950000,B6D1FFFF
8D870C5C00000000,9444A701,CB1DC733,F62D0000,12000000,4C000000,AD150000,5D810000,2A950000,1C950000,C8D1FFFF
F1870C5C00000000,B044A701,DE1DC733,F62D0000,12000000,4C000000,BC150000,4C810000,46950000,36950000,D7D1FFFF
50880C5C00000000,CB44A701,F11DC733,F62D0000,12000000,4C000000,B9150000,39810000,62950000,50950000,D4D1FFFF
B9880C5C00000000,E744A701,041EC733,F62D0000,12000000,4C000000,AD150000,27810000,7E950000,6A950000,C8D1FFFF
1C890C5C00000000,0245A701,161EC733,F62D0000,12000000,4C000000,A3150000,14810000,99950000,84950000,BED1FFFF
82890C5C00000000,1E45A701,2A1EC733,F62D0000,12000000,4C000000,95150000,01810000,B5950000,9E950000,B0D1FFFF
E1890C5C00000000,3A45A701,3D1EC733,F62D0000,12000000,4C000000,82150000,ED800000,D0950000,B8950000,9DD1FFFF
488A0C5C00000000,5645A701,511EC733,F62D0000,12000000,4C000000,64150000,D9800000,EC950000,D3950000,7FD1FFFF
AD8A0C5C00000000,7145A701,651EC733,F62D0000,12000000,4C000000,31150000,C4800000,07960000,EC950000,4CD1FFFF
0E8B0C5C00000000,8D45A701,791EC733,F62D0000,12000000,4C000000,E7140000,AE800000,21960000,07960000,02D1FFFF
738B0C5C00000000,A745A701,8D1EC733,F62D0000,12000000,4C000000,8F140000,99800000,3B960000,21960000,AAD0FFFF
D98B0C5C00000000,C145A701,A21EC733,F62D0000,12000000,4C000000,2E140000,83800000,54960000,3B960000,49D0FFFF
3C8C0C5C00000000,DB45A701,B71EC733,F62D0000,12000000,4C000000,B7130000,6C800000,6C960000,55960000,D2CFFFFF
A28C0C5C00000000,F345A701,CC1EC733,F62D0000,12000000,4C000000,36130000,55800000,82960000,6F960000,51CFFFFF
058D0C5C00000000,0A46A701,E11EC733,F62D0000,12000000,4C000000,B3120000,3E800000,97960000,8A960000,CECEFFFF
688D0C5C00000000,2146A701,F61EC733,F62D0000,12000000,4C000000,2E120000,26800000,AB960000,A4960000,49CEFFFF
CE8D0C5C00000000,3646A701,0C1FC733,F62D0000,12000000,4C000000,A8110000,0D800000,BD960000,BF960000,C3CDFFFF
328E0C5C00000000,4A46A701,211FC733,F62D0000,12000000,4C000000,23110000,F57F0000,CD960000,D9960000,3ECDFFFF
978E0C5C00000000,5E46A701,361FC733,F62D0000,12000000,4C000000,97100000,DC7F0000,DC960000,F3960000,B2CCFFFF
FA8E0C5C00000000,7146A701,4B1FC733,F62D0000,12000000,4C000000,19100000,C37F0000,E9960000,0E970000,34CCFFFF
5E8F0C5C00000000,8346A701,611FC733,F62D0000,12000000,4C000000,9F0F0000,AA7F0000,F5960000,28970000,BACBFFFF
C48F0C5C00000000,9446A701,761FC733,F62D0000,12000000,4C000000,350F0000,927F0000,01970000,42970000,50CBFFFF
26900C5C00000000,A546A701,8B1FC733,F62D0000,12000000,4C000000,E00E0000,797F0000,0C970000,5C970000,FBCAFFFF
89900C5C00000000,B546A701,A11FC733,F62D0000,12000000,4C000000,9F0E0000,607F0000,17970000,76970000,BACAFFFF
EF900C5C00000000,C546A701,B61FC733,F62D0000,12000000,4C000000,720E0000,477F0000,21970000,91970000,8DCAFFFF
53910C5C00000000,D646A701,CC1FC733,F62D0000,12000000,4C000000,570E0000,2E7F0000,2D970000,AB970000,72CAFFFF
B7910C5C00000000,E646A701,E21FC733,F62D0000,12000000,4C000000,490E0000,167F0000,3A970000,C4970000,64CAFFFF
1B920C5C00000000,F646A701,F81FC733,F62D0000,12000000,4C000000,460E0000,FE7E0000,46970000,DE970000,61CAFFFF
7F920C5C00000000,0647A701,0E20C733,F62D0000,12000000,4C000000,450E0000,E67E0000,53970000,F8970000,60CAFFFF
E4920C5C00000000,1747A701,2520C733,F62D0000,12000000,4C000000,450E0000,CE7E0000,61970000,13980000,60CAFFFF
47930C5C00000000,2747A701,3B20C733,F62D0000,12000000,4C000000,4D0E0000,B67E0000,70970000,2D980000,68CAFFFF
AA930C5C00000000,3947A701,5220C733,F62D0000,12000000,4C000000,5A0E0000,9E7E0000,80970000,48980000,75CAFFFF
11940C5C00000000,4A47A701,6820C733,F62D0000,12000000,4C000000,620E0000,877E0000,90970000,62980000,7DCAFFFF
73940C5C00000000,5A47A701,7F20C733,F62D0000,12000000,4C000000,6E0E0000,707E0000,A0970000,7D980000,89CAFFFF
D9940C5C00000000,6B47A701,9520C733,F62D0000,12000000,4C000000,7F0E0000,5A7E0000,B0970000,97980000,9ACAFFFF
3D950C5C00000000,7C47A701,AB20C733,F62D0000,12000000,4C000000,8F0E0000,447E0000,C1970000,B1980000,AACAFFFF
9F950C5C00000000,8E47A701,C220C733,F62D0000,12000000,4C000000,A60E0000,2D7E0000,D3970000,CC980000,C1CAFFFF
05960C5C00000000,9E47A701,D820C733,F62D0000,12000000,4C000000,BC0E0000,187E0000,E4970000,E6980000,D7CAFFFF
69960C5C00000000,B047A701,EE20C733,F62D0000,12000000,4C000000,D10E0000,027E0000,F7970000,01990000,ECCAFFFF
CE960C5C00000000,C147A701,0421C733,F62D0000,12000000,4C000000,E50E0000,ED7D0000,09980000,1B990000,00CBFFFF
32970C5C00000000,D247A701,1A21C733,F62D0000,12000000,4C000000,F80E0000,D87D0000,1B980000,35990000,13CBFFFF
95970C5C00000000,E447A701,3021C733,F62D0000,12000000,4C000000,0C0F0000,C37D0000,2E980000,50990000,27CBFFFF
FA970C5C00000000,F547A701,4521C733,F62D0000,12000000,4C000000,200F0000,AF7D0000,41980000,6A990000,3BCBFFFF
5D980C5C00000000,0748A701,5C21C733,F62D0000,12000000,4C000000,350F0000,9A7D0000,55980000,84990000,50CBFFFF
C0980C5C00000000,1A48A701,7221C733,F62D0000,12000000,4C000000,4E0F0000,857D0000,6A980000,9F990000,69CBFFFF
26990C5C00000000,2C48A701,8921C733,F62D0000,12000000,4C000000,660F0000,717D0000,7E980000,BA990000,81CBFFFF
89990C5C00000000,3F48A701,A021C733,F62D0000,12000000,4C000000,7C0F0000,5C7D0000,93980000,D4990000,97CBFFFF
F0990C5C00000000,5248A701,B621C733,F62D0000,12000000,4C000000,8E0F0000,487D0000,A8980000,EE990000,A9CBFFFF
539A0C5C00000000,6448A701,CC21C733,F62D0000,12000000,4C000000,A00F0000,347D0000,BE980000,099A0000,BBCBFFFF
B59A0C5C00000000,7948A701,E421C733,F62D0000,12000000,4C000000,B80F0000,1E7D0000,D4980000,239A0000,D3CBFFFF
1A9B0C5C00000000,8C48A701,FB21C733,F62D0000,12000000,4C000000,CF0F0000,0A7D0000,EA980000,3E9A0000,EACBFFFF
7F9B0C5C00000000,A048A701,1222C733,F62D0000,12000000,4C000000,E40F0000,F67C0000,01990000,599A0000,FFCBFFFF
E49B0C5C00000000,B448A701,2922C733,F62D0000,12000000,4C000000,F90F0000,E17C0000,17990000,739A0000,14CCFFFF
479C0C5C00000000,C848A701,4122C733,F62D0000,12000000,4C000000,10100000,CC7C0000,2F990000,8D9A0000,2BCCFFFF
AA9C0C5C00000000,DD48A701,5822C733,F62D0000,12000000,4C000000,23100000,B87C0000,46990000,A89A0000,3ECCFFFF
119D0C5C00000000,F248A701,6F22C733,F62D0000,12000000,4C000000,37100000,A37C0000,5D990000,C39A0000,52CCFFFF
739D0C5C00000000,0649A701,8722C733,F62D0000,12000000,4C000000,4E100000,8E7C0000,75990000,DD9A0000,69CCFFFF
D69D0C5C00000000,1C49A701,9F22C733,F62D0000,12000000,4C000000,61100000,7A7C0000,8D990000,F89A0000,7CCCFFFF
3D9E0C5C00000000,3149A701,B622C733,F62D0000,12000000,4C000000,75100000,657C0000,A5990000,129B0000,90CCFFFF
A09E0C5C00000000,4649A701,CE22C733,F62D0000,12000000,4C000000,8A100000,517C0000,BE990000,2D9B0000,A5CCFFFF
039F0C5C00000000,5D49A701,E622C733,F62D0000,12000000,4C000000,9C100000,3B7C0000,D7990000,489B0000,B7CCFFFF
699F0C5C00000000,7249A701,FD22C733,F62D0000,12000000,4C000000,AD100000,277C0000,EF990000,629B0000,C8CCFFFF
CC9F0C5C00000000,8949A701,1623C733,F62D0000,12000000,4C000000,C1100000,117C0000,099A0000,7D9B0000,DCCCFFFF
32A00C5C00000000,A049A701,2E23C733,F62D0000,12000000,4C000000,D2100000,FC7B0000,229A0000,979B0000,EDCCFFFF
95A00C5C00000000,B649A701,4623C733,F62D0000,12000000,4C000000,E2100000,E77B0000,3C9A0000,B29B0000,FDCCFFFF
FAA00C5C00000000,CD49A701,5E23C733,F62D0000,12000000,4C000000,F3100000,D27B0000,559A0000,CD9B0000,0ECDFFFF
5DA10C5C00000000,E349A701,7523C733,F62D0000,12000000,4C000000,04110000,BE7B0000,6E9A0000,E79B0000,1FCDFFFF
C1A10C5C00000000,FA49A701,8D23C733,F62D0000,12000000,4C000000,13110000,A97B0000,889A0000,029C0000,2ECDFFFF
27A20C5C00000000,114AA701,A523C733,F62D0000,12000000,4C000000,23110000,957B0000,A29A0000,1C9C0000,3ECDFFFF
89A20C5C00000000,284AA701,BD23C733,F62D0000,12000000,4C000000,30110000,807B0000,BB9A0000,379C0000,4BCDFFFF
ECA20C5C00000000,3F4AA701,D523C733,F62D0000,12000000,4C000000,3F110000,6B7B0000,D69A0000,529C0000,5ACDFFFF
50A30C5C00000000,574AA701,ED23C733,F62D0000,12000000,4C000000,4D110000,567B0000,F09A0000,6C9C0000,68CDFFFF
B6A30C5C00000000,6E4AA701,0524C733,F62D0000,12000000,4C000000,5C110000,407B0000,0A9B0000,879C0000,77CDFFFF
1BA40C5C00000000,864AA701,1D24C733,F62D0000,12000000,4C000000,68110000,2B7B0000,249B0000,A19C0000,83CDFFFF
7FA40C5C00000000,9E4AA701,3524C733,F62D0000,12000000,4C000000,73110000,157B0000,3E9B0000,BC9C0000,8ECDFFFF
E2A40C5C00000000,B74AA701,4E24C733,F62D0000,12000000,4C000000,7F110000,FF7A0000,599B0000,D79C0000,9ACDFFFF
48A50C5C00000000,CF4AA701,6724C733,F62D0000,12000000,4C000000,8B110000,E87A0000,739B0000,F19C0000,A6CDFFFF
A9A50C5C00000000,E84AA701,7F24C733,F62D0000,12000000,4C000000,98110000,D17A0000,8E9B0000,0C9D0000,B3CDFFFF
11A60C5C00000000,014BA701,9924C733,F62D0000,12000000,4C000000,A1110000,B97A0000,A89B0000,279D0000,BCCDFFFF
74A60C5C00000000,1B4BA701,B224C733,F62D0000,12000000,4C000000,A4110000,A17A0000,C39B0000,419D0000,BFCDFFFF
D7A60C5C00000000,354BA701,CC24C733,F62D0000,12000000,4C000000,AB110000,887A0000,DE9B0000,5C9D0000,C6CDFFFF
3CA70C5C00000000,4E4BA701,E524C733,F62D0000,12000000,4C000000,B2110000,707A0000,F89B0000,779D0000,CDCDFFFF
A0A70C5C00000000,684BA701,FF24C733,F62D0000,12000000,4C000000,B9110000,577A0000,139C0000,919D0000,D4CDFFFF
03A80C5C00000000,834BA701,1925C733,F62D0000,12000000,4C000000,C0110000,3D7A0000,2E9C0000,AC9D0000,DBCDFFFF
66A80C5C00000000,9D4BA701,3325C733,F62D0000,12000000,4C000000,C8110000,237A0000,489C0000,C69D0000,E3CDFFFF
CBA80C5C00000000,B84BA701,4D25C733,F62D0000,12000000,4C000000,D0110000,087A0000,639C0000,E19D0000,EBCDFFFF
32A90C5C00000000,D34BA701,6725C733,F62D0000,12000000,4C000000,D8110000,EE790000,7D9C0000,FB9D0000,F3CDFFFF
92A90C5C00000000,EE4BA701,8225C733,F62D0000,12000000,4C000000,E0110000,D3790000,989C0000,159E0000,FBCDFFFF
F7A90C5C00000000,094CA701,9C25C733,F62D0000,12000000,4C000000,E6110000,B8790000,B39C0000,309E0000,01CEFFFF
5EAA0C5C00000000,254CA701,B725C733,F62D0000,12000000,4C000000,EB110000,9D790000,CD9C0000,4A9E0000,06CEFFFF
C1AA0C5C00000000,404CA701,D125C733,F62D0000,12000000,4C000000,F3110000,81790000,E89C0000,649E0000,0ECEFFFF
25AB0C5C00000000,5C4CA701,EC25C733,F62D0000,12000000,4C000000,FD110000,65790000,039D0000,7F9E0000,18CEFFFF
8AAB0C5C00000000,784CA701,0726C733,F62D0000,12000000,4C000000,06120000,49790000,1E9D0000,999E0000,21CEFFFF
EDAB0C5C00000000,944CA701,2226C733,F62D0000,12000000,4C000000,12120000,2D790000,399D0000,B49E0000,2DCEFFFF
50AC0C5C00000000,B04CA701,3D26C733,F62D0000,12000000,4C000000,1E120000,11790000,549D0000,CE9E0000,39CEFFFF
B6AC0C5C00000000,CD4CA701,5826C733,F62D0000,12000000,4C000000,2B120000,F5780000,6E9D0000,E89E0000,46CEFFFF
18AD0C5C00000000,E94CA701,7326C733,F62D0000,12000000,4C000000,42120000,D9780000,8A9D0000,039F0000,5DCEFFFF
7FAD0C5C00000000,064DA701,8D26C733,F62D0000,12000000,4C000000,55120000,BD780000,A59D0000,1D9F0000,70CEFFFF
E2AD0C5C00000000,224DA701,A826C733,F62D0000,12000000,4C000000,64120000,A1780000,C19D0000,389F0000,7FCEFFFF
47AE0C5C00000000,3F4DA701,C326C733,F62D0000,12000000,4C000000,78120000,85780000,DC9D0000,529F0000,93CEFFFF
ABAE0C5C00000000,5C4DA701,DD26C733,F62D0000,12000000,4C000000,94120000,69780000,F89D0000,6C9F0000,AFCEFFFF
0EAF0C5C00000000,7A4DA701,F826C733,F62D0000,12000000,4C000000,BA120000,4D780000,149E0000,869F0000,D5CEFFFF
74AF0C5C00000000,974DA701,1227C733,F62D0000,12000000,4C000000,E3120000,31780000,309E0000,A09F0000,FECEFFFF
D7AF0C5C00000000,B54DA701,2C27C733,F62D0000,12000000,4C000000,0B130000,15780000,4C9E0000,BA9F0000,26CFFFFF
3AB00C5C00000000,D34DA701,4627C733,F62D0000,12000000,4C000000,35130000,F9770000,689E0000,D59F0000,50CFFFFF
A0B00C5C00000000,F14DA701,6027C733,F62D0000,12000000,4C000000,65130000,DD770000,849E0000,EE9F0000,80CFFFFF
03B10C5C00000000,104EA701,7927C733,F62D0000,12000000,4C000000,A1130000,C1770000,A09E0000,09A00000,BCCFFFFF
66B10C5C00000000,2E4EA701,9227C733,F62D0000,12000000,4C000000,E0130000,A5770000,BC9E0000,23A00000,FBCFFFFF
CCB10C5C00000000,4D4EA701,AB27C733,F62D0000,12000000,4C000000,1E140000,89770000,D89E0000,3DA00000,39D0FFFF
2FB20C5C00000000,6D4EA701,C327C733,F62D0000,12000000,4C000000,61140000,6D770000,F49E0000,57A00000,7CD0FFFF
95B20C5C00000000,8C4EA701,DB27C733,F62D0000,12000000,4C000000,9E140000,51770000,109F0000,71A00000,B9D0FFFF
F8B20C5C00000000,AC4EA701,F227C733,F62D0000,12000000,4C000000,E2140000,35770000,2C9F0000,8CA00000,FDD0FFFF
5EB30C5C00000000,CC4EA701,0A28C733,F62D0000,12000000,4C000000,22150000,19770000,489F0000,A6A00000,3DD1FFFF
C1B30C5C00000000,EC4EA701,2128C733,F62D0000,12000000,4C000000,62150000,FD760000,649F0000,C0A00000,7DD1FFFF
24B40C5C00000000,0D4FA701,3728C733,F62D0000,12000000,4C000000,A0150000,E1760000,809F0000,DAA00000,BBD1FFFF
89B40C5C00000000,2E4FA701,4D28C733,F62D0000,12000000,4C000000,D5150000,C5760000,9C9F0000,F4A00000,F0D1FFFF
EDB40C5C00000000,4F4FA701,6328C733,F62D0000,12000000,4C000000,FF150000,A9760000,B89F0000,0EA10000,1AD2FFFF
50B50C5C00000000,704FA701,7928C733,F62D0000,12000000,4C000000,17160000,8D760000,D49F0000,28A10000,32D2FFFF
B6B50C5C00000000,914FA701,8F28C733,F62D0000,12000000,4C000000,2D160000,71760000,F09F0000,42A10000,48D2FFFF
19B60C5C00000000,B24FA701,A428C733,F62D0000,12000000,4C000000,41160000,55760000,0CA00000,5DA10000,5CD2FFFF
7FB60C5C00000000,D34FA701,BA28C733,F62D0000,12000000,4C000000,4B160000,39760000,28A00000,77A10000,66D2FFFF
E2B60C5C00000000,F44FA701,CF28C733,F62D0000,12000000,4C000000,4C160000,1D760000,44A00000,91A10000,67D2FFFF
45B70C5C00000000,1550A701,E528C733,F62D0000,12000000,4C000000,44160000,01760000,5FA00000,ABA10000,5FD2FFFF
ABB70C5C00000000,3650A701,FA28C733,F62D0000,12000000,4C000000,38160000,E5750000,7BA00000,C5A10000,53D2FFFF
0DB80C5C00000000,5750A701,0F29C733,F62D0000,12000000,4C000000,2D160000,C9750000,96A00000,DFA10000,48D2FFFF
74B80C5C00000000,7750A701,2529C733,F62D0000,12000000,4C000000,24160000,AD750000,B1A00000,F9A10000,3FD2FFFF
D7B80C5C00000000,9850A701,3A29C733,F62D0000,12000000,4C000000,18160000,91750000,CCA00000,13A20000,33D2FFFF
39B90C5C00000000,B850A701,5029C733,F62D0000,12000000,4C000000,07160000,75750000,E6A00000,2DA20000,22D2FFFF
A0B90C5C00000000,D850A701,6529C733,F62D0000,12000000,4C000000,ED150000,59750000,01A10000,47A20000,08D2FFFF
03BA0C5C00000000,F750A701,7B29C733,F62D0000,12000000,4C000000,C9150000,3D750000,1BA10000,61A20000,E4D1FFFF
66BA0C5C00000000,1651A701,9029C733,F62D0000,12000000,4C000000,9A150000,21750000,34A10000,7BA20000,B5D1FFFF
CBBA0C5C00000000,3551A701,A629C733,F62D0000,12000000,4C000000,5C150000,05750000,4DA10000,95A20000,77D1FFFF
2FBB0C5C00000000,5351A701,BC29C733,F62D0000,12000000,4C000000,0E150000,E9740000,66A10000,B0A20000,29D1FFFF
95BB0C5C00000000,7051A701,D129C733,F62D0000,12000000,4C000000,AD140000,CD740000,7CA10000,CAA20000,C8D0FFFF
F9BB0C5C00000000,8B51A701,E729C733,F62D0000,12000000,4C000000,3E140000,B1740000,91A10000,E4A20000,59D0FFFF
5BBC0C5C00000000,A651A701,FD29C733,F62D0000,12000000,4C000000,C5130000,95740000,A6A10000,FFA20000,E0CFFFFF
C1BC0C5C00000000,BF51A701,122AC733,F62D0000,12000000,4C000000,4A130000,79740000,B7A10000,18A30000,65CFFFFF
24BD0C5C00000000,D751A701,282AC733,F62D0000,12000000,4C000000,C0120000,5D740000,C7A10000,33A30000,DBCEFFFF
8ABD0C5C00000000,EE51A701,3E2AC733,F62D0000,12000000,4C000000,2F120000,41740000,D6A10000,4DA30000,4ACEFFFF
EDBD0C5C00000000,0452A701,532AC733,F62D0000,12000000,4C000000,9B110000,25740000,E2A10000,68A30000,B6CDFFFF
50BE0C5C00000000,1852A701,692AC733,F62D0000,12000000,4C000000,06110000,09740000,ECA10000,82A30000,21CDFFFF
B6BE0C5C00000000,2C52A701,7F2AC733,F62D0000,12000000,4C000000,6C100000,ED730000,F5A10000,9DA30000,87CCFFFF
19BF0C5C00000000,3F52A701,952AC733,F62D0000,12000000,4C000000,DF0F0000,D1730000,FDA10000,B7A30000,FACBFFFF
7CBF0C5C00000000,5152A701,AB2AC733,F62D0000,12000000,4C000000,580F0000,B5730000,04A20000,D2A30000,73CBFFFF
E0BF0C5C00000000,6352A701,C22AC733,F62D0000,12000000,4C000000,E00E0000,99730000,0AA20000,ECA30000,FBCAFFFF
45C00C5C00000000,7452A701,D92AC733,F62D0000,12000000,4C000000,750E0000,7D730000,11A20000,06A40000,90CAFFFF
ABC00C5C00000000,8552A701,F02AC733,F62D0000,12000000,4C000000,1C0E0000,61730000,17A20000,21A40000,37CAFFFF
0FC10C5C00000000,9652A701,082BC733,F62D0000,12000000,4C000000,CF0D0000,45730000,1FA20000,3BA40000,EAC9FFFF
71C10C5C00000000,A652A701,202BC733,F62D0000,12000000,4C000000,940D0000,29730000,27A20000,55A40000,AFC9FFFF
D7C10C5C00000000,B752A701,382BC733,F62D0000,12000000,4C000000,6A0D0000,0E730000,31A20000,6FA40000,85C9FFFF
3AC20C5C00000000,C852A701,502BC733,F62D0000,12000000,4C000000,4B0D0000,F2720000,3BA20000,89A40000,66C9FFFF
9DC20C5C00000000,D852A701,692BC733,F62D0000,12000000,4C000000,390D0000,D6720000,46A20000,A4A40000,54C9FFFF
03C30C5C00000000,E952A701,822BC733,F62D0000,12000000,4C000000,330D0000,BA720000,51A20000,BDA40000,4EC9FFFF
66C30C5C00000000,FA52A701,9B2BC733,F62D0000,12000000,4C000000,320D0000,9E720000,5EA20000,D7A40000,4DC9FFFF
CCC30C5C00000000,0B53A701,B52BC733,F62D0000,12000000,4C000000,3F0D0000,83720000,6CA20000,F2A40000,5AC9FFFF
2FC40C5C00000000,1C53A701,CF2BC733,F62D0000,12000000,4C000000,560D0000,68720000,7BA20000,0BA50000,71C9FFFF
92C40C5C00000000,2E53A701,E92BC733,F62D0000,12000000,4C000000,730D0000,4D720000,8BA20000,25A50000,8EC9FFFF
F8C40C5C00000000,4053A701,032CC733,F62D0000,12000000,4C000000,960D0000,32720000,9CA20000,3FA50000,B1C9FFFF
5CC50C5C00000000,5353A701,1D2CC733,F62D0000,12000000,4C000000,C80D0000,17720000,AEA20000,59A50000,E3C9FFFF
C1C50C5C00000000,6653A701,372CC733,F62D0000,12000000,4C000000,010E0000,FD710000,C0A20000,73A50000,1CCAFFFF
25C60C5C00000000,7953A701,522CC733,F62D0000,12000000,4C000000,330E0000,E3710000,D5A20000,8CA50000,4ECAFFFF
87C60C5C00000000,8E53A701,6D2CC733,F62D0000,12000000,4C000000,690E0000,C9710000,ECA20000,A6A50000,84CAFFFF
EDC60C5C00000000,A353A701,892CC733,F62D0000,12000000,4C000000,A00E0000,AF710000,03A30000,C0A50000,BBCAFFFF
50C70C5C00000000,B853A701,A42CC733,F62D0000,12000000,4C000000,CC0E0000,96710000,1AA30000,D9A50000,E7CAFFFF
B7C70C5C00000000,CE53A701,BF2CC733,F62D0000,12000000,4C000000,F80E0000,7C710000,32A30000,F3A50000,13CBFFFF
19C80C5C00000000,E553A701,DB2CC733,F62D0000,12000000,4C000000,2C0F0000,63710000,4BA30000,0DA60000,47CBFFFF
7CC80C5C00000000,FC53A701,F72CC733,F62D0000,12000000,4C000000,640F0000,49710000,65A30000,28A60000,7FCBFFFF
E0C80C5C00000000,1254A701,132DC733,F62D0000,12000000,4C000000,980F0000,30710000,7EA30000,42A60000,B3CBFFFF
45C90C5C00000000,2A54A701,2F2DC733,F62D0000,12000000,4C000000,CD0F0000,17710000,98A30000,5CA60000,E8CBFFFF
A8C90C5C00000000,4254A701,4A2DC733,F62D0000,12000000,4C000000,00100000,FD700000,B3A30000,76A60000,1BCCFFFF
0ECA0C5C00000000,5A54A701,652DC733,F62D0000,12000000,4C000000,31100000,E4700000,CDA30000,90A60000,4CCCFFFF
71CA0C5C00000000,7354A701,812DC733,F62D0000,12000000,4C000000,61100000,CB700000,E7A30000,AAA60000,7CCCFFFF
D8CA0C5C00000000,8B54A701,9B2DC733,F62D0000,12000000,4C000000,8D100000,B2700000,02A40000,C4A60000,A8CCFFFF
3ACB0C5C00000000,A454A701,B62DC733,F62D0000,12000000,4C000000,B3100000,98700000,1CA40000,DEA60000,CECCFFFF
9DCB0C5C00000000,BD54A701,D12DC733,F62D0000,12000000,4C000000,DC100000,7F700000,37A40000,F9A60000,F7CCFFFF
03CC0C5C00000000,D654A701,EC2DC733,F62D0000,12000000,4C000000,02110000,66700000,51A40000,13A70000,1DCDFFFF
66CC0C5C00000000,F054A701,062EC733,F62D0000,12000000,4C000000,25110000,4D700000,6CA40000,2CA70000,40CDFFFF
CCCC0C5C00000000,0A55A701,212EC733,F62D0000,12000000,4C000000,44110000,33700000,87A40000,47A70000,5FCDFFFF
2FCD0C5C00000000,2455A701,3B2EC733,F62D0000,12000000,4C000000,61110000,1A700000,A2A40000,61A70000,7CCDFFFF
92CD0C5C00000000,3D55A701,552EC733,F62D0000,12000000,4C000000,78110000,00700000,BCA40000,7BA70000,93CDFFFF
F6CD0C5C00000000,5755A701,6F2EC733,F62D0000,12000000,4C000000,8B110000,E76F0000,D7A40000,95A70000,A6CDFFFF
5BCE0C5C00000000,7155A701,892EC733,F62D0000,12000000,4C000000,9C110000,CE6F0000,F1A40000,AFA70000,B7CDFFFF
BFCE0C5C00000000,8C55A701,A32EC733,F62D0000,12000000,4C000000,AB110000,B36F0000,0CA50000,C9A70000,C6CDFFFF
24CF0C5C00000000,A555A701,BD2EC733,F62D0000,12000000,4C000000,B6110000,9A6F0000,25A50000,E3A70000,D1CDFFFF
87CF0C5C00000000,C055A701,D62EC733,F62D0000,12000000,4C000000,BE110000,806F0000,40A50000,FDA70000,D9CDFFFF
EDCF0C5C00000000,D955A701,F02EC733,F62D0000,12000000,4C000000,C2110000,676F0000,59A50000,17A80000,DDCDFFFF
50D00C5C00000000,F355A701,092FC733,F62D0000,12000000,4C000000,C5110000,4D6F0000,72A50000,31A80000,E0CDFFFF
B0D00C5C00000000,0D56A701,222FC733,F62D0000,12000000,4C000000,C9110000,336F0000,8CA50000,4BA80000,E4CDFFFF
1AD10C5C00000000,2656A701,3B2FC733,F62D0000,12000000,4C000000,CC110000,196F0000,A4A50000,64A80000,E7CDFFFF
7CD10C5C00000000,4056A701,542FC733,F62D0000,12000000,4C000000,CF110000,FF6E0000,BDA50000,7EA80000,EACDFFFF
DFD10C5C00000000,5A56A701,6E2FC733,F62D0000,12000000,4C000000,D3110000,E56E0000,D6A50000,98A80000,EECDFFFF
43D20C5C00000000,7356A701,862FC733,F62D0000,12000000,4C000000,D7110000,CB6E0000,EEA50000,B2A80000,F2CDFFFF
A8D20C5C00000000,8C56A701,9F2FC733,F62D0000,12000000,4C000000,DB110000,B16E0000,06A60000,CCA80000,F6CDFFFF
0ED30C5C00000000,A656A701,B82FC733,F62D0000,12000000,4C000000,DE110000,976E0000,1EA60000,E6A80000,F9CDFFFF
71D30C5C00000000,BF56A701,D02FC733,F62D0000,12000000,4C000000,E0110000,7D6E0000,35A60000,00A90000,FBCDFFFF
D5D30C5C00000000,D956A701,E92FC733,F62D0000,12000000,4C000000,E4110000,626E0000,4DA60000,1AA90000,FFCDFFFF
3AD40C5C00000000,F256A701,0230C733,F62D0000,12000000,4C000000,E7110000,486E0000,64A60000,34A90000,02CEFFFF
9ED40C5C00000000,0A57A701,1A30C733,F62D0000,12000000,4C000000,EA110000,2E6E0000,7BA60000,4EA90000,05CEFFFF
03D50C5C00000000,2457A701,3230C733,F62D0000,12000000,4C000000,ED110000,136E0000,92A60000,68A90000,08CEFFFF
66D50C5C00000000,3D57A701,4A30C733,F62D0000,12000000,4C000000,F0110000,F96D0000,A8A60000,81A90000,0BCEFFFF
CAD50C5C00000000,5657A701,6330C733,F62D0000,12000000,4C000000,F2110000,DE6D0000,BFA60000,9CA90000,0DCEFFFF
30D60C5C00000000,6F57A701,7B30C733,F62D0000,12000000,4C000000,F6110000,C36D0000,D5A60000,B5A90000,11CEFFFF
92D60C5C00000000,8757A701,9330C733,F62D0000,12000000,4C000000,F8110000,A96D0000,EBA60000,CFA90000,13CEFFFF
F5D60C5C00000000,A057A701,AB30C733,F62D0000,12000000,4C000000,F7110000,8E6D0000,01A70000,E9A90000,12CEFFFF
5BD70C5C00000000,B957A701,C230C733,F62D0000,12000000,4C000000,F7110000,736D0000,16A70000,03AA0000,12CEFFFF
BFD70C5C00000000,D257A701,DA30C733,F62D0000,12000000,4C000000,FA110000,586D0000,2CA70000,1DAA0000,15CEFFFF
25D80C5C00000000,EA57A701,F230C733,F62D0000,12000000,4C000000,F5110000,3E6D0000,41A70000,36AA0000,10CEFFFF
87D80C5C00000000,0258A701,0931C733,F62D0000,12000000,4C000000,E9110000,236D0000,55A70000,50AA0000,04CEFFFF
EAD80C5C00000000,1A58A701,2131C733,F62D0000,12000000,4C000000,D5110000,086D0000,69A70000,6AAA0000,F0CDFFFF
51D90C5C00000000,3258A701,3931C733,F62D0000,12000000,4C000000,CA110000,ED6C0000,7DA70000,84AA0000,E5CDFFFF
B4D90C5C00000000,4A58A701,5031C733,F62D0000,12000000,4C000000,D1110000,D16C0000,90A70000,9EAA0000,ECCDFFFF
19DA0C5C00000000,6258A701,6731C733,F62D0000,12000000,4C000000,D3110000,B66C0000,A3A70000,B8AA0000,EECDFFFF
7CDA0C5C00000000,7958A701,7E31C733,F62D0000,12000000,4C000000,CD110000,9B6C0000,B6A70000,D2AA0000,E8CDFFFF
E0DA0C5C00000000,9158A701,9531C733,F62D0000,12000000,4C000000,C3110000,806C0000,C8A70000,ECAA0000,DECDFFFF
46DB0C5C00000000,A958A701,AD31C733,F62D0000,12000000,4C000000,BB110000,646C0000,DBA70000,06AB0000,D6CDFFFF
A8DB0C5C00000000,C058A701,C431C733,F62D0000,12000000,4C000000,B7110000,486C0000,EDA70000,20AB0000,D2CDFFFF
0BDC0C5C00000000,D858A701,DB31C733,F62D0000,12000000,4C000000,B3110000,2D6C0000,FFA70000,3AAB0000,CECDFFFF
72DC0C5C00000000,EF58A701,F231C733,F62D0000,12000000,4C000000,AF110000,116C0000,11A80000,54AB0000,CACDFFFF
D4DC0C5C00000000,0659A701,0A32C733,F62D0000,12000000,4C000000,A8110000,F56B0000,22A80000,6EAB0000,C3CDFFFF
3ADD0C5C00000000,1E59A701,2132C733,F62D0000,12000000,4C000000,A2110000,D96B0000,33A80000,88AB0000,BDCDFFFF
9DDD0C5C00000000,3559A701,3832C733,F62D0000,12000000,4C000000,9C110000,BD6B0000,44A80000,A2AB0000,B7CDFFFF
00DE0C5C00000000,4C59A701,4F32C733,F62D0000,12000000,4C000000,97110000,A16B0000,55A80000,BCAB0000,B2CDFFFF
66DE0C5C00000000,6359A701,6632C733,F62D0000,12000000,4C000000,93110000,856B0000,65A80000,D6AB0000,AECDFFFF
C9DE0C5C00000000,7A59A701,7D32C733,F62D0000,12000000,4C000000,8D110000,696B0000,76A80000,F0AB0000,A8CDFFFF
30DF0C5C00000000,9059A701,9332C733,F62D0000,12000000,4C000000,88110000,4D6B0000,86A80000,0AAC0000,A3CDFFFF
93DF0C5C00000000,A759A701,AA32C733,F62D0000,12000000,4C000000,81110000,316B0000,95A80000,24AC0000,9CCDFFFF
F6DF0C5C00000000,BD59A701,C132C733,F62D0000,12000000,4C000000,7C110000,156B0000,A4A80000,3EAC0000,97CDFFFF
5CE00C5C00000000,D459A701,D832C733,F62D0000,12000000,4C000000,78110000,F96A0000,B4A80000,58AC0000,93CDFFFF
BBE00C5C00000000,EA59A701,EE32C733,F62D0000,12000000,4C000000,77110000,DD6A0000,C3A80000,72AC0000,92CDFFFF
22E10C5C00000000,015AA701,0533C733,F62D0000,12000000,4C000000,75110000,C16A0000,D2A80000,8CAC0000,90CDFFFF
88E10C5C00000000,175AA701,1B33C733,F62D0000,12000000,4C000000,75110000,A56A0000,E1A80000,A6AC0000,90CDFFFF
EBE10C5C00000000,2D5AA701,3233C733,F62D0000,12000000,4C000000,77110000,896A0000,F0A80000,C1AC0000,92CDFFFF
51E20C5C00000000,445AA701,4833C733,F62D0000,12000000,4C000000,7A110000,6D6A0000,FFA80000,DBAC0000,95CDFFFF
B4E20C5C00000000,5A5AA701,5F33C733,F62D0000,12000000,4C000000,7C110000,516A0000,0DA90000,F4AC0000,97CDFFFF
17E30C5C00000000,705AA701,7533C733,F62D0000,12000000,4C000000,80110000,356A0000,1CA90000,0FAD0000,9BCDFFFF
7BE30C5C00000000,865AA701,8C33C733,F62D0000,12000000,4C000000,82110000,196A0000,2AA90000,29AD0000,9DCDFFFF
DFE30C5C00000000,9C5AA701,A233C733,F62D0000,12000000,4C000000,81110000,FD690000,38A90000,42AD0000,9CCDFFFF
46E40C5C00000000,B35AA701,B833C733,F62D0000,12000000,4C000000,83110000,E1690000,47A90000,5CAD0000,9ECDFFFF
A9E40C5C00000000,C95AA701,CE33C733,F62D0000,12000000,4C000000,86110000,C5690000,55A90000,76AD0000,A1CDFFFF
0BE50C5C00000000,DF5AA701,E533C733,F62D0000,12000000,4C000000,8B110000,A9690000,63A90000,91AD0000,A6CDFFFF
72E50C5C00000000,F55AA701,FB33C733,F62D0000,12000000,4C000000,8F110000,8D690000,71A90000,AAAD0000,AACDFFFF
D5E50C5C00000000,0B5BA701,1134C733,F62D0000,12000000,4C000000,92110000,71690000,80A90000,C4AD0000,ADCDFFFF
38E60C5C00000000,215BA701,2734C733,F62D0000,12000000,4C000000,96110000,55690000,8EA90000,DEAD0000,B1CDFFFF
9AE60C5C00000000,385BA701,3D34C733,F62D0000,12000000,4C000000,9B110000,39690000,9CA90000,F8AD0000,B6CDFFFF
01E70C5C00000000,4E5BA701,5334C733,F62D0000,12000000,4C000000,9F110000,1D690000,AAA90000,12AE0000,BACDFFFF
67E70C5C00000000,645BA701,6A34C733,F62D0000,12000000,4C000000,A5110000,01690000,B8A90000,2CAE0000,C0CDFFFF
C7E70C5C00000000,7A5BA701,8034C733,F62D0000,12000000,4C000000,A9110000,E5680000,C6A90000,46AE0000,C4CDFFFF
2CE80C5C00000000,915BA701,9634C733,F62D0000,12000000,4C000000,AD110000,C9680000,D4A90000,60AE0000,C8CDFFFF
93E80C5C00000000,A75BA701,AC34C733,F62D0000,12000000,4C000000,B3110000,AD680000,E2A90000,7AAE0000,CECDFFFF
F6E80C5C00000000,BD5BA701,C234C733,F62D0000,12000000,4C000000,BA110000,91680000,F0A90000,94AE0000,D5CDFFFF
5BE90C5C00000000,D45BA701,D834C733,F62D0000,12000000,4C000000,C7110000,75680000,FEA90000,AEAE0000,E2CDFFFF
BEE90C5C00000000,EA5BA701,EE34C733,F62D0000,12000000,4C000000,D4110000,59680000,0DAA0000,C7AE0000,EFCDFFFF
22EA0C5C00000000,015CA701,0435C733,F62D0000,12000000,4C000000,E0110000,3D680000,1BAA0000,E2AE0000,FBCDFFFF
84EA0C5C00000000,175CA701,1A35C733,F62D0000,12000000,4C000000,ED110000,21680000,29AA0000,FBAE0000,08CEFFFF
EBEA0C5C00000000,2E5CA701,3035C733,F62D0000,12000000,4C000000,FB110000,05680000,38AA0000,15AF0000,16CEFFFF
4EEB0C5C00000000,455CA701,4635C733,F62D0000,12000000,4C000000,0C120000,E9670000,48AA0000,2FAF0000,27CEFFFF
B4EB0C5C00000000,5C5CA701,5B35C733,F62D0000,12000000,4C000000,22120000,CD670000,56AA0000,49AF0000,3DCEFFFF
15EC0C5C00000000,735CA701,7135C733,F62D0000,12000000,4C000000,38120000,B1670000,66AA0000,63AF0000,53CEFFFF
7CEC0C5C00000000,8B5CA701,8735C733,F62D0000,12000000,4C000000,53120000,95670000,75AA0000,7DAF0000,6ECEFFFF
E0EC0C5C00000000,A25CA701,9D35C733,F62D0000,12000000,4C000000,71120000,79670000,85AA0000,96AF0000,8CCEFFFF
43ED0C5C00000000,BA5CA701,B335C733,F62D0000,12000000,4C000000,8E120000,5D670000,96AA0000,B0AF0000,A9CEFFFF
A9ED0C5C00000000,D25CA701,C935C733,F62D0000,12000000,4C000000,A9120000,41670000,A6AA0000,CAAF0000,C4CEFFFF
0BEE0C5C00000000,EB5CA701,DF35C733,F62D0000,12000000,4C000000,C4120000,25670000,B8AA0000,E3AF0000,DFCEFFFF
6FEE0C5C00000000,035DA701,F535C733,F62D0000,12000000,4C000000,E9120000,09670000,C9AA0000,FDAF0000,04CFFFFF
D5EE0C5C00000000,1C5DA701,0B36C733,F62D0000,12000000,4C000000,0F130000,ED660000,DBAA0000,16B00000,2ACFFFFF
37EF0C5C00000000,365DA701,2136C733,F62D0000,12000000,4C000000,33130000,D1660000,EDAA0000,30B00000,4ECFFFFF
9EEF0C5C00000000,4F5DA701,3636C733,F62D0000,12000000,4C000000,5A130000,B5660000,00AB0000,49B00000,75CFFFFF
01F00C5C00000000,695DA701,4C36C733,F62D0000,12000000,4C000000,82130000,99660000,13AB0000,62B00000,9DCFFFFF
64F00C5C00000000,845DA701,6236C733,F62D0000,12000000,4C000000,AE130000,7D660000,27AB0000,7CB00000,C9CFFFFF
C9F00C5C00000000,9E5DA701,7836C733,F62D0000,12000000,4C000000,D8130000,61660000,3AAB0000,94B00000,F3CFFFFF
2DF10C5C00000000,B85DA701,8D36C733,F62D0000,12000000,4C000000,00140000,45660000,4DAB0000,AEB00000,1BD0FFFF
93F10C5C00000000,D35DA701,A236C733,F62D0000,12000000,4C000000,27140000,29660000,60AB0000,C6B00000,42D0FFFF
F6F10C5C00000000,EE5DA701,B736C733,F62D0000,12000000,4C000000,50140000,0D660000,73AB0000,DEB00000,6BD0FFFF
59F20C5C00000000,085EA701,CC36C733,F62D0000,12000000,4C000000,78140000,F1650000,86AB0000,F7B00000,93D0FFFF
BFF20C5C00000000,235EA701,E036C733,F62D0000,12000000,4C000000,9E140000,D5650000,99AB0000,0FB10000,B9D0FFFF
21F30C5C00000000,3E5EA701,F436C733,F62D0000,12000000,4C000000,BC140000,BA650000,ACAB0000,27B10000,D7D0FFFF
85F30C5C00000000,595EA701,0837C733,F62D0000,12000000,4C000000,D1140000,9E650000,BEAB0000,3FB10000,ECD0FFFF
E9F30C5C00000000,745EA701,1C37C733,F62D0000,12000000,4C000000,E5140000,82650000,D1AB0000,57B10000,00D1FFFF
4EF40C5C00000000,8E5EA701,2F37C733,F62D0000,12000000,4C000000,F7140000,66650000,E3AB0000,6FB10000,12D1FFFF
B4F40C5C00000000,A95EA701,4337C733,F62D0000,12000000,4C000000,07150000,4A650000,F4AB0000,86B10000,22D1FFFF
16F50C5C00000000,C35EA701,5637C733,F62D0000,12000000,4C000000,14150000,2E650000,05AC0000,9DB10000,2FD1FFFF
7AF50C5C00000000,DE5EA701,6937C733,F62D0000,12000000,4C000000,21150000,12650000,16AC0000,B4B10000,3CD1FFFF
DFF50C5C00000000,F85EA701,7C37C733,F62D0000,12000000,4C000000,2B150000,F6640000,27AC0000,CBB10000,46D1FFFF
43F60C5C00000000,135FA701,8F37C733,F62D0000,12000000,4C000000,33150000,DA640000,38AC0000,E3B10000,4ED1FFFF
A9F60C5C00000000,2D5FA701,A237C733,F62D0000,12000000,4C000000,3C150000,BE640000,48AC0000,FAB10000,57D1FFFF
0CF70C5C00000000,475FA701,B537C733,F62D0000,12000000,4C000000,3F150000,A2640000,57AC0000,10B20000,5AD1FFFF
6FF70C5C00000000,615FA701,C837C733,F62D0000,12000000,4C000000,40150000,86640000,67AC0000,27B20000,5BD1FFFF
D5F70C5C00000000,7B5FA701,DA37C733,F62D0000,12000000,4C000000,43150000,6A640000,77AC0000,3EB20000,5ED1FFFF
38F80C5C00000000,955FA701,ED37C733,F62D0000,12000000,4C000000,42150000,4E640000,85AC0000,54B20000,5DD1FFFF
9BF80C5C00000000,AF5FA701,FF37C733,F62D0000,12000000,4C000000,3F150000,32640000,94AC0000,6AB20000,5AD1FFFF
01F90C5C00000000,C85FA701,1138C733,F62D0000,12000000,4C000000,3F150000,17640000,A2AC0000,80B20000,5AD1FFFF
64F90C5C00000000,E15FA701,2338C733,F62D0000,12000000,4C000000,40150000,FB630000,B1AC0000,96B20000,5BD1FFFF
CAF90C5C00000000,FB5FA701,3538C733,F62D0000,12000000,4C000000,3F150000,DF630000,BFAC0000,ACB20000,5AD1FFFF
2CFA0C5C00000000,1360A701,4738C733,F62D0000,12000000,4C000000,3D150000,C4630000,CCAC0000,C1B20000,58D1FFFF
90FA0C5C00000000,2C60A701,5938C733,F62D0000,12000000,4C000000,3C150000,A9630000,DAAC0000,D7B20000,57D1FFFF
F6FA0C5C00000000,4460A701,6A38C733,F62D0000,12000000,4C000000,3C150000,8E630000,E7AC0000,EDB20000,57D1FFFF
59FB0C5C00000000,5D60A701,7C38C733,F62D0000,12000000,4C000000,3C150000,73630000,F4AC0000,02B30000,57D1FFFF
BFFB0C5C00000000,7460A701,8D38C733,F62D0000,12000000,4C000000,3B150000,59630000,01AD0000,18B30000,56D1FFFF
22FC0C5C00000000,8B60A701,9D38C733,F62D0000,12000000,4C000000,3A150000,3F630000,0DAD0000,2CB30000,55D1FFFF
85FC0C5C00000000,A260A701,AD38C733,F62D0000,12000000,4C000000,3A150000,26630000,1AAD0000,41B30000,55D1FFFF
