ts,utm_x,utm_y,z,utm_zone_n,utm_zone_l,heading,inx_x,inx_y,inx_z,inx_yaw
1F4B405C00000000,C8AFA601,E491C633,7A2E0000,12000000,4C000000,00870000,B4530000,F011FFFF,EECBFEFF,84D7FFFF
814B405C00000000,BEAFA601,0A92C633,7A2E0000,12000000,4C000000,00870000,D0530000,D411FFFF,D2CBFEFF,84D7FFFF
E74B405C00000000,F070A601,A486C733,7A2E0000,12000000,4C000000,00870000,23000000,18000000,18000000,84D7FFFF
4B4C405C00000000,E770A601,CA86C733,7A2E0000,12000000,4C000000,FF860000,3F000000,FEFFFFFF,FDFFFFFF,83D7FFFF
B04C405C00000000,DD70A601,F086C733,7A2E0000,12000000,4C000000,FF860000,5B000000,E2FFFFFF,E2FFFFFF,83D7FFFF
144D405C00000000,D370A601,1687C733,7A2E0000,12000000,4C000000,FF860000,77000000,C7FFFFFF,C5FFFFFF,83D7FFFF
774D405C00000000,C970A601,3C87C733,7A2E0000,12000000,4C000000,FE860000,93000000,ABFFFFFF,A9FFFFFF,82D7FFFF
DC4D405C00000000,C070A601,6287C733,7A2E0000,12000000,4C000000,FE860000,AF000000,90FFFFFF,8EFFFFFF,82D7FFFF
404E405C00000000,B670A601,8887C733,7A2E0000,12000000,4C000000,FE860000,CB000000,74FFFFFF,72FFFFFF,82D7FFFF
A24E405C00000000,AC70A601,AE87C733,7A2E0000,12000000,4C000000,FE860000,E7000000,58FFFFFF,55FFFFFF,82D7FFFF
094F405C00000000,A270A601,D487C733,7A2E0000,12000000,4C000000,FD860000,03010000,3DFFFFFF,39FFFFFF,81D7FFFF
6C4F405C00000000,9870A601,FA87C733,7A2E0000,12000000,4C000000,FE860000,1F010000,21FFFFFF,1DFFFFFF,82D7FFFF
D24F405C00000000,8F70A601,2088C733,7A2E0000,12000000,4C000000,FE860000,3B010000,06FFFFFF,01FFFFFF,82D7FFFF
3550405C00000000,8570A601,4688C733,7A2E0000,12000000,4C000000,FD860000,56010000,EAFEFFFF,E5FEFFFF,81D7FFFF
9850405C00000000,7B70A601,6C88C733,7A2E0000,12000000,4C000000,FD860000,72010000,CFFEFFFF,C9FEFFFF,81D7FFFF
FE50405C00000000,7170A601,9288C733,7A2E0000,12000000,4C000000,FD860000,8E010000,B3FEFFFF,AEFEFFFF,81D7FFFF
6051405C00000000,6870A601,B888C733,7A2E0000,12000000,4C000000,FD860000,AA010000,97FEFFFF,92FEFFFF,81D7FFFF
C551405C00000000,5E70A601,DE88C733,7A2E0000,12000000,4C000000,FC860000,C6010000,7CFEFFFF,76FEFFFF,80D7FFFF
2A52405C00000000,5470A601,0489C733,7A2E0000,12000000,4C000000,FC860000,E2010000,60FEFFFF,5AFEFFFF,80D7FFFF
8D52405C00000000,4A70A601,2A89C733,7A2E0000,12000000,4C000000,FC860000,FE010000,45FEFFFF,3EFEFFFF,80D7FFFF
F352405C00000000,4070A601,5089C733,7A2E0000,12000000,4C000000,FC860000,1A020000,29FEFFFF,22FEFFFF,80D7FFFF
5553405C00000000,3770A601,7689C733,7A2E0000,12000000,4C000000,FB860000,36020000,0EFEFFFF,06FEFFFF,7FD7FFFF
B953405C00000000,2D70A601,9C89C733,7A2E0000,12000000,4C000000,FB860000,52020000,F2FDFFFF,EAFDFFFF,7FD7FFFF
1F54405C00000000,2370A601,C289C733,7A2E0000,12000000,4C000000,FC860000,6E020000,D6FDFFFF,CEFDFFFF,80D7FFFF
8254405C00000000,1970A601,E889C733,7A2E0000,12000000,4C000000,FB860000,8A020000,BBFDFFFF,B2FDFFFF,7FD7FFFF
E854405C00000000,0F70A601,0E8AC733,7A2E0000,12000000,4C000000,FB860000,A6020000,9FFDFFFF,96FDFFFF,7FD7FFFF
4B55405C00000000,0670A601,348AC733,7A2E0000,12000000,4C000000,FB860000,C2020000,84FDFFFF,7AFDFFFF,7FD7FFFF
AD55405C00000000,FC6FA601,5A8AC733,7A2E0000,12000000,4C000000,FB860000,DE020000,68FDFFFF,5EFDFFFF,7FD7FFFF
1456405C00000000,F26FA601,808AC733,7A2E0000,12000000,4C000000,FA860000,FA020000,4CFDFFFF,42FDFFFF,7ED7FFFF
7756405C00000000,E86FA601,A68AC733,7A2E0000,12000000,4C000000,FA860000,15030000,31FDFFFF,26FDFFFF,7ED7FFFF
DD56405C00000000,DE6FA601,CC8AC733,7A2E0000,12000000,4C000000,FA860000,31030000,15FDFFFF,0AFDFFFF,7ED7FFFF
3E57405C00000000,D56FA601,F38AC733,7A2E0000,12000000,4C000000,FA860000,4D030000,F9FCFFFF,EEFCFFFF,7ED7FFFF
A357405C00000000,CB6FA601,198BC733,7A2E0000,12000000,4C000000,F9860000,69030000,DEFCFFFF,D2FCFFFF,7DD7FFFF
0958405C00000000,C16FA601,3F8BC733,7A2E0000,12000000,4C000000,F9860000,85030000,C2FCFFFF,B6FCFFFF,7DD7FFFF
6B58405C00000000,B76FA601,658BC733,7A2E0000,12000000,4C000000,F9860000,A1030000,A7FCFFFF,9AFCFFFF,7DD7FFFF
D158405C00000000,AD6FA601,8B8BC733,7A2E0000,12000000,4C000000,F9860000,BD030000,8BFCFFFF,7EFCFFFF,7DD7FFFF
3559405C00000000,A46FA601,B18BC733,7A2E0000,12000000,4C000000,F8860000,D9030000,6FFCFFFF,62FCFFFF,7CD7FFFF
9859405C00000000,9A6FA601,D78BC733,7A2E0000,12000000,4C000000,F9860000,F5030000,54FCFFFF,46FCFFFF,7DD7FFFF
FB59405C00000000,906FA601,FD8BC733,7A2E0000,12000000,4C000000,F8860000,11040000,38FCFFFF,2AFCFFFF,7CD7FFFF
615A405C00000000,866FA601,238CC733,7A2E0000,12000000,4C000000,F8860000,2D040000,1DFCFFFF,0EFCFFFF,7CD7FFFF
C45A405C00000000,7C6FA601,498CC733,7A2E0000,12000000,4C000000,F8860000,49040000,01FCFFFF,F2FBFFFF,7CD7FFFF
2A5B405C00000000,726FA601,6F8CC733,7A2E0000,12000000,4C000000,F8860000,65040000,E6FBFFFF,D6FBFFFF,7CD7FFFF
8C5B405C00000000,696FA601,958CC733,7A2E0000,12000000,4C000000,F8860000,81040000,CAFBFFFF,BAFBFFFF,7CD7FFFF
F35B405C00000000,5F6FA601,BB8CC733,7A2E0000,12000000,4C000000,F7860000,9D040000,AFFBFFFF,9EFBFFFF,7BD7FFFF
565C405C00000000,556FA601,E18CC733,7A2E0000,12000000,4C000000,F8860000,B9040000,93FBFFFF,82FBFFFF,7CD7FFFF
B65C405C00000000,4B6FA601,078DC733,7A2E0000,12000000,4C000000,F8860000,D5040000,78FBFFFF,66FBFFFF,7CD7FFFF
1F5D405C00000000,416FA601,2D8DC733,7A2E0000,12000000,4C000000,F7860000,F1040000,5CFBFFFF,4AFBFFFF,7BD7FFFF
825D405C00000000,386FA601,538DC733,7A2E0000,12000000,4C000000,F7860000,0D050000,40FBFFFF,2EFBFFFF,7BD7FFFF
E75D405C00000000,2E6FA601,798DC733,7A2E0000,12000000,4C000000,F7860000,29050000,25FBFFFF,12FBFFFF,7BD7FFFF
4B5E405C00000000,246FA601,9F8DC733,7A2E0000,12000000,4C000000,F7860000,45050000,09FBFFFF,F6FAFFFF,7BD7FFFF
AE5E405C00000000,1A6FA601,C58DC733,7A2E0000,12000000,4C000000,F6860000,61050000,EEFAFFFF,DAFAFFFF,7AD7FFFF
145F405C00000000,106FA601,EB8DC733,7A2E0000,12000000,4C000000,F6860000,7D050000,D2FAFFFF,BEFAFFFF,7AD7FFFF
775F405C00000000,066FA601,118EC733,7A2E0000,12000000,4C000000,F6860000,98050000,B7FAFFFF,A2FAFFFF,7AD7FFFF
DA5F405C00000000,FD6EA601,378EC733,7A2E0000,12000000,4C000000,F6860000,B4050000,9BFAFFFF,86FAFFFF,7AD7FFFF
4060405C00000000,F36EA601,5D8EC733,7A2E0000,12000000,4C000000,F5860000,D0050000,7FFAFFFF,6AFAFFFF,79D7FFFF
A360405C00000000,E96EA601,838EC733,7A2E0000,12000000,4C000000,F5860000,EC050000,64FAFFFF,4EFAFFFF,79D7FFFF
0861405C00000000,DF6EA601,A98EC733,7A2E0000,12000000,4C000000,F5860000,08060000,48FAFFFF,32FAFFFF,79D7FFFF
6C61405C00000000,D56EA601,CF8EC733,7A2E0000,12000000,4C000000,F5860000,24060000,2DFAFFFF,16FAFFFF,79D7FFFF
CC61405C00000000,CB6EA601,F58EC733,7A2E0000,12000000,4C000000,F5860000,40060000,12FAFFFF,FAF9FFFF,79D7FFFF
3662405C00000000,C26EA601,1B8FC733,7A2E0000,12000000,4C000000,F5860000,5C060000,F6F9FFFF,DEF9FFFF,79D7FFFF
9862405C00000000,B86EA601,418FC733,7A2E0000,12000000,4C000000,F4860000,78060000,DAF9FFFF,C2F9FFFF,78D7FFFF
FE62405C00000000,AE6EA601,678FC733,7A2E0000,12000000,4C000000,F4860000,94060000,BFF9FFFF,A6F9FFFF,78D7FFFF
6163405C00000000,A46EA601,8D8FC733,7A2E0000,12000000,4C000000,F4860000,B0060000,A3F9FFFF,8AF9FFFF,78D7FFFF
C463405C00000000,9A6EA601,B38FC733,7A2E0000,12000000,4C000000,F4860000,CC060000,88F9FFFF,6EF9FFFF,78D7FFFF
2A64405C00000000,906EA601,D98FC733,7A2E0000,12000000,4C000000,F3860000,E8060000,6CF9FFFF,52F9FFFF,77D7FFFF
8D64405C00000000,876EA601,FF8FC733,7A2E0000,12000000,4C000000,F3860000,04070000,51F9FFFF,36F9FFFF,77D7FFFF
F064405C00000000,7D6EA601,2590C733,7A2E0000,12000000,4C000000,F3860000,20070000,35F9FFFF,1AF9FFFF,77D7FFFF
5665405C00000000,736EA601,4B90C733,7A2E0000,12000000,4C000000,F3860000,3C070000,1AF9FFFF,FEF8FFFF,77D7FFFF
B865405C00000000,696EA601,7190C733,7A2E0000,12000000,4C000000,F2860000,58070000,FEF8FFFF,E2F8FFFF,76D7FFFF
1F66405C00000000,5F6EA601,9790C733,7A2E0000,12000000,4C000000,F3860000,74070000,E3F8FFFF,C6F8FFFF,77D7FFFF
8266405C00000000,556EA601,BD90C733,7A2E0000,12000000,4C000000,F3860000,90070000,C7F8FFFF,AAF8FFFF,77D7FFFF
E366405C00000000,4B6EA601,E390C733,7A2E0000,12000000,4C000000,F2860000,AC070000,ACF8FFFF,8EF8FFFF,76D7FFFF
4B67405C00000000,426EA601,0991C733,7A2E0000,12000000,4C000000,F2860000,C8070000,90F8FFFF,72F8FFFF,76D7FFFF
AE67405C00000000,386EA601,2F91C733,7A2E0000,12000000,4C000000,F2860000,E4070000,74F8FFFF,56F8FFFF,76D7FFFF
1468405C00000000,2E6EA601,5591C733,7A2E0000,12000000,4C000000,F2860000,00080000,59F8FFFF,3AF8FFFF,76D7FFFF
7768405C00000000,246EA601,7B91C733,7A2E0000,12000000,4C000000,F1860000,1C080000,3DF8FFFF,1EF8FFFF,75D7FFFF
DA68405C00000000,1A6EA601,A191C733,7A2E0000,12000000,4C000000,F1860000,38080000,22F8FFFF,02F8FFFF,75D7FFFF
4069405C00000000,106EA601,C791C733,7A2E0000,12000000,4C000000,F1860000,54080000,07F8FFFF,E6F7FFFF,75D7FFFF
A069405C00000000,066EA601,ED91C733,7A2E0000,12000000,4C000000,F1860000,70080000,EBF7FFFF,CAF7FFFF,75D7FFFF
066A405C00000000,FD6DA601,1392C733,7A2E0000,12000000,4C000000,F0860000,8C080000,D0F7FFFF,AEF7FFFF,74D7FFFF
6C6A405C00000000,F36DA601,3992C733,7A2E0000,12000000,4C000000,F1860000,A8080000,B4F7FFFF,92F7FFFF,75D7FFFF
CF6A405C00000000,E96DA601,5F92C733,7A2E0000,12000000,4C000000,F1860000,C4080000,99F7FFFF,76F7FFFF,75D7FFFF
356B405C00000000,DF6DA601,8592C733,7A2E0000,12000000,4C000000,F0860000,E0080000,7DF7FFFF,5AF7FFFF,74D7FFFF
986B405C00000000,D56DA601,AB92C733,7A2E0000,12000000,4C000000,F0860000,FC080000,62F7FFFF,3EF7FFFF,74D7FFFF
FB6B405C00000000,CB6DA601,D192C733,7A2E0000,12000000,4C000000,F0860000,18090000,46F7FFFF,22F7FFFF,74D7FFFF
616C405C00000000,C16DA601,F792C733,7A2E0000,12000000,4C000000,F0860000,34090000,2AF7FFFF,06F7FFFF,74D7FFFF
C46C405C00000000,B86DA601,1D93C733,7A2E0000,12000000,4C000000,EF860000,50090000,0FF7FFFF,EAF6FFFF,73D7FFFF
2A6D405C00000000,AE6DA601,4293C733,7A2E0000,12000000,4C000000,EF860000,6C090000,F4F6FFFF,CEF6FFFF,73D7FFFF
8D6D405C00000000,A46DA601,6893C733,7A2E0000,12000000,4C000000,EF860000,88090000,D8F6FFFF,B2F6FFFF,73D7FFFF
F06D405C00000000,9A6DA601,8E93C733,7A2E0000,12000000,4C000000,EF860000,A4090000,BDF6FFFF,96F6FFFF,73D7FFFF
566E405C00000000,906DA601,B493C733,7A2E0000,12000000,4C000000,EE860000,C0090000,A1F6FFFF,7AF6FFFF,72D7FFFF
B66E405C00000000,866DA601,DA93C733,7A2E0000,12000000,4C000000,EE860000,DC090000,86F6FFFF,5EF6FFFF,72D7FFFF
1C6F405C00000000,7C6DA601,0094C733,7A2E0000,12000000,4C000000,EE860000,F8090000,6AF6FFFF,42F6FFFF,72D7FFFF
826F405C00000000,726DA601,2694C733,7A2E0000,12000000,4C000000,EE860000,140A0000,4FF6FFFF,26F6FFFF,72D7FFFF
E56F405C00000000,696DA601,4C94C733,7A2E0000,12000000,4C000000,ED860000,300A0000,33F6FFFF,0AF6FFFF,71D7FFFF
4B70405C00000000,5F6DA601,7294C733,7A2E0000,12000000,4C000000,EE860000,4C0A0000,18F6FFFF,EEF5FFFF,72D7FFFF
AE70405C00000000,556DA601,9894C733,7A2E0000,12000000,4C000000,ED860000,680A0000,FCF5FFFF,D2F5FFFF,71D7FFFF
1171405C00000000,4B6DA601,BE94C733,7A2E0000,12000000,4C000000,ED860000,840A0000,E1F5FFFF,B6F5FFFF,71D7FFFF
7771405C00000000,416DA601,E494C733,7A2E0000,12000000,4C000000,ED860000,A00A0000,C5F5FFFF,9AF5FFFF,71D7FFFF
DA71405C00000000,376DA601,0A95C733,7A2E0000,12000000,4C000000,ED860000,BC0A0000,AAF5FFFF,7EF5FFFF,71D7FFFF
4072405C00000000,2D6DA601,3095C733,7A2E0000,12000000,4C000000,EC860000,D80A0000,8EF5FFFF,62F5FFFF,70D7FFFF
A472405C00000000,236DA601,5695C733,7A2E0000,12000000,4C000000,EC860000,F40A0000,73F5FFFF,46F5FFFF,70D7FFFF
0673405C00000000,196DA601,7C95C733,7A2E0000,12000000,4C000000,EC860000,100B0000,57F5FFFF,2AF5FFFF,70D7FFFF
6C73405C00000000,106DA601,A295C733,7A2E0000,12000000,4C000000,EC860000,2C0B0000,3CF5FFFF,0EF5FFFF,70D7FFFF
CD73405C00000000,066DA601,C895C733,7A2E0000,12000000,4C000000,EB860000,480B0000,20F5FFFF,F2F4FFFF,6FD7FFFF
3274405C00000000,FC6CA601,EE95C733,7A2E0000,12000000,4C000000,EB860000,640B0000,05F5FFFF,D6F4FFFF,6FD7FFFF
9874405C00000000,F26CA601,1496C733,7A2E0000,12000000,4C000000,EB860000,800B0000,E9F4FFFF,BAF4FFFF,6FD7FFFF
FB74405C00000000,E86CA601,3A96C733,7A2E0000,12000000,4C000000,EB860000,9C0B0000,CEF4FFFF,9EF4FFFF,6FD7FFFF
6175405C00000000,DE6CA601,6096C733,7A2E0000,12000000,4C000000,EA860000,B80B0000,B3F4FFFF,82F4FFFF,6ED7FFFF
C475405C00000000,D46CA601,8696C733,7A2E0000,12000000,4C000000,EB860000,D40B0000,97F4FFFF,66F4FFFF,6FD7FFFF
2776405C00000000,CA6CA601,AB96C733,7A2E0000,12000000,4C000000,EB860000,F00B0000,7CF4FFFF,4AF4FFFF,6FD7FFFF
8C76405C00000000,C06CA601,D196C733,7A2E0000,12000000,4C000000,EA860000,0C0C0000,60F4FFFF,2EF4FFFF,6ED7FFFF
F076405C00000000,B76CA601,F796C733,7A2E0000,12000000,4C000000,EA860000,280C0000,45F4FFFF,12F4FFFF,6ED7FFFF
5677405C00000000,AD6CA601,1D97C733,7A2E0000,12000000,4C000000,EA860000,440C0000,29F4FFFF,F6F3FFFF,6ED7FFFF
B877405C00000000,A36CA601,4397C733,7A2E0000,12000000,4C000000,EA860000,600C0000,0EF4FFFF,DAF3FFFF,6ED7FFFF
1C78405C00000000,996CA601,6997C733,7A2E0000,12000000,4C000000,E9860000,7C0C0000,F2F3FFFF,BEF3FFFF,6DD7FFFF
8278405C00000000,8F6CA601,8F97C733,7A2E0000,12000000,4C000000,E9860000,980C0000,D7F3FFFF,A2F3FFFF,6DD7FFFF
E578405C00000000,856CA601,B597C733,7A2E0000,12000000,4C000000,EA860000,B40C0000,BBF3FFFF,86F3FFFF,6ED7FFFF
4879405C00000000,7B6CA601,DB97C733,7A2E0000,12000000,4C000000,E9860000,D00C0000,A0F3FFFF,6AF3FFFF,6DD7FFFF
AE79405C00000000,716CA601,0198C733,7A2E0000,12000000,4C000000,E9860000,EC0C0000,84F3FFFF,4EF3FFFF,6DD7FFFF
117A405C00000000,676CA601,2798C733,7A2E0000,12000000,4C000000,E9860000,080D0000,69F3FFFF,32F3FFFF,6DD7FFFF
757A405C00000000,5D6CA601,4D98C733,7A2E0000,12000000,4C000000,E9860000,240D0000,4DF3FFFF,16F3FFFF,6DD7FFFF
DA7A405C00000000,536CA601,7398C733,7A2E0000,12000000,4C000000,E9860000,400D0000,32F3FFFF,FAF2FFFF,6DD7FFFF
3D7B405C00000000,4A6CA601,9998C733,7A2E0000,12000000,4C000000,E8860000,5C0D0000,16F3FFFF,DEF2FFFF,6CD7FFFF
A47B405C00000000,406CA601,BF98C733,7A2E0000,12000000,4C000000,E8860000,780D0000,FBF2FFFF,C2F2FFFF,6CD7FFFF
077C405C00000000,366CA601,E598C733,7A2E0000,12000000,4C000000,E8860000,940D0000,DFF2FFFF,A6F2FFFF,6CD7FFFF
6D7C405C00000000,2C6CA601,0B99C733,7A2E0000,12000000,4C000000,E8860000,B00D0000,C4F2FFFF,8AF2FFFF,6CD7FFFF
CE7C405C00000000,226CA601,3199C733,7A2E0000,12000000,4C000000,E7860000,CC0D0000,A8F2FFFF,6EF2FFFF,6BD7FFFF
327D405C00000000,186CA601,5799C733,7A2E0000,12000000,4C000000,E8860000,E80D0000,8DF2FFFF,52F2FFFF,6CD7FFFF
997D405C00000000,0E6CA601,7D99C733,7A2E0000,12000000,4C000000,E7860000,040E0000,72F2FFFF,36F2FFFF,6BD7FFFF
FC7D405C00000000,046CA601,A399C733,7A2E0000,12000000,4C000000,E7860000,200E0000,56F2FFFF,1AF2FFFF,6BD7FFFF
5E7E405C00000000,FA6BA601,C999C733,7A2E0000,12000000,4C000000,E6860000,3C0E0000,3BF2FFFF,FEF1FFFF,6AD7FFFF
C47E405C00000000,F06BA601,EF99C733,7A2E0000,12000000,4C000000,E7860000,580E0000,1FF2FFFF,E2F1FFFF,6BD7FFFF
277F405C00000000,E66BA601,159AC733,7A2E0000,12000000,4C000000,E6860000,740E0000,04F2FFFF,C6F1FFFF,6AD7FFFF
8A7F405C00000000,DC6BA601,3A9AC733,7A2E0000,12000000,4C000000,E6860000,900E0000,E8F1FFFF,AAF1FFFF,6AD7FFFF
F07F405C00000000,D36BA601,609AC733,7A2E0000,12000000,4C000000,E6860000,AC0E0000,CDF1FFFF,8EF1FFFF,6AD7FFFF
5480405C00000000,C96BA601,869AC733,7A2E0000,12000000,4C000000,E6860000,C80E0000,B1F1FFFF,72F1FFFF,6AD7FFFF
B980405C00000000,BF6BA601,AC9AC733,7A2E0000,12000000,4C000000,E6860000,E40E0000,96F1FFFF,56F1FFFF,6AD7FFFF
1D81405C00000000,B56BA601,D29AC733,7A2E0000,12000000,4C000000,E5860000,000F0000,7AF1FFFF,3AF1FFFF,69D7FFFF
8281405C00000000,AB6BA601,F89AC733,7A2E0000,12000000,4C000000,E5860000,1C0F0000,5FF1FFFF,1FF1FFFF,69D7FFFF
E581405C00000000,A16BA601,1E9BC733,7A2E0000,12000000,4C000000,E5860000,380F0000,43F1FFFF,03F1FFFF,69D7FFFF
4982405C00000000,976BA601,449BC733,7A2E0000,12000000,4C000000,E5860000,540F0000,28F1FFFF,E6F0FFFF,69D7FFFF
AE82405C00000000,8D6BA601,6A9BC733,7A2E0000,12000000,4C000000,E4860000,700F0000,0CF1FFFF,CBF0FFFF,68D7FFFF
1183405C00000000,836BA601,909BC733,7A2E0000,12000000,4C000000,E4860000,8C0F0000,F1F0FFFF,AFF0FFFF,68D7FFFF
7783405C00000000,796BA601,B69BC733,7A2E0000,12000000,4C000000,E5860000,A80F0000,D5F0FFFF,92F0FFFF,69D7FFFF
D883405C00000000,6F6BA601,DC9BC733,7A2E0000,12000000,4C000000,E4860000,C40F0000,BAF0FFFF,77F0FFFF,68D7FFFF
3D84405C00000000,656BA601,029CC733,7A2E0000,12000000,4C000000,E4860000,E00F0000,9EF0FFFF,5BF0FFFF,68D7FFFF
A484405C00000000,5B6BA601,289CC733,7A2E0000,12000000,4C000000,E4860000,FC0F0000,83F0FFFF,3EF0FFFF,68D7FFFF
0685405C00000000,516BA601,4E9CC733,7A2E0000,12000000,4C000000,E4860000,18100000,67F0FFFF,23F0FFFF,68D7FFFF
6985405C00000000,476BA601,749CC733,7A2E0000,12000000,4C000000,E3860000,34100000,4CF0FFFF,07F0FFFF,67D7FFFF
D085405C00000000,3D6BA601,9A9CC733,7A2E0000,12000000,4C000000,E3860000,50100000,30F0FFFF,EAEFFFFF,67D7FFFF
3286405C00000000,336BA601,C09CC733,7A2E0000,12000000,4C000000,E3860000,6C100000,15F0FFFF,CEEFFFFF,67D7FFFF
9586405C00000000,296BA601,E69CC733,7A2E0000,12000000,4C000000,E3860000,88100000,F9EFFFFF,B3EFFFFF,67D7FFFF
FB86405C00000000,206BA601,0C9DC733,7A2E0000,12000000,4C000000,E3860000,A4100000,DEEFFFFF,96EFFFFF,67D7FFFF
5F87405C00000000,166BA601,329DC733,7A2E0000,12000000,4C000000,E2860000,C0100000,C2EFFFFF,7AEFFFFF,66D7FFFF
C487405C00000000,0C6BA601,589DC733,7A2E0000,12000000,4C000000,E3860000,DC100000,A7EFFFFF,5FEFFFFF,67D7FFFF
2788405C00000000,026BA601,7E9DC733,7A2E0000,12000000,4C000000,E3860000,F8100000,8BEFFFFF,42EFFFFF,67D7FFFF
8D88405C00000000,F86AA601,A49DC733,7A2E0000,12000000,4C000000,E2860000,14110000,70EFFFFF,27EFFFFF,66D7FFFF
F188405C00000000,EE6AA601,CA9DC733,7A2E0000,12000000,4C000000,E2860000,30110000,54EFFFFF,0BEFFFFF,66D7FFFF
5389405C00000000,E46AA601,F09DC733,7A2E0000,12000000,4C000000,E2860000,4C110000,38EFFFFF,EFEEFFFF,66D7FFFF
B989405C00000000,DA6AA601,159EC733,7A2E0000,12000000,4C000000,E2860000,68110000,1DEFFFFF,D3EEFFFF,66D7FFFF
1D8A405C00000000,D06AA601,3B9EC733,7A2E0000,12000000,4C000000,E1860000,84110000,02EFFFFF,B7EEFFFF,65D7FFFF
7F8A405C00000000,C66AA601,619EC733,7A2E0000,12000000,4C000000,E1860000,A0110000,E6EEFFFF,9BEEFFFF,65D7FFFF
E28A405C00000000,BC6AA601,879EC733,7A2E0000,12000000,4C000000,E1860000,BC110000,CBEEFFFF,7FEEFFFF,65D7FFFF
498B405C00000000,B26AA601,AD9EC733,7A2E0000,12000000,4C000000,E1860000,D8110000,AFEEFFFF,63EEFFFF,65D7FFFF
AE8B405C00000000,A86AA601,D39EC733,7A2E0000,12000000,4C000000,E1860000,F4110000,93EEFFFF,47EEFFFF,65D7FFFF
118C405C00000000,9E6AA601,F99EC733,7A2E0000,12000000,4C000000,E0860000,10120000,78EEFFFF,2BEEFFFF,64D7FFFF
748C405C00000000,946AA601,1F9FC733,7A2E0000,12000000,4C000000,E1860000,2B120000,5CEEFFFF,0FEEFFFF,65D7FFFF
DB8C405C00000000,8A6AA601,459FC733,7A2E0000,12000000,4C000000,E1860000,47120000,41EEFFFF,F3EDFFFF,65D7FFFF
3B8D405C00000000,806AA601,6B9FC733,7A2E0000,12000000,4C000000,E0860000,64120000,25EEFFFF,D7EDFFFF,64D7FFFF
A38D405C00000000,766AA601,919FC733,7A2E0000,12000000,4C000000,DF860000,7F120000,0AEEFFFF,BBEDFFFF,63D7FFFF
068E405C00000000,6C6AA601,B79FC733,7A2E0000,12000000,4C000000,E0860000,9B120000,EEEDFFFF,9FEDFFFF,64D7FFFF
698E405C00000000,626AA601,DD9FC733,7A2E0000,12000000,4C000000,E0860000,B8120000,D3EDFFFF,83EDFFFF,64D7FFFF
CF8E405C00000000,586AA601,03A0C733,7A2E0000,12000000,4C000000,DF860000,D3120000,B8EDFFFF,67EDFFFF,63D7FFFF
338F405C00000000,4E6AA601,29A0C733,7A2E0000,12000000,4C000000,DF860000,EF120000,9CEDFFFF,4BEDFFFF,63D7FFFF
958F405C00000000,446AA601,4FA0C733,7A2E0000,12000000,4C000000,DF860000,0C130000,80EDFFFF,2FEDFFFF,63D7FFFF
F78F405C00000000,3A6AA601,75A0C733,7A2E0000,12000000,4C000000,DF860000,27130000,65EDFFFF,13EDFFFF,63D7FFFF
5E90405C00000000,306AA601,9BA0C733,7A2E0000,12000000,4C000000,DE860000,43130000,49EDFFFF,F7ECFFFF,62D7FFFF
C490405C00000000,266AA601,C1A0C733,7A2E0000,12000000,4C000000,DE860000,5F130000,2EEDFFFF,DBECFFFF,62D7FFFF
2891405C00000000,1C6AA601,E7A0C733,7A2E0000,12000000,4C000000,DE860000,7B130000,12EDFFFF,BFECFFFF,62D7FFFF
8A91405C00000000,126AA601,0CA1C733,7A2E0000,12000000,4C000000,DE860000,97130000,F7ECFFFF,A3ECFFFF,62D7FFFF
F091405C00000000,086AA601,32A1C733,7A2E0000,12000000,4C000000,DE860000,B3130000,DCECFFFF,87ECFFFF,62D7FFFF
5292405C00000000,FE69A601,58A1C733,7A2E0000,12000000,4C000000,DD860000,CF130000,C0ECFFFF,6BECFFFF,61D7FFFF
BA92405C00000000,F469A601,7EA1C733,7A2E0000,12000000,4C000000,DD860000,EB130000,A5ECFFFF,4FECFFFF,61D7FFFF
1D93405C00000000,EA69A601,A4A1C733,7A2E0000,12000000,4C000000,DE860000,07140000,89ECFFFF,33ECFFFF,62D7FFFF
7F93405C00000000,E069A601,CAA1C733,7A2E0000,12000000,4C000000,E0860000,23140000,6EECFFFF,17ECFFFF,64D7FFFF
E693405C00000000,D769A601,F0A1C733,7A2E0000,12000000,4C000000,E2860000,3F140000,52ECFFFF,FBEBFFFF,66D7FFFF
4994405C00000000,CD69A601,16A2C733,7A2E0000,12000000,4C000000,E5860000,5B140000,37ECFFFF,DFEBFFFF,69D7FFFF
AB94405C00000000,C369A601,3CA2C733,7A2E0000,12000000,4C000000,E6860000,77140000,1BECFFFF,C3EBFFFF,6AD7FFFF
1195405C00000000,B969A601,62A2C733,7A2E0000,12000000,4C000000,E9860000,93140000,00ECFFFF,A7EBFFFF,6DD7FFFF
7595405C00000000,AF69A601,88A2C733,7A2E0000,12000000,4C000000,EB860000,AF140000,E4EBFFFF,8CEBFFFF,6FD7FFFF
DB95405C00000000,A569A601,AEA2C733,7A2E0000,12000000,4C000000,EB860000,CB140000,C9EBFFFF,70EBFFFF,6FD7FFFF
3D96405C00000000,9B69A601,D4A2C733,7A2E0000,12000000,4C000000,EA860000,E7140000,ADEBFFFF,54EBFFFF,6ED7FFFF
A196405C00000000,9169A601,FAA2C733,7A2E0000,12000000,4C000000,EC860000,03150000,92EBFFFF,39EBFFFF,70D7FFFF
0797405C00000000,8769A601,20A3C733,7A2E0000,12000000,4C000000,EE860000,1F150000,76EBFFFF,1DEBFFFF,72D7FFFF
6897405C00000000,7D69A601,46A3C733,7A2E0000,12000000,4C000000,F1860000,3B150000,5AEBFFFF,02EBFFFF,75D7FFFF
D097405C00000000,7369A601,6CA3C733,7A2E0000,12000000,4C000000,F3860000,57150000,3EEBFFFF,E6EAFFFF,77D7FFFF
3298405C00000000,6A69A601,92A3C733,7A2E0000,12000000,4C000000,F4860000,73150000,23EBFFFF,CBEAFFFF,78D7FFFF
9498405C00000000,6069A601,B9A3C733,7A2E0000,12000000,4C000000,F6860000,8F150000,07EBFFFF,B0EAFFFF,7AD7FFFF
FB98405C00000000,5669A601,DFA3C733,7A2E0000,12000000,4C000000,F6860000,AB150000,EBEAFFFF,95EAFFFF,7AD7FFFF
5E99405C00000000,4C69A601,05A4C733,7A2E0000,12000000,4C000000,F6860000,C7150000,CFEAFFFF,7AEAFFFF,7AD7FFFF
C099405C00000000,4269A601,2BA4C733,7A2E0000,12000000,4C000000,F7860000,E3150000,B4EAFFFF,5FEAFFFF,7BD7FFFF
269A405C00000000,3869A601,51A4C733,7A2E0000,12000000,4C000000,F3860000,FF150000,98EAFFFF,44EAFFFF,77D7FFFF
8A9A405C00000000,2E69A601,78A4C733,7A2E0000,12000000,4C000000,F0860000,1B160000,7CEAFFFF,29EAFFFF,74D7FFFF
EF9A405C00000000,2469A601,9EA4C733,7A2E0000,12000000,4C000000,E9860000,37160000,60EAFFFF,0EEAFFFF,6DD7FFFF
539B405C00000000,1A69A601,C4A4C733,7A2E0000,12000000,4C000000,E7860000,53160000,44EAFFFF,F3E9FFFF,6BD7FFFF
B69B405C00000000,1069A601,EAA4C733,7A2E0000,12000000,4C000000,EB860000,6F160000,28EAFFFF,D9E9FFFF,6FD7FFFF
1B9C405C00000000,0669A601,11A5C733,7A2E0000,12000000,4C000000,E9860000,8B160000,0CEAFFFF,BEE9FFFF,6DD7FFFF
7E9C405C00000000,FC68A601,37A5C733,7A2E0000,12000000,4C000000,EA860000,A7160000,F1E9FFFF,A3E9FFFF,6ED7FFFF
E59C405C00000000,F268A601,5DA5C733,7A2E0000,12000000,4C000000,EE860000,C3160000,D5E9FFFF,88E9FFFF,72D7FFFF
479D405C00000000,E968A601,83A5C733,7A2E0000,12000000,4C000000,EF860000,DF160000,B9E9FFFF,6CE9FFFF,73D7FFFF
AA9D405C00000000,DF68A601,A9A5C733,7A2E0000,12000000,4C000000,F3860000,FB160000,9EE9FFFF,51E9FFFF,77D7FFFF
119E405C00000000,D568A601,CFA5C733,7A2E0000,12000000,4C000000,FA860000,17170000,82E9FFFF,36E9FFFF,7ED7FFFF
739E405C00000000,CB68A601,F5A5C733,7A2E0000,12000000,4C000000,05870000,33170000,67E9FFFF,1AE9FFFF,89D7FFFF
D69E405C00000000,C268A601,1AA6C733,7A2E0000,12000000,4C000000,17870000,4E170000,4BE9FFFF,FFE8FFFF,9BD7FFFF
3A9F405C00000000,B868A601,40A6C733,7A2E0000,12000000,4C000000,2A870000,69170000,30E9FFFF,E3E8FFFF,AED7FFFF
A09F405C00000000,AF68A601,65A6C733,7A2E0000,12000000,4C000000,3A870000,84170000,15E9FFFF,C7E8FFFF,BED7FFFF
05A0405C00000000,A668A601,8AA6C733,7A2E0000,12000000,4C000000,4B870000,9F170000,F9E8FFFF,ACE8FFFF,CFD7FFFF
69A0405C00000000,9E68A601,AEA6C733,7A2E0000,12000000,4C000000,5D870000,B9170000,DFE8FFFF,90E8FFFF,E1D7FFFF
CCA0405C00000000,9568A601,D3A6C733,7A2E0000,12000000,4C000000,6C870000,D3170000,C4E8FFFF,74E8FFFF,F0D7FFFF
32A1405C00000000,8C68A601,F8A6C733,7A2E0000,12000000,4C000000,78870000,EE170000,A9E8FFFF,58E8FFFF,FCD7FFFF
95A1405C00000000,8468A601,1CA7C733,7A2E0000,12000000,4C000000,81870000,07180000,8EE8FFFF,3CE8FFFF,05D8FFFF
FAA1405C00000000,7C68A601,40A7C733,7A2E0000,12000000,4C000000,91870000,21180000,74E8FFFF,20E8FFFF,15D8FFFF
5DA2405C00000000,7368A601,64A7C733,7A2E0000,12000000,4C000000,9E870000,3B180000,59E8FFFF,04E8FFFF,22D8FFFF
C1A2405C00000000,6B68A601,88A7C733,7A2E0000,12000000,4C000000,A9870000,54180000,3EE8FFFF,E8E7FFFF,2DD8FFFF
26A3405C00000000,6368A601,ABA7C733,7A2E0000,12000000,4C000000,B0870000,6D180000,24E8FFFF,CCE7FFFF,34D8FFFF
89A3405C00000000,5C68A601,CEA7C733,7A2E0000,12000000,4C000000,B6870000,86180000,0AE8FFFF,B0E7FFFF,3AD8FFFF
EDA3405C00000000,5468A601,F1A7C733,7A2E0000,12000000,4C000000,BA870000,9E180000,F0E7FFFF,94E7FFFF,3ED8FFFF
53A4405C00000000,4C68A601,15A8C733,7A2E0000,12000000,4C000000,B8870000,B7180000,D5E7FFFF,78E7FFFF,3CD8FFFF
B5A4405C00000000,4468A601,37A8C733,7A2E0000,12000000,4C000000,B7870000,CE180000,BBE7FFFF,5CE7FFFF,3BD8FFFF
1CA5405C00000000,3D68A601,59A8C733,7A2E0000,12000000,4C000000,B6870000,E6180000,A0E7FFFF,40E7FFFF,3AD8FFFF
7FA5405C00000000,3568A601,7BA8C733,7A2E0000,12000000,4C000000,B8870000,FC180000,86E7FFFF,24E7FFFF,3CD8FFFF
E1A5405C00000000,2E68A601,9DA8C733,7A2E0000,12000000,4C000000,B6870000,12190000,6CE7FFFF,08E7FFFF,3AD8FFFF
48A6405C00000000,2668A601,BEA8C733,7A2E0000,12000000,4C000000,B6870000,28190000,52E7FFFF,ECE6FFFF,3AD8FFFF
ABA6405C00000000,1F68A601,DFA8C733,7A2E0000,12000000,4C000000,B1870000,3D190000,37E7FFFF,D0E6FFFF,35D8FFFF
10A7405C00000000,1768A601,00A9C733,7A2E0000,12000000,4C000000,A9870000,52190000,1DE7FFFF,B4E6FFFF,2DD8FFFF
74A7405C00000000,1068A601,20A9C733,7A2E0000,12000000,4C000000,A5870000,66190000,02E7FFFF,99E6FFFF,29D8FFFF
D7A7405C00000000,0968A601,40A9C733,7A2E0000,12000000,4C000000,A3870000,7A190000,E8E6FFFF,7DE6FFFF,27D8FFFF
3CA8405C00000000,0168A601,61A9C733,7A2E0000,12000000,4C000000,A1870000,8E190000,CDE6FFFF,60E6FFFF,25D8FFFF
9FA8405C00000000,FA67A601,81A9C733,7A2E0000,12000000,4C000000,A5870000,A1190000,B2E6FFFF,45E6FFFF,29D8FFFF
03A9405C00000000,F367A601,A0A9C733,7A2E0000,12000000,4C000000,A6870000,B2190000,98E6FFFF,29E6FFFF,2AD8FFFF
68A9405C00000000,EC67A601,BFA9C733,7A2E0000,12000000,4C000000,A4870000,C5190000,7DE6FFFF,0DE6FFFF,28D8FFFF
CCA9405C00000000,E567A601,DEA9C733,7A2E0000,12000000,4C000000,A0870000,D6190000,63E6FFFF,F1E5FFFF,24D8FFFF
31AA405C00000000,DE67A601,FDA9C733,7A2E0000,12000000,4C000000,9B870000,E7190000,48E6FFFF,D5E5FFFF,1FD8FFFF
95AA405C00000000,D767A601,1CAAC733,7A2E0000,12000000,4C000000,94870000,F8190000,2DE6FFFF,B9E5FFFF,18D8FFFF
F8AA405C00000000,D067A601,3AAAC733,7A2E0000,12000000,4C000000,8E870000,081A0000,12E6FFFF,9DE5FFFF,12D8FFFF
5DAB405C00000000,C967A601,59AAC733,7A2E0000,12000000,4C000000,85870000,171A0000,F7E5FFFF,81E5FFFF,09D8FFFF
C1AB405C00000000,C267A601,77AAC733,7A2E0000,12000000,4C000000,7D870000,261A0000,DCE5FFFF,65E5FFFF,01D8FFFF
27AC405C00000000,BB67A601,95AAC733,7A2E0000,12000000,4C000000,7C870000,351A0000,C0E5FFFF,49E5FFFF,00D8FFFF
87AC405C00000000,B467A601,B3AAC733,7A2E0000,12000000,4C000000,7B870000,431A0000,A5E5FFFF,2DE5FFFF,FFD7FFFF
ECAC405C00000000,AD67A601,D1AAC733,7A2E0000,12000000,4C000000,77870000,501A0000,8AE5FFFF,12E5FFFF,FBD7FFFF
53AD405C00000000,A667A601,EFAAC733,7A2E0000,12000000,4C000000,71870000,5E1A0000,6EE5FFFF,F6E4FFFF,F5D7FFFF
B6AD405C00000000,9F67A601,0CABC733,7A2E0000,12000000,4C000000,71870000,6B1A0000,53E5FFFF,DAE4FFFF,F5D7FFFF
19AE405C00000000,9867A601,29ABC733,7A2E0000,12000000,4C000000,74870000,771A0000,38E5FFFF,BEE4FFFF,F8D7FFFF
7FAE405C00000000,9167A601,46ABC733,7A2E0000,12000000,4C000000,77870000,831A0000,1CE5FFFF,A2E4FFFF,FBD7FFFF
E2AE405C00000000,8A67A601,63ABC733,7A2E0000,12000000,4C000000,79870000,8E1A0000,01E5FFFF,86E4FFFF,FDD7FFFF
45AF405C00000000,8367A601,80ABC733,7A2E0000,12000000,4C000000,78870000,9A1A0000,E6E4FFFF,6AE4FFFF,FCD7FFFF
ABAF405C00000000,7D67A601,9DABC733,7A2E0000,12000000,4C000000,78870000,A51A0000,CAE4FFFF,4EE4FFFF,FCD7FFFF
0EB0405C00000000,7667A601,B9ABC733,7A2E0000,12000000,4C000000,79870000,AF1A0000,AFE4FFFF,32E4FFFF,FDD7FFFF
73B0405C00000000,6F67A601,D6ABC733,7A2E0000,12000000,4C000000,79870000,BA1A0000,94E4FFFF,16E4FFFF,FDD7FFFF
D7B0405C00000000,6967A601,F2ABC733,7A2E0000,12000000,4C000000,7A870000,C31A0000,78E4FFFF,FAE3FFFF,FED7FFFF
3DB1405C00000000,6267A601,0EACC733,7A2E0000,12000000,4C000000,7B870000,CD1A0000,5DE4FFFF,DEE3FFFF,FFD7FFFF
A0B1405C00000000,5C67A601,2AACC733,7A2E0000,12000000,4C000000,7A870000,D71A0000,42E4FFFF,C2E3FFFF,FED7FFFF
02B2405C00000000,5567A601,46ACC733,7A2E0000,12000000,4C000000,7C870000,E01A0000,26E4FFFF,A6E3FFFF,00D8FFFF
69B2405C00000000,4E67A601,63ACC733,7A2E0000,12000000,4C000000,7D870000,E91A0000,0BE4FFFF,8AE3FFFF,01D8FFFF
CCB2405C00000000,4867A601,7FACC733,7A2E0000,12000000,4C000000,81870000,F21A0000,F0E3FFFF,6EE3FFFF,05D8FFFF
32B3405C00000000,4167A601,9AACC733,7A2E0000,12000000,4C000000,88870000,FB1A0000,D4E3FFFF,52E3FFFF,0CD8FFFF
94B3405C00000000,3B67A601,B6ACC733,7A2E0000,12000000,4C000000,8C870000,031B0000,BAE3FFFF,36E3FFFF,10D8FFFF
F8B3405C00000000,3567A601,D1ACC733,7A2E0000,12000000,4C000000,90870000,0C1B0000,9FE3FFFF,1AE3FFFF,14D8FFFF
5DB4405C00000000,2E67A601,EDACC733,7A2E0000,12000000,4C000000,93870000,141B0000,84E3FFFF,FFE2FFFF,17D8FFFF
C1B4405C00000000,2867A601,08ADC733,7A2E0000,12000000,4C000000,97870000,1C1B0000,69E3FFFF,E3E2FFFF,1BD8FFFF
24B5405C00000000,2267A601,23ADC733,7A2E0000,12000000,4C000000,9A870000,241B0000,4EE3FFFF,C7E2FFFF,1ED8FFFF
89B5405C00000000,1C67A601,3EADC733,7A2E0000,12000000,4C000000,8D870000,2B1B0000,33E3FFFF,ABE2FFFF,11D8FFFF
EDB5405C00000000,1567A601,5AADC733,7A2E0000,12000000,4C000000,7C870000,331B0000,18E3FFFF,8FE2FFFF,00D8FFFF
50B6405C00000000,0F67A601,75ADC733,7A2E0000,12000000,4C000000,74870000,3B1B0000,FDE2FFFF,73E2FFFF,F8D7FFFF
B6B6405C00000000,0967A601,8FADC733,7A2E0000,12000000,4C000000,86870000,421B0000,E3E2FFFF,58E2FFFF,0AD8FFFF
18B7405C00000000,0367A601,AAADC733,7A2E0000,12000000,4C000000,A2870000,491B0000,C8E2FFFF,3CE2FFFF,26D8FFFF
7EB7405C00000000,FD66A601,C5ADC733,7A2E0000,12000000,4C000000,A5870000,4F1B0000,AEE2FFFF,20E2FFFF,29D8FFFF
E2B7405C00000000,F666A601,E0ADC733,7A2E0000,12000000,4C000000,95870000,561B0000,93E2FFFF,04E2FFFF,19D8FFFF
48B8405C00000000,F066A601,FBADC733,7A2E0000,12000000,4C000000,8A870000,5C1B0000,78E2FFFF,E9E1FFFF,0ED8FFFF
ABB8405C00000000,EA66A601,16AEC733,7A2E0000,12000000,4C000000,8F870000,621B0000,5DE2FFFF,CDE1FFFF,13D8FFFF
0EB9405C00000000,E466A601,30AEC733,7A2E0000,12000000,4C000000,99870000,671B0000,43E2FFFF,B2E1FFFF,1DD8FFFF
73B9405C00000000,DE66A601,4BAEC733,7A2E0000,12000000,4C000000,A2870000,6D1B0000,28E2FFFF,96E1FFFF,26D8FFFF
D7B9405C00000000,D866A601,66AEC733,7A2E0000,12000000,4C000000,9E870000,721B0000,0DE2FFFF,7BE1FFFF,22D8FFFF
3ABA405C00000000,D266A601,80AEC733,7A2E0000,12000000,4C000000,97870000,771B0000,F2E1FFFF,5EE1FFFF,1BD8FFFF
9DBA405C00000000,CC66A601,9BAEC733,7A2E0000,12000000,4C000000,8C870000,7C1B0000,D7E1FFFF,42E1FFFF,10D8FFFF
03BB405C00000000,C566A601,B6AEC733,7A2E0000,12000000,4C000000,7D870000,801B0000,BBE1FFFF,26E1FFFF,01D8FFFF
69BB405C00000000,BF66A601,D1AEC733,7A2E0000,12000000,4C000000,71870000,841B0000,A0E1FFFF,0BE1FFFF,F5D7FFFF
CCBB405C00000000,B866A601,ECAEC733,7A2E0000,12000000,4C000000,66870000,871B0000,84E1FFFF,EFE0FFFF,EAD7FFFF
2FBC405C00000000,B266A601,08AFC733,7A2E0000,12000000,4C000000,61870000,8B1B0000,68E1FFFF,D3E0FFFF,E5D7FFFF
95BC405C00000000,AB66A601,23AFC733,7A2E0000,12000000,4C000000,54870000,8E1B0000,4CE1FFFF,B7E0FFFF,D8D7FFFF
F7BC405C00000000,A566A601,3EAFC733,7A2E0000,12000000,4C000000,4B870000,901B0000,30E1FFFF,9BE0FFFF,CFD7FFFF
5EBD405C00000000,9E66A601,59AFC733,7A2E0000,12000000,4C000000,42870000,921B0000,14E1FFFF,7FE0FFFF,C6D7FFFF
C0BD405C00000000,9766A601,75AFC733,7A2E0000,12000000,4C000000,38870000,931B0000,F8E0FFFF,63E0FFFF,BCD7FFFF
24BE405C00000000,9166A601,90AFC733,7A2E0000,12000000,4C000000,32870000,931B0000,DCE0FFFF,47E0FFFF,B6D7FFFF
8ABE405C00000000,8A66A601,ABAFC733,7A2E0000,12000000,4C000000,31870000,921B0000,C0E0FFFF,2BE0FFFF,B5D7FFFF
EDBE405C00000000,8366A601,C6AFC733,7A2E0000,12000000,4C000000,31870000,911B0000,A4E0FFFF,0FE0FFFF,B5D7FFFF
50BF405C00000000,7C66A601,E1AFC733,7A2E0000,12000000,4C000000,2B870000,8E1B0000,88E0FFFF,F3DFFFFF,AFD7FFFF
B6BF405C00000000,7666A601,FDAFC733,7A2E0000,12000000,4C000000,21870000,8A1B0000,6CE0FFFF,D7DFFFFF,A5D7FFFF
19C0405C00000000,6F66A601,18B0C733,7A2E0000,12000000,4C000000,1D870000,851B0000,50E0FFFF,BBDFFFFF,A1D7FFFF
7FC0405C00000000,6866A601,34B0C733,7A2E0000,12000000,4C000000,1A870000,7F1B0000,35E0FFFF,9FDFFFFF,9ED7FFFF
E2C0405C00000000,6166A601,50B0C733,7A2E0000,12000000,4C000000,1C870000,781B0000,19E0FFFF,83DFFFFF,A0D7FFFF
45C1405C00000000,5966A601,6CB0C733,7A2E0000,12000000,4C000000,20870000,6F1B0000,FDDFFFFF,67DFFFFF,A4D7FFFF
ABC1405C00000000,5266A601,89B0C733,7A2E0000,12000000,4C000000,28870000,661B0000,E1DFFFFF,4BDFFFFF,ACD7FFFF
0DC2405C00000000,4B66A601,A6B0C733,7A2E0000,12000000,4C000000,33870000,5B1B0000,C6DFFFFF,2FDFFFFF,B7D7FFFF
74C2405C00000000,4466A601,C3B0C733,7A2E0000,12000000,4C000000,3F870000,4E1B0000,AADFFFFF,13DFFFFF,C3D7FFFF
D7C2405C00000000,3D66A601,E0B0C733,7A2E0000,12000000,4C000000,51870000,411B0000,8FDFFFFF,F7DEFFFF,D5D7FFFF
3AC3405C00000000,3666A601,FDB0C733,7A2E0000,12000000,4C000000,6A870000,331B0000,75DFFFFF,DBDEFFFF,EED7FFFF
A0C3405C00000000,2F66A601,1CB1C733,7A2E0000,12000000,4C000000,82870000,231B0000,5ADFFFFF,BFDEFFFF,06D8FFFF
03C4405C00000000,2866A601,3AB1C733,7A2E0000,12000000,4C000000,9C870000,121B0000,40DFFFFF,A3DEFFFF,20D8FFFF
66C4405C00000000,2166A601,58B1C733,7A2E0000,12000000,4C000000,BB870000,001B0000,27DFFFFF,87DEFFFF,3FD8FFFF
CCC4405C00000000,1B66A601,77B1C733,7A2E0000,12000000,4C000000,E5870000,ED1A0000,0DDFFFFF,6BDEFFFF,69D8FFFF
2FC5405C00000000,1466A601,96B1C733,7A2E0000,12000000,4C000000,10880000,D91A0000,F5DEFFFF,4FDEFFFF,94D8FFFF
95C5405C00000000,0E66A601,B6B1C733,7A2E0000,12000000,4C000000,3E880000,C41A0000,DCDEFFFF,33DEFFFF,C2D8FFFF
F8C5405C00000000,0866A601,D5B1C733,7A2E0000,12000000,4C000000,6A880000,B01A0000,C5DEFFFF,17DEFFFF,EED8FFFF
5BC6405C00000000,0366A601,F3B1C733,7A2E0000,12000000,4C000000,9A880000,9B1A0000,AEDEFFFF,FBDDFFFF,1ED9FFFF
C1C6405C00000000,FD65A601,12B2C733,7A2E0000,12000000,4C000000,D4880000,851A0000,97DEFFFF,DFDDFFFF,58D9FFFF
25C7405C00000000,F965A601,30B2C733,7A2E0000,12000000,4C000000,19890000,6F1A0000,82DEFFFF,C3DDFFFF,9DD9FFFF
8AC7405C00000000,F465A601,4FB2C733,7A2E0000,12000000,4C000000,6A890000,581A0000,6CDEFFFF,A8DDFFFF,EED9FFFF
EDC7405C00000000,F065A601,6DB2C733,7A2E0000,12000000,4C000000,BF890000,421A0000,58DEFFFF,8CDDFFFF,43DAFFFF
50C8405C00000000,ED65A601,8AB2C733,7A2E0000,12000000,4C000000,178A0000,2C1A0000,45DEFFFF,6FDDFFFF,9BDAFFFF
B6C8405C00000000,EA65A601,A8B2C733,7A2E0000,12000000,4C000000,7E8A0000,141A0000,33DEFFFF,53DDFFFF,02DBFFFF
19C9405C00000000,E865A601,C5B2C733,7A2E0000,12000000,4C000000,DE8A0000,FC190000,22DEFFFF,38DDFFFF,62DBFFFF
7CC9405C00000000,E665A601,E2B2C733,7A2E0000,12000000,4C000000,538B0000,E4190000,12DEFFFF,1CDDFFFF,D7DBFFFF
E1C9405C00000000,E565A601,FFB2C733,7A2E0000,12000000,4C000000,C58B0000,CC190000,03DEFFFF,00DDFFFF,49DCFFFF
45CA405C00000000,E565A601,1BB3C733,7A2E0000,12000000,4C000000,3B8C0000,B3190000,F6DDFFFF,E4DCFFFF,BFDCFFFF
ABCA405C00000000,E565A601,37B3C733,7A2E0000,12000000,4C000000,C68C0000,99190000,E8DDFFFF,C8DCFFFF,4ADDFFFF
0FCB405C00000000,E665A601,53B3C733,7A2E0000,12000000,4C000000,4E8D0000,81190000,DDDDFFFF,ACDCFFFF,D2DDFFFF
71CB405C00000000,E765A601,6EB3C733,7A2E0000,12000000,4C000000,CA8D0000,68190000,D2DDFFFF,90DCFFFF,4EDEFFFF
D7CB405C00000000,E965A601,89B3C733,7A2E0000,12000000,4C000000,488E0000,4E190000,C8DDFFFF,74DCFFFF,CCDEFFFF
3ACC405C00000000,EC65A601,A4B3C733,7A2E0000,12000000,4C000000,D08E0000,35190000,BEDDFFFF,58DCFFFF,54DFFFFF
A0CC405C00000000,EF65A601,BEB3C733,7A2E0000,12000000,4C000000,668F0000,1C190000,B6DDFFFF,3CDCFFFF,EADFFFFF
03CD405C00000000,F365A601,D8B3C733,7A2E0000,12000000,4C000000,00900000,03190000,ADDDFFFF,20DCFFFF,84E0FFFF
66CD405C00000000,F765A601,F2B3C733,7A2E0000,12000000,4C000000,92900000,EA180000,A6DDFFFF,05DCFFFF,16E1FFFF
CDCD405C00000000,FD65A601,0CB4C733,7A2E0000,12000000,4C000000,17910000,D0180000,9FDDFFFF,E9DBFFFF,9BE1FFFF
2FCE405C00000000,0266A601,25B4C733,7A2E0000,12000000,4C000000,A8910000,B7180000,98DDFFFF,CDDBFFFF,2CE2FFFF
92CE405C00000000,0966A601,3EB4C733,7A2E0000,12000000,4C000000,41920000,9E180000,92DDFFFF,B1DBFFFF,C5E2FFFF
F8CE405C00000000,1066A601,58B4C733,7A2E0000,12000000,4C000000,D2920000,85180000,8CDDFFFF,96DBFFFF,56E3FFFF
5CCF405C00000000,1866A601,70B4C733,7A2E0000,12000000,4C000000,6C930000,6C180000,86DDFFFF,7ADBFFFF,F0E3FFFF
C1CF405C00000000,2066A601,88B4C733,7A2E0000,12000000,4C000000,11940000,52180000,81DDFFFF,5EDBFFFF,95E4FFFF
24D0405C00000000,2966A601,A0B4C733,7A2E0000,12000000,4C000000,B9940000,39180000,7DDDFFFF,42DBFFFF,3DE5FFFF
87D0405C00000000,3366A601,B8B4C733,7A2E0000,12000000,4C000000,65950000,20180000,79DDFFFF,26DBFFFF,E9E5FFFF
EDD0405C00000000,3E66A601,D0B4C733,7A2E0000,12000000,4C000000,14960000,06180000,75DDFFFF,0ADBFFFF,98E6FFFF
50D1405C00000000,4966A601,E6B4C733,7A2E0000,12000000,4C000000,A8960000,ED170000,72DDFFFF,EEDAFFFF,2CE7FFFF
B7D1405C00000000,5466A601,FDB4C733,7A2E0000,12000000,4C000000,25970000,D4170000,6EDDFFFF,D2DAFFFF,A9E7FFFF
19D2405C00000000,6066A601,14B5C733,7A2E0000,12000000,4C000000,92970000,BA170000,6ADDFFFF,B6DAFFFF,16E8FFFF
7CD2405C00000000,6D66A601,2BB5C733,7A2E0000,12000000,4C000000,29980000,A0170000,67DDFFFF,9ADAFFFF,ADE8FFFF
E1D2405C00000000,7B66A601,41B5C733,7A2E0000,12000000,4C000000,ED980000,86170000,63DDFFFF,7FDAFFFF,71E9FFFF
46D3405C00000000,8A66A601,58B5C733,7A2E0000,12000000,4C000000,9B990000,6C170000,5DDDFFFF,64DAFFFF,1FEAFFFF
A8D3405C00000000,9966A601,6EB5C733,7A2E0000,12000000,4C000000,009A0000,52170000,59DDFFFF,48DAFFFF,84EAFFFF
0ED4405C00000000,A866A601,84B5C733,7A2E0000,12000000,4C000000,449A0000,38170000,54DDFFFF,2CDAFFFF,C8EAFFFF
72D4405C00000000,B866A601,9AB5C733,7A2E0000,12000000,4C000000,999A0000,1D170000,4EDDFFFF,10DAFFFF,1DEBFFFF
D7D4405C00000000,C866A601,B0B5C733,7A2E0000,12000000,4C000000,FC9A0000,02170000,48DDFFFF,F5D9FFFF,80EBFFFF
3AD5405C00000000,D966A601,C6B5C733,7A2E0000,12000000,4C000000,5F9B0000,E7160000,40DDFFFF,DAD9FFFF,E3EBFFFF
9DD5405C00000000,EB66A601,DCB5C733,7A2E0000,12000000,4C000000,B69B0000,CC160000,38DDFFFF,BED9FFFF,3AECFFFF
03D6405C00000000,FE66A601,F2B5C733,7A2E0000,12000000,4C000000,009C0000,B1160000,2FDDFFFF,A3D9FFFF,84ECFFFF
66D6405C00000000,1067A601,09B6C733,7A2E0000,12000000,4C000000,389C0000,95160000,25DDFFFF,87D9FFFF,BCECFFFF
CCD6405C00000000,2467A601,20B6C733,7A2E0000,12000000,4C000000,709C0000,79160000,1ADDFFFF,6BD9FFFF,F4ECFFFF
2FD7405C00000000,3867A601,37B6C733,7A2E0000,12000000,4C000000,9F9C0000,5D160000,0EDDFFFF,4FD9FFFF,23EDFFFF
92D7405C00000000,4C67A601,4EB6C733,7A2E0000,12000000,4C000000,C29C0000,41160000,00DDFFFF,33D9FFFF,46EDFFFF
F9D7405C00000000,6167A601,66B6C733,7A2E0000,12000000,4C000000,D49C0000,25160000,F2DCFFFF,17D9FFFF,58EDFFFF
59D8405C00000000,7767A601,7EB6C733,7A2E0000,12000000,4C000000,E49C0000,09160000,E1DCFFFF,FBD8FFFF,68EDFFFF
BED8405C00000000,8D67A601,97B6C733,7A2E0000,12000000,4C000000,FA9C0000,ED150000,CFDCFFFF,DFD8FFFF,7EEDFFFF
24D9405C00000000,A467A601,B1B6C733,7A2E0000,12000000,4C000000,109D0000,D1150000,BADCFFFF,C3D8FFFF,94EDFFFF
88D9405C00000000,BC67A601,CBB6C733,7A2E0000,12000000,4C000000,1B9D0000,B5150000,A5DCFFFF,A7D8FFFF,9FEDFFFF
EDD9405C00000000,D467A601,E5B6C733,7A2E0000,12000000,4C000000,1C9D0000,99150000,8EDCFFFF,8BD8FFFF,A0EDFFFF
50DA405C00000000,EC67A601,00B7C733,7A2E0000,12000000,4C000000,229D0000,7D150000,78DCFFFF,6FD8FFFF,A6EDFFFF
B4DA405C00000000,0568A601,1BB7C733,7A2E0000,12000000,4C000000,399D0000,61150000,60DCFFFF,54D8FFFF,BDEDFFFF
19DB405C00000000,1F68A601,37B7C733,7A2E0000,12000000,4C000000,589D0000,45150000,47DCFFFF,38D8FFFF,DCEDFFFF
7CDB405C00000000,3868A601,52B7C733,7A2E0000,12000000,4C000000,6D9D0000,29150000,2EDCFFFF,1CD8FFFF,F1EDFFFF
E3DB405C00000000,5268A601,6EB7C733,7A2E0000,12000000,4C000000,779D0000,0D150000,15DCFFFF,00D8FFFF,FBEDFFFF
46DC405C00000000,6C68A601,89B7C733,7A2E0000,12000000,4C000000,799D0000,F1140000,FCDBFFFF,E4D7FFFF,FDEDFFFF
A8DC405C00000000,8568A601,A5B7C733,7A2E0000,12000000,4C000000,799D0000,D5140000,E2DBFFFF,C9D7FFFF,FDEDFFFF
0EDD405C00000000,A068A601,C0B7C733,7A2E0000,12000000,4C000000,789D0000,B9140000,C9DBFFFF,ADD7FFFF,FCEDFFFF
72DD405C00000000,BA68A601,DCB7C733,7A2E0000,12000000,4C000000,759D0000,9D140000,AEDBFFFF,92D7FFFF,F9EDFFFF
D5DD405C00000000,D468A601,F9B7C733,7A2E0000,12000000,4C000000,6B9D0000,81140000,94DBFFFF,76D7FFFF,EFEDFFFF
3ADE405C00000000,EE68A601,15B8C733,7A2E0000,12000000,4C000000,5D9D0000,65140000,79DBFFFF,5AD7FFFF,E1EDFFFF
9DDE405C00000000,0969A601,32B8C733,7A2E0000,12000000,4C000000,499D0000,49140000,5EDBFFFF,3ED7FFFF,CDEDFFFF
01DF405C00000000,2369A601,4EB8C733,7A2E0000,12000000,4C000000,369D0000,2D140000,43DBFFFF,23D7FFFF,BAEDFFFF
66DF405C00000000,3E69A601,6CB8C733,7A2E0000,12000000,4C000000,259D0000,11140000,27DBFFFF,07D7FFFF,A9EDFFFF
C9DF405C00000000,5869A601,89B8C733,7A2E0000,12000000,4C000000,159D0000,F5130000,0BDBFFFF,EBD6FFFF,99EDFFFF
30E0405C00000000,7369A601,A6B8C733,7A2E0000,12000000,4C000000,039D0000,D9130000,EFDAFFFF,CFD6FFFF,87EDFFFF
92E0405C00000000,8D69A601,C4B8C733,7A2E0000,12000000,4C000000,EF9C0000,BD130000,D3DAFFFF,B3D6FFFF,73EDFFFF
F8E0405C00000000,A769A601,E2B8C733,7A2E0000,12000000,4C000000,DE9C0000,A1130000,B7DAFFFF,97D6FFFF,62EDFFFF
5BE1405C00000000,C169A601,FFB8C733,7A2E0000,12000000,4C000000,CF9C0000,85130000,9BDAFFFF,7BD6FFFF,53EDFFFF
BEE1405C00000000,DC69A601,1DB9C733,7A2E0000,12000000,4C000000,C29C0000,69130000,7FDAFFFF,5FD6FFFF,46EDFFFF
24E2405C00000000,F669A601,3BB9C733,7A2E0000,12000000,4C000000,B89C0000,4D130000,63DAFFFF,43D6FFFF,3CEDFFFF
87E2405C00000000,106AA601,59B9C733,7A2E0000,12000000,4C000000,B09C0000,31130000,47DAFFFF,28D6FFFF,34EDFFFF
EEE2405C00000000,2A6AA601,77B9C733,7A2E0000,12000000,4C000000,A79C0000,15130000,2BDAFFFF,0CD6FFFF,2BEDFFFF
51E3405C00000000,446AA601,94B9C733,7A2E0000,12000000,4C000000,A09C0000,F9120000,0FDAFFFF,F0D5FFFF,24EDFFFF
B3E3405C00000000,5E6AA601,B2B9C733,7A2E0000,12000000,4C000000,999C0000,DD120000,F3D9FFFF,D4D5FFFF,1DEDFFFF
16E4405C00000000,776AA601,D0B9C733,7A2E0000,12000000,4C000000,929C0000,C1120000,D7D9FFFF,B8D5FFFF,16EDFFFF
7DE4405C00000000,916AA601,EEB9C733,7A2E0000,12000000,4C000000,8B9C0000,A6120000,BBD9FFFF,9CD5FFFF,0FEDFFFF
E0E4405C00000000,AB6AA601,0CBAC733,7A2E0000,12000000,4C000000,859C0000,8A120000,9FD9FFFF,80D5FFFF,09EDFFFF
45E5405C00000000,C56AA601,2ABAC733,7A2E0000,12000000,4C000000,7D9C0000,6D120000,83D9FFFF,64D5FFFF,01EDFFFF
A7E5405C00000000,DF6AA601,48BAC733,7A2E0000,12000000,4C000000,779C0000,52120000,67D9FFFF,48D5FFFF,FBECFFFF
0FE6405C00000000,F86AA601,66BAC733,7A2E0000,12000000,4C000000,749C0000,36120000,4BD9FFFF,2CD5FFFF,F8ECFFFF
71E6405C00000000,126BA601,85BAC733,7A2E0000,12000000,4C000000,719C0000,19120000,2FD9FFFF,10D5FFFF,F5ECFFFF
D1E6405C00000000,2C6BA601,A3BAC733,7A2E0000,12000000,4C000000,679C0000,FE110000,13D9FFFF,F4D4FFFF,EBECFFFF
3BE7405C00000000,456BA601,C1BAC733,7A2E0000,12000000,4C000000,5B9C0000,E2110000,F7D8FFFF,D8D4FFFF,DFECFFFF
9DE7405C00000000,5F6BA601,DFBAC733,7A2E0000,12000000,4C000000,559C0000,C5110000,DBD8FFFF,BDD4FFFF,D9ECFFFF
03E8405C00000000,786BA601,FDBAC733,7A2E0000,12000000,4C000000,4F9C0000,AA110000,BFD8FFFF,A1D4FFFF,D3ECFFFF
67E8405C00000000,926BA601,1CBBC733,7A2E0000,12000000,4C000000,459C0000,8E110000,A3D8FFFF,85D4FFFF,C9ECFFFF
CAE8405C00000000,AB6BA601,3ABBC733,7A2E0000,12000000,4C000000,389C0000,71110000,87D8FFFF,69D4FFFF,BCECFFFF
2FE9405C00000000,C56BA601,59BBC733,7A2E0000,12000000,4C000000,2F9C0000,56110000,6BD8FFFF,4DD4FFFF,B3ECFFFF
92E9405C00000000,DE6BA601,77BBC733,7A2E0000,12000000,4C000000,2C9C0000,3A110000,4FD8FFFF,31D4FFFF,B0ECFFFF
F6E9405C00000000,F76BA601,95BBC733,7A2E0000,12000000,4C000000,299C0000,1D110000,34D8FFFF,15D4FFFF,ADECFFFF
5BEA405C00000000,106CA601,B4BBC733,7A2E0000,12000000,4C000000,259C0000,01110000,17D8FFFF,F9D3FFFF,A9ECFFFF
BEEA405C00000000,2A6CA601,D2BBC733,7A2E0000,12000000,4C000000,229C0000,E6100000,FCD7FFFF,DDD3FFFF,A6ECFFFF
24EB405C00000000,436CA601,F1BBC733,7A2E0000,12000000,4C000000,259C0000,C9100000,E0D7FFFF,C1D3FFFF,A9ECFFFF
88EB405C00000000,5C6CA601,0FBCC733,7A2E0000,12000000,4C000000,2D9C0000,AD100000,C4D7FFFF,A5D3FFFF,B1ECFFFF
EBEB405C00000000,756CA601,2DBCC733,7A2E0000,12000000,4C000000,369C0000,92100000,A8D7FFFF,89D3FFFF,BAECFFFF
50EC405C00000000,8F6CA601,4BBCC733,7A2E0000,12000000,4C000000,409C0000,75100000,8DD7FFFF,6ED3FFFF,C4ECFFFF
B3EC405C00000000,A86CA601,69BCC733,7A2E0000,12000000,4C000000,539C0000,59100000,72D7FFFF,52D3FFFF,D7ECFFFF
1AED405C00000000,C16CA601,86BCC733,7A2E0000,12000000,4C000000,6B9C0000,3E100000,57D7FFFF,36D3FFFF,EFECFFFF
7DED405C00000000,DA6CA601,A4BCC733,7A2E0000,12000000,4C000000,739C0000,21100000,3CD7FFFF,1AD3FFFF,F7ECFFFF
DFED405C00000000,F36CA601,C1BCC733,7A2E0000,12000000,4C000000,749C0000,05100000,22D7FFFF,FED2FFFF,F8ECFFFF
46EE405C00000000,0C6DA601,DFBCC733,7A2E0000,12000000,4C000000,779C0000,EA0F0000,07D7FFFF,E2D2FFFF,FBECFFFF
A9EE405C00000000,256DA601,FCBCC733,7A2E0000,12000000,4C000000,7B9C0000,CE0F0000,EDD6FFFF,C6D2FFFF,FFECFFFF
0BEF405C00000000,3E6DA601,19BDC733,7A2E0000,12000000,4C000000,7C9C0000,B10F0000,D2D6FFFF,ABD2FFFF,00EDFFFF
72EF405C00000000,576DA601,36BDC733,7A2E0000,12000000,4C000000,839C0000,960F0000,B8D6FFFF,8FD2FFFF,07EDFFFF
D3EF405C00000000,706DA601,53BDC733,7A2E0000,12000000,4C000000,8C9C0000,7A0F0000,9ED6FFFF,73D2FFFF,10EDFFFF
3AF0405C00000000,896DA601,70BDC733,7A2E0000,12000000,4C000000,849C0000,5D0F0000,84D6FFFF,57D2FFFF,08EDFFFF
9DF0405C00000000,A26DA601,8DBDC733,7A2E0000,12000000,4C000000,799C0000,420F0000,69D6FFFF,3BD2FFFF,FDECFFFF
FEF0405C00000000,BB6DA601,AABDC733,7A2E0000,12000000,4C000000,759C0000,260F0000,4FD6FFFF,20D2FFFF,F9ECFFFF
67F1405C00000000,D46DA601,C8BDC733,7A2E0000,12000000,4C000000,799C0000,090F0000,34D6FFFF,04D2FFFF,FDECFFFF
C9F1405C00000000,EE6DA601,E5BDC733,7A2E0000,12000000,4C000000,7E9C0000,EE0E0000,1AD6FFFF,E8D1FFFF,02EDFFFF
30F2405C00000000,066EA601,02BEC733,7A2E0000,12000000,4C000000,6E9C0000,D20E0000,00D6FFFF,CCD1FFFF,F2ECFFFF
93F2405C00000000,1F6EA601,20BEC733,7A2E0000,12000000,4C000000,669C0000,B50E0000,E5D5FFFF,B1D1FFFF,EAECFFFF
F6F2405C00000000,386EA601,3DBEC733,7A2E0000,12000000,4C000000,5A9C0000,9A0E0000,CBD5FFFF,95D1FFFF,DEECFFFF
5BF3405C00000000,516EA601,5ABEC733,7A2E0000,12000000,4C000000,619C0000,7E0E0000,B1D5FFFF,7AD1FFFF,E5ECFFFF
BCF3405C00000000,6A6EA601,77BEC733,7A2E0000,12000000,4C000000,7D9C0000,610E0000,97D5FFFF,5FD1FFFF,01EDFFFF
22F4405C00000000,836EA601,94BEC733,7A2E0000,12000000,4C000000,A89C0000,450E0000,7DD5FFFF,44D1FFFF,2CEDFFFF
87F4405C00000000,9C6EA601,B1BEC733,7A2E0000,12000000,4C000000,B39C0000,2A0E0000,62D5FFFF,28D1FFFF,37EDFFFF
EBF4405C00000000,B56EA601,CEBEC733,7A2E0000,12000000,4C000000,A29C0000,0E0E0000,48D5FFFF,0CD1FFFF,26EDFFFF
51F5405C00000000,CE6EA601,EBBEC733,7A2E0000,12000000,4C000000,929C0000,F20D0000,2ED5FFFF,F1D0FFFF,16EDFFFF
B3F5405C00000000,E86EA601,08BFC733,7A2E0000,12000000,4C000000,909C0000,D60D0000,14D5FFFF,D6D0FFFF,14EDFFFF
17F6405C00000000,016FA601,25BFC733,7A2E0000,12000000,4C000000,979C0000,BA0D0000,FAD4FFFF,BBD0FFFF,1BEDFFFF
7DF6405C00000000,1A6FA601,42BFC733,7A2E0000,12000000,4C000000,9C9C0000,9E0D0000,DFD4FFFF,A0D0FFFF,20EDFFFF
DFF6405C00000000,336FA601,5FBFC733,7A2E0000,12000000,4C000000,9A9C0000,820D0000,C5D4FFFF,85D0FFFF,1EEDFFFF
46F7405C00000000,4C6FA601,7CBFC733,7A2E0000,12000000,4C000000,889C0000,660D0000,AAD4FFFF,6AD0FFFF,0CEDFFFF
A6F7405C00000000,656FA601,99BFC733,7A2E0000,12000000,4C000000,8B9C0000,4A0D0000,90D4FFFF,4FD0FFFF,0FEDFFFF
0CF8405C00000000,7E6FA601,B6BFC733,7A2E0000,12000000,4C000000,A29C0000,2E0D0000,76D4FFFF,34D0FFFF,26EDFFFF
72F8405C00000000,986FA601,D3BFC733,7A2E0000,12000000,4C000000,C69C0000,120D0000,5BD4FFFF,19D0FFFF,4AEDFFFF
D5F8405C00000000,B16FA601,EFBFC733,7A2E0000,12000000,4C000000,DA9C0000,F60C0000,41D4FFFF,FECFFFFF,5EEDFFFF
37F9405C00000000,CA6FA601,0BC0C733,7A2E0000,12000000,4C000000,F69C0000,DA0C0000,28D4FFFF,E3CFFFFF,7AEDFFFF
9EF9405C00000000,E36FA601,27C0C733,7A2E0000,12000000,4C000000,0C9D0000,BF0C0000,0FD4FFFF,C7CFFFFF,90EDFFFF
01FA405C00000000,FC6FA601,43C0C733,7A2E0000,12000000,4C000000,339D0000,A30C0000,F6D3FFFF,ADCFFFFF,B7EDFFFF
64FA405C00000000,1570A601,5DC0C733,7A2E0000,12000000,4C000000,6F9D0000,870C0000,DFD3FFFF,92CFFFFF,F3EDFFFF
C9FA405C00000000,2E70A601,77C0C733,7A2E0000,12000000,4C000000,C69D0000,6B0C0000,C8D3FFFF,77CFFFFF,4AEEFFFF
2DFB405C00000000,4770A601,90C0C733,7A2E0000,12000000,4C000000,0A9E0000,500C0000,B2D3FFFF,5DCFFFFF,8EEEFFFF
92FB405C00000000,6070A601,A9C0C733,7A2E0000,12000000,4C000000,329E0000,340C0000,9CD3FFFF,42CFFFFF,B6EEFFFF
F2FB405C00000000,7870A601,C1C0C733,7A2E0000,12000000,4C000000,4D9E0000,190C0000,87D3FFFF,26CFFFFF,D1EEFFFF
5CFC405C00000000,9070A601,D9C0C733,7A2E0000,12000000,4C000000,689E0000,FE0B0000,73D3FFFF,0BCFFFFF,ECEEFFFF
BEFC405C00000000,A970A601,F1C0C733,7A2E0000,12000000,4C000000,8F9E0000,E20B0000,5ED3FFFF,F0CEFFFF,13EFFFFF
22FD405C00000000,C170A601,09C1C733,7A2E0000,12000000,4C000000,9D9E0000,C70B0000,4AD3FFFF,D5CEFFFF,21EFFFFF
88FD405C00000000,D970A601,20C1C733,7A2E0000,12000000,4C000000,B79E0000,AC0B0000,36D3FFFF,BBCEFFFF,3BEFFFFF
EBFD405C00000000,F270A601,37C1C733,7A2E0000,12000000,4C000000,CD9E0000,910B0000,22D3FFFF,9FCEFFFF,51EFFFFF
4DFE405C00000000,0A71A601,4EC1C733,7A2E0000,12000000,4C000000,E89E0000,760B0000,0ED3FFFF,85CEFFFF,6CEFFFFF
B4FE405C00000000,2371A601,65C1C733,7A2E0000,12000000,4C000000,DD9E0000,5B0B0000,F9D2FFFF,6ACEFFFF,61EFFFFF
17FF405C00000000,3B71A601,7CC1C733,7A2E0000,12000000,4C000000,C89E0000,410B0000,E5D2FFFF,4ECEFFFF,4CEFFFFF
7CFF405C00000000,5471A601,94C1C733,7A2E0000,12000000,4C000000,B09E0000,270B0000,D0D2FFFF,33CEFFFF,34EFFFFF
E0FF405C00000000,6C71A601,ABC1C733,7A2E0000,12000000,4C000000,9C9E0000,0C0B0000,BAD2FFFF,18CEFFFF,20EFFFFF
4300415C00000000,8571A601,C3C1C733,7A2E0000,12000000,4C000000,889E0000,F20A0000,A4D2FFFF,FDCDFFFF,0CEFFFFF
A800415C00000000,9E71A601,DCC1C733,7A2E0000,12000000,4C000000,659E0000,D80A0000,8BD2FFFF,E2CDFFFF,E9EEFFFF
0C01415C00000000,B771A601,F5C1C733,7A2E0000,12000000,4C000000,3D9E0000,BF0A0000,74D2FFFF,C7CDFFFF,C1EEFFFF
7101415C00000000,D071A601,0EC2C733,7A2E0000,12000000,4C000000,169E0000,A50A0000,5BD2FFFF,ACCDFFFF,9AEEFFFF
D501415C00000000,E971A601,27C2C733,7A2E0000,12000000,4C000000,F89D0000,8C0A0000,41D2FFFF,91CDFFFF,7CEEFFFF
3802415C00000000,0172A601,41C2C733,7A2E0000,12000000,4C000000,DA9D0000,740A0000,28D2FFFF,77CDFFFF,5EEEFFFF
9D02415C00000000,1A72A601,5BC2C733,7A2E0000,12000000,4C000000,B99D0000,5B0A0000,0ED2FFFF,5CCDFFFF,3DEEFFFF
0103415C00000000,3372A601,75C2C733,7A2E0000,12000000,4C000000,9E9D0000,430A0000,F3D1FFFF,41CDFFFF,22EEFFFF
6403415C00000000,4C72A601,90C2C733,7A2E0000,12000000,4C000000,829D0000,2A0A0000,D8D1FFFF,26CDFFFF,06EEFFFF
C803415C00000000,6572A601,AAC2C733,7A2E0000,12000000,4C000000,6A9D0000,120A0000,BDD1FFFF,0BCDFFFF,EEEDFFFF
2D04415C00000000,7D72A601,C4C2C733,7A2E0000,12000000,4C000000,589D0000,FB090000,A2D1FFFF,F0CCFFFF,DCEDFFFF
9304415C00000000,9672A601,DFC2C733,7A2E0000,12000000,4C000000,469D0000,E3090000,86D1FFFF,D5CCFFFF,CAEDFFFF
F504415C00000000,AE72A601,FAC2C733,7A2E0000,12000000,4C000000,399D0000,CD090000,6AD1FFFF,BACCFFFF,BDEDFFFF
5905415C00000000,C672A601,14C3C733,7A2E0000,12000000,4C000000,279D0000,B6090000,4ED1FFFF,9FCCFFFF,ABEDFFFF
BF05415C00000000,DF72A601,2FC3C733,7A2E0000,12000000,4C000000,159D0000,9F090000,32D1FFFF,84CCFFFF,99EDFFFF
2106415C00000000,F672A601,4AC3C733,7A2E0000,12000000,4C000000,FC9C0000,89090000,16D1FFFF,6ACCFFFF,80EDFFFF
8606415C00000000,0E73A601,65C3C733,7A2E0000,12000000,4C000000,EB9C0000,72090000,FAD0FFFF,4FCCFFFF,6FEDFFFF
EB06415C00000000,2673A601,7FC3C733,7A2E0000,12000000,4C000000,E59C0000,5C090000,DED0FFFF,34CCFFFF,69EDFFFF
4E07415C00000000,3E73A601,9AC3C733,7A2E0000,12000000,4C000000,EB9C0000,46090000,C2D0FFFF,1ACCFFFF,6FEDFFFF
B107415C00000000,5673A601,B5C3C733,7A2E0000,12000000,4C000000,DB9C0000,2F090000,A6D0FFFF,FFCBFFFF,5FEDFFFF
1708415C00000000,6D73A601,D0C3C733,7A2E0000,12000000,4C000000,BE9C0000,18090000,8BD0FFFF,E4CBFFFF,42EDFFFF
7A08415C00000000,8573A601,EBC3C733,7A2E0000,12000000,4C000000,A69C0000,02090000,6ED0FFFF,C9CBFFFF,2AEDFFFF
E008415C00000000,9C73A601,06C4C733,7A2E0000,12000000,4C000000,999C0000,EC080000,52D0FFFF,AECBFFFF,1DEDFFFF
4209415C00000000,B473A601,21C4C733,7A2E0000,12000000,4C000000,929C0000,D6080000,36D0FFFF,94CBFFFF,16EDFFFF
A909415C00000000,CB73A601,3CC4C733,7A2E0000,12000000,4C000000,8A9C0000,C0080000,1AD0FFFF,79CBFFFF,0EEDFFFF
0C0A415C00000000,E273A601,57C4C733,7A2E0000,12000000,4C000000,7E9C0000,A9080000,FFCFFFFF,5ECBFFFF,02EDFFFF
6E0A415C00000000,FA73A601,72C4C733,7A2E0000,12000000,4C000000,709C0000,93080000,E3CFFFFF,44CBFFFF,F4ECFFFF
D50A415C00000000,1074A601,8DC4C733,7A2E0000,12000000,4C000000,609C0000,7D080000,C7CFFFFF,29CBFFFF,E4ECFFFF
380B415C00000000,2774A601,A8C4C733,7A2E0000,12000000,4C000000,509C0000,68080000,ABCFFFFF,0ECBFFFF,D4ECFFFF
9D0B415C00000000,3E74A601,C3C4C733,7A2E0000,12000000,4C000000,409C0000,52080000,8FCFFFFF,F4CAFFFF,C4ECFFFF
010C415C00000000,5474A601,DEC4C733,7A2E0000,12000000,4C000000,349C0000,3E080000,73CFFFFF,D9CAFFFF,B8ECFFFF
640C415C00000000,6A74A601,F8C4C733,7A2E0000,12000000,4C000000,309C0000,29080000,57CFFFFF,BFCAFFFF,B4ECFFFF
C90C415C00000000,8074A601,13C5C733,7A2E0000,12000000,4C000000,319C0000,15080000,3BCFFFFF,A5CAFFFF,B5ECFFFF
2D0D415C00000000,9674A601,2EC5C733,7A2E0000,12000000,4C000000,2F9C0000,01080000,1FCFFFFF,8ACAFFFF,B3ECFFFF
930D415C00000000,AC74A601,48C5C733,7A2E0000,12000000,4C000000,309C0000,ED070000,03CFFFFF,6FCAFFFF,B4ECFFFF
F60D415C00000000,C274A601,62C5C733,7A2E0000,12000000,4C000000,369C0000,D9070000,E7CEFFFF,55CAFFFF,BAECFFFF
590E415C00000000,D874A601,7CC5C733,7A2E0000,12000000,4C000000,439C0000,C6070000,CBCEFFFF,3ACAFFFF,C7ECFFFF
BE0E415C00000000,EE74A601,96C5C733,7A2E0000,12000000,4C000000,4D9C0000,B2070000,B0CEFFFF,1FCAFFFF,D1ECFFFF
210F415C00000000,0475A601,B0C5C733,7A2E0000,12000000,4C000000,4B9C0000,9E070000,94CEFFFF,04CAFFFF,CFECFFFF
840F415C00000000,1975A601,C9C5C733,7A2E0000,12000000,4C000000,539C0000,8C070000,79CEFFFF,EAC9FFFF,D7ECFFFF
EA0F415C00000000,2F75A601,E2C5C733,7A2E0000,12000000,4C000000,6C9C0000,79070000,5ECEFFFF,CFC9FFFF,F0ECFFFF
4D10415C00000000,4475A601,FBC5C733,7A2E0000,12000000,4C000000,9E9C0000,66070000,43CEFFFF,B5C9FFFF,22EDFFFF
B310415C00000000,5975A601,13C6C733,7A2E0000,12000000,4C000000,CA9C0000,53070000,29CEFFFF,9BC9FFFF,4EEDFFFF
1611415C00000000,6E75A601,2AC6C733,7A2E0000,12000000,4C000000,ED9C0000,41070000,0FCEFFFF,80C9FFFF,71EDFFFF
7911415C00000000,8375A601,41C6C733,7A2E0000,12000000,4C000000,059D0000,30070000,F6CDFFFF,66C9FFFF,89EDFFFF
DF11415C00000000,9875A601,59C6C733,7A2E0000,12000000,4C000000,0F9D0000,1D070000,DCCDFFFF,4BC9FFFF,93EDFFFF
4112415C00000000,AC75A601,6FC6C733,7A2E0000,12000000,4C000000,159D0000,0C070000,C3CDFFFF,31C9FFFF,99EDFFFF
A812415C00000000,C075A601,85C6C733,7A2E0000,12000000,4C000000,1F9D0000,FB060000,AACDFFFF,16C9FFFF,A3EDFFFF
0A13415C00000000,D475A601,9BC6C733,7A2E0000,12000000,4C000000,229D0000,EB060000,91CDFFFF,FCC8FFFF,A6EDFFFF
6E13415C00000000,E875A601,B1C6C733,7A2E0000,12000000,4C000000,1F9D0000,DB060000,78CDFFFF,E2C8FFFF,A3EDFFFF
D413415C00000000,FD75A601,C8C6C733,7A2E0000,12000000,4C000000,0F9D0000,CB060000,5FCDFFFF,C7C8FFFF,93EDFFFF
3714415C00000000,1076A601,DEC6C733,7A2E0000,12000000,4C000000,F49C0000,BC060000,45CDFFFF,ADC8FFFF,78EDFFFF
9A14415C00000000,2476A601,F4C6C733,7A2E0000,12000000,4C000000,EB9C0000,AD060000,2BCDFFFF,93C8FFFF,6FEDFFFF
FD14415C00000000,3876A601,0BC7C733,7A2E0000,12000000,4C000000,E19C0000,9E060000,11CDFFFF,78C8FFFF,65EDFFFF
6315415C00000000,4C76A601,21C7C733,7A2E0000,12000000,4C000000,D79C0000,90060000,F7CCFFFF,5EC8FFFF,5BEDFFFF
C915415C00000000,5F76A601,37C7C733,7A2E0000,12000000,4C000000,C79C0000,82060000,DDCCFFFF,44C8FFFF,4BEDFFFF
2B16415C00000000,7376A601,4DC7C733,7A2E0000,12000000,4C000000,B79C0000,74060000,C3CCFFFF,2AC8FFFF,3BEDFFFF
8F16415C00000000,8676A601,63C7C733,7A2E0000,12000000,4C000000,AD9C0000,67060000,A9CCFFFF,10C8FFFF,31EDFFFF
F516415C00000000,9A76A601,7AC7C733,7A2E0000,12000000,4C000000,A49C0000,59060000,8ECCFFFF,F6C7FFFF,28EDFFFF
5817415C00000000,AD76A601,91C7C733,7A2E0000,12000000,4C000000,9D9C0000,4C060000,74CCFFFF,DCC7FFFF,21EDFFFF
BC17415C00000000,C176A601,A7C7C733,7A2E0000,12000000,4C000000,949C0000,3F060000,59CCFFFF,C1C7FFFF,18EDFFFF
2118415C00000000,D476A601,BDC7C733,7A2E0000,12000000,4C000000,8B9C0000,33060000,3ECCFFFF,A7C7FFFF,0FEDFFFF
8518415C00000000,E776A601,D4C7C733,7A2E0000,12000000,4C000000,819C0000,27060000,23CCFFFF,8EC7FFFF,05EDFFFF
E718415C00000000,FB76A601,EAC7C733,7A2E0000,12000000,4C000000,7A9C0000,1B060000,08CCFFFF,73C7FFFF,FEECFFFF
4D19415C00000000,0E77A601,01C8C733,7A2E0000,12000000,4C000000,789C0000,0F060000,EDCBFFFF,59C7FFFF,FCECFFFF
B019415C00000000,2177A601,17C8C733,7A2E0000,12000000,4C000000,779C0000,04060000,D2CBFFFF,3FC7FFFF,FBECFFFF
161A415C00000000,3477A601,2DC8C733,7A2E0000,12000000,4C000000,759C0000,F8050000,B7CBFFFF,25C7FFFF,F9ECFFFF
7A1A415C00000000,4777A601,43C8C733,7A2E0000,12000000,4C000000,759C0000,EE050000,9CCBFFFF,0BC7FFFF,F9ECFFFF
DF1A415C00000000,5977A601,59C8C733,7A2E0000,12000000,4C000000,789C0000,E3050000,81CBFFFF,F1C6FFFF,FCECFFFF
421B415C00000000,6C77A601,6FC8C733,7A2E0000,12000000,4C000000,809C0000,D9050000,66CBFFFF,D7C6FFFF,04EDFFFF
A41B415C00000000,7F77A601,85C8C733,7A2E0000,12000000,4C000000,899C0000,CE050000,4BCBFFFF,BDC6FFFF,0DEDFFFF
0B1C415C00000000,9277A601,9BC8C733,7A2E0000,12000000,4C000000,8F9C0000,C5050000,30CBFFFF,A3C6FFFF,13EDFFFF
6E1C415C00000000,A477A601,B0C8C733,7A2E0000,12000000,4C000000,939C0000,BB050000,15CBFFFF,89C6FFFF,17EDFFFF
D41C415C00000000,B777A601,C6C8C733,7A2E0000,12000000,4C000000,9C9C0000,B1050000,FBCAFFFF,6FC6FFFF,20EDFFFF
371D415C00000000,CA77A601,DBC8C733,7A2E0000,12000000,4C000000,A79C0000,A8050000,E0CAFFFF,54C6FFFF,2BEDFFFF
9A1D415C00000000,DC77A601,F0C8C733,7A2E0000,12000000,4C000000,B19C0000,9F050000,C5CAFFFF,3AC6FFFF,35EDFFFF
011E415C00000000,EE77A601,05C9C733,7A2E0000,12000000,4C000000,B99C0000,96050000,ABCAFFFF,20C6FFFF,3DEDFFFF
601E415C00000000,0178A601,1AC9C733,7A2E0000,12000000,4C000000,C39C0000,8D050000,91CAFFFF,06C6FFFF,47EDFFFF
C61E415C00000000,1378A601,2FC9C733,7A2E0000,12000000,4C000000,C89C0000,84050000,77CAFFFF,EBC5FFFF,4CEDFFFF
2C1F415C00000000,2578A601,43C9C733,7A2E0000,12000000,4C000000,CF9C0000,7C050000,5DCAFFFF,D1C5FFFF,53EDFFFF
8F1F415C00000000,3778A601,57C9C733,7A2E0000,12000000,4C000000,D59C0000,74050000,43CAFFFF,B7C5FFFF,59EDFFFF
F51F415C00000000,4978A601,6BC9C733,7A2E0000,12000000,4C000000,DD9C0000,6C050000,29CAFFFF,9DC5FFFF,61EDFFFF
5920415C00000000,5A78A601,80C9C733,7A2E0000,12000000,4C000000,E09C0000,64050000,0FCAFFFF,83C5FFFF,64EDFFFF
BB20415C00000000,6C78A601,94C9C733,7A2E0000,12000000,4C000000,E29C0000,5C050000,F6C9FFFF,69C5FFFF,66EDFFFF
2121415C00000000,7E78A601,A8C9C733,7A2E0000,12000000,4C000000,E19C0000,54050000,DCC9FFFF,4EC5FFFF,65EDFFFF
8421415C00000000,9078A601,BCC9C733,7A2E0000,12000000,4C000000,E19C0000,4D050000,C2C9FFFF,34C5FFFF,65EDFFFF
EA21415C00000000,A278A601,D0C9C733,7A2E0000,12000000,4C000000,E19C0000,46050000,A8C9FFFF,1AC5FFFF,65EDFFFF
4D22415C00000000,B378A601,E4C9C733,7A2E0000,12000000,4C000000,E19C0000,40050000,8FC9FFFF,00C5FFFF,65EDFFFF
B022415C00000000,C578A601,F7C9C733,7A2E0000,12000000,4C000000,E19C0000,39050000,75C9FFFF,E6C4FFFF,65EDFFFF
1623415C00000000,D778A601,0BCAC733,7A2E0000,12000000,4C000000,E39C0000,32050000,5BC9FFFF,CCC4FFFF,67EDFFFF
7623415C00000000,E878A601,1FCAC733,7A2E0000,12000000,4C000000,E39C0000,2C050000,42C9FFFF,B2C4FFFF,67EDFFFF
DC23415C00000000,F978A601,32CAC733,7A2E0000,12000000,4C000000,E49C0000,27050000,28C9FFFF,98C4FFFF,68EDFFFF
4224415C00000000,0B79A601,46CAC733,7A2E0000,12000000,4C000000,E79C0000,21050000,0FC9FFFF,7EC4FFFF,6BEDFFFF
A524415C00000000,1C79A601,5ACAC733,7A2E0000,12000000,4C000000,E69C0000,1B050000,F5C8FFFF,64C4FFFF,6AEDFFFF
0B25415C00000000,2E79A601,6DCAC733,7A2E0000,12000000,4C000000,E49C0000,16050000,DBC8FFFF,4AC4FFFF,68EDFFFF
6E25415C00000000,3F79A601,80CAC733,7A2E0000,12000000,4C000000,E49C0000,11050000,C2C8FFFF,30C4FFFF,68EDFFFF
D125415C00000000,5079A601,94CAC733,7A2E0000,12000000,4C000000,E69C0000,0C050000,A9C8FFFF,16C4FFFF,6AEDFFFF
3626415C00000000,6179A601,A7CAC733,7A2E0000,12000000,4C000000,E59C0000,07050000,8FC8FFFF,FCC3FFFF,69EDFFFF
9A26415C00000000,7279A601,BBCAC733,7A2E0000,12000000,4C000000,E19C0000,02050000,76C8FFFF,E2C3FFFF,65EDFFFF
0027415C00000000,8479A601,CECAC733,7A2E0000,12000000,4C000000,DE9C0000,FE040000,5CC8FFFF,C8C3FFFF,62EDFFFF
6327415C00000000,9579A601,E1CAC733,7A2E0000,12000000,4C000000,DD9C0000,FA040000,43C8FFFF,AEC3FFFF,61EDFFFF
C727415C00000000,A679A601,F4CAC733,7A2E0000,12000000,4C000000,DB9C0000,F6040000,29C8FFFF,95C3FFFF,5FEDFFFF
2C28415C00000000,B779A601,08CBC733,7A2E0000,12000000,4C000000,DA9C0000,F2040000,10C8FFFF,7BC3FFFF,5EEDFFFF
8F28415C00000000,C879A601,1CCBC733,7A2E0000,12000000,4C000000,D89C0000,EE040000,F6C7FFFF,61C3FFFF,5CEDFFFF
F328415C00000000,D979A601,2FCBC733,7A2E0000,12000000,4C000000,D79C0000,EA040000,DCC7FFFF,47C3FFFF,5BEDFFFF
5829415C00000000,EB79A601,43CBC733,7A2E0000,12000000,4C000000,D49C0000,E6040000,C2C7FFFF,2DC3FFFF,58EDFFFF
BB29415C00000000,FC79A601,56CBC733,7A2E0000,12000000,4C000000,D59C0000,E2040000,A9C7FFFF,13C3FFFF,59EDFFFF
212A415C00000000,0D7AA601,6ACBC733,7A2E0000,12000000,4C000000,D59C0000,DE040000,8FC7FFFF,F9C2FFFF,59EDFFFF
842A415C00000000,1F7AA601,7DCBC733,7A2E0000,12000000,4C000000,D19C0000,DA040000,75C7FFFF,E0C2FFFF,55EDFFFF
E72A415C00000000,307AA601,91CBC733,7A2E0000,12000000,4C000000,CA9C0000,D5040000,5BC7FFFF,C5C2FFFF,4EEDFFFF
4D2B415C00000000,427AA601,A5CBC733,7A2E0000,12000000,4C000000,C99C0000,CF040000,41C7FFFF,ABC2FFFF,4DEDFFFF
B02B415C00000000,537AA601,B9CBC733,7A2E0000,12000000,4C000000,C79C0000,CA040000,28C7FFFF,91C2FFFF,4BEDFFFF
162C415C00000000,657AA601,CDCBC733,7A2E0000,12000000,4C000000,C99C0000,C3040000,0EC7FFFF,77C2FFFF,4DEDFFFF
792C415C00000000,767AA601,E0CBC733,7A2E0000,12000000,4C000000,C49C0000,BD040000,F4C6FFFF,5DC2FFFF,48EDFFFF
DC2C415C00000000,887AA601,F5CBC733,7A2E0000,12000000,4C000000,BC9C0000,B6040000,DAC6FFFF,43C2FFFF,40EDFFFF
432D415C00000000,997AA601,09CCC733,7A2E0000,12000000,4C000000,AF9C0000,AE040000,C0C6FFFF,29C2FFFF,33EDFFFF
A52D415C00000000,AB7AA601,1DCCC733,7A2E0000,12000000,4C000000,AE9C0000,A6040000,A6C6FFFF,0FC2FFFF,32EDFFFF
082E415C00000000,BE7AA601,32CCC733,7A2E0000,12000000,4C000000,AB9C0000,9D040000,8CC6FFFF,F5C1FFFF,2FEDFFFF
6F2E415C00000000,D07AA601,47CCC733,7A2E0000,12000000,4C000000,A29C0000,93040000,72C6FFFF,DAC1FFFF,26EDFFFF
D12E415C00000000,E27AA601,5CCCC733,7A2E0000,12000000,4C000000,999C0000,89040000,58C6FFFF,C0C1FFFF,1DEDFFFF
372F415C00000000,F57AA601,72CCC733,7A2E0000,12000000,4C000000,929C0000,7E040000,3EC6FFFF,A6C1FFFF,16EDFFFF
9A2F415C00000000,077BA601,87CCC733,7A2E0000,12000000,4C000000,909C0000,73040000,24C6FFFF,8BC1FFFF,14EDFFFF
FD2F415C00000000,1A7BA601,9ECCC733,7A2E0000,12000000,4C000000,8D9C0000,66040000,09C6FFFF,71C1FFFF,11EDFFFF
6330415C00000000,2E7BA601,B4CCC733,7A2E0000,12000000,4C000000,8C9C0000,59040000,EFC5FFFF,56C1FFFF,10EDFFFF
C630415C00000000,417BA601,CACCC733,7A2E0000,12000000,4C000000,879C0000,4B040000,D5C5FFFF,3CC1FFFF,0BEDFFFF
2D31415C00000000,557BA601,E1CCC733,7A2E0000,12000000,4C000000,859C0000,3D040000,BAC5FFFF,21C1FFFF,09EDFFFF
8F31415C00000000,687BA601,F8CCC733,7A2E0000,12000000,4C000000,849C0000,2E040000,A0C5FFFF,07C1FFFF,08EDFFFF
F231415C00000000,7C7BA601,0FCDC733,7A2E0000,12000000,4C000000,859C0000,1E040000,86C5FFFF,ECC0FFFF,09EDFFFF
5932415C00000000,907BA601,27CDC733,7A2E0000,12000000,4C000000,899C0000,0E040000,6BC5FFFF,D2C0FFFF,0DEDFFFF
BB32415C00000000,A57BA601,3ECDC733,7A2E0000,12000000,4C000000,8C9C0000,FF030000,51C5FFFF,B7C0FFFF,10EDFFFF
1E33415C00000000,B97BA601,55CDC733,7A2E0000,12000000,4C000000,8A9C0000,EF030000,36C5FFFF,9CC0FFFF,0EEDFFFF
8433415C00000000,CD7BA601,6DCDC733,7A2E0000,12000000,4C000000,8D9C0000,DF030000,1CC5FFFF,82C0FFFF,11EDFFFF
E733415C00000000,E07BA601,84CDC733,7A2E0000,12000000,4C000000,8F9C0000,D0030000,02C5FFFF,67C0FFFF,13EDFFFF
4D34415C00000000,F47BA601,9BCDC733,7A2E0000,12000000,4C000000,919C0000,C0030000,E8C4FFFF,4CC0FFFF,15EDFFFF
B034415C00000000,087CA601,B2CDC733,7A2E0000,12000000,4C000000,929C0000,B0030000,CEC4FFFF,32C0FFFF,16EDFFFF
1335415C00000000,1C7CA601,C8CDC733,7A2E0000,12000000,4C000000,949C0000,A0030000,B4C4FFFF,18C0FFFF,18EDFFFF
7935415C00000000,307CA601,DFCDC733,7A2E0000,12000000,4C000000,969C0000,91030000,9AC4FFFF,FDBFFFFF,1AEDFFFF
DD35415C00000000,437CA601,F6CDC733,7A2E0000,12000000,4C000000,969C0000,81030000,81C4FFFF,E2BFFFFF,1AEDFFFF
4136415C00000000,577CA601,0DCEC733,7A2E0000,12000000,4C000000,8C9C0000,71030000,67C4FFFF,C8BFFFFF,10EDFFFF
A536415C00000000,6B7CA601,24CEC733,7A2E0000,12000000,4C000000,809C0000,60030000,4DC4FFFF,ADBFFFFF,04EDFFFF
0937415C00000000,7F7CA601,3CCEC733,7A2E0000,12000000,4C000000,719C0000,50030000,33C4FFFF,93BFFFFF,F5ECFFFF
6E37415C00000000,947CA601,54CEC733,7A2E0000,12000000,4C000000,659C0000,3E030000,19C4FFFF,78BFFFFF,E9ECFFFF
D137415C00000000,A87CA601,6CCEC733,7A2E0000,12000000,4C000000,579C0000,2D030000,FFC3FFFF,5EBFFFFF,DBECFFFF
3838415C00000000,BC7CA601,84CEC733,7A2E0000,12000000,4C000000,479C0000,1B030000,E4C3FFFF,43BFFFFF,CBECFFFF
9A38415C00000000,D17CA601,9DCEC733,7A2E0000,12000000,4C000000,3C9C0000,09030000,CAC3FFFF,28BFFFFF,C0ECFFFF
FD38415C00000000,E67CA601,B6CEC733,7A2E0000,12000000,4C000000,2F9C0000,F6020000,AFC3FFFF,0DBFFFFF,B3ECFFFF
6439415C00000000,FB7CA601,CFCEC733,7A2E0000,12000000,4C000000,209C0000,E3020000,94C3FFFF,F3BEFFFF,A4ECFFFF
C739415C00000000,117DA601,EACEC733,7A2E0000,12000000,4C000000,0D9C0000,CE020000,79C3FFFF,D8BEFFFF,91ECFFFF
293A415C00000000,267DA601,04CFC733,7A2E0000,12000000,4C000000,009C0000,BA020000,5EC3FFFF,BDBEFFFF,84ECFFFF
8F3A415C00000000,3C7DA601,1FCFC733,7A2E0000,12000000,4C000000,F79B0000,A5020000,43C3FFFF,A2BEFFFF,7BECFFFF
F33A415C00000000,527DA601,39CFC733,7A2E0000,12000000,4C000000,F09B0000,8F020000,28C3FFFF,87BEFFFF,74ECFFFF
573B415C00000000,687DA601,55CFC733,7A2E0000,12000000,4C000000,E89B0000,79020000,0CC3FFFF,6CBEFFFF,6CECFFFF
BB3B415C00000000,7E7DA601,70CFC733,7A2E0000,12000000,4C000000,E29B0000,63020000,F1C2FFFF,51BEFFFF,66ECFFFF
1E3C415C00000000,957DA601,8CCFC733,7A2E0000,12000000,4C000000,E19B0000,4C020000,D6C2FFFF,36BEFFFF,65ECFFFF
843C415C00000000,AC7DA601,A9CFC733,7A2E0000,12000000,4C000000,E29B0000,33020000,BAC2FFFF,1BBEFFFF,66ECFFFF
E73C415C00000000,C37DA601,C5CFC733,7A2E0000,12000000,4C000000,E49B0000,1B020000,9FC2FFFF,00BEFFFF,68ECFFFF
4E3D415C00000000,DB7DA601,E2CFC733,7A2E0000,12000000,4C000000,EC9B0000,02020000,84C2FFFF,E4BDFFFF,70ECFFFF
B03D415C00000000,F27DA601,FECFC733,7A2E0000,12000000,4C000000,029C0000,E8010000,69C2FFFF,C9BDFFFF,86ECFFFF
133E415C00000000,0A7EA601,1BD0C733,7A2E0000,12000000,4C000000,259C0000,CE010000,4EC2FFFF,AEBDFFFF,A9ECFFFF
793E415C00000000,227EA601,38D0C733,7A2E0000,12000000,4C000000,4A9C0000,B4010000,34C2FFFF,92BDFFFF,CEECFFFF
DD3E415C00000000,3A7EA601,54D0C733,7A2E0000,12000000,4C000000,799C0000,99010000,1AC2FFFF,76BDFFFF,FDECFFFF
403F415C00000000,537EA601,70D0C733,7A2E0000,12000000,4C000000,B19C0000,7D010000,01C2FFFF,5ABDFFFF,35EDFFFF
A53F415C00000000,6C7EA601,8CD0C733,7A2E0000,12000000,4C000000,F69C0000,61010000,E8C1FFFF,3EBDFFFF,7AEDFFFF
0840415C00000000,847EA601,A6D0C733,7A2E0000,12000000,4C000000,449D0000,45010000,D1C1FFFF,22BDFFFF,C8EDFFFF
6E40415C00000000,9D7EA601,C0D0C733,7A2E0000,12000000,4C000000,A29D0000,29010000,BBC1FFFF,06BDFFFF,26EEFFFF
D140415C00000000,B57EA601,D9D0C733,7A2E0000,12000000,4C000000,0B9E0000,0D010000,A7C1FFFF,EABCFFFF,8FEEFFFF
3541415C00000000,CD7EA601,F0D0C733,7A2E0000,12000000,4C000000,799E0000,F1000000,95C1FFFF,CEBCFFFF,FDEEFFFF
9B41415C00000000,E57EA601,06D1C733,7A2E0000,12000000,4C000000,0E9F0000,D5000000,83C1FFFF,B2BCFFFF,92EFFFFF
FE41415C00000000,FD7EA601,1BD1C733,7A2E0000,12000000,4C000000,A39F0000,B9000000,75C1FFFF,96BCFFFF,27F0FFFF
6342415C00000000,147FA601,2FD1C733,7A2E0000,12000000,4C000000,52A00000,9D000000,69C1FFFF,7ABCFFFF,D6F0FFFF
C642415C00000000,2C7FA601,41D1C733,7A2E0000,12000000,4C000000,12A10000,81000000,5FC1FFFF,5EBCFFFF,96F1FFFF
2A43415C00000000,437FA601,52D1C733,7A2E0000,12000000,4C000000,EAA10000,65000000,57C1FFFF,43BCFFFF,6EF2FFFF
9043415C00000000,5B7FA601,61D1C733,7A2E0000,12000000,4C000000,E1A20000,49000000,51C1FFFF,27BCFFFF,65F3FFFF
F243415C00000000,747FA601,70D1C733,7A2E0000,12000000,4C000000,EEA30000,2D000000,4CC1FFFF,0BBCFFFF,72F4FFFF
5644415C00000000,8D7FA601,7DD1C733,7A2E0000,12000000,4C000000,11A50000,11000000,48C1FFFF,EFBBFFFF,95F5FFFF
B844415C00000000,A67FA601,88D1C733,7A2E0000,12000000,4C000000,53A60000,F7FFFFFF,45C1FFFF,D3BBFFFF,D7F6FFFF
1F45415C00000000,C17FA601,92D1C733,7A2E0000,12000000,4C000000,99A70000,DBFFFFFF,42C1FFFF,B7BBFFFF,1DF8FFFF
8545415C00000000,DB7FA601,9BD1C733,7A2E0000,12000000,4C000000,04A90000,BFFFFFFF,3FC1FFFF,9BBBFFFF,88F9FFFF
E745415C00000000,F67FA601,A1D1C733,7A2E0000,12000000,4C000000,7FAA0000,A3FFFFFF,3CC1FFFF,7FBBFFFF,03FBFFFF
4A46415C00000000,1180A601,A6D1C733,7A2E0000,12000000,4C000000,E1AB0000,88FFFFFF,3AC1FFFF,63BBFFFF,65FCFFFF
B146415C00000000,2C80A601,A8D1C733,7A2E0000,12000000,4C000000,9DAD0000,6DFFFFFF,39C1FFFF,47BBFFFF,21FEFFFF
1347415C00000000,4880A601,A9D1C733,7A2E0000,12000000,4C000000,35AF0000,52FFFFFF,38C1FFFF,2BBBFFFF,B9FFFFFF
7A47415C00000000,6380A601,A8D1C733,7A2E0000,12000000,4C000000,E4B00000,36FFFFFF,37C1FFFF,0FBBFFFF,67010000
DC47415C00000000,7E80A601,A4D1C733,7A2E0000,12000000,4C000000,86B20000,1AFFFFFF,37C1FFFF,F3BAFFFF,09030000
3F48415C00000000,9A80A601,9FD1C733,7A2E0000,12000000,4C000000,22B40000,FFFEFFFF,37C1FFFF,D7BAFFFF,A5040000
A648415C00000000,B580A601,98D1C733,7A2E0000,12000000,4C000000,BFB50000,E3FEFFFF,38C1FFFF,BBBAFFFF,42060000
0949415C00000000,CF80A601,8FD1C733,7A2E0000,12000000,4C000000,1FB70000,C7FEFFFF,39C1FFFF,9FBAFFFF,A2070000
6B49415C00000000,E980A601,84D1C733,7A2E0000,12000000,4C000000,B8B80000,ABFEFFFF,3AC1FFFF,83BAFFFF,3B090000
D149415C00000000,0281A601,77D1C733,7A2E0000,12000000,4C000000,27BA0000,8FFEFFFF,3CC1FFFF,67BAFFFF,AA0A0000
354A415C00000000,1B81A601,69D1C733,7A2E0000,12000000,4C000000,72BB0000,73FEFFFF,3DC1FFFF,4BBAFFFF,F50B0000
9A4A415C00000000,3281A601,5AD1C733,7A2E0000,12000000,4C000000,B9BC0000,57FEFFFF,3FC1FFFF,2FBAFFFF,3C0D0000
FD4A415C00000000,4981A601,49D1C733,7A2E0000,12000000,4C000000,E6BD0000,3BFEFFFF,40C1FFFF,13BAFFFF,690E0000
604B415C00000000,5F81A601,38D1C733,7A2E0000,12000000,4C000000,F9BE0000,1FFEFFFF,42C1FFFF,F7B9FFFF,7C0F0000
C74B415C00000000,7481A601,25D1C733,7A2E0000,12000000,4C000000,FDBF0000,03FEFFFF,44C1FFFF,DBB9FFFF,80100000
294C415C00000000,8881A601,12D1C733,7A2E0000,12000000,4C000000,EAC00000,E7FDFFFF,46C1FFFF,BFB9FFFF,6D110000
904C415C00000000,9B81A601,FDD0C733,7A2E0000,12000000,4C000000,D8C10000,CBFDFFFF,49C1FFFF,A3B9FFFF,5B120000
F34C415C00000000,AE81A601,E8D0C733,7A2E0000,12000000,4C000000,B4C20000,AFFDFFFF,4BC1FFFF,87B9FFFF,37130000
554D415C00000000,C081A601,D3D0C733,7A2E0000,12000000,4C000000,7BC30000,93FDFFFF,4EC1FFFF,6BB9FFFF,FE130000
BC4D415C00000000,D181A601,BCD0C733,7A2E0000,12000000,4C000000,27C40000,77FDFFFF,50C1FFFF,4FB9FFFF,AA140000
1F4E415C00000000,E281A601,A6D0C733,7A2E0000,12000000,4C000000,B5C40000,5BFDFFFF,52C1FFFF,33B9FFFF,38150000
814E415C00000000,F281A601,8FD0C733,7A2E0000,12000000,4C000000,5BC50000,3FFDFFFF,54C1FFFF,17B9FFFF,DE150000
E74E415C00000000,0182A601,77D0C733,7A2E0000,12000000,4C000000,F5C50000,23FDFFFF,57C1FFFF,FBB8FFFF,78160000
4B4F415C00000000,1082A601,5FD0C733,7A2E0000,12000000,4C000000,7EC60000,07FDFFFF,59C1FFFF,DFB8FFFF,01170000
B04F415C00000000,1E82A601,47D0C733,7A2E0000,12000000,4C000000,F6C60000,EBFCFFFF,5CC1FFFF,C3B8FFFF,79170000
1350415C00000000,2C82A601,2FD0C733,7A2E0000,12000000,4C000000,57C70000,CFFCFFFF,5EC1FFFF,A7B8FFFF,DA170000
7750415C00000000,3A82A601,16D0C733,7A2E0000,12000000,4C000000,A8C70000,B3FCFFFF,5FC1FFFF,8BB8FFFF,2B180000
DD50415C00000000,4782A601,FECFC733,7A2E0000,12000000,4C000000,F9C70000,97FCFFFF,5FC1FFFF,6FB8FFFF,7C180000
4051415C00000000,5482A601,E5CFC733,7A2E0000,12000000,4C000000,48C80000,7BFCFFFF,5FC1FFFF,53B8FFFF,CB180000
A651415C00000000,6082A601,CCCFC733,7A2E0000,12000000,4C000000,8FC80000,5FFCFFFF,5EC1FFFF,37B8FFFF,12190000
0952415C00000000,6D82A601,B2CFC733,7A2E0000,12000000,4C000000,CDC80000,43FCFFFF,5CC1FFFF,1BB8FFFF,50190000
6C52415C00000000,7982A601,99CFC733,7A2E0000,12000000,4C000000,00C90000,27FCFFFF,5AC1FFFF,FFB7FFFF,83190000
D152415C00000000,8582A601,80CFC733,7A2E0000,12000000,4C000000,25C90000,0BFCFFFF,57C1FFFF,E3B7FFFF,A8190000
3553415C00000000,9082A601,66CFC733,7A2E0000,12000000,4C000000,43C90000,EFFBFFFF,54C1FFFF,C7B7FFFF,C6190000
9853415C00000000,9C82A601,4CCFC733,7A2E0000,12000000,4C000000,63C90000,D3FBFFFF,50C1FFFF,ABB7FFFF,E6190000
FE53415C00000000,A882A601,32CFC733,7A2E0000,12000000,4C000000,89C90000,B7FBFFFF,4CC1FFFF,8FB7FFFF,0C1A0000
6054415C00000000,B382A601,18CFC733,7A2E0000,12000000,4C000000,AFC90000,9BFBFFFF,47C1FFFF,73B7FFFF,321A0000
C754415C00000000,BE82A601,FECEC733,7A2E0000,12000000,4C000000,CFC90000,7FFBFFFF,42C1FFFF,57B7FFFF,521A0000
2A55415C00000000,C982A601,E4CEC733,7A2E0000,12000000,4C000000,E7C90000,63FBFFFF,3DC1FFFF,3BB7FFFF,6A1A0000
8D55415C00000000,D582A601,CACEC733,7A2E0000,12000000,4C000000,FEC90000,47FBFFFF,38C1FFFF,1FB7FFFF,811A0000
F255415C00000000,E082A601,AFCEC733,7A2E0000,12000000,4C000000,1BCA0000,2BFBFFFF,32C1FFFF,03B7FFFF,9E1A0000
5656415C00000000,EA82A601,95CEC733,7A2E0000,12000000,4C000000,3ACA0000,0FFBFFFF,2CC1FFFF,E7B6FFFF,BD1A0000
BC56415C00000000,F582A601,7ACEC733,7A2E0000,12000000,4C000000,52CA0000,F3FAFFFF,25C1FFFF,CBB6FFFF,D51A0000
1E57415C00000000,0083A601,60CEC733,7A2E0000,12000000,4C000000,5FCA0000,D7FAFFFF,1FC1FFFF,AFB6FFFF,E21A0000
8157415C00000000,0B83A601,45CEC733,7A2E0000,12000000,4C000000,65CA0000,BBFAFFFF,17C1FFFF,94B6FFFF,E81A0000
E857415C00000000,1683A601,2ACEC733,7A2E0000,12000000,4C000000,6BCA0000,9FFAFFFF,0FC1FFFF,78B6FFFF,EE1A0000
4B58415C00000000,2083A601,0ECEC733,7A2E0000,12000000,4C000000,74CA0000,83FAFFFF,07C1FFFF,5CB6FFFF,F71A0000
AD58415C00000000,2B83A601,F3CDC733,7A2E0000,12000000,4C000000,7FCA0000,67FAFFFF,FEC0FFFF,40B6FFFF,021B0000
1459415C00000000,3683A601,D8CDC733,7A2E0000,12000000,4C000000,84CA0000,4BFAFFFF,F5C0FFFF,24B6FFFF,071B0000
7759415C00000000,4183A601,BCCDC733,7A2E0000,12000000,4C000000,82CA0000,2FFAFFFF,EBC0FFFF,08B6FFFF,051B0000
DD59415C00000000,4C83A601,A0CDC733,7A2E0000,12000000,4C000000,7FCA0000,13FAFFFF,E1C0FFFF,ECB5FFFF,021B0000
405A415C00000000,5783A601,84CDC733,7A2E0000,12000000,4C000000,7BCA0000,F7F9FFFF,D5C0FFFF,D0B5FFFF,FE1A0000
A35A415C00000000,6283A601,68CDC733,7A2E0000,12000000,4C000000,7BCA0000,DBF9FFFF,CAC0FFFF,B4B5FFFF,FE1A0000
095B415C00000000,6E83A601,4CCDC733,7A2E0000,12000000,4C000000,75CA0000,BFF9FFFF,BEC0FFFF,98B5FFFF,F81A0000
6B5B415C00000000,7983A601,2FCDC733,7A2E0000,12000000,4C000000,73CA0000,A3F9FFFF,B1C0FFFF,7CB5FFFF,F61A0000
D25B415C00000000,8483A601,12CDC733,7A2E0000,12000000,4C000000,74CA0000,87F9FFFF,A4C0FFFF,60B5FFFF,F71A0000
355C415C00000000,9083A601,F6CCC733,7A2E0000,12000000,4C000000,75CA0000,6BF9FFFF,96C0FFFF,44B5FFFF,F81A0000
975C415C00000000,9C83A601,D9CCC733,7A2E0000,12000000,4C000000,74CA0000,4FF9FFFF,88C0FFFF,28B5FFFF,F71A0000
FE5C415C00000000,A783A601,BBCCC733,7A2E0000,12000000,4C000000,6ECA0000,33F9FFFF,79C0FFFF,0CB5FFFF,F11A0000
5F5D415C00000000,B383A601,9ECCC733,7A2E0000,12000000,4C000000,6ACA0000,17F9FFFF,6AC0FFFF,F1B4FFFF,ED1A0000
C45D415C00000000,BF83A601,80CCC733,7A2E0000,12000000,4C000000,67CA0000,FBF8FFFF,5BC0FFFF,D5B4FFFF,EA1A0000
2A5E415C00000000,CB83A601,62CCC733,7A2E0000,12000000,4C000000,62CA0000,DFF8FFFF,4BC0FFFF,B9B4FFFF,E51A0000
8D5E415C00000000,D783A601,44CCC733,7A2E0000,12000000,4C000000,60CA0000,C3F8FFFF,3BC0FFFF,9DB4FFFF,E31A0000
F35E415C00000000,E383A601,26CCC733,7A2E0000,12000000,4C000000,5ECA0000,A7F8FFFF,2AC0FFFF,81B4FFFF,E11A0000
555F415C00000000,F083A601,07CCC733,7A2E0000,12000000,4C000000,5BCA0000,8BF8FFFF,18C0FFFF,65B4FFFF,DE1A0000
B95F415C00000000,FC83A601,E8CBC733,7A2E0000,12000000,4C000000,54CA0000,6FF8FFFF,06C0FFFF,49B4FFFF,D71A0000
1C60415C00000000,0984A601,CACBC733,7A2E0000,12000000,4C000000,4ACA0000,53F8FFFF,F5BFFFFF,2DB4FFFF,CD1A0000
8160415C00000000,1584A601,ABCBC733,7A2E0000,12000000,4C000000,52CA0000,37F8FFFF,E3BFFFFF,11B4FFFF,D51A0000
E860415C00000000,2284A601,8BCBC733,7A2E0000,12000000,4C000000,64CA0000,1BF8FFFF,D0BFFFFF,F5B3FFFF,E71A0000
4861415C00000000,2E84A601,6CCBC733,7A2E0000,12000000,4C000000,73CA0000,FFF7FFFF,BDBFFFFF,D9B3FFFF,F61A0000
AE61415C00000000,3B84A601,4CCBC733,7A2E0000,12000000,4C000000,69CA0000,E3F7FFFF,AABFFFFF,BDB3FFFF,EC1A0000
1362415C00000000,4884A601,2DCBC733,7A2E0000,12000000,4C000000,53CA0000,C7F7FFFF,96BFFFFF,A2B3FFFF,D61A0000
7762415C00000000,5584A601,0DCBC733,7A2E0000,12000000,4C000000,43CA0000,ABF7FFFF,82BFFFFF,86B3FFFF,C61A0000
D962415C00000000,6284A601,EDCAC733,7A2E0000,12000000,4C000000,43CA0000,8FF7FFFF,6DBFFFFF,6AB3FFFF,C61A0000
4063415C00000000,6F84A601,CCCAC733,7A2E0000,12000000,4C000000,46CA0000,73F7FFFF,59BFFFFF,4FB3FFFF,C91A0000
A363415C00000000,7C84A601,ACCAC733,7A2E0000,12000000,4C000000,46CA0000,57F7FFFF,44BFFFFF,33B3FFFF,C91A0000
0664415C00000000,8A84A601,8BCAC733,7A2E0000,12000000,4C000000,44CA0000,3BF7FFFF,2EBFFFFF,17B3FFFF,C71A0000
6C64415C00000000,9784A601,6BCAC733,7A2E0000,12000000,4C000000,45CA0000,1FF7FFFF,19BFFFFF,FBB2FFFF,C81A0000
CF64415C00000000,A484A601,4ACAC733,7A2E0000,12000000,4C000000,45CA0000,03F7FFFF,03BFFFFF,E0B2FFFF,C81A0000
3565415C00000000,B284A601,29CAC733,7A2E0000,12000000,4C000000,3CCA0000,E7F6FFFF,EDBEFFFF,C4B2FFFF,BF1A0000
9865415C00000000,BF84A601,08CAC733,7A2E0000,12000000,4C000000,33CA0000,CBF6FFFF,D7BEFFFF,A8B2FFFF,B61A0000
FE65415C00000000,CD84A601,E7C9C733,7A2E0000,12000000,4C000000,34CA0000,AFF6FFFF,C1BEFFFF,8CB2FFFF,B71A0000
6166415C00000000,DB84A601,C6C9C733,7A2E0000,12000000,4C000000,3DCA0000,93F6FFFF,AABEFFFF,70B2FFFF,C01A0000
C466415C00000000,E884A601,A5C9C733,7A2E0000,12000000,4C000000,44CA0000,77F6FFFF,94BEFFFF,54B2FFFF,C71A0000
2A67415C00000000,F684A601,83C9C733,7A2E0000,12000000,4C000000,48CA0000,5BF6FFFF,7EBEFFFF,38B2FFFF,CB1A0000
8D67415C00000000,0385A601,62C9C733,7A2E0000,12000000,4C000000,52CA0000,3FF6FFFF,68BEFFFF,1DB2FFFF,D51A0000
F267415C00000000,1085A601,41C9C733,7A2E0000,12000000,4C000000,67CA0000,23F6FFFF,51BEFFFF,01B2FFFF,EA1A0000
5668415C00000000,1D85A601,20C9C733,7A2E0000,12000000,4C000000,80CA0000,07F6FFFF,3CBEFFFF,E5B1FFFF,031B0000
B968415C00000000,2A85A601,00C9C733,7A2E0000,12000000,4C000000,99CA0000,EBF5FFFF,27BEFFFF,C9B1FFFF,1C1B0000
1C69415C00000000,3785A601,DFC8C733,7A2E0000,12000000,4C000000,B5CA0000,CFF5FFFF,12BEFFFF,ADB1FFFF,381B0000
8269415C00000000,4385A601,BFC8C733,7A2E0000,12000000,4C000000,DFCA0000,B3F5FFFF,FEBDFFFF,91B1FFFF,621B0000
E569415C00000000,4E85A601,9FC8C733,7A2E0000,12000000,4C000000,07CB0000,97F5FFFF,EBBDFFFF,75B1FFFF,8A1B0000
4B6A415C00000000,5A85A601,7FC8C733,7A2E0000,12000000,4C000000,2ECB0000,7BF5FFFF,D8BDFFFF,59B1FFFF,B11B0000
AD6A415C00000000,6585A601,60C8C733,7A2E0000,12000000,4C000000,51CB0000,5FF5FFFF,C6BDFFFF,3DB1FFFF,D41B0000
146B415C00000000,7085A601,41C8C733,7A2E0000,12000000,4C000000,7DCB0000,43F5FFFF,B4BDFFFF,21B1FFFF,001C0000
776B415C00000000,7A85A601,22C8C733,7A2E0000,12000000,4C000000,B2CB0000,27F5FFFF,A4BDFFFF,05B1FFFF,351C0000
DA6B415C00000000,8485A601,03C8C733,7A2E0000,12000000,4C000000,EACB0000,0BF5FFFF,94BDFFFF,E9B0FFFF,6D1C0000
406C415C00000000,8E85A601,E5C7C733,7A2E0000,12000000,4C000000,20CC0000,EFF4FFFF,85BDFFFF,CEB0FFFF,A31C0000
A46C415C00000000,9785A601,C7C7C733,7A2E0000,12000000,4C000000,52CC0000,D3F4FFFF,76BDFFFF,B2B0FFFF,D51C0000
096D415C00000000,A085A601,A9C7C733,7A2E0000,12000000,4C000000,8ECC0000,B7F4FFFF,68BDFFFF,96B0FFFF,111D0000
6C6D415C00000000,A885A601,8BC7C733,7A2E0000,12000000,4C000000,DDCC0000,9BF4FFFF,5BBDFFFF,7AB0FFFF,601D0000
CF6D415C00000000,AF85A601,6EC7C733,7A2E0000,12000000,4C000000,3CCD0000,7FF4FFFF,50BDFFFF,5EB0FFFF,BF1D0000
336E415C00000000,B685A601,51C7C733,7A2E0000,12000000,4C000000,A7CD0000,63F4FFFF,46BDFFFF,43B0FFFF,2A1E0000
986E415C00000000,BD85A601,35C7C733,7A2E0000,12000000,4C000000,0FCE0000,47F4FFFF,3EBDFFFF,27B0FFFF,921E0000
FB6E415C00000000,C285A601,19C7C733,7A2E0000,12000000,4C000000,7CCE0000,2BF4FFFF,38BDFFFF,0BB0FFFF,FF1E0000
616F415C00000000,C785A601,FDC6C733,7A2E0000,12000000,4C000000,E6CE0000,0FF4FFFF,33BDFFFF,EFAFFFFF,691F0000
C46F415C00000000,CC85A601,E1C6C733,7A2E0000,12000000,4C000000,55CF0000,F3F3FFFF,30BDFFFF,D4AFFFFF,D81F0000
2A70415C00000000,D085A601,C5C6C733,7A2E0000,12000000,4C000000,C5CF0000,D7F3FFFF,2EBDFFFF,B8AFFFFF,48200000
8D70415C00000000,D385A601,A9C6C733,7A2E0000,12000000,4C000000,36D00000,BBF3FFFF,2DBDFFFF,9CAFFFFF,B9200000
ED70415C00000000,D685A601,8DC6C733,7A2E0000,12000000,4C000000,AFD00000,9FF3FFFF,2DBDFFFF,80AFFFFF,32210000
5671415C00000000,D885A601,72C6C733,7A2E0000,12000000,4C000000,3DD10000,83F3FFFF,2EBDFFFF,64AFFFFF,C0210000
B971415C00000000,DA85A601,55C6C733,7A2E0000,12000000,4C000000,CFD10000,67F3FFFF,30BDFFFF,48AFFFFF,52220000
1F72415C00000000,DA85A601,39C6C733,7A2E0000,12000000,4C000000,74D20000,4BF3FFFF,33BDFFFF,2CAFFFFF,F7220000
8272415C00000000,DA85A601,1DC6C733,7A2E0000,12000000,4C000000,17D30000,2FF3FFFF,37BDFFFF,10AFFFFF,9A230000
E572415C00000000,D985A601,01C6C733,7A2E0000,12000000,4C000000,B9D30000,13F3FFFF,3CBDFFFF,F4AEFFFF,3C240000
4B73415C00000000,D785A601,E4C5C733,7A2E0000,12000000,4C000000,6AD40000,F7F2FFFF,43BDFFFF,D8AEFFFF,ED240000
AB73415C00000000,D485A601,C7C5C733,7A2E0000,12000000,4C000000,23D50000,DBF2FFFF,4ABDFFFF,BCAEFFFF,A6250000
1274415C00000000,D085A601,AAC5C733,7A2E0000,12000000,4C000000,E7D50000,BFF2FFFF,53BDFFFF,A0AEFFFF,6A260000
7774415C00000000,CC85A601,8DC5C733,7A2E0000,12000000,4C000000,B9D60000,A3F2FFFF,5DBDFFFF,84AEFFFF,3C270000
DB74415C00000000,C585A601,6FC5C733,7A2E0000,12000000,4C000000,82D70000,87F2FFFF,67BDFFFF,68AEFFFF,05280000
3E75415C00000000,BE85A601,52C5C733,7A2E0000,12000000,4C000000,52D80000,6BF2FFFF,73BDFFFF,4CAEFFFF,D5280000
A375415C00000000,B685A601,35C5C733,7A2E0000,12000000,4C000000,1ED90000,4FF2FFFF,7FBDFFFF,30AEFFFF,A1290000
0676415C00000000,AC85A601,17C5C733,7A2E0000,12000000,4C000000,EED90000,33F2FFFF,8CBDFFFF,14AEFFFF,712A0000
6C76415C00000000,A285A601,FAC4C733,7A2E0000,12000000,4C000000,CEDA0000,17F2FFFF,9ABDFFFF,F8ADFFFF,512B0000
CF76415C00000000,9685A601,DDC4C733,7A2E0000,12000000,4C000000,A0DB0000,FBF1FFFF,A7BDFFFF,DCADFFFF,232C0000
3577415C00000000,8985A601,C1C4C733,7A2E0000,12000000,4C000000,64DC0000,DFF1FFFF,B5BDFFFF,C0ADFFFF,E72C0000
9977415C00000000,7C85A601,A5C4C733,7A2E0000,12000000,4C000000,FCDC0000,C3F1FFFF,C2BDFFFF,A4ADFFFF,7F2D0000
FB77415C00000000,6E85A601,8AC4C733,7A2E0000,12000000,4C000000,85DD0000,A7F1FFFF,CEBDFFFF,88ADFFFF,082E0000
6278415C00000000,5F85A601,6FC4C733,7A2E0000,12000000,4C000000,0FDE0000,8BF1FFFF,DABDFFFF,6CADFFFF,922E0000
C478415C00000000,5185A601,55C4C733,7A2E0000,12000000,4C000000,8FDE0000,6FF1FFFF,E4BDFFFF,50ADFFFF,122F0000
2779415C00000000,4185A601,3CC4C733,7A2E0000,12000000,4C000000,00DF0000,53F1FFFF,EDBDFFFF,34ADFFFF,832F0000
8D79415C00000000,3285A601,23C4C733,7A2E0000,12000000,4C000000,65DF0000,37F1FFFF,F4BDFFFF,18ADFFFF,E82F0000
F079415C00000000,2385A601,0BC4C733,7A2E0000,12000000,4C000000,BFDF0000,1BF1FFFF,FBBDFFFF,FCACFFFF,42300000
567A415C00000000,1385A601,F4C3C733,7A2E0000,12000000,4C000000,1DE00000,FFF0FFFF,FFBDFFFF,E0ACFFFF,A0300000
B97A415C00000000,0385A601,DCC3C733,7A2E0000,12000000,4C000000,6DE00000,E3F0FFFF,02BEFFFF,C4ACFFFF,F0300000
1C7B415C00000000,F384A601,C6C3C733,7A2E0000,12000000,4C000000,B4E00000,C7F0FFFF,04BEFFFF,A8ACFFFF,37310000
827B415C00000000,E284A601,AFC3C733,7A2E0000,12000000,4C000000,EDE00000,ABF0FFFF,04BEFFFF,8CACFFFF,70310000
E57B415C00000000,D284A601,98C3C733,7A2E0000,12000000,4C000000,17E10000,8FF0FFFF,02BEFFFF,70ACFFFF,9A310000
4B7C415C00000000,C184A601,82C3C733,7A2E0000,12000000,4C000000,37E10000,73F0FFFF,00BEFFFF,54ACFFFF,BA310000
AE7C415C00000000,B084A601,6BC3C733,7A2E0000,12000000,4C000000,4DE10000,57F0FFFF,FCBDFFFF,38ACFFFF,D0310000
117D415C00000000,9F84A601,54C3C733,7A2E0000,12000000,4C000000,63E10000,3BF0FFFF,F8BDFFFF,1CACFFFF,E6310000
787D415C00000000,8E84A601,3EC3C733,7A2E0000,12000000,4C000000,78E10000,1FF0FFFF,F3BDFFFF,00ACFFFF,FB310000
DA7D415C00000000,7D84A601,27C3C733,7A2E0000,12000000,4C000000,8AE10000,03F0FFFF,EDBDFFFF,E4ABFFFF,0D320000
3D7E415C00000000,6B84A601,10C3C733,7A2E0000,12000000,4C000000,8FE10000,E7EFFFFF,E7BDFFFF,C9ABFFFF,12320000
A37E415C00000000,5A84A601,F9C2C733,7A2E0000,12000000,4C000000,8CE10000,CBEFFFFF,E0BDFFFF,ADABFFFF,0F320000
067F415C00000000,4884A601,E2C2C733,7A2E0000,12000000,4C000000,89E10000,AFEFFFFF,D9BDFFFF,91ABFFFF,0C320000
6C7F415C00000000,3684A601,CBC2C733,7A2E0000,12000000,4C000000,84E10000,93EFFFFF,D1BDFFFF,75ABFFFF,07320000
CF7F415C00000000,2584A601,B4C2C733,7A2E0000,12000000,4C000000,81E10000,77EFFFFF,C9BDFFFF,59ABFFFF,04320000
3380415C00000000,1384A601,9DC2C733,7A2E0000,12000000,4C000000,7DE10000,5BEFFFFF,C0BDFFFF,3DABFFFF,00320000
9880415C00000000,0184A601,85C2C733,7A2E0000,12000000,4C000000,77E10000,3FEFFFFF,B7BDFFFF,21ABFFFF,FA310000
FB80415C00000000,EF83A601,6EC2C733,7A2E0000,12000000,4C000000,6AE10000,23EFFFFF,AEBDFFFF,05ABFFFF,ED310000
6281415C00000000,DD83A601,56C2C733,7A2E0000,12000000,4C000000,5FE10000,07EFFFFF,A3BDFFFF,E9AAFFFF,E2310000
C481415C00000000,CC83A601,3EC2C733,7A2E0000,12000000,4C000000,5BE10000,EBEEFFFF,99BDFFFF,CDAAFFFF,DE310000
2882415C00000000,BA83A601,26C2C733,7A2E0000,12000000,4C000000,52E10000,CFEEFFFF,8FBDFFFF,B1AAFFFF,D5310000
8D82415C00000000,A783A601,0EC2C733,7A2E0000,12000000,4C000000,47E10000,B3EEFFFF,83BDFFFF,96AAFFFF,CA310000
F082415C00000000,9583A601,F5C1C733,7A2E0000,12000000,4C000000,38E10000,97EEFFFF,77BDFFFF,7AAAFFFF,BB310000
5483415C00000000,8383A601,DDC1C733,7A2E0000,12000000,4C000000,2BE10000,7BEEFFFF,6BBDFFFF,5EAAFFFF,AE310000
B983415C00000000,7183A601,C4C1C733,7A2E0000,12000000,4C000000,1EE10000,5FEEFFFF,5FBDFFFF,42AAFFFF,A1310000
1C84415C00000000,5F83A601,ABC1C733,7A2E0000,12000000,4C000000,0DE10000,43EEFFFF,52BDFFFF,26AAFFFF,90310000
8384415C00000000,4D83A601,92C1C733,7A2E0000,12000000,4C000000,F9E00000,27EEFFFF,44BDFFFF,0AAAFFFF,7C310000
E584415C00000000,3A83A601,79C1C733,7A2E0000,12000000,4C000000,E3E00000,0BEEFFFF,36BDFFFF,EEA9FFFF,66310000
4885415C00000000,2883A601,5FC1C733,7A2E0000,12000000,4C000000,D0E00000,EFEDFFFF,28BDFFFF,D2A9FFFF,53310000
AD85415C00000000,1683A601,45C1C733,7A2E0000,12000000,4C000000,BDE00000,D3EDFFFF,19BDFFFF,B6A9FFFF,40310000
1186415C00000000,0483A601,2BC1C733,7A2E0000,12000000,4C000000,AAE00000,B7EDFFFF,0ABDFFFF,9AA9FFFF,2D310000
7686415C00000000,F182A601,11C1C733,7A2E0000,12000000,4C000000,98E00000,9BEDFFFF,FBBCFFFF,7FA9FFFF,1B310000
D986415C00000000,DF82A601,F7C0C733,7A2E0000,12000000,4C000000,89E00000,7FEDFFFF,EBBCFFFF,63A9FFFF,0C310000
3C87415C00000000,CD82A601,DCC0C733,7A2E0000,12000000,4C000000,7DE00000,63EDFFFF,DBBCFFFF,47A9FFFF,00310000
A287415C00000000,BA82A601,C1C0C733,7A2E0000,12000000,4C000000,72E00000,47EDFFFF,CABCFFFF,2BA9FFFF,F5300000
0588415C00000000,A882A601,A7C0C733,7A2E0000,12000000,4C000000,6EE00000,2BEDFFFF,BABCFFFF,0FA9FFFF,F1300000
6888415C00000000,9582A601,8CC0C733,7A2E0000,12000000,4C000000,6FE00000,0FEDFFFF,AABCFFFF,F3A8FFFF,F2300000
CE88415C00000000,8382A601,71C0C733,7A2E0000,12000000,4C000000,78E00000,F3ECFFFF,9ABCFFFF,D7A8FFFF,FB300000
3289415C00000000,7182A601,57C0C733,7A2E0000,12000000,4C000000,89E00000,D7ECFFFF,8ABCFFFF,BBA8FFFF,0C310000
9589415C00000000,5E82A601,3DC0C733,7A2E0000,12000000,4C000000,9EE00000,BBECFFFF,7ABCFFFF,9FA8FFFF,21310000
FA89415C00000000,4C82A601,23C0C733,7A2E0000,12000000,4C000000,A9E00000,9FECFFFF,6BBCFFFF,84A8FFFF,2C310000
5D8A415C00000000,3982A601,08C0C733,7A2E0000,12000000,4C000000,AFE00000,83ECFFFF,5BBCFFFF,68A8FFFF,32310000
C38A415C00000000,2782A601,EEBFC733,7A2E0000,12000000,4C000000,BAE00000,67ECFFFF,4CBCFFFF,4CA8FFFF,3D310000
268B415C00000000,1582A601,D5BFC733,7A2E0000,12000000,4C000000,CBE00000,4BECFFFF,3DBCFFFF,30A8FFFF,4E310000
8D8B415C00000000,0282A601,BBBFC733,7A2E0000,12000000,4C000000,D7E00000,2FECFFFF,2EBCFFFF,14A8FFFF,5A310000
EF8B415C00000000,F081A601,A1BFC733,7A2E0000,12000000,4C000000,DCE00000,13ECFFFF,20BCFFFF,F9A7FFFF,5F310000
528C415C00000000,DD81A601,88BFC733,7A2E0000,12000000,4C000000,E1E00000,F7EBFFFF,12BCFFFF,DDA7FFFF,64310000
B98C415C00000000,CB81A601,6EBFC733,7A2E0000,12000000,4C000000,E9E00000,DBEBFFFF,02BCFFFF,C1A7FFFF,6C310000
1C8D415C00000000,B981A601,54BFC733,7A2E0000,12000000,4C000000,F1E00000,BFEBFFFF,F4BBFFFF,A5A7FFFF,74310000
7E8D415C00000000,A681A601,3BBFC733,7A2E0000,12000000,4C000000,F4E00000,A3EBFFFF,E6BBFFFF,89A7FFFF,77310000
E48D415C00000000,9481A601,21BFC733,7A2E0000,12000000,4C000000,F8E00000,87EBFFFF,D7BBFFFF,6DA7FFFF,7B310000
488E415C00000000,8181A601,08BFC733,7A2E0000,12000000,4C000000,FCE00000,6BEBFFFF,C9BBFFFF,51A7FFFF,7F310000
AB8E415C00000000,6F81A601,EFBEC733,7A2E0000,12000000,4C000000,FDE00000,4FEBFFFF,BBBBFFFF,35A7FFFF,80310000
108F415C00000000,5C81A601,D5BEC733,7A2E0000,12000000,4C000000,F9E00000,33EBFFFF,ADBBFFFF,19A7FFFF,7C310000
738F415C00000000,4A81A601,BCBEC733,7A2E0000,12000000,4C000000,F3E00000,17EBFFFF,9EBBFFFF,FEA6FFFF,76310000
DA8F415C00000000,3781A601,A2BEC733,7A2E0000,12000000,4C000000,F0E00000,FBEAFFFF,90BBFFFF,E2A6FFFF,73310000
3C90415C00000000,2581A601,88BEC733,7A2E0000,12000000,4C000000,ECE00000,DFEAFFFF,81BBFFFF,C6A6FFFF,6F310000
A390415C00000000,1281A601,6FBEC733,7A2E0000,12000000,4C000000,E8E00000,C3EAFFFF,72BBFFFF,AAA6FFFF,6B310000
0591415C00000000,0081A601,55BEC733,7A2E0000,12000000,4C000000,E2E00000,A7EAFFFF,64BBFFFF,8EA6FFFF,65310000
6891415C00000000,EE80A601,3BBEC733,7A2E0000,12000000,4C000000,DCE00000,8BEAFFFF,55BBFFFF,72A6FFFF,5F310000
CE91415C00000000,DB80A601,21BEC733,7A2E0000,12000000,4C000000,D9E00000,6FEAFFFF,45BBFFFF,56A6FFFF,5C310000
3292415C00000000,C880A601,07BEC733,7A2E0000,12000000,4C000000,D4E00000,53EAFFFF,36BBFFFF,3AA6FFFF,57310000
9892415C00000000,B680A601,EDBDC733,7A2E0000,12000000,4C000000,CDE00000,37EAFFFF,27BBFFFF,1EA6FFFF,50310000
F992415C00000000,A380A601,D3BDC733,7A2E0000,12000000,4C000000,C6E00000,1BEAFFFF,17BBFFFF,02A6FFFF,49310000
5D93415C00000000,9180A601,B9BDC733,7A2E0000,12000000,4C000000,BCE00000,FFE9FFFF,08BBFFFF,E6A5FFFF,3F310000
C493415C00000000,7E80A601,9FBDC733,7A2E0000,12000000,4C000000,B3E00000,E3E9FFFF,F7BAFFFF,CAA5FFFF,36310000
2694415C00000000,6B80A601,84BDC733,7A2E0000,12000000,4C000000,ADE00000,C7E9FFFF,E7BAFFFF,AFA5FFFF,30310000
8994415C00000000,5980A601,6ABDC733,7A2E0000,12000000,4C000000,A6E00000,ACE9FFFF,D6BAFFFF,93A5FFFF,29310000
F094415C00000000,4680A601,4FBDC733,7A2E0000,12000000,4C000000,A4E00000,90E9FFFF,C6BAFFFF,77A5FFFF,27310000
5395415C00000000,3480A601,35BDC733,7A2E0000,12000000,4C000000,A2E00000,74E9FFFF,B6BAFFFF,5BA5FFFF,25310000
B595415C00000000,2180A601,1ABDC733,7A2E0000,12000000,4C000000,A7E00000,58E9FFFF,A5BAFFFF,3FA5FFFF,2A310000
1C96415C00000000,0F80A601,00BDC733,7A2E0000,12000000,4C000000,ACE00000,3CE9FFFF,95BAFFFF,23A5FFFF,2F310000
7F96415C00000000,FC7FA601,E6BCC733,7A2E0000,12000000,4C000000,B2E00000,21E9FFFF,85BAFFFF,07A5FFFF,35310000
E496415C00000000,EA7FA601,CCBCC733,7A2E0000,12000000,4C000000,B5E00000,05E9FFFF,75BAFFFF,ECA4FFFF,38310000
4797415C00000000,D77FA601,B2BCC733,7A2E0000,12000000,4C000000,B7E00000,E9E8FFFF,65BAFFFF,D0A4FFFF,3A310000
AE97415C00000000,C57FA601,98BCC733,7A2E0000,12000000,4C000000,B9E00000,CEE8FFFF,55BAFFFF,B4A4FFFF,3C310000
1198415C00000000,B27FA601,7EBCC733,7A2E0000,12000000,4C000000,BAE00000,B2E8FFFF,45BAFFFF,98A4FFFF,3D310000
7398415C00000000,A07FA601,64BCC733,7A2E0000,12000000,4C000000,B3E00000,97E8FFFF,35BAFFFF,7CA4FFFF,36310000
D998415C00000000,8E7FA601,4ABCC733,7A2E0000,12000000,4C000000,AAE00000,7BE8FFFF,25BAFFFF,60A4FFFF,2D310000
3D99415C00000000,7B7FA601,2FBCC733,7A2E0000,12000000,4C000000,ADE00000,5FE8FFFF,14BAFFFF,44A4FFFF,30310000
A099415C00000000,687FA601,15BCC733,7A2E0000,12000000,4C000000,AFE00000,44E8FFFF,04BAFFFF,28A4FFFF,32310000
029A415C00000000,567FA601,FBBBC733,7A2E0000,12000000,4C000000,ACE00000,28E8FFFF,F4B9FFFF,0DA4FFFF,2F310000
689A415C00000000,447FA601,E1BBC733,7A2E0000,12000000,4C000000,A6E00000,0CE8FFFF,E4B9FFFF,F1A3FFFF,29310000
CF9A415C00000000,317FA601,C6BBC733,7A2E0000,12000000,4C000000,A9E00000,F1E7FFFF,D3B9FFFF,D5A3FFFF,2C310000
319B415C00000000,1F7FA601,ACBBC733,7A2E0000,12000000,4C000000,AFE00000,D5E7FFFF,C3B9FFFF,B9A3FFFF,32310000
949B415C00000000,0C7FA601,92BBC733,7A2E0000,12000000,4C000000,B9E00000,BAE7FFFF,B2B9FFFF,9EA3FFFF,3C310000
FA9B415C00000000,F97EA601,77BBC733,7A2E0000,12000000,4C000000,ADE00000,9EE7FFFF,A1B9FFFF,82A3FFFF,30310000
5E9C415C00000000,E77EA601,5DBBC733,7A2E0000,12000000,4C000000,90E00000,83E7FFFF,91B9FFFF,67A3FFFF,13310000
C19C415C00000000,D57EA601,43BBC733,7A2E0000,12000000,4C000000,96E00000,67E7FFFF,80B9FFFF,4BA3FFFF,19310000
269D415C00000000,C27EA601,28BBC733,7A2E0000,12000000,4C000000,B4E00000,4CE7FFFF,6FB9FFFF,2FA3FFFF,37310000
899D415C00000000,AF7EA601,0EBBC733,7A2E0000,12000000,4C000000,BEE00000,30E7FFFF,5EB9FFFF,14A3FFFF,41310000
ED9D415C00000000,9D7EA601,F4BAC733,7A2E0000,12000000,4C000000,BAE00000,15E7FFFF,4DB9FFFF,F9A2FFFF,3D310000
529E415C00000000,8A7EA601,D9BAC733,7A2E0000,12000000,4C000000,B4E00000,FAE6FFFF,3CB9FFFF,DEA2FFFF,37310000
B69E415C00000000,777EA601,BFBAC733,7A2E0000,12000000,4C000000,ABE00000,DEE6FFFF,2AB9FFFF,C3A2FFFF,2E310000
1C9F415C00000000,657EA601,A5BAC733,7A2E0000,12000000,4C000000,A7E00000,C3E6FFFF,19B9FFFF,A8A2FFFF,2A310000
7F9F415C00000000,527EA601,8ABAC733,7A2E0000,12000000,4C000000,A5E00000,A8E6FFFF,08B9FFFF,8DA2FFFF,28310000
E49F415C00000000,407EA601,70BAC733,7A2E0000,12000000,4C000000,A4E00000,8CE6FFFF,F7B8FFFF,72A2FFFF,27310000
48A0415C00000000,2D7EA601,55BAC733,7A2E0000,12000000,4C000000,A6E00000,71E6FFFF,E5B8FFFF,56A2FFFF,29310000
AAA0415C00000000,1B7EA601,3BBAC733,7A2E0000,12000000,4C000000,A2E00000,56E6FFFF,D4B8FFFF,3CA2FFFF,25310000
10A1415C00000000,087EA601,21BAC733,7A2E0000,12000000,4C000000,A0E00000,3BE6FFFF,C3B8FFFF,21A2FFFF,23310000
73A1415C00000000,F67DA601,07BAC733,7A2E0000,12000000,4C000000,9DE00000,20E6FFFF,B2B8FFFF,05A2FFFF,20310000
DAA1415C00000000,E37DA601,ECB9C733,7A2E0000,12000000,4C000000,9FE00000,05E6FFFF,A0B8FFFF,EAA1FFFF,22310000
3DA2415C00000000,D17DA601,D2B9C733,7A2E0000,12000000,4C000000,9EE00000,EAE5FFFF,8FB8FFFF,CFA1FFFF,21310000
9FA2415C00000000,BE7DA601,B7B9C733,7A2E0000,12000000,4C000000,98E00000,CEE5FFFF,7DB8FFFF,B4A1FFFF,1B310000
06A3415C00000000,AC7DA601,9CB9C733,7A2E0000,12000000,4C000000,90E00000,B4E5FFFF,6BB8FFFF,99A1FFFF,13310000
66A3415C00000000,997DA601,82B9C733,7A2E0000,12000000,4C000000,90E00000,99E5FFFF,59B8FFFF,7EA1FFFF,13310000
CBA3415C00000000,877DA601,68B9C733,7A2E0000,12000000,4C000000,94E00000,7EE5FFFF,47B8FFFF,63A1FFFF,17310000
31A4415C00000000,747DA601,4DB9C733,7A2E0000,12000000,4C000000,95E00000,63E5FFFF,36B8FFFF,48A1FFFF,18310000
95A4415C00000000,627DA601,33B9C733,7A2E0000,12000000,4C000000,8AE00000,48E5FFFF,24B8FFFF,2DA1FFFF,0D310000
FBA4415C00000000,507DA601,18B9C733,7A2E0000,12000000,4C000000,84E00000,2DE5FFFF,12B8FFFF,12A1FFFF,07310000
5DA5415C00000000,3D7DA601,FDB8C733,7A2E0000,12000000,4C000000,84E00000,12E5FFFF,FFB7FFFF,F6A0FFFF,07310000
C1A5415C00000000,2B7DA601,E3B8C733,7A2E0000,12000000,4C000000,87E00000,F8E4FFFF,EDB7FFFF,DBA0FFFF,0A310000
27A6415C00000000,187DA601,C8B8C733,7A2E0000,12000000,4C000000,89E00000,DDE4FFFF,DAB7FFFF,C0A0FFFF,0C310000
89A6415C00000000,067DA601,AEB8C733,7A2E0000,12000000,4C000000,8EE00000,C2E4FFFF,C9B7FFFF,A5A0FFFF,11310000
F0A6415C00000000,F37CA601,93B8C733,7A2E0000,12000000,4C000000,8FE00000,A8E4FFFF,B6B7FFFF,8AA0FFFF,12310000
53A7415C00000000,E17CA601,79B8C733,7A2E0000,12000000,4C000000,88E00000,8DE4FFFF,A5B7FFFF,6FA0FFFF,0B310000
B6A7415C00000000,CF7CA601,5FB8C733,7A2E0000,12000000,4C000000,74E00000,73E4FFFF,93B7FFFF,54A0FFFF,F7300000
1CA8415C00000000,BD7CA601,44B8C733,7A2E0000,12000000,4C000000,74E00000,59E4FFFF,80B7FFFF,38A0FFFF,F7300000
7CA8415C00000000,AA7CA601,2AB8C733,7A2E0000,12000000,4C000000,88E00000,3EE4FFFF,6EB7FFFF,1CA0FFFF,0B310000
E1A8415C00000000,997CA601,11B8C733,7A2E0000,12000000,4C000000,A0E00000,25E4FFFF,5CB7FFFF,01A0FFFF,23310000
48A9415C00000000,867CA601,F7B7C733,7A2E0000,12000000,4C000000,A8E00000,0AE4FFFF,4AB7FFFF,E69FFFFF,2B310000
ABA9415C00000000,747CA601,DDB7C733,7A2E0000,12000000,4C000000,A9E00000,F0E3FFFF,39B7FFFF,CB9FFFFF,2C310000
11AA415C00000000,627CA601,C3B7C733,7A2E0000,12000000,4C000000,A8E00000,D6E3FFFF,27B7FFFF,B09FFFFF,2B310000
74AA415C00000000,507CA601,A9B7C733,7A2E0000,12000000,4C000000,ADE00000,BCE3FFFF,16B7FFFF,959FFFFF,30310000
D7AA415C00000000,3E7CA601,90B7C733,7A2E0000,12000000,4C000000,B4E00000,A2E3FFFF,05B7FFFF,7A9FFFFF,37310000
3CAB415C00000000,2C7CA601,76B7C733,7A2E0000,12000000,4C000000,B9E00000,88E3FFFF,F3B6FFFF,5F9FFFFF,3C310000
A0AB415C00000000,1A7CA601,5DB7C733,7A2E0000,12000000,4C000000,BAE00000,6EE3FFFF,E2B6FFFF,449FFFFF,3D310000
06AC415C00000000,087CA601,44B7C733,7A2E0000,12000000,4C000000,BBE00000,54E3FFFF,D1B6FFFF,2A9FFFFF,3E310000
68AC415C00000000,F67BA601,2AB7C733,7A2E0000,12000000,4C000000,BDE00000,3AE3FFFF,C0B6FFFF,0F9FFFFF,40310000
CCAC415C00000000,E47BA601,11B7C733,7A2E0000,12000000,4C000000,C0E00000,20E3FFFF,AFB6FFFF,F49EFFFF,43310000
32AD415C00000000,D27BA601,F8B6C733,7A2E0000,12000000,4C000000,C3E00000,06E3FFFF,9EB6FFFF,D99EFFFF,46310000
95AD415C00000000,C07BA601,DEB6C733,7A2E0000,12000000,4C000000,C1E00000,ECE2FFFF,8DB6FFFF,BE9EFFFF,44310000
F7AD415C00000000,AE7BA601,C5B6C733,7A2E0000,12000000,4C000000,C2E00000,D2E2FFFF,7CB6FFFF,A39EFFFF,45310000
5EAE415C00000000,9C7BA601,ABB6C733,7A2E0000,12000000,4C000000,C1E00000,B7E2FFFF,6BB6FFFF,879EFFFF,44310000
C0AE415C00000000,897BA601,92B6C733,7A2E0000,12000000,4C000000,C6E00000,9DE2FFFF,5AB6FFFF,6C9EFFFF,49310000
27AF415C00000000,777BA601,78B6C733,7A2E0000,12000000,4C000000,CAE00000,82E2FFFF,49B6FFFF,509EFFFF,4D310000
8AAF415C00000000,657BA601,5EB6C733,7A2E0000,12000000,4C000000,CAE00000,67E2FFFF,38B6FFFF,359EFFFF,4D310000
ECAF415C00000000,527BA601,44B6C733,7A2E0000,12000000,4C000000,CCE00000,4CE2FFFF,27B6FFFF,1A9EFFFF,4F310000
53B0415C00000000,3F7BA601,29B6C733,7A2E0000,12000000,4C000000,D4E00000,31E2FFFF,16B6FFFF,FF9DFFFF,57310000
B6B0415C00000000,2C7BA601,0FB6C733,7A2E0000,12000000,4C000000,E2E00000,15E2FFFF,05B6FFFF,E39DFFFF,65310000
1BB1415C00000000,197BA601,F5B5C733,7A2E0000,12000000,4C000000,EDE00000,F9E1FFFF,F5B5FFFF,C89DFFFF,70310000
7FB1415C00000000,077BA601,DBB5C733,7A2E0000,12000000,4C000000,F6E00000,DDE1FFFF,E5B5FFFF,AC9DFFFF,79310000
E2B1415C00000000,F47AA601,C1B5C733,7A2E0000,12000000,4C000000,02E10000,C1E1FFFF,D5B5FFFF,919DFFFF,85310000
48B2415C00000000,E17AA601,A7B5C733,7A2E0000,12000000,4C000000,0FE10000,A5E1FFFF,C5B5FFFF,759DFFFF,92310000
AAB2415C00000000,CE7AA601,8DB5C733,7A2E0000,12000000,4C000000,1BE10000,89E1FFFF,B5B5FFFF,5A9DFFFF,9E310000
0EB3415C00000000,BB7AA601,73B5C733,7A2E0000,12000000,4C000000,26E10000,6DE1FFFF,A6B5FFFF,3F9DFFFF,A9310000
71B3415C00000000,A87AA601,5AB5C733,7A2E0000,12000000,4C000000,2FE10000,51E1FFFF,97B5FFFF,239DFFFF,B2310000
D7B3415C00000000,957AA601,40B5C733,7A2E0000,12000000,4C000000,35E10000,35E1FFFF,88B5FFFF,089DFFFF,B8310000
3DB4415C00000000,827AA601,27B5C733,7A2E0000,12000000,4C000000,40E10000,19E1FFFF,79B5FFFF,EC9CFFFF,C3310000
A0B4415C00000000,6F7AA601,0EB5C733,7A2E0000,12000000,4C000000,4AE10000,FDE0FFFF,6BB5FFFF,D09CFFFF,CD310000
03B5415C00000000,5C7AA601,F4B4C733,7A2E0000,12000000,4C000000,4AE10000,E1E0FFFF,5CB5FFFF,B59CFFFF,CD310000
69B5415C00000000,4A7AA601,DBB4C733,7A2E0000,12000000,4C000000,45E10000,C5E0FFFF,4EB5FFFF,999CFFFF,C8310000
CCB5415C00000000,377AA601,C2B4C733,7A2E0000,12000000,4C000000,39E10000,A9E0FFFF,3FB5FFFF,7D9CFFFF,BC310000
32B6415C00000000,247AA601,A8B4C733,7A2E0000,12000000,4C000000,24E10000,8DE0FFFF,31B5FFFF,619CFFFF,A7310000
95B6415C00000000,117AA601,8FB4C733,7A2E0000,12000000,4C000000,14E10000,71E0FFFF,21B5FFFF,459CFFFF,97310000
F8B6415C00000000,FE79A601,75B4C733,7A2E0000,12000000,4C000000,08E10000,55E0FFFF,12B5FFFF,299CFFFF,8B310000
5EB7415C00000000,EB79A601,5AB4C733,7A2E0000,12000000,4C000000,F4E00000,39E0FFFF,01B5FFFF,0E9CFFFF,77310000
C0B7415C00000000,D879A601,3FB4C733,7A2E0000,12000000,4C000000,E1E00000,1DE0FFFF,EFB4FFFF,F29BFFFF,64310000
24B8415C00000000,C579A601,24B4C733,7A2E0000,12000000,4C000000,B7E00000,01E0FFFF,DEB4FFFF,D79BFFFF,3A310000
89B8415C00000000,B179A601,08B4C733,7A2E0000,12000000,4C000000,85E00000,E5DFFFFF,CAB4FFFF,BC9BFFFF,08310000
EDB8415C00000000,9E79A601,ECB3C733,7A2E0000,12000000,4C000000,5AE00000,C9DFFFFF,B7B4FFFF,A19BFFFF,DD300000
53B9415C00000000,8B79A601,CFB3C733,7A2E0000,12000000,4C000000,32E00000,ADDFFFFF,A2B4FFFF,859BFFFF,B5300000
B6B9415C00000000,7779A601,B2B3C733,7A2E0000,12000000,4C000000,FFDF0000,91DFFFFF,8DB4FFFF,699BFFFF,82300000
19BA415C00000000,6479A601,93B3C733,7A2E0000,12000000,4C000000,C2DF0000,75DFFFFF,76B4FFFF,4E9BFFFF,45300000
7FBA415C00000000,5079A601,74B3C733,7A2E0000,12000000,4C000000,94DF0000,59DFFFFF,5DB4FFFF,329BFFFF,17300000
E2BA415C00000000,3C79A601,55B3C733,7A2E0000,12000000,4C000000,7BDF0000,3DDFFFFF,45B4FFFF,179BFFFF,FE2F0000
47BB415C00000000,2879A601,34B3C733,7A2E0000,12000000,4C000000,55DF0000,21DFFFFF,2BB4FFFF,FB9AFFFF,D82F0000
ABBB415C00000000,1479A601,14B3C733,7A2E0000,12000000,4C000000,2EDF0000,05DFFFFF,12B4FFFF,E09AFFFF,B12F0000
0EBC415C00000000,0179A601,F3B2C733,7A2E0000,12000000,4C000000,FCDE0000,E9DEFFFF,F8B3FFFF,C49AFFFF,7F2F0000
73BC415C00000000,ED78A601,D2B2C733,7A2E0000,12000000,4C000000,E2DE0000,CDDEFFFF,DDB3FFFF,A99AFFFF,652F0000
D7BC415C00000000,D978A601,B0B2C733,7A2E0000,12000000,4C000000,C4DE0000,B1DEFFFF,C2B3FFFF,8D9AFFFF,472F0000
3ABD415C00000000,C678A601,8EB2C733,7A2E0000,12000000,4C000000,ABDE0000,95DEFFFF,A7B3FFFF,719AFFFF,2E2F0000
A0BD415C00000000,B278A601,6CB2C733,7A2E0000,12000000,4C000000,98DE0000,79DEFFFF,8BB3FFFF,559AFFFF,1B2F0000
03BE415C00000000,9F78A601,4AB2C733,7A2E0000,12000000,4C000000,8ADE0000,5DDEFFFF,70B3FFFF,399AFFFF,0D2F0000
69BE415C00000000,8B78A601,28B2C733,7A2E0000,12000000,4C000000,7FDE0000,41DEFFFF,54B3FFFF,1E9AFFFF,022F0000
CCBE415C00000000,7878A601,06B2C733,7A2E0000,12000000,4C000000,78DE0000,25DEFFFF,38B3FFFF,029AFFFF,FB2E0000
2FBF415C00000000,6478A601,E3B1C733,7A2E0000,12000000,4C000000,74DE0000,09DEFFFF,1CB3FFFF,E699FFFF,F72E0000
95BF415C00000000,5178A601,C1B1C733,7A2E0000,12000000,4C000000,6DDE0000,EDDDFFFF,00B3FFFF,CA99FFFF,F02E0000
F8BF415C00000000,3E78A601,9FB1C733,7A2E0000,12000000,4C000000,6ADE0000,D1DDFFFF,E5B2FFFF,AE99FFFF,ED2E0000
5EC0415C00000000,2B78A601,7CB1C733,7A2E0000,12000000,4C000000,6DDE0000,B5DDFFFF,C9B2FFFF,9299FFFF,F02E0000
BFC0415C00000000,1778A601,5AB1C733,7A2E0000,12000000,4C000000,72DE0000,99DDFFFF,AEB2FFFF,7799FFFF,F52E0000
24C1415C00000000,0478A601,38B1C733,7A2E0000,12000000,4C000000,7EDE0000,7DDDFFFF,92B2FFFF,5B99FFFF,012F0000
8AC1415C00000000,F177A601,16B1C733,7A2E0000,12000000,4C000000,8FDE0000,61DDFFFF,77B2FFFF,3F99FFFF,122F0000
EDC1415C00000000,DD77A601,F5B0C733,7A2E0000,12000000,4C000000,A5DE0000,45DDFFFF,5DB2FFFF,2399FFFF,282F0000
52C2415C00000000,CA77A601,D4B0C733,7A2E0000,12000000,4C000000,C6DE0000,2ADDFFFF,42B2FFFF,0799FFFF,492F0000
B7C2415C00000000,B677A601,B3B0C733,7A2E0000,12000000,4C000000,E9DE0000,0EDDFFFF,28B2FFFF,EB98FFFF,6C2F0000
19C3415C00000000,A377A601,93B0C733,7A2E0000,12000000,4C000000,03DF0000,F2DCFFFF,0FB2FFFF,CF98FFFF,862F0000
7CC3415C00000000,9077A601,73B0C733,7A2E0000,12000000,4C000000,28DF0000,D6DCFFFF,F6B1FFFF,B498FFFF,AB2F0000
E2C3415C00000000,7D77A601,53B0C733,7A2E0000,12000000,4C000000,49DF0000,BADCFFFF,DFB1FFFF,9898FFFF,CC2F0000
45C4415C00000000,6977A601,34B0C733,7A2E0000,12000000,4C000000,6EDF0000,9EDCFFFF,C7B1FFFF,7C98FFFF,F12F0000
ABC4415C00000000,5677A601,16B0C733,7A2E0000,12000000,4C000000,96DF0000,82DCFFFF,B0B1FFFF,6098FFFF,19300000
0DC5415C00000000,4377A601,F8AFC733,7A2E0000,12000000,4C000000,BFDF0000,66DCFFFF,9BB1FFFF,4498FFFF,42300000
74C5415C00000000,3077A601,DBAFC733,7A2E0000,12000000,4C000000,E1DF0000,4ADCFFFF,86B1FFFF,2998FFFF,64300000
D7C5415C00000000,1D77A601,BEAFC733,7A2E0000,12000000,4C000000,06E00000,2EDCFFFF,72B1FFFF,0E98FFFF,89300000
37C6415C00000000,0A77A601,A2AFC733,7A2E0000,12000000,4C000000,29E00000,12DCFFFF,5FB1FFFF,F297FFFF,AC300000
A0C6415C00000000,F776A601,86AFC733,7A2E0000,12000000,4C000000,4EE00000,F6DBFFFF,4BB1FFFF,D697FFFF,D1300000
03C7415C00000000,E476A601,6BAFC733,7A2E0000,12000000,4C000000,6BE00000,DADBFFFF,39B1FFFF,BB97FFFF,EE300000
69C7415C00000000,D176A601,4FAFC733,7A2E0000,12000000,4C000000,84E00000,BEDBFFFF,28B1FFFF,9F97FFFF,07310000
CDC7415C00000000,BE76A601,35AFC733,7A2E0000,12000000,4C000000,A1E00000,A2DBFFFF,16B1FFFF,8497FFFF,24310000
2FC8415C00000000,AB76A601,1AAFC733,7A2E0000,12000000,4C000000,B7E00000,86DBFFFF,05B1FFFF,6897FFFF,3A310000
95C8415C00000000,9876A601,FFAEC733,7A2E0000,12000000,4C000000,BEE00000,6ADBFFFF,F4B0FFFF,4D97FFFF,41310000
F8C8415C00000000,8576A601,E4AEC733,7A2E0000,12000000,4C000000,BAE00000,4EDBFFFF,E2B0FFFF,3197FFFF,3D310000
5CC9415C00000000,7276A601,C9AEC733,7A2E0000,12000000,4C000000,B3E00000,32DBFFFF,D1B0FFFF,1697FFFF,36310000
C1C9415C00000000,5F76A601,AEAEC733,7A2E0000,12000000,4C000000,ADE00000,16DBFFFF,BFB0FFFF,FB96FFFF,30310000
24CA415C00000000,4C76A601,93AEC733,7A2E0000,12000000,4C000000,ABE00000,FADAFFFF,ADB0FFFF,DF96FFFF,2E310000
8ACA415C00000000,3876A601,77AEC733,7A2E0000,12000000,4C000000,A5E00000,DEDAFFFF,9BB0FFFF,C396FFFF,28310000
EDCA415C00000000,2576A601,5CAEC733,7A2E0000,12000000,4C000000,91E00000,C2DAFFFF,89B0FFFF,A896FFFF,14310000
4DCB415C00000000,1276A601,40AEC733,7A2E0000,12000000,4C000000,81E00000,A6DAFFFF,76B0FFFF,8C96FFFF,04310000
B6CB415C00000000,FF75A601,24AEC733,7A2E0000,12000000,4C000000,87E00000,8ADAFFFF,63B0FFFF,7096FFFF,0A310000
19CC415C00000000,EC75A601,09AEC733,7A2E0000,12000000,4C000000,93E00000,6EDAFFFF,51B0FFFF,5496FFFF,16310000
7FCC415C00000000,D875A601,EDADC733,7A2E0000,12000000,4C000000,91E00000,52DAFFFF,3DB0FFFF,3996FFFF,14310000
E3CC415C00000000,C575A601,D2ADC733,7A2E0000,12000000,4C000000,8AE00000,36DAFFFF,2BB0FFFF,1D96FFFF,0D310000
46CD415C00000000,B275A601,B6ADC733,7A2E0000,12000000,4C000000,88E00000,1ADAFFFF,18B0FFFF,0296FFFF,0B310000
ABCD415C00000000,9E75A601,9AADC733,7A2E0000,12000000,4C000000,8AE00000,FED9FFFF,04B0FFFF,E795FFFF,0D310000
0BCE415C00000000,8B75A601,7EADC733,7A2E0000,12000000,4C000000,94E00000,E2D9FFFF,F1AFFFFF,CB95FFFF,17310000
71CE415C00000000,7875A601,62ADC733,7A2E0000,12000000,4C000000,9DE00000,C6D9FFFF,DEAFFFFF,B095FFFF,20310000
D7CE415C00000000,6475A601,46ADC733,7A2E0000,12000000,4C000000,A2E00000,AAD9FFFF,CBAFFFFF,9495FFFF,25310000
3ACF415C00000000,5175A601,2BADC733,7A2E0000,12000000,4C000000,A2E00000,8ED9FFFF,B8AFFFFF,7995FFFF,25310000
9ECF415C00000000,3D75A601,0FADC733,7A2E0000,12000000,4C000000,A0E00000,72D9FFFF,A5AFFFFF,5D95FFFF,23310000
03D0415C00000000,2A75A601,F3ACC733,7A2E0000,12000000,4C000000,9DE00000,56D9FFFF,92AFFFFF,4295FFFF,20310000
66D0415C00000000,1675A601,D7ACC733,7A2E0000,12000000,4C000000,A3E00000,3AD9FFFF,7EAFFFFF,2695FFFF,26310000
CDD0415C00000000,0275A601,BBACC733,7A2E0000,12000000,4C000000,A9E00000,1ED9FFFF,6AAFFFFF,0B95FFFF,2C310000
2FD1415C00000000,EF74A601,9FACC733,7A2E0000,12000000,4C000000,AFE00000,02D9FFFF,57AFFFFF,EF94FFFF,32310000
95D1415C00000000,DB74A601,83ACC733,7A2E0000,12000000,4C000000,ACE00000,E6D8FFFF,42AFFFFF,D494FFFF,2F310000
F9D1415C00000000,C774A601,67ACC733,7A2E0000,12000000,4C000000,A3E00000,CAD8FFFF,2FAFFFFF,B994FFFF,26310000
5BD2415C00000000,B374A601,4BACC733,7A2E0000,12000000,4C000000,9FE00000,AED8FFFF,1BAFFFFF,9E94FFFF,22310000
C1D2415C00000000,9F74A601,2FACC733,7A2E0000,12000000,4C000000,A2E00000,92D8FFFF,06AFFFFF,8294FFFF,25310000
24D3415C00000000,8C74A601,12ACC733,7A2E0000,12000000,4C000000,9FE00000,76D8FFFF,F2AEFFFF,6794FFFF,22310000
88D3415C00000000,7874A601,F6ABC733,7A2E0000,12000000,4C000000,97E00000,5AD8FFFF,DEAEFFFF,4C94FFFF,1A310000
EDD3415C00000000,6474A601,DAABC733,7A2E0000,12000000,4C000000,8EE00000,3ED8FFFF,C9AEFFFF,3094FFFF,11310000
50D4415C00000000,5074A601,BDABC733,7A2E0000,12000000,4C000000,86E00000,22D8FFFF,B5AEFFFF,1494FFFF,09310000
B7D4415C00000000,3C74A601,A0ABC733,7A2E0000,12000000,4C000000,83E00000,06D8FFFF,9FAEFFFF,F993FFFF,06310000
19D5415C00000000,2874A601,83ABC733,7A2E0000,12000000,4C000000,82E00000,EAD7FFFF,8AAEFFFF,DD93FFFF,05310000
7DD5415C00000000,1474A601,66ABC733,7A2E0000,12000000,4C000000,7BE00000,CED7FFFF,75AEFFFF,C293FFFF,FE300000
E2D5415C00000000,0074A601,49ABC733,7A2E0000,12000000,4C000000,70E00000,B2D7FFFF,5FAEFFFF,A693FFFF,F3300000
45D6415C00000000,EC73A601,2CABC733,7A2E0000,12000000,4C000000,6BE00000,96D7FFFF,49AEFFFF,8B93FFFF,EE300000
ABD6415C00000000,D873A601,0EABC733,7A2E0000,12000000,4C000000,65E00000,7AD7FFFF,33AEFFFF,7093FFFF,E8300000
0FD7415C00000000,C373A601,F1AAC733,7A2E0000,12000000,4C000000,5BE00000,5ED7FFFF,1DAEFFFF,5493FFFF,DE300000
71D7415C00000000,AF73A601,D3AAC733,7A2E0000,12000000,4C000000,4FE00000,42D7FFFF,06AEFFFF,3993FFFF,D2300000
D8D7415C00000000,9B73A601,B5AAC733,7A2E0000,12000000,4C000000,49E00000,26D7FFFF,EFADFFFF,1D93FFFF,CC300000
3BD8415C00000000,8673A601,97AAC733,7A2E0000,12000000,4C000000,3EE00000,0AD7FFFF,D8ADFFFF,0293FFFF,C1300000
9DD8415C00000000,7273A601,79AAC733,7A2E0000,12000000,4C000000,2EE00000,EED6FFFF,C1ADFFFF,E692FFFF,B1300000
04D9415C00000000,5E73A601,5BAAC733,7A2E0000,12000000,4C000000,1CE00000,D2D6FFFF,AAADFFFF,CA92FFFF,9F300000
66D9415C00000000,4A73A601,3DAAC733,7A2E0000,12000000,4C000000,15E00000,B6D6FFFF,93ADFFFF,AF92FFFF,98300000
CCD9415C00000000,3673A601,1EAAC733,7A2E0000,12000000,4C000000,0DE00000,9AD6FFFF,7BADFFFF,9392FFFF,90300000
2FDA415C00000000,2173A601,FFA9C733,7A2E0000,12000000,4C000000,04E00000,7ED6FFFF,63ADFFFF,7792FFFF,87300000
93DA415C00000000,0D73A601,E0A9C733,7A2E0000,12000000,4C000000,FADF0000,62D6FFFF,4BADFFFF,5B92FFFF,7D300000
F8DA415C00000000,F972A601,C1A9C733,7A2E0000,12000000,4C000000,F1DF0000,46D6FFFF,33ADFFFF,3F92FFFF,74300000
5BDB415C00000000,E472A601,A2A9C733,7A2E0000,12000000,4C000000,EEDF0000,2AD6FFFF,1BADFFFF,2392FFFF,71300000
C2DB415C00000000,D072A601,83A9C733,7A2E0000,12000000,4C000000,EADF0000,0ED6FFFF,02ADFFFF,0792FFFF,6D300000
24DC415C00000000,BC72A601,64A9C733,7A2E0000,12000000,4C000000,E1DF0000,F2D5FFFF,EAACFFFF,EB91FFFF,64300000
87DC415C00000000,A772A601,45A9C733,7A2E0000,12000000,4C000000,D0DF0000,D6D5FFFF,D1ACFFFF,CF91FFFF,53300000
EEDC415C00000000,9372A601,25A9C733,7A2E0000,12000000,4C000000,C3DF0000,BAD5FFFF,B8ACFFFF,B391FFFF,46300000
51DD415C00000000,7F72A601,06A9C733,7A2E0000,12000000,4C000000,C3DF0000,9ED5FFFF,9FACFFFF,9791FFFF,46300000
B3DD415C00000000,6B72A601,E7A8C733,7A2E0000,12000000,4C000000,D2DF0000,82D5FFFF,87ACFFFF,7B91FFFF,55300000
18DE415C00000000,5672A601,C8A8C733,7A2E0000,12000000,4C000000,E3DF0000,66D5FFFF,6EACFFFF,5F91FFFF,66300000
7DDE415C00000000,4272A601,A9A8C733,7A2E0000,12000000,4C000000,E9DF0000,4AD5FFFF,57ACFFFF,4391FFFF,6C300000
E2DE415C00000000,2E72A601,8BA8C733,7A2E0000,12000000,4C000000,F4DF0000,2ED5FFFF,40ACFFFF,2791FFFF,77300000
44DF415C00000000,1A72A601,6CA8C733,7A2E0000,12000000,4C000000,0DE00000,12D5FFFF,28ACFFFF,0B91FFFF,90300000
A8DF415C00000000,0672A601,4EA8C733,7A2E0000,12000000,4C000000,2CE00000,F6D4FFFF,12ACFFFF,EF90FFFF,AF300000
0FE0415C00000000,F271A601,31A8C733,7A2E0000,12000000,4C000000,5DE00000,DAD4FFFF,FBABFFFF,D390FFFF,E0300000
71E0415C00000000,DD71A601,14A8C733,7A2E0000,12000000,4C000000,97E00000,BED4FFFF,E5ABFFFF,B890FFFF,1A310000
D7E0415C00000000,C971A601,F7A7C733,7A2E0000,12000000,4C000000,E2E00000,A2D4FFFF,D0ABFFFF,9C90FFFF,65310000
3BE1415C00000000,B471A601,DBA7C733,7A2E0000,12000000,4C000000,37E10000,86D4FFFF,BBABFFFF,8090FFFF,BA310000
9EE1415C00000000,9F71A601,C0A7C733,7A2E0000,12000000,4C000000,98E10000,6AD4FFFF,A8ABFFFF,6490FFFF,1B320000
03E2415C00000000,8A71A601,A5A7C733,7A2E0000,12000000,4C000000,05E20000,4ED4FFFF,95ABFFFF,4890FFFF,88320000
66E2415C00000000,7571A601,8CA7C733,7A2E0000,12000000,4C000000,7CE20000,32D4FFFF,83ABFFFF,2C90FFFF,FF320000
CAE2415C00000000,6071A601,74A7C733,7A2E0000,12000000,4C000000,00E30000,17D4FFFF,71ABFFFF,1090FFFF,83330000
2FE3415C00000000,4A71A601,5CA7C733,7A2E0000,12000000,4C000000,8FE30000,FCD3FFFF,60ABFFFF,F48FFFFF,12340000
92E3415C00000000,3571A601,46A7C733,7A2E0000,12000000,4C000000,28E40000,E2D3FFFF,50ABFFFF,D88FFFFF,AB340000
F9E3415C00000000,2071A601,32A7C733,7A2E0000,12000000,4C000000,DAE40000,C9D3FFFF,41ABFFFF,BC8FFFFF,5D350000
5BE4415C00000000,0A71A601,1EA7C733,7A2E0000,12000000,4C000000,A7E50000,B0D3FFFF,32ABFFFF,A08FFFFF,2A360000
BEE4415C00000000,F570A601,0CA7C733,7A2E0000,12000000,4C000000,85E60000,97D3FFFF,25ABFFFF,848FFFFF,08370000
25E5415C00000000,DF70A601,FCA6C733,7A2E0000,12000000,4C000000,7EE70000,7FD3FFFF,19ABFFFF,688FFFFF,01380000
88E5415C00000000,C970A601,ECA6C733,7A2E0000,12000000,4C000000,7FE80000,67D3FFFF,0DABFFFF,4C8FFFFF,02390000
