ts,utm_x,utm_y,z,utm_zone_n,utm_zone_l,heading,inx_x,inx_y,inx_z,inx_yaw
ED9C485C00000000,C1B0A601,3D8FC633,592D0000,12000000,4C000000,01870000,042F0000,C0DCFFFF,D15F0000,DBFEFFFF
539D485C00000000,BBB0A601,538FC633,592D0000,12000000,4C000000,00870000,162F0000,B3DCFFFF,E85F0000,DAFEFFFF
B99D485C00000000,1FA2A601,3BC8C633,592D0000,12000000,4C000000,00870000,2E000000,12000000,33000000,DAFEFFFF
1C9E485C00000000,19A2A601,51C8C633,592D0000,12000000,4C000000,00870000,41000000,05000000,4C000000,DAFEFFFF
7F9E485C00000000,14A2A601,66C8C633,592D0000,12000000,4C000000,00870000,53000000,F9FFFFFF,63000000,DAFEFFFF
E59E485C00000000,0EA2A601,7DC8C633,592D0000,12000000,4C000000,00870000,66000000,ECFFFFFF,7C000000,DAFEFFFF
479F485C00000000,08A2A601,92C8C633,592D0000,12000000,4C000000,FF860000,78000000,DFFFFFFF,93000000,D9FEFFFF
AE9F485C00000000,03A2A601,A7C8C633,592D0000,12000000,4C000000,00870000,8A000000,D2FFFFFF,AB000000,DAFEFFFF
11A0485C00000000,FDA1A601,BDC8C633,592D0000,12000000,4C000000,FF860000,9C000000,C5FFFFFF,C3000000,D9FEFFFF
74A0485C00000000,F8A1A601,D3C8C633,592D0000,12000000,4C000000,FF860000,AE000000,B8FFFFFF,DB000000,D9FEFFFF
DAA0485C00000000,F2A1A601,E8C8C633,592D0000,12000000,4C000000,FF860000,C0000000,ACFFFFFF,F2000000,D9FEFFFF
3DA1485C00000000,ECA1A601,FEC8C633,592D0000,12000000,4C000000,FF860000,D3000000,9EFFFFFF,0B010000,D9FEFFFF
A0A1485C00000000,E7A1A601,14C9C633,592D0000,12000000,4C000000,FF860000,E5000000,92FFFFFF,23010000,D9FEFFFF
03A2485C00000000,E1A1A601,2AC9C633,592D0000,12000000,4C000000,FE860000,F8000000,85FFFFFF,3B010000,D8FEFFFF
69A2485C00000000,DCA1A601,3FC9C633,592D0000,12000000,4C000000,FE860000,0A010000,78FFFFFF,53010000,D8FEFFFF
CFA2485C00000000,D6A1A601,54C9C633,592D0000,12000000,4C000000,FE860000,1C010000,6BFFFFFF,6A010000,D8FEFFFF
32A3485C00000000,D1A1A601,6AC9C633,592D0000,12000000,4C000000,FE860000,2E010000,5EFFFFFF,83010000,D8FEFFFF
96A3485C00000000,CBA1A601,80C9C633,592D0000,12000000,4C000000,FE860000,40010000,51FFFFFF,9B010000,D8FEFFFF
FBA3485C00000000,C6A1A601,95C9C633,592D0000,12000000,4C000000,FE860000,52010000,45FFFFFF,B2010000,D8FEFFFF
5DA4485C00000000,C0A1A601,ABC9C633,592D0000,12000000,4C000000,FE860000,65010000,38FFFFFF,CB010000,D8FEFFFF
C5A4485C00000000,BBA1A601,C0C9C633,592D0000,12000000,4C000000,FE860000,77010000,2BFFFFFF,E3010000,D8FEFFFF
27A5485C00000000,B5A1A601,D6C9C633,592D0000,12000000,4C000000,FE860000,89010000,1EFFFFFF,FB010000,D8FEFFFF
8AA5485C00000000,B0A1A601,EBC9C633,592D0000,12000000,4C000000,FD860000,9B010000,12FFFFFF,13020000,D7FEFFFF
F0A5485C00000000,AAA1A601,00CAC633,592D0000,12000000,4C000000,FD860000,AD010000,05FFFFFF,2B020000,D7FEFFFF
53A6485C00000000,A4A1A601,17CAC633,592D0000,12000000,4C000000,FD860000,C0010000,F8FEFFFF,44020000,D7FEFFFF
B6A6485C00000000,9FA1A601,2CCAC633,592D0000,12000000,4C000000,FD860000,D2010000,EBFEFFFF,5C020000,D7FEFFFF
19A7485C00000000,99A1A601,42CAC633,592D0000,12000000,4C000000,FD860000,E5010000,DEFEFFFF,75020000,D7FEFFFF
80A7485C00000000,94A1A601,58CAC633,592D0000,12000000,4C000000,FC860000,F7010000,D1FEFFFF,8D020000,D6FEFFFF
E5A7485C00000000,8EA1A601,6DCAC633,592D0000,12000000,4C000000,FC860000,09020000,C5FEFFFF,A5020000,D6FEFFFF
48A8485C00000000,89A1A601,82CAC633,592D0000,12000000,4C000000,FC860000,1B020000,B8FEFFFF,BD020000,D6FEFFFF
ABA8485C00000000,83A1A601,97CAC633,592D0000,12000000,4C000000,FC860000,2D020000,ACFEFFFF,D6020000,D6FEFFFF
11A9485C00000000,7EA1A601,ACCAC633,592D0000,12000000,4C000000,FC860000,3F020000,9FFEFFFF,ED020000,D6FEFFFF
74A9485C00000000,78A1A601,C2CAC633,592D0000,12000000,4C000000,FB860000,51020000,92FEFFFF,06030000,D5FEFFFF
DAA9485C00000000,73A1A601,D8CAC633,592D0000,12000000,4C000000,FB860000,63020000,86FEFFFF,1F030000,D5FEFFFF
3DAA485C00000000,6DA1A601,EDCAC633,592D0000,12000000,4C000000,FB860000,75020000,79FEFFFF,37030000,D5FEFFFF
A0AA485C00000000,68A1A601,02CBC633,592D0000,12000000,4C000000,FB860000,87020000,6DFEFFFF,50030000,D5FEFFFF
06AB485C00000000,62A1A601,17CBC633,592D0000,12000000,4C000000,FB860000,99020000,60FEFFFF,68030000,D5FEFFFF
69AB485C00000000,5DA1A601,2DCBC633,592D0000,12000000,4C000000,FB860000,AC020000,53FEFFFF,81030000,D5FEFFFF
CCAB485C00000000,57A1A601,43CBC633,592D0000,12000000,4C000000,FA860000,BE020000,47FEFFFF,99030000,D4FEFFFF
31AC485C00000000,52A1A601,58CBC633,592D0000,12000000,4C000000,FA860000,D0020000,3AFEFFFF,B2030000,D4FEFFFF
95AC485C00000000,4CA1A601,6ECBC633,592D0000,12000000,4C000000,FA860000,E3020000,2DFEFFFF,CB030000,D4FEFFFF
FBAC485C00000000,47A1A601,82CBC633,592D0000,12000000,4C000000,FA860000,F4020000,21FEFFFF,E3030000,D4FEFFFF
5FAD485C00000000,41A1A601,98CBC633,592D0000,12000000,4C000000,FA860000,06030000,14FEFFFF,FC030000,D4FEFFFF
C1AD485C00000000,3BA1A601,AECBC633,592D0000,12000000,4C000000,FA860000,19030000,08FEFFFF,14040000,D4FEFFFF
27AE485C00000000,36A1A601,C3CBC633,592D0000,12000000,4C000000,FA860000,2B030000,FBFDFFFF,2D040000,D4FEFFFF
8AAE485C00000000,31A1A601,D8CBC633,592D0000,12000000,4C000000,F9860000,3D030000,EFFDFFFF,45040000,D3FEFFFF
F1AE485C00000000,2BA1A601,EECBC633,592D0000,12000000,4C000000,F9860000,4F030000,E2FDFFFF,5E040000,D3FEFFFF
53AF485C00000000,26A1A601,03CCC633,592D0000,12000000,4C000000,F9860000,61030000,D6FDFFFF,77040000,D3FEFFFF
B6AF485C00000000,20A1A601,18CCC633,592D0000,12000000,4C000000,F9860000,73030000,C9FDFFFF,90040000,D3FEFFFF
1DB0485C00000000,1BA1A601,2DCCC633,592D0000,12000000,4C000000,F9860000,85030000,BDFDFFFF,A8040000,D3FEFFFF
7FB0485C00000000,15A1A601,42CCC633,592D0000,12000000,4C000000,F9860000,97030000,B1FDFFFF,C1040000,D3FEFFFF
E2B0485C00000000,10A1A601,57CCC633,592D0000,12000000,4C000000,F9860000,A9030000,A4FDFFFF,DA040000,D3FEFFFF
49B1485C00000000,0AA1A601,6DCCC633,592D0000,12000000,4C000000,F8860000,BB030000,98FDFFFF,F3040000,D2FEFFFF
ACB1485C00000000,05A1A601,82CCC633,592D0000,12000000,4C000000,F8860000,CD030000,8BFDFFFF,0C050000,D2FEFFFF
11B2485C00000000,FFA0A601,96CCC633,592D0000,12000000,4C000000,F8860000,DF030000,7FFDFFFF,24050000,D2FEFFFF
74B2485C00000000,FAA0A601,ACCCC633,592D0000,12000000,4C000000,F8860000,F1030000,73FDFFFF,3D050000,D2FEFFFF
D7B2485C00000000,F4A0A601,C1CCC633,592D0000,12000000,4C000000,F8860000,03040000,66FDFFFF,56050000,D2FEFFFF
3DB3485C00000000,EFA0A601,D6CCC633,592D0000,12000000,4C000000,F8860000,15040000,5AFDFFFF,6F050000,D2FEFFFF
A0B3485C00000000,EAA0A601,EBCCC633,592D0000,12000000,4C000000,F7860000,27040000,4EFDFFFF,88050000,D1FEFFFF
06B4485C00000000,E4A0A601,01CDC633,592D0000,12000000,4C000000,F7860000,39040000,41FDFFFF,A1050000,D1FEFFFF
6AB4485C00000000,DFA0A601,16CDC633,592D0000,12000000,4C000000,F7860000,4B040000,35FDFFFF,BA050000,D1FEFFFF
CDB4485C00000000,D9A0A601,2BCDC633,592D0000,12000000,4C000000,F7860000,5D040000,29FDFFFF,D2050000,D1FEFFFF
32B5485C00000000,D4A0A601,40CDC633,592D0000,12000000,4C000000,F7860000,6F040000,1CFDFFFF,EB050000,D1FEFFFF
95B5485C00000000,CEA0A601,56CDC633,592D0000,12000000,4C000000,F7860000,82040000,10FDFFFF,05060000,D1FEFFFF
F9B5485C00000000,C9A0A601,6ACDC633,592D0000,12000000,4C000000,F6860000,93040000,04FDFFFF,1D060000,D0FEFFFF
5EB6485C00000000,C3A0A601,7FCDC633,592D0000,12000000,4C000000,F6860000,A5040000,F8FCFFFF,36060000,D0FEFFFF
C2B6485C00000000,BEA0A601,94CDC633,592D0000,12000000,4C000000,F6860000,B7040000,EBFCFFFF,50060000,D0FEFFFF
27B7485C00000000,B9A0A601,A9CDC633,592D0000,12000000,4C000000,F6860000,C9040000,DFFCFFFF,69060000,D0FEFFFF
8BB7485C00000000,B3A0A601,BECDC633,592D0000,12000000,4C000000,F6860000,DA040000,D3FCFFFF,82060000,D0FEFFFF
EDB7485C00000000,AEA0A601,D3CDC633,592D0000,12000000,4C000000,F6860000,EC040000,C7FCFFFF,9B060000,D0FEFFFF
52B8485C00000000,A8A0A601,E7CDC633,592D0000,12000000,4C000000,F6860000,FE040000,BBFCFFFF,B4060000,D0FEFFFF
B7B8485C00000000,A3A0A601,FDCDC633,592D0000,12000000,4C000000,F5860000,10050000,AFFCFFFF,CD060000,CFFEFFFF
1DB9485C00000000,9EA0A601,11CEC633,592D0000,12000000,4C000000,F5860000,22050000,A3FCFFFF,E6060000,CFFEFFFF
7FB9485C00000000,98A0A601,26CEC633,592D0000,12000000,4C000000,F5860000,34050000,97FCFFFF,00070000,CFFEFFFF
E2B9485C00000000,93A0A601,3BCEC633,592D0000,12000000,4C000000,F5860000,45050000,8BFCFFFF,19070000,CFFEFFFF
49BA485C00000000,8DA0A601,4FCEC633,592D0000,12000000,4C000000,F5860000,57050000,7FFCFFFF,32070000,CFFEFFFF
ACBA485C00000000,88A0A601,65CEC633,592D0000,12000000,4C000000,F4860000,69050000,72FCFFFF,4B070000,CEFEFFFF
0EBB485C00000000,83A0A601,79CEC633,592D0000,12000000,4C000000,F4860000,7B050000,66FCFFFF,64070000,CEFEFFFF
75BB485C00000000,7DA0A601,8ECEC633,592D0000,12000000,4C000000,F4860000,8C050000,5AFCFFFF,7D070000,CEFEFFFF
D8BB485C00000000,78A0A601,A2CEC633,592D0000,12000000,4C000000,F4860000,9E050000,4FFCFFFF,96070000,CEFEFFFF
3DBC485C00000000,73A0A601,B7CEC633,592D0000,12000000,4C000000,F4860000,B0050000,42FCFFFF,B0070000,CEFEFFFF
A1BC485C00000000,6DA0A601,CCCEC633,592D0000,12000000,4C000000,F4860000,C2050000,36FCFFFF,C9070000,CEFEFFFF
03BD485C00000000,68A0A601,E1CEC633,592D0000,12000000,4C000000,F4860000,D4050000,2AFCFFFF,E2070000,CEFEFFFF
6ABD485C00000000,62A0A601,F6CEC633,592D0000,12000000,4C000000,F3860000,E6050000,1EFCFFFF,FC070000,CDFEFFFF
CCBD485C00000000,5DA0A601,0BCFC633,592D0000,12000000,4C000000,F3860000,F8050000,12FCFFFF,15080000,CDFEFFFF
32BE485C00000000,57A0A601,20CFC633,592D0000,12000000,4C000000,F3860000,09060000,06FCFFFF,2E080000,CDFEFFFF
95BE485C00000000,52A0A601,35CFC633,592D0000,12000000,4C000000,F3860000,1B060000,FAFBFFFF,48080000,CDFEFFFF
F6BE485C00000000,4DA0A601,49CFC633,592D0000,12000000,4C000000,F2860000,2D060000,EEFBFFFF,61080000,CCFEFFFF
5FBF485C00000000,47A0A601,5ECFC633,592D0000,12000000,4C000000,F2860000,3F060000,E2FBFFFF,7A080000,CCFEFFFF
C2BF485C00000000,42A0A601,73CFC633,592D0000,12000000,4C000000,F2860000,51060000,D6FBFFFF,94080000,CCFEFFFF
24C0485C00000000,3DA0A601,87CFC633,592D0000,12000000,4C000000,F2860000,62060000,CAFBFFFF,AD080000,CCFEFFFF
89C0485C00000000,37A0A601,9CCFC633,592D0000,12000000,4C000000,F2860000,74060000,BEFBFFFF,C7080000,CCFEFFFF
EEC0485C00000000,32A0A601,B1CFC633,592D0000,12000000,4C000000,F1860000,86060000,B2FBFFFF,E1080000,CBFEFFFF
53C1485C00000000,2CA0A601,C5CFC633,592D0000,12000000,4C000000,F1860000,98060000,A7FBFFFF,FA080000,CBFEFFFF
B6C1485C00000000,27A0A601,DBCFC633,592D0000,12000000,4C000000,F1860000,AA060000,9AFBFFFF,14090000,CBFEFFFF
1AC2485C00000000,22A0A601,EFCFC633,592D0000,12000000,4C000000,F1860000,BC060000,8FFBFFFF,2D090000,CBFEFFFF
80C2485C00000000,1CA0A601,04D0C633,592D0000,12000000,4C000000,F1860000,CD060000,83FBFFFF,46090000,CBFEFFFF
E2C2485C00000000,17A0A601,18D0C633,592D0000,12000000,4C000000,F1860000,DF060000,77FBFFFF,60090000,CBFEFFFF
47C3485C00000000,12A0A601,2DD0C633,592D0000,12000000,4C000000,F0860000,F0060000,6BFBFFFF,7A090000,CAFEFFFF
ACC3485C00000000,0CA0A601,42D0C633,592D0000,12000000,4C000000,F0860000,02070000,60FBFFFF,93090000,CAFEFFFF
0EC4485C00000000,07A0A601,57D0C633,592D0000,12000000,4C000000,F0860000,14070000,53FBFFFF,AD090000,CAFEFFFF
74C4485C00000000,01A0A601,6BD0C633,592D0000,12000000,4C000000,F0860000,26070000,48FBFFFF,C6090000,CAFEFFFF
D8C4485C00000000,FC9FA601,80D0C633,592D0000,12000000,4C000000,F0860000,38070000,3CFBFFFF,E0090000,CAFEFFFF
3AC5485C00000000,F79FA601,94D0C633,592D0000,12000000,4C000000,F0860000,4A070000,30FBFFFF,FA090000,CAFEFFFF
A1C5485C00000000,F19FA601,A9D0C633,592D0000,12000000,4C000000,EF860000,5B070000,24FBFFFF,140A0000,C9FEFFFF
03C6485C00000000,EC9FA601,BED0C633,592D0000,12000000,4C000000,EF860000,6D070000,19FBFFFF,2D0A0000,C9FEFFFF
6AC6485C00000000,E79FA601,D2D0C633,592D0000,12000000,4C000000,EF860000,7F070000,0DFBFFFF,470A0000,C9FEFFFF
CDC6485C00000000,E19FA601,E7D0C633,592D0000,12000000,4C000000,EF860000,91070000,01FBFFFF,610A0000,C9FEFFFF
30C7485C00000000,DC9FA601,FCD0C633,592D0000,12000000,4C000000,EF860000,A3070000,F5FAFFFF,7A0A0000,C9FEFFFF
95C7485C00000000,D69FA601,10D1C633,592D0000,12000000,4C000000,EF860000,B4070000,E9FAFFFF,940A0000,C9FEFFFF
F9C7485C00000000,D19FA601,25D1C633,592D0000,12000000,4C000000,EE860000,C6070000,DEFAFFFF,AE0A0000,C8FEFFFF
5EC8485C00000000,CC9FA601,39D1C633,592D0000,12000000,4C000000,EE860000,D8070000,D2FAFFFF,C70A0000,C8FEFFFF
C1C8485C00000000,C79FA601,4ED1C633,592D0000,12000000,4C000000,EE860000,E9070000,C6FAFFFF,E10A0000,C8FEFFFF
25C9485C00000000,C19FA601,62D1C633,592D0000,12000000,4C000000,EE860000,FB070000,BBFAFFFF,FA0A0000,C8FEFFFF
8AC9485C00000000,BC9FA601,76D1C633,592D0000,12000000,4C000000,EE860000,0C080000,B0FAFFFF,140B0000,C8FEFFFF
EEC9485C00000000,B79FA601,8BD1C633,592D0000,12000000,4C000000,EE860000,1E080000,A4FAFFFF,2E0B0000,C8FEFFFF
53CA485C00000000,B19FA601,9FD1C633,592D0000,12000000,4C000000,EE860000,2F080000,98FAFFFF,480B0000,C8FEFFFF
B7CA485C00000000,AC9FA601,B3D1C633,592D0000,12000000,4C000000,ED860000,41080000,8DFAFFFF,610B0000,C7FEFFFF
1ACB485C00000000,A79FA601,C7D1C633,592D0000,12000000,4C000000,ED860000,52080000,82FAFFFF,7B0B0000,C7FEFFFF
7FCB485C00000000,A29FA601,DCD1C633,592D0000,12000000,4C000000,ED860000,64080000,76FAFFFF,950B0000,C7FEFFFF
E2CB485C00000000,9C9FA601,F0D1C633,592D0000,12000000,4C000000,ED860000,76080000,6AFAFFFF,AF0B0000,C7FEFFFF
46CC485C00000000,979FA601,05D2C633,592D0000,12000000,4C000000,ED860000,87080000,5FFAFFFF,C90B0000,C7FEFFFF
ABCC485C00000000,929FA601,19D2C633,592D0000,12000000,4C000000,EC860000,99080000,54FAFFFF,E20B0000,C6FEFFFF
0ECD485C00000000,8C9FA601,2DD2C633,592D0000,12000000,4C000000,EC860000,AB080000,48FAFFFF,FC0B0000,C6FEFFFF
74CD485C00000000,879FA601,42D2C633,592D0000,12000000,4C000000,EC860000,BC080000,3DFAFFFF,160C0000,C6FEFFFF
D8CD485C00000000,829FA601,56D2C633,592D0000,12000000,4C000000,EC860000,CE080000,31FAFFFF,300C0000,C6FEFFFF
3BCE485C00000000,7D9FA601,6AD2C633,592D0000,12000000,4C000000,EC860000,DF080000,26FAFFFF,4A0C0000,C6FEFFFF
A1CE485C00000000,779FA601,7FD2C633,592D0000,12000000,4C000000,EC860000,F1080000,1AFAFFFF,640C0000,C6FEFFFF
03CF485C00000000,729FA601,93D2C633,592D0000,12000000,4C000000,EB860000,03090000,0EFAFFFF,7E0C0000,C5FEFFFF
69CF485C00000000,6D9FA601,A7D2C633,592D0000,12000000,4C000000,EB860000,14090000,03FAFFFF,980C0000,C5FEFFFF
CDCF485C00000000,679FA601,BCD2C633,592D0000,12000000,4C000000,EB860000,26090000,F8F9FFFF,B10C0000,C5FEFFFF
30D0485C00000000,629FA601,D0D2C633,592D0000,12000000,4C000000,EB860000,37090000,ECF9FFFF,CB0C0000,C5FEFFFF
96D0485C00000000,5D9FA601,E4D2C633,592D0000,12000000,4C000000,EA860000,49090000,E1F9FFFF,E50C0000,C4FEFFFF
F9D0485C00000000,579FA601,F8D2C633,592D0000,12000000,4C000000,EA860000,5A090000,D6F9FFFF,FF0C0000,C4FEFFFF
5CD1485C00000000,529FA601,0CD3C633,592D0000,12000000,4C000000,EA860000,6C090000,CBF9FFFF,190D0000,C4FEFFFF
BED1485C00000000,4D9FA601,21D3C633,592D0000,12000000,4C000000,EA860000,7D090000,BFF9FFFF,330D0000,C4FEFFFF
25D2485C00000000,489FA601,35D3C633,592D0000,12000000,4C000000,EA860000,8F090000,B4F9FFFF,4E0D0000,C4FEFFFF
8BD2485C00000000,429FA601,49D3C633,592D0000,12000000,4C000000,E9860000,A1090000,A9F9FFFF,670D0000,C3FEFFFF
EDD2485C00000000,3D9FA601,5DD3C633,592D0000,12000000,4C000000,E9860000,B2090000,9DF9FFFF,820D0000,C3FEFFFF
51D3485C00000000,389FA601,71D3C633,592D0000,12000000,4C000000,E9860000,C4090000,92F9FFFF,9B0D0000,C3FEFFFF
B7D3485C00000000,329FA601,86D3C633,592D0000,12000000,4C000000,E9860000,D5090000,87F9FFFF,B60D0000,C3FEFFFF
19D4485C00000000,2D9FA601,9AD3C633,592D0000,12000000,4C000000,E9860000,E7090000,7BF9FFFF,D00D0000,C3FEFFFF
7FD4485C00000000,289FA601,AED3C633,592D0000,12000000,4C000000,E9860000,F8090000,70F9FFFF,EA0D0000,C3FEFFFF
E3D4485C00000000,239FA601,C3D3C633,592D0000,12000000,4C000000,E9860000,0A0A0000,65F9FFFF,040E0000,C3FEFFFF
46D5485C00000000,1D9FA601,D7D3C633,592D0000,12000000,4C000000,EC860000,1C0A0000,5AF9FFFF,1E0E0000,C6FEFFFF
ABD5485C00000000,189FA601,ECD3C633,592D0000,12000000,4C000000,EB860000,2F0A0000,4EF9FFFF,380E0000,C5FEFFFF
0FD6485C00000000,129FA601,02D4C633,592D0000,12000000,4C000000,E9860000,420A0000,43F9FFFF,530E0000,C3FEFFFF
72D6485C00000000,0C9FA601,18D4C633,592D0000,12000000,4C000000,EB860000,560A0000,37F9FFFF,6D0E0000,C5FEFFFF
D5D6485C00000000,079FA601,2ED4C633,592D0000,12000000,4C000000,EA860000,6A0A0000,2CF9FFFF,870E0000,C4FEFFFF
3BD7485C00000000,019FA601,45D4C633,592D0000,12000000,4C000000,E9860000,7E0A0000,21F9FFFF,A20E0000,C3FEFFFF
A1D7485C00000000,FB9EA601,5CD4C633,592D0000,12000000,4C000000,E9860000,940A0000,15F9FFFF,BC0E0000,C3FEFFFF
04D8485C00000000,F49EA601,75D4C633,592D0000,12000000,4C000000,E8860000,AA0A0000,0AF9FFFF,D70E0000,C2FEFFFF
67D8485C00000000,EE9EA601,8ED4C633,592D0000,12000000,4C000000,E7860000,C10A0000,FFF8FFFF,F10E0000,C1FEFFFF
CDD8485C00000000,E79EA601,A7D4C633,592D0000,12000000,4C000000,E6860000,DA0A0000,F3F8FFFF,0C0F0000,C0FEFFFF
30D9485C00000000,E09EA601,C3D4C633,592D0000,12000000,4C000000,E3860000,F30A0000,E8F8FFFF,260F0000,BDFEFFFF
92D9485C00000000,D89EA601,DED4C633,592D0000,12000000,4C000000,E0860000,0E0B0000,DCF8FFFF,410F0000,BAFEFFFF
F9D9485C00000000,D19EA601,FBD4C633,592D0000,12000000,4C000000,DC860000,290B0000,D1F8FFFF,5C0F0000,B6FEFFFF
5CDA485C00000000,C99EA601,18D5C633,592D0000,12000000,4C000000,D8860000,450B0000,C5F8FFFF,770F0000,B2FEFFFF
C2DA485C00000000,C19EA601,36D5C633,592D0000,12000000,4C000000,D6860000,610B0000,B9F8FFFF,920F0000,B0FEFFFF
25DB485C00000000,BA9EA601,53D5C633,592D0000,12000000,4C000000,D2860000,7D0B0000,ADF8FFFF,AD0F0000,ACFEFFFF
88DB485C00000000,B29EA601,71D5C633,592D0000,12000000,4C000000,CC860000,990B0000,A1F8FFFF,C90F0000,A6FEFFFF
EEDB485C00000000,AA9EA601,8ED5C633,592D0000,12000000,4C000000,C6860000,B50B0000,95F8FFFF,E40F0000,A0FEFFFF
51DC485C00000000,A29EA601,ACD5C633,592D0000,12000000,4C000000,BE860000,D10B0000,89F8FFFF,00100000,98FEFFFF
B7DC485C00000000,9A9EA601,C9D5C633,592D0000,12000000,4C000000,B7860000,ED0B0000,7DF8FFFF,1B100000,91FEFFFF
1ADD485C00000000,929EA601,E7D5C633,592D0000,12000000,4C000000,B3860000,090C0000,71F8FFFF,37100000,8DFEFFFF
7DDD485C00000000,8A9EA601,04D6C633,592D0000,12000000,4C000000,AA860000,250C0000,64F8FFFF,53100000,84FEFFFF
E3DD485C00000000,829EA601,22D6C633,592D0000,12000000,4C000000,9F860000,410C0000,58F8FFFF,6E100000,79FEFFFF
46DE485C00000000,7A9EA601,3FD6C633,592D0000,12000000,4C000000,9B860000,5D0C0000,4CF8FFFF,8A100000,75FEFFFF
ACDE485C00000000,729EA601,5DD6C633,592D0000,12000000,4C000000,95860000,790C0000,3FF8FFFF,A6100000,6FFEFFFF
0FDF485C00000000,699EA601,7AD6C633,592D0000,12000000,4C000000,8B860000,950C0000,32F8FFFF,C1100000,65FEFFFF
72DF485C00000000,619EA601,98D6C633,592D0000,12000000,4C000000,84860000,B10C0000,26F8FFFF,DD100000,5EFEFFFF
D8DF485C00000000,599EA601,B5D6C633,592D0000,12000000,4C000000,7C860000,CD0C0000,19F8FFFF,F9100000,56FEFFFF
38E0485C00000000,509EA601,D3D6C633,592D0000,12000000,4C000000,75860000,E90C0000,0CF8FFFF,15110000,4FFEFFFF
9EE0485C00000000,489EA601,F0D6C633,592D0000,12000000,4C000000,6F860000,050D0000,00F8FFFF,30110000,49FEFFFF
04E1485C00000000,409EA601,0ED7C633,592D0000,12000000,4C000000,66860000,210D0000,F4F7FFFF,4C110000,40FEFFFF
67E1485C00000000,379EA601,2BD7C633,592D0000,12000000,4C000000,60860000,3D0D0000,E7F7FFFF,68110000,3AFEFFFF
CDE1485C00000000,2F9EA601,49D7C633,592D0000,12000000,4C000000,5A860000,590D0000,DBF7FFFF,83110000,34FEFFFF
30E2485C00000000,269EA601,66D7C633,592D0000,12000000,4C000000,55860000,750D0000,CEF7FFFF,9F110000,2FFEFFFF
93E2485C00000000,1E9EA601,83D7C633,592D0000,12000000,4C000000,54860000,900D0000,C2F7FFFF,BA110000,2EFEFFFF
F7E2485C00000000,159EA601,A1D7C633,592D0000,12000000,4C000000,4C860000,AC0D0000,B5F7FFFF,D6110000,26FEFFFF
5CE3485C00000000,0D9EA601,BED7C633,592D0000,12000000,4C000000,43860000,C80D0000,A8F7FFFF,F1110000,1DFEFFFF
C2E3485C00000000,049EA601,DBD7C633,592D0000,12000000,4C000000,3D860000,E40D0000,9CF7FFFF,0D120000,17FEFFFF
25E4485C00000000,FC9DA601,F8D7C633,592D0000,12000000,4C000000,36860000,FF0D0000,8FF7FFFF,28120000,10FEFFFF
88E4485C00000000,F39DA601,15D8C633,592D0000,12000000,4C000000,30860000,1A0E0000,83F7FFFF,43120000,0AFEFFFF
EEE4485C00000000,EB9DA601,31D8C633,592D0000,12000000,4C000000,2A860000,350E0000,77F7FFFF,5E120000,04FEFFFF
51E5485C00000000,E29DA601,4ED8C633,592D0000,12000000,4C000000,23860000,510E0000,69F7FFFF,79120000,FDFDFFFF
B4E5485C00000000,D99DA601,6BD8C633,592D0000,12000000,4C000000,1D860000,6B0E0000,5DF7FFFF,94120000,F7FDFFFF
1AE6485C00000000,D19DA601,87D8C633,592D0000,12000000,4C000000,14860000,860E0000,50F7FFFF,AF120000,EEFDFFFF
7DE6485C00000000,C89DA601,A3D8C633,592D0000,12000000,4C000000,0D860000,A10E0000,43F7FFFF,CA120000,E7FDFFFF
E3E6485C00000000,C09DA601,BFD8C633,592D0000,12000000,4C000000,08860000,BB0E0000,37F7FFFF,E5120000,E2FDFFFF
46E7485C00000000,B79DA601,DBD8C633,592D0000,12000000,4C000000,00860000,D50E0000,2AF7FFFF,00130000,DAFDFFFF
A9E7485C00000000,AF9DA601,F7D8C633,592D0000,12000000,4C000000,F9850000,EF0E0000,1DF7FFFF,1B130000,D3FDFFFF
0FE8485C00000000,A69DA601,13D9C633,592D0000,12000000,4C000000,EF850000,090F0000,10F7FFFF,36130000,C9FDFFFF
72E8485C00000000,9E9DA601,2ED9C633,592D0000,12000000,4C000000,E7850000,240F0000,03F7FFFF,50130000,C1FDFFFF
D8E8485C00000000,959DA601,4AD9C633,592D0000,12000000,4C000000,E3850000,3D0F0000,F7F6FFFF,6B130000,BDFDFFFF
3BE9485C00000000,8D9DA601,65D9C633,592D0000,12000000,4C000000,E1850000,570F0000,EAF6FFFF,86130000,BBFDFFFF
9EE9485C00000000,849DA601,81D9C633,592D0000,12000000,4C000000,E1850000,710F0000,DCF6FFFF,A1130000,BBFDFFFF
04EA485C00000000,7C9DA601,9CD9C633,592D0000,12000000,4C000000,E7850000,8A0F0000,D0F6FFFF,BC130000,C1FDFFFF
67EA485C00000000,739DA601,B7D9C633,592D0000,12000000,4C000000,EC850000,A40F0000,C3F6FFFF,D6130000,C6FDFFFF
CAEA485C00000000,6B9DA601,D2D9C633,592D0000,12000000,4C000000,F0850000,BD0F0000,B7F6FFFF,F1130000,CAFDFFFF
30EB485C00000000,639DA601,EDD9C633,592D0000,12000000,4C000000,F9850000,D60F0000,AAF6FFFF,0C140000,D3FDFFFF
93EB485C00000000,5B9DA601,08DAC633,592D0000,12000000,4C000000,FF850000,EF0F0000,9EF6FFFF,27140000,D9FDFFFF
F9EB485C00000000,539DA601,22DAC633,592D0000,12000000,4C000000,03860000,08100000,91F6FFFF,41140000,DDFDFFFF
5CEC485C00000000,4B9DA601,3CDAC633,592D0000,12000000,4C000000,08860000,20100000,85F6FFFF,5C140000,E2FDFFFF
BFEC485C00000000,439DA601,55DAC633,592D0000,12000000,4C000000,0C860000,37100000,79F6FFFF,76140000,E6FDFFFF
25ED485C00000000,3C9DA601,6DDAC633,592D0000,12000000,4C000000,11860000,4D100000,6DF6FFFF,91140000,EBFDFFFF
88ED485C00000000,359DA601,85DAC633,592D0000,12000000,4C000000,16860000,63100000,61F6FFFF,AB140000,F0FDFFFF
EEED485C00000000,2E9DA601,9BDAC633,592D0000,12000000,4C000000,1C860000,77100000,56F6FFFF,C5140000,F6FDFFFF
51EE485C00000000,279DA601,B1DAC633,592D0000,12000000,4C000000,20860000,8B100000,4AF6FFFF,E0140000,FAFDFFFF
B4EE485C00000000,219DA601,C6DAC633,592D0000,12000000,4C000000,24860000,9D100000,3EF6FFFF,FA140000,FEFDFFFF
1AEF485C00000000,1B9DA601,DADAC633,592D0000,12000000,4C000000,29860000,AF100000,32F6FFFF,14150000,03FEFFFF
7DEF485C00000000,169DA601,EDDAC633,592D0000,12000000,4C000000,2E860000,BF100000,27F6FFFF,2E150000,08FEFFFF
E0EF485C00000000,109DA601,FEDAC633,592D0000,12000000,4C000000,34860000,CD100000,1CF6FFFF,48150000,0EFEFFFF
46F0485C00000000,0C9DA601,0FDBC633,592D0000,12000000,4C000000,38860000,DA100000,10F6FFFF,62150000,12FEFFFF
A9F0485C00000000,079DA601,1EDBC633,592D0000,12000000,4C000000,3E860000,E6100000,05F6FFFF,7C150000,18FEFFFF
0FF1485C00000000,039DA601,2DDBC633,592D0000,12000000,4C000000,44860000,F0100000,FBF5FFFF,95150000,1EFEFFFF
73F1485C00000000,FF9CA601,3BDBC633,592D0000,12000000,4C000000,4B860000,FA100000,F0F5FFFF,AF150000,25FEFFFF
D5F1485C00000000,FB9CA601,48DBC633,592D0000,12000000,4C000000,52860000,02110000,E5F5FFFF,C8150000,2CFEFFFF
3BF2485C00000000,F89CA601,54DBC633,592D0000,12000000,4C000000,5D860000,0A110000,DBF5FFFF,E2150000,37FEFFFF
9EF2485C00000000,F49CA601,60DBC633,592D0000,12000000,4C000000,68860000,11110000,D0F5FFFF,FC150000,42FEFFFF
03F3485C00000000,F19CA601,6CDBC633,592D0000,12000000,4C000000,75860000,18110000,C6F5FFFF,15160000,4FFEFFFF
67F3485C00000000,EE9CA601,77DBC633,592D0000,12000000,4C000000,85860000,1E110000,BCF5FFFF,2E160000,5FFEFFFF
CAF3485C00000000,EB9CA601,82DBC633,592D0000,12000000,4C000000,97860000,23110000,B2F5FFFF,48160000,71FEFFFF
2FF4485C00000000,E89CA601,8DDBC633,592D0000,12000000,4C000000,AC860000,28110000,A8F5FFFF,61160000,86FEFFFF
93F4485C00000000,E59CA601,98DBC633,592D0000,12000000,4C000000,CA860000,2E110000,9EF5FFFF,7B160000,A4FEFFFF
F6F4485C00000000,E29CA601,A2DBC633,592D0000,12000000,4C000000,EE860000,32110000,95F5FFFF,94160000,C8FEFFFF
5DF5485C00000000,E09CA601,ACDBC633,592D0000,12000000,4C000000,1A870000,37110000,8CF5FFFF,AE160000,F4FEFFFF
BFF5485C00000000,DD9CA601,B5DBC633,592D0000,12000000,4C000000,4C870000,3B110000,84F5FFFF,C7160000,26FFFFFF
25F6485C00000000,DB9CA601,BDDBC633,592D0000,12000000,4C000000,7F870000,3F110000,7CF5FFFF,E0160000,59FFFFFF
88F6485C00000000,DA9CA601,C6DBC633,592D0000,12000000,4C000000,BC870000,43110000,74F5FFFF,FA160000,96FFFFFF
ECF6485C00000000,D89CA601,CEDBC633,592D0000,12000000,4C000000,FE870000,46110000,6CF5FFFF,14170000,D8FFFFFF
51F7485C00000000,D69CA601,D6DBC633,592D0000,12000000,4C000000,47880000,4A110000,66F5FFFF,2D170000,20000000
B4F7485C00000000,D59CA601,DCDBC633,592D0000,12000000,4C000000,99880000,4D110000,5FF5FFFF,47170000,72000000
19F8485C00000000,D49CA601,E3DBC633,592D0000,12000000,4C000000,EE880000,50110000,5AF5FFFF,60170000,C7000000
7DF8485C00000000,D39CA601,E9DBC633,592D0000,12000000,4C000000,48890000,53110000,55F5FFFF,7A170000,21010000
E0F8485C00000000,D29CA601,EEDBC633,592D0000,12000000,4C000000,A6890000,56110000,50F5FFFF,93170000,7F010000
46F9485C00000000,D29CA601,F3DBC633,592D0000,12000000,4C000000,0D8A0000,59110000,4CF5FFFF,AC170000,E6010000
A9F9485C00000000,D29CA601,F7DBC633,592D0000,12000000,4C000000,7C8A0000,5B110000,49F5FFFF,C6170000,55020000
0FFA485C00000000,D19CA601,FADBC633,592D0000,12000000,4C000000,EA8A0000,5E110000,47F5FFFF,E0170000,C3020000
73FA485C00000000,D19CA601,FDDBC633,592D0000,12000000,4C000000,5C8B0000,60110000,45F5FFFF,FA170000,35030000
D5FA485C00000000,D19CA601,00DCC633,592D0000,12000000,4C000000,D08B0000,63110000,44F5FFFF,13180000,A9030000
3BFB485C00000000,D19CA601,03DCC633,592D0000,12000000,4C000000,4D8C0000,65110000,43F5FFFF,2D180000,26040000
9FFB485C00000000,D19CA601,06DCC633,592D0000,12000000,4C000000,DF8C0000,68110000,44F5FFFF,47180000,B8040000
01FC485C00000000,D19CA601,09DCC633,592D0000,12000000,4C000000,7C8D0000,6C110000,45F5FFFF,60180000,55050000
67FC485C00000000,D19CA601,0EDCC633,592D0000,12000000,4C000000,278E0000,6F110000,47F5FFFF,7A180000,00060000
CBFC485C00000000,D29CA601,13DCC633,592D0000,12000000,4C000000,E68E0000,73110000,4BF5FFFF,94180000,BF060000
30FD485C00000000,D39CA601,1ADCC633,592D0000,12000000,4C000000,AF8F0000,78110000,50F5FFFF,AD180000,88070000
93FD485C00000000,D49CA601,22DCC633,592D0000,12000000,4C000000,9A900000,7D110000,57F5FFFF,C7180000,73080000
F6FD485C00000000,D79CA601,2CDCC633,592D0000,12000000,4C000000,95910000,82110000,5FF5FFFF,E1180000,6E090000
5DFE485C00000000,DA9CA601,38DCC633,592D0000,12000000,4C000000,95920000,87110000,6BF5FFFF,FB180000,6E0A0000
BFFE485C00000000,DE9CA601,46DCC633,592D0000,12000000,4C000000,A9930000,8D110000,78F5FFFF,15190000,820B0000
25FF485C00000000,E49CA601,55DCC633,592D0000,12000000,4C000000,BD940000,93110000,87F5FFFF,2F190000,960C0000
89FF485C00000000,EB9CA601,65DCC633,592D0000,12000000,4C000000,D5950000,99110000,98F5FFFF,49190000,AE0D0000
ECFF485C00000000,F49CA601,76DCC633,592D0000,12000000,4C000000,DD960000,A0110000,AAF5FFFF,62190000,B60E0000
5100495C00000000,FE9CA601,88DCC633,592D0000,12000000,4C000000,E9970000,A6110000,BDF5FFFF,7C190000,C20F0000
B400495C00000000,099DA601,9ADCC633,592D0000,12000000,4C000000,FA980000,AC110000,D2F5FFFF,96190000,D3100000
1801495C00000000,159DA601,ACDCC633,592D0000,12000000,4C000000,0F9A0000,B2110000,E7F5FFFF,AF190000,E8110000
7A01495C00000000,229DA601,BEDCC633,592D0000,12000000,4C000000,159B0000,B8110000,FCF5FFFF,C9190000,EE120000
E001495C00000000,309DA601,CFDCC633,592D0000,12000000,4C000000,FD9B0000,BE110000,11F6FFFF,E2190000,D6130000
4702495C00000000,3F9DA601,DFDCC633,592D0000,12000000,4C000000,CD9C0000,C3110000,26F6FFFF,FA190000,A6140000
AA02495C00000000,4E9DA601,EFDCC633,592D0000,12000000,4C000000,899D0000,C9110000,3CF6FFFF,131A0000,62150000
0C03495C00000000,5C9DA601,FEDCC633,592D0000,12000000,4C000000,279E0000,CE110000,50F6FFFF,2B1A0000,00160000
7203495C00000000,6B9DA601,0CDDC633,592D0000,12000000,4C000000,B19E0000,D3110000,63F6FFFF,431A0000,8A160000
D403495C00000000,799DA601,19DDC633,592D0000,12000000,4C000000,2C9F0000,D8110000,76F6FFFF,5A1A0000,05170000
3B04495C00000000,879DA601,25DDC633,592D0000,12000000,4C000000,8F9F0000,DC110000,88F6FFFF,711A0000,68170000
9F04495C00000000,949DA601,30DDC633,592D0000,12000000,4C000000,E49F0000,E0110000,98F6FFFF,881A0000,BD170000
0205495C00000000,A09DA601,3ADDC633,592D0000,12000000,4C000000,2CA00000,E4110000,A8F6FFFF,9E1A0000,05180000
6705495C00000000,AB9DA601,44DDC633,592D0000,12000000,4C000000,6BA00000,E8110000,B6F6FFFF,B41A0000,44180000
CA05495C00000000,B69DA601,4CDDC633,592D0000,12000000,4C000000,A5A00000,EB110000,C3F6FFFF,CB1A0000,7E180000
2E06495C00000000,C09DA601,54DDC633,592D0000,12000000,4C000000,D7A00000,EE110000,CFF6FFFF,E11A0000,B0180000
9306495C00000000,C99DA601,5BDDC633,592D0000,12000000,4C000000,03A10000,F1110000,DAF6FFFF,F61A0000,DC180000
F606495C00000000,D19DA601,61DDC633,592D0000,12000000,4C000000,2AA10000,F4110000,E4F6FFFF,0C1B0000,03190000
5C07495C00000000,D89DA601,66DDC633,592D0000,12000000,4C000000,4AA10000,F6110000,ECF6FFFF,221B0000,23190000
BE07495C00000000,DE9DA601,6BDDC633,592D0000,12000000,4C000000,66A10000,F8110000,F4F6FFFF,371B0000,3F190000
2308495C00000000,E39DA601,6FDDC633,592D0000,12000000,4C000000,80A10000,FA110000,FAF6FFFF,4D1B0000,59190000
8808495C00000000,E89DA601,72DDC633,592D0000,12000000,4C000000,97A10000,FB110000,00F7FFFF,621B0000,70190000
EB08495C00000000,EC9DA601,76DDC633,592D0000,12000000,4C000000,A9A10000,FD110000,05F7FFFF,781B0000,82190000
5109495C00000000,F09DA601,78DDC633,592D0000,12000000,4C000000,BAA10000,FE110000,0AF7FFFF,8D1B0000,93190000
B309495C00000000,F49DA601,7BDDC633,592D0000,12000000,4C000000,C8A10000,FF110000,0EF7FFFF,A21B0000,A1190000
160A495C00000000,F79DA601,7DDDC633,592D0000,12000000,4C000000,CFA10000,01120000,11F7FFFF,B71B0000,A8190000
7A0A495C00000000,F99DA601,7FDDC633,592D0000,12000000,4C000000,D4A10000,02120000,14F7FFFF,CC1B0000,AD190000
E00A495C00000000,FB9DA601,80DDC633,592D0000,12000000,4C000000,D8A10000,02120000,17F7FFFF,E01B0000,B1190000
430B495C00000000,FD9DA601,82DDC633,592D0000,12000000,4C000000,D8A10000,03120000,19F7FFFF,F51B0000,B1190000
A90B495C00000000,FF9DA601,83DDC633,592D0000,12000000,4C000000,D9A10000,04120000,1BF7FFFF,0B1C0000,B2190000
0C0C495C00000000,009EA601,84DDC633,592D0000,12000000,4C000000,DCA10000,05120000,1CF7FFFF,201C0000,B5190000
710C495C00000000,019EA601,84DDC633,592D0000,12000000,4C000000,DEA10000,05120000,1DF7FFFF,341C0000,B7190000
D50C495C00000000,029EA601,85DDC633,592D0000,12000000,4C000000,DFA10000,06120000,1DF7FFFF,491C0000,B8190000
370D495C00000000,029EA601,85DDC633,592D0000,12000000,4C000000,E3A10000,07120000,1EF7FFFF,5D1C0000,BC190000
9E0D495C00000000,039EA601,86DDC633,592D0000,12000000,4C000000,E7A10000,07120000,1EF7FFFF,721C0000,C0190000
010E495C00000000,039EA601,86DDC633,592D0000,12000000,4C000000,EBA10000,08120000,1DF7FFFF,871C0000,C4190000
660E495C00000000,049EA601,87DDC633,592D0000,12000000,4C000000,F0A10000,09120000,1DF7FFFF,9B1C0000,C9190000
CA0E495C00000000,059EA601,87DDC633,592D0000,12000000,4C000000,F4A10000,0A120000,1CF7FFFF,B01C0000,CD190000
2D0F495C00000000,069EA601,88DDC633,592D0000,12000000,4C000000,F8A10000,0A120000,1BF7FFFF,C41C0000,D1190000
930F495C00000000,079EA601,89DDC633,592D0000,12000000,4C000000,FCA10000,0B120000,1AF7FFFF,D81C0000,D5190000
F20F495C00000000,089EA601,8ADDC633,592D0000,12000000,4C000000,FEA10000,0B120000,18F7FFFF,ED1C0000,D7190000
5910495C00000000,0A9EA601,8BDDC633,592D0000,12000000,4C000000,00A20000,0B120000,17F7FFFF,011D0000,D9190000
BE10495C00000000,0B9EA601,8CDDC633,592D0000,12000000,4C000000,FFA10000,0B120000,15F7FFFF,151D0000,D8190000
2211495C00000000,0D9EA601,8DDDC633,592D0000,12000000,4C000000,FEA10000,0B120000,13F7FFFF,291D0000,D7190000
8511495C00000000,0F9EA601,8EDDC633,592D0000,12000000,4C000000,FCA10000,0B120000,10F7FFFF,3D1D0000,D5190000
EA11495C00000000,119EA601,90DDC633,592D0000,12000000,4C000000,F9A10000,0B120000,0EF7FFFF,511D0000,D2190000
4E12495C00000000,139EA601,91DDC633,592D0000,12000000,4C000000,F7A10000,0B120000,0BF7FFFF,661D0000,D0190000
B412495C00000000,169EA601,93DDC633,592D0000,12000000,4C000000,F4A10000,0A120000,08F7FFFF,7A1D0000,CD190000
1613495C00000000,199EA601,95DDC633,592D0000,12000000,4C000000,F1A10000,0A120000,05F7FFFF,8F1D0000,CA190000
7D13495C00000000,1C9EA601,97DDC633,592D0000,12000000,4C000000,EEA10000,09120000,01F7FFFF,A21D0000,C7190000
E013495C00000000,1F9EA601,9ADDC633,592D0000,12000000,4C000000,ECA10000,08120000,FDF6FFFF,B71D0000,C5190000
4314495C00000000,229EA601,9CDDC633,592D0000,12000000,4C000000,E8A10000,07120000,F9F6FFFF,CB1D0000,C1190000
A814495C00000000,269EA601,9FDDC633,592D0000,12000000,4C000000,E6A10000,06120000,F5F6FFFF,DF1D0000,BF190000
0C15495C00000000,2A9EA601,A1DDC633,592D0000,12000000,4C000000,E3A10000,04120000,F0F6FFFF,F41D0000,BC190000
6F15495C00000000,2D9EA601,A4DDC633,592D0000,12000000,4C000000,E1A10000,03120000,ECF6FFFF,081E0000,BA190000
D415495C00000000,319EA601,A7DDC633,592D0000,12000000,4C000000,DDA10000,01120000,E7F6FFFF,1C1E0000,B6190000
3816495C00000000,369EA601,AADDC633,592D0000,12000000,4C000000,D7A10000,00120000,E2F6FFFF,301E0000,B0190000
9E16495C00000000,3A9EA601,ADDDC633,592D0000,12000000,4C000000,D2A10000,FE110000,DDF6FFFF,441E0000,AB190000
0017495C00000000,3F9EA601,B1DDC633,592D0000,12000000,4C000000,CCA10000,FC110000,D7F6FFFF,591E0000,A5190000
6417495C00000000,449EA601,B5DDC633,592D0000,12000000,4C000000,C6A10000,F9110000,D2F6FFFF,6D1E0000,9F190000
C917495C00000000,499EA601,B8DDC633,592D0000,12000000,4C000000,BFA10000,F6110000,CCF6FFFF,801E0000,98190000
2D18495C00000000,4F9EA601,BDDDC633,592D0000,12000000,4C000000,B8A10000,F2110000,C6F6FFFF,941E0000,91190000
9318495C00000000,569EA601,C1DDC633,592D0000,12000000,4C000000,B1A10000,ED110000,BFF6FFFF,A81E0000,8A190000
F618495C00000000,5D9EA601,C6DDC633,592D0000,12000000,4C000000,A8A10000,E8110000,B8F6FFFF,BC1E0000,81190000
5819495C00000000,649EA601,CCDDC633,592D0000,12000000,4C000000,A2A10000,E2110000,B2F6FFFF,D01E0000,7B190000
BF19495C00000000,6C9EA601,D2DDC633,592D0000,12000000,4C000000,9BA10000,DB110000,ABF6FFFF,E31E0000,74190000
221A495C00000000,759EA601,D8DDC633,592D0000,12000000,4C000000,94A10000,D3110000,A3F6FFFF,F71E0000,6D190000
851A495C00000000,7E9EA601,DFDDC633,592D0000,12000000,4C000000,8BA10000,CB110000,9CF6FFFF,0A1F0000,64190000
EB1A495C00000000,889EA601,E6DDC633,592D0000,12000000,4C000000,80A10000,C1110000,94F6FFFF,1E1F0000,59190000
4E1B495C00000000,929EA601,EEDDC633,592D0000,12000000,4C000000,79A10000,B7110000,8CF6FFFF,311F0000,52190000
B41B495C00000000,9D9EA601,F6DDC633,592D0000,12000000,4C000000,70A10000,AC110000,84F6FFFF,451F0000,49190000
171C495C00000000,A99EA601,FFDDC633,592D0000,12000000,4C000000,67A10000,A0110000,7BF6FFFF,591F0000,40190000
7A1C495C00000000,B59EA601,08DEC633,592D0000,12000000,4C000000,5FA10000,93110000,72F6FFFF,6C1F0000,38190000
DF1C495C00000000,C29EA601,12DEC633,592D0000,12000000,4C000000,59A10000,85110000,6AF6FFFF,7F1F0000,32190000
431D495C00000000,D09EA601,1CDEC633,592D0000,12000000,4C000000,55A10000,77110000,61F6FFFF,921F0000,2E190000
A91D495C00000000,DD9EA601,26DEC633,592D0000,12000000,4C000000,50A10000,69110000,58F6FFFF,A51F0000,29190000
0B1E495C00000000,EC9EA601,31DEC633,592D0000,12000000,4C000000,4DA10000,59110000,4EF6FFFF,B81F0000,26190000
6E1E495C00000000,FB9EA601,3DDEC633,592D0000,12000000,4C000000,4EA10000,49110000,45F6FFFF,CB1F0000,27190000
D51E495C00000000,0B9FA601,48DEC633,592D0000,12000000,4C000000,50A10000,38110000,3CF6FFFF,DE1F0000,29190000
381F495C00000000,1B9FA601,55DEC633,592D0000,12000000,4C000000,53A10000,26110000,32F6FFFF,F21F0000,2C190000
9A1F495C00000000,2A9FA601,61DEC633,592D0000,12000000,4C000000,54A10000,14110000,29F6FFFF,04200000,2D190000
0120495C00000000,3B9FA601,6DDEC633,592D0000,12000000,4C000000,57A10000,01110000,20F6FFFF,18200000,30190000
6420495C00000000,4C9FA601,7ADEC633,592D0000,12000000,4C000000,59A10000,EE100000,17F6FFFF,2A200000,32190000
CA20495C00000000,5D9FA601,87DEC633,592D0000,12000000,4C000000,5AA10000,DB100000,0EF6FFFF,3D200000,33190000
2D21495C00000000,6F9FA601,94DEC633,592D0000,12000000,4C000000,5CA10000,C6100000,05F6FFFF,50200000,35190000
9021495C00000000,819FA601,A2DEC633,592D0000,12000000,4C000000,5EA10000,B1100000,FCF5FFFF,62200000,37190000
F621495C00000000,949FA601,B0DEC633,592D0000,12000000,4C000000,5FA10000,9B100000,F3F5FFFF,75200000,38190000
5922495C00000000,A89FA601,BFDEC633,592D0000,12000000,4C000000,62A10000,84100000,EAF5FFFF,88200000,3B190000
BE22495C00000000,BC9FA601,CEDEC633,592D0000,12000000,4C000000,67A10000,6D100000,E1F5FFFF,9B200000,40190000
2223495C00000000,D09FA601,DDDEC633,592D0000,12000000,4C000000,6DA10000,55100000,D8F5FFFF,AE200000,46190000
8523495C00000000,E59FA601,ECDEC633,592D0000,12000000,4C000000,76A10000,3D100000,D0F5FFFF,C0200000,4F190000
EA23495C00000000,FA9FA601,FCDEC633,592D0000,12000000,4C000000,83A10000,24100000,C7F5FFFF,D3200000,5C190000
4D24495C00000000,11A0A601,0DDFC633,592D0000,12000000,4C000000,92A10000,0A100000,BFF5FFFF,E5200000,6B190000
B124495C00000000,26A0A601,1CDFC633,592D0000,12000000,4C000000,A1A10000,F00F0000,B7F5FFFF,F7200000,7A190000
1725495C00000000,3DA0A601,2DDFC633,592D0000,12000000,4C000000,B1A10000,D50F0000,AFF5FFFF,0B210000,8A190000
7A25495C00000000,53A0A601,3DDFC633,592D0000,12000000,4C000000,C3A10000,BA0F0000,A8F5FFFF,1C210000,9C190000
E025495C00000000,6AA0A601,4DDFC633,592D0000,12000000,4C000000,D5A10000,9F0F0000,A1F5FFFF,2F210000,AE190000
4326495C00000000,81A0A601,5EDFC633,592D0000,12000000,4C000000,EAA10000,840F0000,9AF5FFFF,42210000,C3190000
A626495C00000000,98A0A601,6EDFC633,592D0000,12000000,4C000000,FCA10000,680F0000,94F5FFFF,54210000,D5190000
0C27495C00000000,B0A0A601,7FDFC633,592D0000,12000000,4C000000,0FA20000,4C0F0000,8EF5FFFF,66210000,E8190000
6F27495C00000000,C7A0A601,8FDFC633,592D0000,12000000,4C000000,22A20000,300F0000,88F5FFFF,79210000,FB190000
D427495C00000000,DFA0A601,9FDFC633,592D0000,12000000,4C000000,38A20000,140F0000,83F5FFFF,8B210000,111A0000
3828495C00000000,F6A0A601,B0DFC633,592D0000,12000000,4C000000,4DA20000,F80E0000,7DF5FFFF,9C210000,261A0000
9B28495C00000000,0EA1A601,C0DFC633,592D0000,12000000,4C000000,62A20000,DC0E0000,78F5FFFF,AE210000,3B1A0000
0129495C00000000,25A1A601,D0DFC633,592D0000,12000000,4C000000,7EA20000,C00E0000,74F5FFFF,C0210000,571A0000
6429495C00000000,3DA1A601,DFDFC633,592D0000,12000000,4C000000,9BA20000,A40E0000,70F5FFFF,D2210000,741A0000
C729495C00000000,54A1A601,EFDFC633,592D0000,12000000,4C000000,BAA20000,880E0000,6CF5FFFF,E4210000,931A0000
2D2A495C00000000,6CA1A601,FEDFC633,592D0000,12000000,4C000000,D8A20000,6C0E0000,69F5FFFF,F6210000,B11A0000
902A495C00000000,83A1A601,0DE0C633,592D0000,12000000,4C000000,FAA20000,500E0000,66F5FFFF,07220000,D31A0000
F62A495C00000000,9BA1A601,1CE0C633,592D0000,12000000,4C000000,1DA30000,340E0000,64F5FFFF,18220000,F61A0000
592B495C00000000,B3A1A601,2BE0C633,592D0000,12000000,4C000000,43A30000,180E0000,62F5FFFF,2A220000,1C1B0000
BC2B495C00000000,CBA1A601,3AE0C633,592D0000,12000000,4C000000,68A30000,FC0D0000,61F5FFFF,3C220000,411B0000
222C495C00000000,E3A1A601,49E0C633,592D0000,12000000,4C000000,8EA30000,E00D0000,61F5FFFF,4D220000,671B0000
852C495C00000000,FBA1A601,57E0C633,592D0000,12000000,4C000000,B8A30000,C40D0000,60F5FFFF,5F220000,911B0000
EB2C495C00000000,13A2A601,65E0C633,592D0000,12000000,4C000000,E3A30000,A80D0000,61F5FFFF,6F220000,BC1B0000
4E2D495C00000000,2BA2A601,73E0C633,592D0000,12000000,4C000000,10A40000,8C0D0000,62F5FFFF,80220000,E91B0000
B12D495C00000000,44A2A601,81E0C633,592D0000,12000000,4C000000,3FA40000,700D0000,64F5FFFF,91220000,181C0000
172E495C00000000,5CA2A601,8FE0C633,592D0000,12000000,4C000000,67A40000,540D0000,66F5FFFF,A3220000,401C0000
792E495C00000000,75A2A601,9CE0C633,592D0000,12000000,4C000000,93A40000,380D0000,69F5FFFF,B4220000,6C1C0000
E12E495C00000000,8EA2A601,AAE0C633,592D0000,12000000,4C000000,B5A40000,1C0D0000,6CF5FFFF,C5220000,8E1C0000
432F495C00000000,A7A2A601,B7E0C633,592D0000,12000000,4C000000,D6A40000,000D0000,70F5FFFF,D6220000,AF1C0000
A62F495C00000000,C0A2A601,C4E0C633,592D0000,12000000,4C000000,F9A40000,E40C0000,74F5FFFF,E7220000,D21C0000
0C30495C00000000,D9A2A601,D1E0C633,592D0000,12000000,4C000000,0EA50000,C80C0000,78F5FFFF,F7220000,E71C0000
7030495C00000000,F2A2A601,DEE0C633,592D0000,12000000,4C000000,10A50000,AC0C0000,7CF5FFFF,08230000,E91C0000
D230495C00000000,0BA3A601,EBE0C633,592D0000,12000000,4C000000,01A50000,900C0000,80F5FFFF,19230000,DA1C0000
3531495C00000000,24A3A601,F8E0C633,592D0000,12000000,4C000000,DAA40000,740C0000,84F5FFFF,2A230000,B31C0000
9B31495C00000000,3DA3A601,06E1C633,592D0000,12000000,4C000000,A6A40000,580C0000,86F5FFFF,3A230000,7F1C0000
0132495C00000000,55A3A601,14E1C633,592D0000,12000000,4C000000,60A40000,3C0C0000,87F5FFFF,4B230000,391C0000
6432495C00000000,6DA3A601,22E1C633,592D0000,12000000,4C000000,FAA30000,200C0000,87F5FFFF,5C230000,D31B0000
C732495C00000000,85A3A601,30E1C633,592D0000,12000000,4C000000,7EA30000,040C0000,85F5FFFF,6D230000,571B0000
2D33495C00000000,9DA3A601,40E1C633,592D0000,12000000,4C000000,EAA20000,E80B0000,82F5FFFF,7E230000,C31A0000
9033495C00000000,B4A3A601,50E1C633,592D0000,12000000,4C000000,40A20000,CC0B0000,7CF5FFFF,90230000,191A0000
F633495C00000000,CCA3A601,61E1C633,592D0000,12000000,4C000000,9AA10000,B00B0000,74F5FFFF,A2230000,73190000
5934495C00000000,E3A3A601,73E1C633,592D0000,12000000,4C000000,F1A00000,940B0000,6AF5FFFF,B4230000,CA180000
BC34495C00000000,FAA3A601,87E1C633,592D0000,12000000,4C000000,4FA00000,780B0000,5FF5FFFF,C6230000,28180000
2235495C00000000,11A4A601,9BE1C633,592D0000,12000000,4C000000,B59F0000,5C0B0000,53F5FFFF,D7230000,8E170000
8535495C00000000,28A4A601,AFE1C633,592D0000,12000000,4C000000,249F0000,400B0000,46F5FFFF,E8230000,FD160000
E835495C00000000,3EA4A601,C4E1C633,592D0000,12000000,4C000000,AB9E0000,240B0000,3AF5FFFF,F9230000,84160000
4E36495C00000000,53A4A601,DAE1C633,592D0000,12000000,4C000000,499E0000,090B0000,2EF5FFFF,09240000,22160000
B136495C00000000,68A4A601,EFE1C633,592D0000,12000000,4C000000,FB9D0000,ED0A0000,23F5FFFF,1A240000,D4150000
1837495C00000000,7CA4A601,04E2C633,592D0000,12000000,4C000000,B89D0000,D20A0000,19F5FFFF,2A240000,91150000
7937495C00000000,90A4A601,19E2C633,592D0000,12000000,4C000000,869D0000,B60A0000,0FF5FFFF,3A240000,5F150000
DD37495C00000000,A3A4A601,2EE2C633,592D0000,12000000,4C000000,639D0000,9B0A0000,07F5FFFF,4B240000,3C150000
4338495C00000000,B6A4A601,42E2C633,592D0000,12000000,4C000000,419D0000,800A0000,00F5FFFF,5C240000,1A150000
A738495C00000000,C9A4A601,57E2C633,592D0000,12000000,4C000000,2B9D0000,650A0000,FAF4FFFF,6C240000,04150000
0939495C00000000,DBA4A601,6BE2C633,592D0000,12000000,4C000000,1E9D0000,4B0A0000,F5F4FFFF,7D240000,F7140000
6F39495C00000000,EDA4A601,7FE2C633,592D0000,12000000,4C000000,1B9D0000,300A0000,F2F4FFFF,8E240000,F4140000
D239495C00000000,FFA4A601,92E2C633,592D0000,12000000,4C000000,239D0000,160A0000,F0F4FFFF,9F240000,FC140000
363A495C00000000,10A5A601,A5E2C633,592D0000,12000000,4C000000,2D9D0000,FC090000,EFF4FFFF,AF240000,06150000
9B3A495C00000000,22A5A601,B9E2C633,592D0000,12000000,4C000000,3D9D0000,E1090000,EFF4FFFF,C0240000,16150000
FE3A495C00000000,34A5A601,CCE2C633,592D0000,12000000,4C000000,579D0000,C7090000,F0F4FFFF,D0240000,30150000
653B495C00000000,46A5A601,DFE2C633,592D0000,12000000,4C000000,789D0000,AD090000,F3F4FFFF,E1240000,51150000
C73B495C00000000,58A5A601,F2E2C633,592D0000,12000000,4C000000,9B9D0000,93090000,F6F4FFFF,F1240000,74150000
2D3C495C00000000,69A5A601,05E3C633,592D0000,12000000,4C000000,BC9D0000,7A090000,FAF4FFFF,01250000,95150000
903C495C00000000,7CA5A601,18E3C633,592D0000,12000000,4C000000,DA9D0000,60090000,FFF4FFFF,11250000,B3150000
F23C495C00000000,8EA5A601,2AE3C633,592D0000,12000000,4C000000,FA9D0000,46090000,05F5FFFF,22250000,D3150000
593D495C00000000,A1A5A601,3DE3C633,592D0000,12000000,4C000000,1E9E0000,2D090000,0BF5FFFF,33250000,F7150000
BC3D495C00000000,B4A5A601,50E3C633,592D0000,12000000,4C000000,429E0000,13090000,12F5FFFF,43250000,1B160000
233E495C00000000,C6A5A601,62E3C633,592D0000,12000000,4C000000,639E0000,F9080000,18F5FFFF,53250000,3C160000
863E495C00000000,DAA5A601,75E3C633,592D0000,12000000,4C000000,859E0000,E0080000,1FF5FFFF,64250000,5E160000
E93E495C00000000,EDA5A601,87E3C633,592D0000,12000000,4C000000,9F9E0000,C6080000,27F5FFFF,75250000,78160000
4E3F495C00000000,00A6A601,9AE3C633,592D0000,12000000,4C000000,BF9E0000,AD080000,2EF5FFFF,85250000,98160000
AE3F495C00000000,13A6A601,ACE3C633,592D0000,12000000,4C000000,DB9E0000,93080000,36F5FFFF,96250000,B4160000
1540495C00000000,27A6A601,BEE3C633,592D0000,12000000,4C000000,F09E0000,7A080000,3EF5FFFF,A7250000,C9160000
7A40495C00000000,3AA6A601,D0E3C633,592D0000,12000000,4C000000,079F0000,61080000,46F5FFFF,B7250000,E0160000
DD40495C00000000,4DA6A601,E2E3C633,592D0000,12000000,4C000000,1D9F0000,48080000,4EF5FFFF,C8250000,F6160000
4341495C00000000,61A6A601,F4E3C633,592D0000,12000000,4C000000,339F0000,2F080000,56F5FFFF,D9250000,0C170000
A741495C00000000,75A6A601,06E4C633,592D0000,12000000,4C000000,469F0000,15080000,5FF5FFFF,EA250000,1F170000
0942495C00000000,89A6A601,18E4C633,592D0000,12000000,4C000000,569F0000,FC070000,67F5FFFF,FB250000,2F170000
7042495C00000000,9CA6A601,2AE4C633,592D0000,12000000,4C000000,639F0000,E2070000,6FF5FFFF,0C260000,3C170000
D242495C00000000,B0A6A601,3BE4C633,592D0000,12000000,4C000000,719F0000,C9070000,77F5FFFF,1D260000,4A170000
3843495C00000000,C4A6A601,4DE4C633,592D0000,12000000,4C000000,7E9F0000,B0070000,7FF5FFFF,2D260000,57170000
9C43495C00000000,D7A6A601,5EE4C633,592D0000,12000000,4C000000,8B9F0000,97070000,87F5FFFF,3E260000,64170000
FF43495C00000000,EBA6A601,6FE4C633,592D0000,12000000,4C000000,989F0000,7E070000,8FF5FFFF,4F260000,71170000
6444495C00000000,FEA6A601,80E4C633,592D0000,12000000,4C000000,A59F0000,65070000,97F5FFFF,60260000,7E170000
C444495C00000000,13A7A601,92E4C633,592D0000,12000000,4C000000,B49F0000,4C070000,9FF5FFFF,72260000,8D170000
2A45495C00000000,26A7A601,A3E4C633,592D0000,12000000,4C000000,C19F0000,33070000,A6F5FFFF,82260000,9A170000
9045495C00000000,3AA7A601,B4E4C633,592D0000,12000000,4C000000,CE9F0000,1A070000,AEF5FFFF,93260000,A7170000
F345495C00000000,4EA7A601,C5E4C633,592D0000,12000000,4C000000,DA9F0000,01070000,B6F5FFFF,A4260000,B3170000
5A46495C00000000,62A7A601,D6E4C633,592D0000,12000000,4C000000,E79F0000,E8060000,BDF5FFFF,B5260000,C0170000
BD46495C00000000,76A7A601,E8E4C633,592D0000,12000000,4C000000,F29F0000,CE060000,C5F5FFFF,C6260000,CB170000
2047495C00000000,8BA7A601,F9E4C633,592D0000,12000000,4C000000,FD9F0000,B4060000,CCF5FFFF,D7260000,D6170000
8447495C00000000,9FA7A601,0BE5C633,592D0000,12000000,4C000000,09A00000,9A060000,D3F5FFFF,E8260000,E2170000
E947495C00000000,B4A7A601,1DE5C633,592D0000,12000000,4C000000,14A00000,7F060000,DBF5FFFF,F9260000,ED170000
4E48495C00000000,CAA7A601,2FE5C633,592D0000,12000000,4C000000,20A00000,64060000,E2F5FFFF,09270000,F9170000
B248495C00000000,E0A7A601,41E5C633,592D0000,12000000,4C000000,2BA00000,49060000,EAF5FFFF,19270000,04180000
1549495C00000000,F6A7A601,53E5C633,592D0000,12000000,4C000000,38A00000,2D060000,F1F5FFFF,2A270000,11180000
7A49495C00000000,0CA8A601,66E5C633,592D0000,12000000,4C000000,45A00000,11060000,F9F5FFFF,3A270000,1E180000
DD49495C00000000,22A8A601,78E5C633,592D0000,12000000,4C000000,55A00000,F5050000,00F6FFFF,4C270000,2E180000
414A495C00000000,39A8A601,8BE5C633,592D0000,12000000,4C000000,63A00000,D9050000,08F6FFFF,5C270000,3C180000
A64A495C00000000,4FA8A601,9DE5C633,592D0000,12000000,4C000000,71A00000,BD050000,0FF6FFFF,6D270000,4A180000
094B495C00000000,66A8A601,AFE5C633,592D0000,12000000,4C000000,80A00000,A1050000,17F6FFFF,7E270000,59180000
704B495C00000000,7CA8A601,C2E5C633,592D0000,12000000,4C000000,91A00000,85050000,1EF6FFFF,8E270000,6A180000
D34B495C00000000,93A8A601,D4E5C633,592D0000,12000000,4C000000,A7A00000,69050000,26F6FFFF,9F270000,80180000
354C495C00000000,AAA8A601,E6E5C633,592D0000,12000000,4C000000,C1A00000,4D050000,2EF6FFFF,B0270000,9A180000
9C4C495C00000000,C1A8A601,F8E5C633,592D0000,12000000,4C000000,E9A00000,31050000,37F6FFFF,C0270000,C2180000
FF4C495C00000000,D8A8A601,0AE6C633,592D0000,12000000,4C000000,1BA10000,15050000,40F6FFFF,D1270000,F4180000
644D495C00000000,F0A8A601,1CE6C633,592D0000,12000000,4C000000,52A10000,F9040000,49F6FFFF,E2270000,2B190000
C74D495C00000000,08A9A601,2DE6C633,592D0000,12000000,4C000000,96A10000,DD040000,54F6FFFF,F2270000,6F190000
2B4E495C00000000,20A9A601,3FE6C633,592D0000,12000000,4C000000,E7A10000,C1040000,5FF6FFFF,03280000,C0190000
904E495C00000000,3AA9A601,50E6C633,592D0000,12000000,4C000000,3BA20000,A5040000,6CF6FFFF,13280000,141A0000
F34E495C00000000,54A9A601,62E6C633,592D0000,12000000,4C000000,98A20000,89040000,7AF6FFFF,23280000,711A0000
574F495C00000000,6EA9A601,73E6C633,592D0000,12000000,4C000000,F3A20000,6D040000,89F6FFFF,33280000,CC1A0000
BD4F495C00000000,8AA9A601,84E6C633,592D0000,12000000,4C000000,4CA30000,51040000,99F6FFFF,44280000,251B0000
1F50495C00000000,A6A9A601,95E6C633,592D0000,12000000,4C000000,A3A30000,35040000,AAF6FFFF,55280000,7C1B0000
8650495C00000000,C3A9A601,A6E6C633,592D0000,12000000,4C000000,FBA30000,19040000,BDF6FFFF,65280000,D41B0000
E850495C00000000,E1A9A601,B7E6C633,592D0000,12000000,4C000000,5BA40000,FD030000,D1F6FFFF,75280000,341C0000
4B51495C00000000,FFA9A601,C7E6C633,592D0000,12000000,4C000000,B4A40000,E2030000,E5F6FFFF,85280000,8D1C0000
B251495C00000000,1EAAA601,D8E6C633,592D0000,12000000,4C000000,06A50000,C5030000,FAF6FFFF,96280000,DF1C0000
1552495C00000000,3EAAA601,E8E6C633,592D0000,12000000,4C000000,57A50000,AA030000,10F7FFFF,A7280000,301D0000
7A52495C00000000,5EAAA601,F7E6C633,592D0000,12000000,4C000000,9EA50000,8E030000,26F7FFFF,B7280000,771D0000
DD52495C00000000,7FAAA601,07E7C633,592D0000,12000000,4C000000,E4A50000,71030000,3DF7FFFF,C7280000,BD1D0000
4153495C00000000,A0AAA601,16E7C633,592D0000,12000000,4C000000,24A60000,55030000,54F7FFFF,D8280000,FD1D0000
A653495C00000000,C1AAA601,25E7C633,592D0000,12000000,4C000000,5CA60000,3A030000,6BF7FFFF,E9280000,351E0000
0754495C00000000,E2AAA601,33E7C633,592D0000,12000000,4C000000,89A60000,1D030000,83F7FFFF,F9280000,621E0000
6D54495C00000000,03ABA601,41E7C633,592D0000,12000000,4C000000,AAA60000,02030000,99F7FFFF,0A290000,831E0000
D354495C00000000,24ABA601,50E7C633,592D0000,12000000,4C000000,C9A60000,E5020000,B0F7FFFF,1A290000,A21E0000
3555495C00000000,45ABA601,5DE7C633,592D0000,12000000,4C000000,E1A60000,CA020000,C5F7FFFF,2A290000,BA1E0000
9C55495C00000000,65ABA601,6BE7C633,592D0000,12000000,4C000000,F7A60000,AE020000,DAF7FFFF,3A290000,D01E0000
FF55495C00000000,86ABA601,78E7C633,592D0000,12000000,4C000000,0DA70000,91020000,EFF7FFFF,4A290000,E61E0000
6156495C00000000,A6ABA601,85E7C633,592D0000,12000000,4C000000,1CA70000,76020000,04F8FFFF,5A290000,F51E0000
C456495C00000000,C6ABA601,92E7C633,592D0000,12000000,4C000000,1CA70000,59020000,18F8FFFF,6A290000,F51E0000
2B57495C00000000,E5ABA601,9FE7C633,592D0000,12000000,4C000000,11A70000,3E020000,2BF8FFFF,7B290000,EA1E0000
9057495C00000000,04ACA601,ACE7C633,592D0000,12000000,4C000000,FCA60000,22020000,3DF8FFFF,8C290000,D51E0000
F057495C00000000,22ACA601,B8E7C633,592D0000,12000000,4C000000,DFA60000,06020000,4EF8FFFF,9D290000,B81E0000
5758495C00000000,40ACA601,C5E7C633,592D0000,12000000,4C000000,BEA60000,EA010000,5EF8FFFF,AD290000,971E0000
BD58495C00000000,5DACA601,D2E7C633,592D0000,12000000,4C000000,8FA60000,CE010000,6DF8FFFF,BE290000,681E0000
1F59495C00000000,79ACA601,DFE7C633,592D0000,12000000,4C000000,4BA60000,B2010000,7AF8FFFF,CF290000,241E0000
8359495C00000000,94ACA601,EBE7C633,592D0000,12000000,4C000000,F9A50000,96010000,85F8FFFF,E0290000,D21D0000
E959495C00000000,AFACA601,F8E7C633,592D0000,12000000,4C000000,91A50000,7A010000,8FF8FFFF,F1290000,6A1D0000
4B5A495C00000000,C8ACA601,06E8C633,592D0000,12000000,4C000000,1AA50000,5E010000,96F8FFFF,022A0000,F31C0000
AF5A495C00000000,E1ACA601,13E8C633,592D0000,12000000,4C000000,8FA40000,42010000,9CF8FFFF,132A0000,681C0000
155B495C00000000,F9ACA601,21E8C633,592D0000,12000000,4C000000,F6A30000,26010000,9FF8FFFF,242A0000,CF1B0000
785B495C00000000,11ADA601,30E8C633,592D0000,12000000,4C000000,53A30000,0B010000,9FF8FFFF,352A0000,2C1B0000
DE5B495C00000000,27ADA601,3FE8C633,592D0000,12000000,4C000000,9FA20000,EF000000,9EF8FFFF,462A0000,781A0000
415C495C00000000,3EADA601,4FE8C633,592D0000,12000000,4C000000,DCA10000,D4000000,9BF8FFFF,592A0000,B5190000
A65C495C00000000,53ADA601,60E8C633,592D0000,12000000,4C000000,22A10000,B9000000,97F8FFFF,6A2A0000,FB180000
0A5D495C00000000,69ADA601,71E8C633,592D0000,12000000,4C000000,64A00000,9E000000,92F8FFFF,7B2A0000,3D180000
6D5D495C00000000,7EADA601,84E8C633,592D0000,12000000,4C000000,AC9F0000,82000000,8CF8FFFF,8C2A0000,85170000
D25D495C00000000,93ADA601,97E8C633,592D0000,12000000,4C000000,FE9E0000,67000000,86F8FFFF,9E2A0000,D7160000
355E495C00000000,A7ADA601,ABE8C633,592D0000,12000000,4C000000,589E0000,4B000000,80F8FFFF,AE2A0000,31160000
9C5E495C00000000,BAADA601,BFE8C633,592D0000,12000000,4C000000,CF9D0000,30000000,7BF8FFFF,BF2A0000,A8150000
FF5E495C00000000,CDADA601,D4E8C633,592D0000,12000000,4C000000,629D0000,14000000,76F8FFFF,CF2A0000,3B150000
615F495C00000000,E0ADA601,E8E8C633,592D0000,12000000,4C000000,0C9D0000,F9FFFFFF,72F8FFFF,DE2A0000,E5140000
C55F495C00000000,F2ADA601,FDE8C633,592D0000,12000000,4C000000,D29C0000,DEFFFFFF,70F8FFFF,ED2A0000,AB140000
2B60495C00000000,04AEA601,12E9C633,592D0000,12000000,4C000000,A99C0000,C2FFFFFF,70F8FFFF,FD2A0000,82140000
8D60495C00000000,17AEA601,27E9C633,592D0000,12000000,4C000000,979C0000,A6FFFFFF,71F8FFFF,0D2B0000,70140000
F460495C00000000,29AEA601,3CE9C633,592D0000,12000000,4C000000,989C0000,8AFFFFFF,74F8FFFF,1B2B0000,71140000
5661495C00000000,3CAEA601,52E9C633,592D0000,12000000,4C000000,A59C0000,6EFFFFFF,7AF8FFFF,2A2B0000,7E140000
BD61495C00000000,4FAEA601,67E9C633,592D0000,12000000,4C000000,C49C0000,52FFFFFF,82F8FFFF,382B0000,9D140000
2062495C00000000,63AEA601,7EE9C633,592D0000,12000000,4C000000,EE9C0000,36FFFFFF,8CF8FFFF,472B0000,C7140000
8362495C00000000,77AEA601,94E9C633,592D0000,12000000,4C000000,1C9D0000,1AFFFFFF,99F8FFFF,552B0000,F5140000
E862495C00000000,8CAEA601,ABE9C633,592D0000,12000000,4C000000,539D0000,FFFEFFFF,A5F8FFFF,632B0000,2C150000
4C63495C00000000,A2AEA601,C2E9C633,592D0000,12000000,4C000000,8C9D0000,E3FEFFFF,B4F8FFFF,702B0000,65150000
B163495C00000000,B8AEA601,D9E9C633,592D0000,12000000,4C000000,C69D0000,C7FEFFFF,C5F8FFFF,7E2B0000,9F150000
1564495C00000000,CFAEA601,F0E9C633,592D0000,12000000,4C000000,0B9E0000,ABFEFFFF,D5F8FFFF,8B2B0000,E4150000
7864495C00000000,E6AEA601,07EAC633,592D0000,12000000,4C000000,409E0000,90FEFFFF,E6F8FFFF,982B0000,19160000
DB64495C00000000,FDAEA601,1EEAC633,592D0000,12000000,4C000000,719E0000,74FEFFFF,F7F8FFFF,A62B0000,4A160000
4165495C00000000,15AFA601,35EAC633,592D0000,12000000,4C000000,A69E0000,58FEFFFF,09F9FFFF,B52B0000,7F160000
A465495C00000000,2DAFA601,4BEAC633,592D0000,12000000,4C000000,D99E0000,3CFEFFFF,1BF9FFFF,C42B0000,B2160000
0A66495C00000000,45AFA601,62EAC633,592D0000,12000000,4C000000,079F0000,21FEFFFF,2DF9FFFF,D22B0000,E0160000
6B66495C00000000,5DAFA601,78EAC633,592D0000,12000000,4C000000,369F0000,06FEFFFF,3FF9FFFF,E02B0000,0F170000
D366495C00000000,76AFA601,8EEAC633,592D0000,12000000,4C000000,619F0000,EAFDFFFF,51F9FFFF,EE2B0000,3A170000
3567495C00000000,8EAFA601,A3EAC633,592D0000,12000000,4C000000,899F0000,CFFDFFFF,63F9FFFF,FC2B0000,62170000
9667495C00000000,A7AFA601,B9EAC633,592D0000,12000000,4C000000,B19F0000,B4FDFFFF,75F9FFFF,0B2C0000,8A170000
FF67495C00000000,BFAFA601,CEEAC633,592D0000,12000000,4C000000,D99F0000,98FDFFFF,86F9FFFF,192C0000,B2170000
6168495C00000000,D8AFA601,E3EAC633,592D0000,12000000,4C000000,FF9F0000,7DFDFFFF,98F9FFFF,282C0000,D8170000
C868495C00000000,F1AFA601,F8EAC633,592D0000,12000000,4C000000,24A00000,62FDFFFF,AAF9FFFF,362C0000,FD170000
2B69495C00000000,0AB0A601,0DEBC633,592D0000,12000000,4C000000,48A00000,47FDFFFF,BCF9FFFF,442C0000,21180000
8E69495C00000000,22B0A601,21EBC633,592D0000,12000000,4C000000,69A00000,2DFDFFFF,CEF9FFFF,522C0000,42180000
F469495C00000000,3BB0A601,35EBC633,592D0000,12000000,4C000000,8AA00000,12FDFFFF,E0F9FFFF,602C0000,63180000
576A495C00000000,54B0A601,49EBC633,592D0000,12000000,4C000000,ACA00000,F7FCFFFF,F2F9FFFF,6E2C0000,85180000
BA6A495C00000000,6EB0A601,5DEBC633,592D0000,12000000,4C000000,CFA00000,DDFCFFFF,04FAFFFF,7C2C0000,A8180000
206B495C00000000,87B0A601,71EBC633,592D0000,12000000,4C000000,F3A00000,C2FCFFFF,16FAFFFF,8A2C0000,CC180000
826B495C00000000,A0B0A601,84EBC633,592D0000,12000000,4C000000,17A10000,A8FCFFFF,28FAFFFF,982C0000,F0180000
E96B495C00000000,B9B0A601,97EBC633,592D0000,12000000,4C000000,39A10000,8EFCFFFF,39FAFFFF,A62C0000,12190000
4C6C495C00000000,D2B0A601,AAEBC633,592D0000,12000000,4C000000,57A10000,74FCFFFF,4BFAFFFF,B42C0000,30190000
AD6C495C00000000,ECB0A601,BEEBC633,592D0000,12000000,4C000000,74A10000,59FCFFFF,5DFAFFFF,C22C0000,4D190000
156D495C00000000,06B1A601,D0EBC633,592D0000,12000000,4C000000,8AA10000,3FFCFFFF,6FFAFFFF,D12C0000,63190000
786D495C00000000,1FB1A601,E3EBC633,592D0000,12000000,4C000000,9DA10000,25FCFFFF,81FAFFFF,DF2C0000,76190000
DE6D495C00000000,38B1A601,F5EBC633,592D0000,12000000,4C000000,A8A10000,0BFCFFFF,92FAFFFF,ED2C0000,81190000
416E495C00000000,51B1A601,07ECC633,592D0000,12000000,4C000000,B0A10000,F1FBFFFF,A2FAFFFF,FB2C0000,89190000
A46E495C00000000,69B1A601,19ECC633,592D0000,12000000,4C000000,B4A10000,D8FBFFFF,B2FAFFFF,092D0000,8D190000
0A6F495C00000000,81B1A601,2BECC633,592D0000,12000000,4C000000,B4A10000,BEFBFFFF,C2FAFFFF,172D0000,8D190000
6A6F495C00000000,9AB1A601,3CECC633,592D0000,12000000,4C000000,B1A10000,A4FBFFFF,D1FAFFFF,252D0000,8A190000
D06F495C00000000,B2B1A601,4EECC633,592D0000,12000000,4C000000,ABA10000,8AFBFFFF,DFFAFFFF,322D0000,84190000
3670495C00000000,C9B1A601,5FECC633,592D0000,12000000,4C000000,9FA10000,70FBFFFF,EDFAFFFF,402D0000,78190000
9970495C00000000,E1B1A601,71ECC633,592D0000,12000000,4C000000,8BA10000,56FBFFFF,FAFAFFFF,4E2D0000,64190000
FF70495C00000000,F8B1A601,82ECC633,592D0000,12000000,4C000000,72A10000,3CFBFFFF,06FBFFFF,5C2D0000,4B190000
6271495C00000000,0FB2A601,93ECC633,592D0000,12000000,4C000000,58A10000,22FBFFFF,12FBFFFF,6A2D0000,31190000
C571495C00000000,25B2A601,A4ECC633,592D0000,12000000,4C000000,3AA10000,07FBFFFF,1CFBFFFF,782D0000,13190000
2B72495C00000000,3CB2A601,B5ECC633,592D0000,12000000,4C000000,1CA10000,EDFAFFFF,25FBFFFF,862D0000,F5180000
8E72495C00000000,52B2A601,C6ECC633,592D0000,12000000,4C000000,FFA00000,D2FAFFFF,2DFBFFFF,942D0000,D8180000
F472495C00000000,67B2A601,D7ECC633,592D0000,12000000,4C000000,EBA00000,B8FAFFFF,34FBFFFF,A22D0000,C4180000
5773495C00000000,7DB2A601,E8ECC633,592D0000,12000000,4C000000,D5A00000,9DFAFFFF,3AFBFFFF,B12D0000,AE180000
BB73495C00000000,92B2A601,F9ECC633,592D0000,12000000,4C000000,C0A00000,83FAFFFF,40FBFFFF,BF2D0000,99180000
2074495C00000000,A7B2A601,0AEDC633,592D0000,12000000,4C000000,B4A00000,68FAFFFF,45FBFFFF,CD2D0000,8D180000
8374495C00000000,BCB2A601,1BEDC633,592D0000,12000000,4C000000,A9A00000,4DFAFFFF,4AFBFFFF,DB2D0000,82180000
E674495C00000000,D1B2A601,2CEDC633,592D0000,12000000,4C000000,9BA00000,33FAFFFF,4EFBFFFF,E92D0000,74180000
4C75495C00000000,E6B2A601,3DEDC633,592D0000,12000000,4C000000,90A00000,17FAFFFF,52FBFFFF,F72D0000,69180000
AF75495C00000000,FCB2A601,4EEDC633,592D0000,12000000,4C000000,86A00000,FCF9FFFF,55FBFFFF,052E0000,5F180000
1576495C00000000,11B3A601,60EDC633,592D0000,12000000,4C000000,7FA00000,E0F9FFFF,58FBFFFF,132E0000,58180000
7876495C00000000,27B3A601,72EDC633,592D0000,12000000,4C000000,77A00000,C4F9FFFF,5BFBFFFF,212E0000,50180000
DB76495C00000000,3DB3A601,84EDC633,592D0000,12000000,4C000000,71A00000,A8F9FFFF,5DFBFFFF,2F2E0000,4A180000
4177495C00000000,53B3A601,95EDC633,592D0000,12000000,4C000000,6BA00000,8CF9FFFF,5FFBFFFF,3D2E0000,44180000
A477495C00000000,68B3A601,A7EDC633,592D0000,12000000,4C000000,68A00000,70F9FFFF,61FBFFFF,4B2E0000,41180000
0A78495C00000000,7EB3A601,B9EDC633,592D0000,12000000,4C000000,64A00000,54F9FFFF,63FBFFFF,592E0000,3D180000
6E78495C00000000,94B3A601,CBEDC633,592D0000,12000000,4C000000,61A00000,38F9FFFF,65FBFFFF,662E0000,3A180000
D078495C00000000,A9B3A601,DDEDC633,592D0000,12000000,4C000000,61A00000,1CF9FFFF,67FBFFFF,742E0000,3A180000
3779495C00000000,BFB3A601,EFEDC633,592D0000,12000000,4C000000,60A00000,00F9FFFF,68FBFFFF,812E0000,39180000
9579495C00000000,D5B3A601,00EEC633,592D0000,12000000,4C000000,61A00000,E4F8FFFF,6AFBFFFF,8F2E0000,3A180000
FD79495C00000000,EAB3A601,12EEC633,592D0000,12000000,4C000000,62A00000,C8F8FFFF,6CFBFFFF,9C2E0000,3B180000
627A495C00000000,00B4A601,24EEC633,592D0000,12000000,4C000000,63A00000,ACF8FFFF,6EFBFFFF,A92E0000,3C180000
C67A495C00000000,16B4A601,36EEC633,592D0000,12000000,4C000000,64A00000,90F8FFFF,70FBFFFF,B62E0000,3D180000
2B7B495C00000000,2CB4A601,48EEC633,592D0000,12000000,4C000000,66A00000,74F8FFFF,71FBFFFF,C32E0000,3F180000
8E7B495C00000000,41B4A601,59EEC633,592D0000,12000000,4C000000,68A00000,58F8FFFF,73FBFFFF,D02E0000,41180000
F17B495C00000000,57B4A601,6BEEC633,592D0000,12000000,4C000000,69A00000,3CF8FFFF,75FBFFFF,DD2E0000,42180000
557C495C00000000,6DB4A601,7DEEC633,592D0000,12000000,4C000000,6DA00000,20F8FFFF,77FBFFFF,EA2E0000,46180000
BA7C495C00000000,82B4A601,8FEEC633,592D0000,12000000,4C000000,7AA00000,04F8FFFF,79FBFFFF,F72E0000,53180000
207D495C00000000,98B4A601,A0EEC633,592D0000,12000000,4C000000,8AA00000,E8F7FFFF,7BFBFFFF,042F0000,63180000
837D495C00000000,AEB4A601,B2EEC633,592D0000,12000000,4C000000,9DA00000,CCF7FFFF,7DFBFFFF,112F0000,76180000
E67D495C00000000,C4B4A601,C4EEC633,592D0000,12000000,4C000000,B3A00000,B0F7FFFF,80FBFFFF,1D2F0000,8C180000
4C7E495C00000000,DAB4A601,D5EEC633,592D0000,12000000,4C000000,CDA00000,94F7FFFF,84FBFFFF,2A2F0000,A6180000
B07E495C00000000,F0B4A601,E6EEC633,592D0000,12000000,4C000000,F0A00000,78F7FFFF,88FBFFFF,382F0000,C9180000
127F495C00000000,07B5A601,F8EEC633,592D0000,12000000,4C000000,11A10000,5CF7FFFF,8CFBFFFF,452F0000,EA180000
787F495C00000000,1DB5A601,09EFC633,592D0000,12000000,4C000000,34A10000,40F7FFFF,91FBFFFF,522F0000,0D190000
DB7F495C00000000,34B5A601,1AEFC633,592D0000,12000000,4C000000,56A10000,24F7FFFF,96FBFFFF,5F2F0000,2F190000
4280495C00000000,4BB5A601,2BEFC633,592D0000,12000000,4C000000,79A10000,08F7FFFF,9CFBFFFF,6C2F0000,52190000
A480495C00000000,62B5A601,3CEFC633,592D0000,12000000,4C000000,A0A10000,ECF6FFFF,A2FBFFFF,792F0000,79190000
0781495C00000000,7AB5A601,4DEFC633,592D0000,12000000,4C000000,C3A10000,D0F6FFFF,A9FBFFFF,862F0000,9C190000
6C81495C00000000,91B5A601,5EEFC633,592D0000,12000000,4C000000,EFA10000,B4F6FFFF,B1FBFFFF,932F0000,C8190000
D081495C00000000,A9B5A601,6FEFC633,592D0000,12000000,4C000000,18A20000,98F6FFFF,B9FBFFFF,A02F0000,F1190000
3582495C00000000,C1B5A601,7FEFC633,592D0000,12000000,4C000000,44A20000,7CF6FFFF,C1FBFFFF,AD2F0000,1D1A0000
9882495C00000000,DAB5A601,90EFC633,592D0000,12000000,4C000000,78A20000,60F6FFFF,CBFBFFFF,BA2F0000,511A0000
FB82495C00000000,F2B5A601,A0EFC633,592D0000,12000000,4C000000,B0A20000,44F6FFFF,D4FBFFFF,C72F0000,891A0000
6183495C00000000,0BB6A601,B0EFC633,592D0000,12000000,4C000000,E9A20000,28F6FFFF,DEFBFFFF,D42F0000,C21A0000
C483495C00000000,25B6A601,C0EFC633,592D0000,12000000,4C000000,1DA30000,0CF6FFFF,E9FBFFFF,E22F0000,F61A0000
2784495C00000000,3EB6A601,D0EFC633,592D0000,12000000,4C000000,5DA30000,F0F5FFFF,F4FBFFFF,EF2F0000,361B0000
8D84495C00000000,58B6A601,E0EFC633,592D0000,12000000,4C000000,A4A30000,D4F5FFFF,00FCFFFF,FC2F0000,7D1B0000
F084495C00000000,73B6A601,EFEFC633,592D0000,12000000,4C000000,E9A30000,B8F5FFFF,0DFCFFFF,08300000,C21B0000
5485495C00000000,8EB6A601,FFEFC633,592D0000,12000000,4C000000,33A40000,9CF5FFFF,19FCFFFF,14300000,0C1C0000
B985495C00000000,A9B6A601,0EF0C633,592D0000,12000000,4C000000,87A40000,80F5FFFF,27FCFFFF,21300000,601C0000
1C86495C00000000,C5B6A601,1DF0C633,592D0000,12000000,4C000000,D4A40000,64F5FFFF,35FCFFFF,2E300000,AD1C0000
8386495C00000000,E1B6A601,2BF0C633,592D0000,12000000,4C000000,35A50000,48F5FFFF,44FCFFFF,3B300000,0E1D0000
E386495C00000000,FEB6A601,39F0C633,592D0000,12000000,4C000000,97A50000,2CF5FFFF,54FCFFFF,47300000,701D0000
4B87495C00000000,1BB7A601,47F0C633,592D0000,12000000,4C000000,F9A50000,10F5FFFF,64FCFFFF,53300000,D21D0000
AE87495C00000000,39B7A601,54F0C633,592D0000,12000000,4C000000,5FA60000,F4F4FFFF,74FCFFFF,60300000,381E0000
1388495C00000000,57B7A601,61F0C633,592D0000,12000000,4C000000,C8A60000,D8F4FFFF,85FCFFFF,6C300000,A11E0000
7788495C00000000,75B7A601,6DF0C633,592D0000,12000000,4C000000,36A70000,BCF4FFFF,97FCFFFF,78300000,0F1F0000
DA88495C00000000,95B7A601,79F0C633,592D0000,12000000,4C000000,ABA70000,A0F4FFFF,A9FCFFFF,84300000,841F0000
3D89495C00000000,B4B7A601,84F0C633,592D0000,12000000,4C000000,26A80000,84F4FFFF,BCFCFFFF,90300000,FF1F0000
A489495C00000000,D5B7A601,8FF0C633,592D0000,12000000,4C000000,B0A80000,68F4FFFF,CFFCFFFF,9C300000,89200000
068A495C00000000,F5B7A601,99F0C633,592D0000,12000000,4C000000,3FA90000,4CF4FFFF,E3FCFFFF,A8300000,18210000
6C8A495C00000000,17B8A601,A2F0C633,592D0000,12000000,4C000000,D5A90000,30F4FFFF,F7FCFFFF,B3300000,AE210000
D08A495C00000000,39B8A601,AAF0C633,592D0000,12000000,4C000000,78AA0000,14F4FFFF,0CFDFFFF,BE300000,51220000
328B495C00000000,5BB8A601,B1F0C633,592D0000,12000000,4C000000,1EAB0000,F8F3FFFF,21FDFFFF,C9300000,F7220000
988B495C00000000,7EB8A601,B8F0C633,592D0000,12000000,4C000000,CDAB0000,DCF3FFFF,37FDFFFF,D4300000,A6230000
F88B495C00000000,A2B8A601,BDF0C633,592D0000,12000000,4C000000,8BAC0000,C0F3FFFF,4EFDFFFF,E0300000,64240000
618C495C00000000,C5B8A601,C1F0C633,592D0000,12000000,4C000000,4DAD0000,A4F3FFFF,64FDFFFF,EB300000,26250000
C58C495C00000000,EAB8A601,C3F0C633,592D0000,12000000,4C000000,18AE0000,88F3FFFF,7BFDFFFF,F5300000,F1250000
288D495C00000000,0FB9A601,C5F0C633,592D0000,12000000,4C000000,F4AE0000,6CF3FFFF,94FDFFFF,00310000,CD260000
8D8D495C00000000,33B9A601,C5F0C633,592D0000,12000000,4C000000,D4AF0000,51F3FFFF,ACFDFFFF,0B310000,AD270000
F08D495C00000000,59B9A601,C3F0C633,592D0000,12000000,4C000000,C7B00000,35F3FFFF,C5FDFFFF,16310000,A0280000
578E495C00000000,7EB9A601,C0F0C633,592D0000,12000000,4C000000,A8B10000,1AF3FFFF,DFFDFFFF,20310000,81290000
B98E495C00000000,A4B9A601,BBF0C633,592D0000,12000000,4C000000,CBB20000,FEF2FFFF,F9FDFFFF,2A310000,A42A0000
1C8F495C00000000,C9B9A601,B4F0C633,592D0000,12000000,4C000000,D8B30000,E3F2FFFF,14FEFFFF,34310000,B12B0000
7F8F495C00000000,EEB9A601,ABF0C633,592D0000,12000000,4C000000,E9B40000,C8F2FFFF,2EFEFFFF,3D310000,C22C0000
E68F495C00000000,14BAA601,A1F0C633,592D0000,12000000,4C000000,05B60000,ADF2FFFF,4AFEFFFF,47310000,DE2D0000
4890495C00000000,39BAA601,94F0C633,592D0000,12000000,4C000000,19B70000,91F2FFFF,66FEFFFF,50310000,F22E0000
AE90495C00000000,5DBAA601,86F0C633,592D0000,12000000,4C000000,35B80000,76F2FFFF,82FEFFFF,59310000,0E300000
1091495C00000000,81BAA601,75F0C633,592D0000,12000000,4C000000,48B90000,5AF2FFFF,9EFEFFFF,62310000,21310000
7891495C00000000,A4BAA601,63F0C633,592D0000,12000000,4C000000,56BA0000,3EF2FFFF,BAFEFFFF,6B310000,2F320000
DB91495C00000000,C7BAA601,50F0C633,592D0000,12000000,4C000000,64BB0000,22F2FFFF,D6FEFFFF,74310000,3D330000
3B92495C00000000,E8BAA601,3BF0C633,592D0000,12000000,4C000000,7DBC0000,07F2FFFF,F2FEFFFF,7D310000,56340000
A392495C00000000,08BBA601,24F0C633,592D0000,12000000,4C000000,8FBD0000,EBF1FFFF,0EFFFFFF,85310000,68350000
0693495C00000000,27BBA601,0CF0C633,592D0000,12000000,4C000000,A8BE0000,D0F1FFFF,2AFFFFFF,8E310000,81360000
6C93495C00000000,45BBA601,F2EFC633,592D0000,12000000,4C000000,B7BF0000,B4F1FFFF,46FFFFFF,96310000,90370000
CC93495C00000000,61BBA601,D7EFC633,592D0000,12000000,4C000000,CAC00000,98F1FFFF,62FFFFFF,9E310000,A3380000
3394495C00000000,7CBBA601,BBEFC633,592D0000,12000000,4C000000,D1C10000,7DF1FFFF,7EFFFFFF,A5310000,AA390000
9894495C00000000,96BBA601,9DEFC633,592D0000,12000000,4C000000,CCC20000,61F1FFFF,9AFFFFFF,AD310000,A53A0000
FB94495C00000000,AFBBA601,7EEFC633,592D0000,12000000,4C000000,CAC30000,45F1FFFF,B6FFFFFF,B5310000,A33B0000
5E95495C00000000,C6BBA601,5EEFC633,592D0000,12000000,4C000000,BCC40000,29F1FFFF,D2FFFFFF,BC310000,953C0000
C595495C00000000,DDBBA601,3EEFC633,592D0000,12000000,4C000000,A2C50000,0DF1FFFF,EEFFFFFF,C2310000,7B3D0000
2896495C00000000,F1BBA601,1CEFC633,592D0000,12000000,4C000000,7FC60000,F1F0FFFF,09000000,C9310000,583E0000
8D96495C00000000,05BCA601,FAEEC633,592D0000,12000000,4C000000,48C70000,D5F0FFFF,25000000,CF310000,213F0000
F196495C00000000,18BCA601,D7EEC633,592D0000,12000000,4C000000,00C80000,B9F0FFFF,41000000,D5310000,D93F0000
5397495C00000000,29BCA601,B3EEC633,592D0000,12000000,4C000000,ACC80000,9DF0FFFF,5D000000,DB310000,85400000
B997495C00000000,3ABCA601,8FEEC633,592D0000,12000000,4C000000,4AC90000,81F0FFFF,79000000,E0310000,23410000
1D98495C00000000,49BCA601,6BEEC633,592D0000,12000000,4C000000,D9C90000,65F0FFFF,95000000,E4310000,B2410000
8398495C00000000,58BCA601,46EEC633,592D0000,12000000,4C000000,56CA0000,49F0FFFF,B0000000,E8310000,2F420000
E498495C00000000,66BCA601,22EEC633,592D0000,12000000,4C000000,CACA0000,2DF0FFFF,CC000000,ED310000,A3420000
4999495C00000000,74BCA601,FDEDC633,592D0000,12000000,4C000000,2ECB0000,11F0FFFF,E7000000,F1310000,07430000
AF99495C00000000,80BCA601,D8EDC633,592D0000,12000000,4C000000,83CB0000,F5EFFFFF,02010000,F4310000,5C430000
119A495C00000000,8CBCA601,B3EDC633,592D0000,12000000,4C000000,D4CB0000,D9EFFFFF,1D010000,F7310000,AD430000
759A495C00000000,98BCA601,8FEDC633,592D0000,12000000,4C000000,14CC0000,BDEFFFFF,37010000,FA310000,ED430000
DB9A495C00000000,A3BCA601,6AEDC633,592D0000,12000000,4C000000,45CC0000,A1EFFFFF,51010000,FC310000,1E440000
3E9B495C00000000,AEBCA601,46EDC633,592D0000,12000000,4C000000,72CC0000,85EFFFFF,6A010000,FF310000,4B440000
A09B495C00000000,B8BCA601,23EDC633,592D0000,12000000,4C000000,9CCC0000,69EFFFFF,82010000,01320000,75440000
069C495C00000000,C2BCA601,00EDC633,592D0000,12000000,4C000000,C5CC0000,4DEFFFFF,99010000,02320000,9E440000
6A9C495C00000000,CBBCA601,DEECC633,592D0000,12000000,4C000000,E8CC0000,31EFFFFF,AF010000,04320000,C1440000
CF9C495C00000000,D5BCA601,BCECC633,592D0000,12000000,4C000000,14CD0000,15EFFFFF,C5010000,04320000,ED440000
329D495C00000000,DDBCA601,9AECC633,592D0000,12000000,4C000000,3BCD0000,F9EEFFFF,DA010000,06320000,14450000
989D495C00000000,E6BCA601,78ECC633,592D0000,12000000,4C000000,61CD0000,DDEEFFFF,EE010000,07320000,3A450000
FC9D495C00000000,EEBCA601,57ECC633,592D0000,12000000,4C000000,8ECD0000,C1EEFFFF,02020000,07320000,67450000
5F9E495C00000000,F6BCA601,35ECC633,592D0000,12000000,4C000000,C3CD0000,A5EEFFFF,16020000,07320000,9C450000
C59E495C00000000,FEBCA601,14ECC633,592D0000,12000000,4C000000,03CE0000,89EEFFFF,2A020000,07320000,DC450000
289F495C00000000,05BDA601,F1EBC633,592D0000,12000000,4C000000,50CE0000,6DEEFFFF,3F020000,07320000,29460000
8B9F495C00000000,0BBDA601,CFEBC633,592D0000,12000000,4C000000,02420000,51EEFFFF,54020000,07320000,DCB9FFFF
EE9F495C00000000,11BDA601,ADEBC633,592D0000,12000000,4C000000,5D420000,35EEFFFF,69020000,07320000,37BAFFFF
53A0495C00000000,17BDA601,8AEBC633,592D0000,12000000,4C000000,BA420000,19EEFFFF,7E020000,07320000,94BAFFFF
BAA0495C00000000,1CBDA601,67EBC633,592D0000,12000000,4C000000,1D430000,FDEDFFFF,93020000,06320000,F7BAFFFF
1DA1495C00000000,21BDA601,43EBC633,592D0000,12000000,4C000000,88430000,E1EDFFFF,AA020000,06320000,62BBFFFF
80A1495C00000000,24BDA601,20EBC633,592D0000,12000000,4C000000,F9430000,C5EDFFFF,C1020000,06320000,D3BBFFFF
E6A1495C00000000,27BDA601,FBEAC633,592D0000,12000000,4C000000,6E440000,A9EDFFFF,D8020000,06320000,48BCFFFF
49A2495C00000000,2ABDA601,D6EAC633,592D0000,12000000,4C000000,EB440000,8DEDFFFF,F1020000,05320000,C5BCFFFF
ABA2495C00000000,2BBDA601,B1EAC633,592D0000,12000000,4C000000,6B450000,71EDFFFF,09030000,05320000,45BDFFFF
11A3495C00000000,2CBDA601,8BEAC633,592D0000,12000000,4C000000,F0450000,55EDFFFF,23030000,05320000,CABDFFFF
75A3495C00000000,2CBDA601,65EAC633,592D0000,12000000,4C000000,75460000,39EDFFFF,3D030000,04320000,4FBEFFFF
D8A3495C00000000,2ABDA601,3EEAC633,592D0000,12000000,4C000000,FC460000,1DEDFFFF,57030000,04320000,D6BEFFFF
3DA4495C00000000,28BDA601,18EAC633,592D0000,12000000,4C000000,89470000,01EDFFFF,72030000,03320000,63BFFFFF
A1A4495C00000000,25BDA601,F1E9C633,592D0000,12000000,4C000000,19480000,E5ECFFFF,8D030000,03320000,F3BFFFFF
07A5495C00000000,21BDA601,CAE9C633,592D0000,12000000,4C000000,B7480000,C9ECFFFF,A9030000,02320000,91C0FFFF
6AA5495C00000000,1CBDA601,A2E9C633,592D0000,12000000,4C000000,5B490000,ADECFFFF,C5030000,01320000,35C1FFFF
CFA5495C00000000,15BDA601,7BE9C633,592D0000,12000000,4C000000,0B4A0000,91ECFFFF,E1030000,00320000,E5C1FFFF
33A6495C00000000,0DBDA601,55E9C633,592D0000,12000000,4C000000,CF4A0000,75ECFFFF,FD030000,FF310000,A9C2FFFF
95A6495C00000000,04BDA601,2EE9C633,592D0000,12000000,4C000000,984B0000,59ECFFFF,19040000,FE310000,72C3FFFF
FCA6495C00000000,F9BCA601,08E9C633,592D0000,12000000,4C000000,664C0000,3DECFFFF,35040000,FC310000,40C4FFFF
5FA7495C00000000,EDBCA601,E2E8C633,592D0000,12000000,4C000000,3B4D0000,21ECFFFF,51040000,FB310000,15C5FFFF
C4A7495C00000000,E0BCA601,BDE8C633,592D0000,12000000,4C000000,164E0000,05ECFFFF,6D040000,FA310000,F0C5FFFF
28A8495C00000000,D1BCA601,98E8C633,592D0000,12000000,4C000000,F24E0000,E9EBFFFF,89040000,F8310000,CCC6FFFF
8BA8495C00000000,C1BCA601,74E8C633,592D0000,12000000,4C000000,C74F0000,CDEBFFFF,A5040000,F6310000,A1C7FFFF
F1A8495C00000000,AFBCA601,51E8C633,592D0000,12000000,4C000000,9B500000,B1EBFFFF,C1040000,F4310000,75C8FFFF
50A9495C00000000,9CBCA601,2EE8C633,592D0000,12000000,4C000000,76510000,95EBFFFF,DD040000,F2310000,50C9FFFF
B7A9495C00000000,88BCA601,0CE8C633,592D0000,12000000,4C000000,4B520000,79EBFFFF,F9040000,EF310000,25CAFFFF
1DAA495C00000000,72BCA601,EBE7C633,592D0000,12000000,4C000000,1E530000,5DEBFFFF,15050000,ED310000,F8CAFFFF
80AA495C00000000,5CBCA601,CAE7C633,592D0000,12000000,4C000000,F1530000,41EBFFFF,31050000,E9310000,CBCBFFFF
E6AA495C00000000,44BCA601,AAE7C633,592D0000,12000000,4C000000,BB540000,25EBFFFF,4D050000,E6310000,95CCFFFF
48AB495C00000000,2BBCA601,8CE7C633,592D0000,12000000,4C000000,84550000,09EBFFFF,69050000,E3310000,5ECDFFFF
B4AB495C00000000,11BCA601,6EE7C633,592D0000,12000000,4C000000,4C560000,EDEAFFFF,85050000,DF310000,26CEFFFF
11AC495C00000000,F6BBA601,51E7C633,592D0000,12000000,4C000000,FC560000,D1EAFFFF,A1050000,DB310000,D6CEFFFF
75AC495C00000000,DBBBA601,34E7C633,592D0000,12000000,4C000000,A3570000,B5EAFFFF,BD050000,D7310000,7DCFFFFF
DBAC495C00000000,BEBBA601,19E7C633,592D0000,12000000,4C000000,39580000,99EAFFFF,D8050000,D2310000,13D0FFFF
3DAD495C00000000,A2BBA601,FEE6C633,592D0000,12000000,4C000000,C5580000,7DEAFFFF,F4050000,CE310000,9FD0FFFF
A0AD495C00000000,85BBA601,E4E6C633,592D0000,12000000,4C000000,3B590000,61EAFFFF,0F060000,C8310000,15D1FFFF
07AE495C00000000,67BBA601,CBE6C633,592D0000,12000000,4C000000,9D590000,45EAFFFF,29060000,C3310000,77D1FFFF
6AAE495C00000000,4ABBA601,B3E6C633,592D0000,12000000,4C000000,0A5A0000,29EAFFFF,44060000,BE310000,E4D1FFFF
CDAE495C00000000,2CBBA601,9BE6C633,592D0000,12000000,4C000000,5E5A0000,0DEAFFFF,5D060000,B8310000,38D2FFFF
33AF495C00000000,0EBBA601,84E6C633,592D0000,12000000,4C000000,A55A0000,F1E9FFFF,76060000,B2310000,7FD2FFFF
96AF495C00000000,F1BAA601,6EE6C633,592D0000,12000000,4C000000,DA5A0000,D5E9FFFF,8E060000,AC310000,B4D2FFFF
FCAF495C00000000,D5BAA601,58E6C633,592D0000,12000000,4C000000,065B0000,B9E9FFFF,A4060000,A6310000,E0D2FFFF
5FB0495C00000000,B9BAA601,44E6C633,592D0000,12000000,4C000000,2D5B0000,9DE9FFFF,B8060000,9F310000,07D3FFFF
C2B0495C00000000,9EBAA601,30E6C633,592D0000,12000000,4C000000,475B0000,81E9FFFF,CC060000,98310000,21D3FFFF
26B1495C00000000,83BAA601,1CE6C633,592D0000,12000000,4C000000,5D5B0000,65E9FFFF,DD060000,92310000,37D3FFFF
8BB1495C00000000,69BAA601,09E6C633,592D0000,12000000,4C000000,6D5B0000,49E9FFFF,ED060000,8B310000,47D3FFFF
F1B1495C00000000,50BAA601,F7E5C633,592D0000,12000000,4C000000,7B5B0000,2DE9FFFF,FA060000,84310000,55D3FFFF
54B2495C00000000,37BAA601,E5E5C633,592D0000,12000000,4C000000,835B0000,11E9FFFF,07070000,7D310000,5DD3FFFF
B7B2495C00000000,1EBAA601,D4E5C633,592D0000,12000000,4C000000,8A5B0000,F5E8FFFF,12070000,76310000,64D3FFFF
1DB3495C00000000,06BAA601,C2E5C633,592D0000,12000000,4C000000,925B0000,D9E8FFFF,1D070000,6F310000,6CD3FFFF
80B3495C00000000,EEB9A601,B1E5C633,592D0000,12000000,4C000000,9D5B0000,BDE8FFFF,27070000,67310000,77D3FFFF
E3B3495C00000000,D5B9A601,A0E5C633,592D0000,12000000,4C000000,A65B0000,A1E8FFFF,31070000,60310000,80D3FFFF
48B4495C00000000,BDB9A601,8EE5C633,592D0000,12000000,4C000000,B25B0000,85E8FFFF,3B070000,58310000,8CD3FFFF
ACB4495C00000000,A5B9A601,7DE5C633,592D0000,12000000,4C000000,BE5B0000,69E8FFFF,45070000,50310000,98D3FFFF
0FB5495C00000000,8DB9A601,6CE5C633,592D0000,12000000,4C000000,C95B0000,4DE8FFFF,4F070000,48310000,A3D3FFFF
75B5495C00000000,74B9A601,5BE5C633,592D0000,12000000,4C000000,D45B0000,31E8FFFF,58070000,40310000,AED3FFFF
D7B5495C00000000,5CB9A601,4BE5C633,592D0000,12000000,4C000000,DC5B0000,15E8FFFF,62070000,38310000,B6D3FFFF
3EB6495C00000000,44B9A601,3AE5C633,592D0000,12000000,4C000000,E45B0000,F9E7FFFF,6C070000,2F310000,BED3FFFF
A1B6495C00000000,2BB9A601,29E5C633,592D0000,12000000,4C000000,E95B0000,DDE7FFFF,75070000,27310000,C3D3FFFF
07B7495C00000000,13B9A601,18E5C633,592D0000,12000000,4C000000,EE5B0000,C1E7FFFF,7E070000,1F310000,C8D3FFFF
6AB7495C00000000,FBB8A601,07E5C633,592D0000,12000000,4C000000,F05B0000,A5E7FFFF,87070000,17310000,CAD3FFFF
CDB7495C00000000,E3B8A601,F7E4C633,592D0000,12000000,4C000000,F15B0000,89E7FFFF,90070000,10310000,CBD3FFFF
33B8495C00000000,CBB8A601,E6E4C633,592D0000,12000000,4C000000,F25B0000,6DE7FFFF,98070000,07310000,CCD3FFFF
96B8495C00000000,B3B8A601,D6E4C633,592D0000,12000000,4C000000,F15B0000,51E7FFFF,A1070000,FF300000,CBD3FFFF
F9B8495C00000000,9BB8A601,C5E4C633,592D0000,12000000,4C000000,EF5B0000,35E7FFFF,A9070000,F8300000,C9D3FFFF
5FB9495C00000000,83B8A601,B4E4C633,592D0000,12000000,4C000000,ED5B0000,19E7FFFF,B1070000,F0300000,C7D3FFFF
C2B9495C00000000,6BB8A601,A4E4C633,592D0000,12000000,4C000000,EB5B0000,FDE6FFFF,B8070000,E8300000,C5D3FFFF
25BA495C00000000,53B8A601,93E4C633,592D0000,12000000,4C000000,E85B0000,E1E6FFFF,BF070000,E0300000,C2D3FFFF
8BBA495C00000000,3CB8A601,83E4C633,592D0000,12000000,4C000000,E65B0000,C5E6FFFF,C6070000,D9300000,C0D3FFFF
EEBA495C00000000,24B8A601,73E4C633,592D0000,12000000,4C000000,E45B0000,A9E6FFFF,CD070000,D1300000,BED3FFFF
54BB495C00000000,0CB8A601,62E4C633,592D0000,12000000,4C000000,E15B0000,8DE6FFFF,D4070000,CA300000,BBD3FFFF
B4BB495C00000000,F5B7A601,52E4C633,592D0000,12000000,4C000000,DC5B0000,71E6FFFF,DA070000,C2300000,B6D3FFFF
1DBC495C00000000,DDB7A601,41E4C633,592D0000,12000000,4C000000,D75B0000,55E6FFFF,E1070000,BB300000,B1D3FFFF
80BC495C00000000,C6B7A601,31E4C633,592D0000,12000000,4C000000,D05B0000,39E6FFFF,E7070000,B3300000,AAD3FFFF
E3BC495C00000000,AEB7A601,20E4C633,592D0000,12000000,4C000000,C75B0000,1DE6FFFF,ED070000,AB300000,A1D3FFFF
49BD495C00000000,97B7A601,10E4C633,592D0000,12000000,4C000000,C15B0000,01E6FFFF,F3070000,A3300000,9BD3FFFF
ACBD495C00000000,80B7A601,00E4C633,592D0000,12000000,4C000000,B75B0000,E5E5FFFF,F8070000,9C300000,91D3FFFF
0FBE495C00000000,68B7A601,EFE3C633,592D0000,12000000,4C000000,AE5B0000,C9E5FFFF,FE070000,95300000,88D3FFFF
75BE495C00000000,51B7A601,DFE3C633,592D0000,12000000,4C000000,A75B0000,ADE5FFFF,03080000,8E300000,81D3FFFF
D8BE495C00000000,3AB7A601,CEE3C633,592D0000,12000000,4C000000,A05B0000,91E5FFFF,07080000,87300000,7AD3FFFF
3EBF495C00000000,23B7A601,BEE3C633,592D0000,12000000,4C000000,995B0000,75E5FFFF,0C080000,7F300000,73D3FFFF
A2BF495C00000000,0CB7A601,ADE3C633,592D0000,12000000,4C000000,945B0000,59E5FFFF,11080000,78300000,6ED3FFFF
04C0495C00000000,F5B6A601,9DE3C633,592D0000,12000000,4C000000,915B0000,3DE5FFFF,15080000,70300000,6BD3FFFF
6AC0495C00000000,DEB6A601,8CE3C633,592D0000,12000000,4C000000,905B0000,21E5FFFF,19080000,69300000,6AD3FFFF
CDC0495C00000000,C7B6A601,7CE3C633,592D0000,12000000,4C000000,915B0000,05E5FFFF,1D080000,61300000,6BD3FFFF
33C1495C00000000,B0B6A601,6BE3C633,592D0000,12000000,4C000000,935B0000,E9E4FFFF,21080000,5A300000,6DD3FFFF
96C1495C00000000,99B6A601,5BE3C633,592D0000,12000000,4C000000,935B0000,CDE4FFFF,25080000,52300000,6DD3FFFF
F7C1495C00000000,82B6A601,4AE3C633,592D0000,12000000,4C000000,935B0000,B1E4FFFF,2A080000,4A300000,6DD3FFFF
5FC2495C00000000,6BB6A601,3AE3C633,592D0000,12000000,4C000000,925B0000,95E4FFFF,2E080000,42300000,6CD3FFFF
C2C2495C00000000,54B6A601,29E3C633,592D0000,12000000,4C000000,905B0000,79E4FFFF,32080000,3A300000,6AD3FFFF
29C3495C00000000,3DB6A601,19E3C633,592D0000,12000000,4C000000,8C5B0000,5DE4FFFF,36080000,32300000,66D3FFFF
89C3495C00000000,26B6A601,08E3C633,592D0000,12000000,4C000000,875B0000,41E4FFFF,3A080000,29300000,61D3FFFF
EEC3495C00000000,0FB6A601,F8E2C633,592D0000,12000000,4C000000,825B0000,25E4FFFF,3E080000,21300000,5CD3FFFF
54C4495C00000000,F8B5A601,E7E2C633,592D0000,12000000,4C000000,7D5B0000,09E4FFFF,41080000,18300000,57D3FFFF
B4C4495C00000000,E1B5A601,D7E2C633,592D0000,12000000,4C000000,785B0000,EDE3FFFF,45080000,0F300000,52D3FFFF
1AC5495C00000000,CAB5A601,C6E2C633,592D0000,12000000,4C000000,745B0000,D1E3FFFF,48080000,06300000,4ED3FFFF
80C5495C00000000,B3B5A601,B6E2C633,592D0000,12000000,4C000000,735B0000,B5E3FFFF,4C080000,FE2F0000,4DD3FFFF
E3C5495C00000000,9CB5A601,A5E2C633,592D0000,12000000,4C000000,715B0000,99E3FFFF,4F080000,F52F0000,4BD3FFFF
47C6495C00000000,86B5A601,95E2C633,592D0000,12000000,4C000000,6F5B0000,7DE3FFFF,53080000,EC2F0000,49D3FFFF
ACC6495C00000000,6FB5A601,84E2C633,592D0000,12000000,4C000000,6F5B0000,61E3FFFF,56080000,E32F0000,49D3FFFF
0FC7495C00000000,58B5A601,74E2C633,592D0000,12000000,4C000000,715B0000,45E3FFFF,59080000,DB2F0000,4BD3FFFF
76C7495C00000000,41B5A601,63E2C633,592D0000,12000000,4C000000,735B0000,29E3FFFF,5D080000,D22F0000,4DD3FFFF
D8C7495C00000000,2AB5A601,53E2C633,592D0000,12000000,4C000000,755B0000,0EE3FFFF,60080000,CA2F0000,4FD3FFFF
3EC8495C00000000,13B5A601,42E2C633,592D0000,12000000,4C000000,775B0000,F2E2FFFF,63080000,C12F0000,51D3FFFF
A1C8495C00000000,FDB4A601,32E2C633,592D0000,12000000,4C000000,775B0000,D5E2FFFF,67080000,B82F0000,51D3FFFF
04C9495C00000000,E6B4A601,21E2C633,592D0000,12000000,4C000000,755B0000,B9E2FFFF,6A080000,B02F0000,4FD3FFFF
6AC9495C00000000,CFB4A601,11E2C633,592D0000,12000000,4C000000,735B0000,9DE2FFFF,6D080000,A72F0000,4DD3FFFF
CDC9495C00000000,B8B4A601,00E2C633,592D0000,12000000,4C000000,715B0000,82E2FFFF,70080000,9E2F0000,4BD3FFFF
31CA495C00000000,A1B4A601,EFE1C633,592D0000,12000000,4C000000,6F5B0000,66E2FFFF,73080000,952F0000,49D3FFFF
93CA495C00000000,8AB4A601,DFE1C633,592D0000,12000000,4C000000,6C5B0000,4AE2FFFF,76080000,8D2F0000,46D3FFFF
F9CA495C00000000,74B4A601,CEE1C633,592D0000,12000000,4C000000,695B0000,2DE2FFFF,79080000,842F0000,43D3FFFF
60CB495C00000000,5DB4A601,BEE1C633,592D0000,12000000,4C000000,655B0000,11E2FFFF,7D080000,7B2F0000,3FD3FFFF
C2CB495C00000000,46B4A601,ADE1C633,592D0000,12000000,4C000000,635B0000,F5E1FFFF,80080000,722F0000,3DD3FFFF
25CC495C00000000,2FB4A601,9DE1C633,592D0000,12000000,4C000000,5F5B0000,DAE1FFFF,82080000,6A2F0000,39D3FFFF
8BCC495C00000000,19B4A601,8CE1C633,592D0000,12000000,4C000000,5D5B0000,BEE1FFFF,85080000,612F0000,37D3FFFF
EECC495C00000000,02B4A601,7BE1C633,592D0000,12000000,4C000000,595B0000,A2E1FFFF,88080000,582F0000,33D3FFFF
54CD495C00000000,EBB3A601,6BE1C633,592D0000,12000000,4C000000,565B0000,85E1FFFF,8B080000,502F0000,30D3FFFF
B7CD495C00000000,D4B3A601,5AE1C633,592D0000,12000000,4C000000,535B0000,69E1FFFF,8E080000,482F0000,2DD3FFFF
1ACE495C00000000,BEB3A601,4AE1C633,592D0000,12000000,4C000000,485B0000,4DE1FFFF,90080000,3F2F0000,22D3FFFF
81CE495C00000000,A7B3A601,39E1C633,592D0000,12000000,4C000000,455B0000,31E1FFFF,92080000,362F0000,1FD3FFFF
E3CE495C00000000,91B3A601,28E1C633,592D0000,12000000,4C000000,425B0000,16E1FFFF,96080000,2E2F0000,1CD3FFFF
46CF495C00000000,7AB3A601,18E1C633,592D0000,12000000,4C000000,3F5B0000,FAE0FFFF,98080000,262F0000,19D3FFFF
A9CF495C00000000,63B3A601,07E1C633,592D0000,12000000,4C000000,355B0000,DEE0FFFF,9A080000,1D2F0000,0FD3FFFF
10D0495C00000000,4DB3A601,F6E0C633,592D0000,12000000,4C000000,2D5B0000,C2E0FFFF,9C080000,142F0000,07D3FFFF
75D0495C00000000,37B3A601,E5E0C633,592D0000,12000000,4C000000,1F5B0000,A6E0FFFF,9E080000,0B2F0000,F9D2FFFF
D8D0495C00000000,20B3A601,D5E0C633,592D0000,12000000,4C000000,135B0000,8AE0FFFF,A0080000,032F0000,EDD2FFFF
3BD1495C00000000,0AB3A601,C4E0C633,592D0000,12000000,4C000000,0A5B0000,6EE0FFFF,A2080000,FB2E0000,E4D2FFFF
A1D1495C00000000,F3B2A601,B3E0C633,592D0000,12000000,4C000000,025B0000,52E0FFFF,A3080000,F32E0000,DCD2FFFF
04D2495C00000000,DDB2A601,A2E0C633,592D0000,12000000,4C000000,FB5A0000,36E0FFFF,A5080000,EA2E0000,D5D2FFFF
6AD2495C00000000,C7B2A601,91E0C633,592D0000,12000000,4C000000,F55A0000,1AE0FFFF,A6080000,E22E0000,CFD2FFFF
CED2495C00000000,B0B2A601,80E0C633,592D0000,12000000,4C000000,ED5A0000,FEDFFFFF,A8080000,DA2E0000,C7D2FFFF
30D3495C00000000,9AB2A601,6FE0C633,592D0000,12000000,4C000000,E55A0000,E2DFFFFF,A9080000,D12E0000,BFD2FFFF
96D3495C00000000,84B2A601,5EE0C633,592D0000,12000000,4C000000,DD5A0000,C6DFFFFF,A9080000,C92E0000,B7D2FFFF
FAD3495C00000000,6EB2A601,4DE0C633,592D0000,12000000,4C000000,D45A0000,AADFFFFF,AA080000,C02E0000,AED2FFFF
5CD4495C00000000,57B2A601,3CE0C633,592D0000,12000000,4C000000,CE5A0000,8EDFFFFF,AB080000,B82E0000,A8D2FFFF
C0D4495C00000000,41B2A601,2BE0C633,592D0000,12000000,4C000000,C55A0000,72DFFFFF,AB080000,AF2E0000,9FD2FFFF
26D5495C00000000,2BB2A601,1AE0C633,592D0000,12000000,4C000000,C15A0000,56DFFFFF,AB080000,A72E0000,9BD2FFFF
8BD5495C00000000,15B2A601,09E0C633,592D0000,12000000,4C000000,BD5A0000,3ADFFFFF,AC080000,9F2E0000,97D2FFFF
EED5495C00000000,FFB1A601,F8DFC633,592D0000,12000000,4C000000,BB5A0000,1EDFFFFF,AC080000,962E0000,95D2FFFF
52D6495C00000000,E9B1A601,E7DFC633,592D0000,12000000,4C000000,B75A0000,03DFFFFF,AD080000,8E2E0000,91D2FFFF
B7D6495C00000000,D3B1A601,D6DFC633,592D0000,12000000,4C000000,AF5A0000,E7DEFFFF,AD080000,852E0000,89D2FFFF
1AD7495C00000000,BDB1A601,C5DFC633,592D0000,12000000,4C000000,A45A0000,CBDEFFFF,AE080000,7D2E0000,7ED2FFFF
80D7495C00000000,A7B1A601,B3DFC633,592D0000,12000000,4C000000,985A0000,AFDEFFFF,AE080000,752E0000,72D2FFFF
E3D7495C00000000,91B1A601,A2DFC633,592D0000,12000000,4C000000,8F5A0000,93DEFFFF,AD080000,6D2E0000,69D2FFFF
46D8495C00000000,7BB1A601,91DFC633,592D0000,12000000,4C000000,865A0000,77DEFFFF,AD080000,652E0000,60D2FFFF
ADD8495C00000000,65B1A601,7FDFC633,592D0000,12000000,4C000000,7F5A0000,5BDEFFFF,AC080000,5C2E0000,59D2FFFF
0FD9495C00000000,4FB1A601,6EDFC633,592D0000,12000000,4C000000,795A0000,3FDEFFFF,AB080000,542E0000,53D2FFFF
72D9495C00000000,39B1A601,5CDFC633,592D0000,12000000,4C000000,775A0000,23DEFFFF,AA080000,4C2E0000,51D2FFFF
D9D9495C00000000,23B1A601,4BDFC633,592D0000,12000000,4C000000,795A0000,07DEFFFF,A9080000,442E0000,53D2FFFF
3CDA495C00000000,0DB1A601,3ADFC633,592D0000,12000000,4C000000,805A0000,EBDDFFFF,A9080000,3C2E0000,5AD2FFFF
A1DA495C00000000,F7B0A601,28DFC633,592D0000,12000000,4C000000,895A0000,CFDDFFFF,A9080000,342E0000,63D2FFFF
03DB495C00000000,E1B0A601,17DFC633,592D0000,12000000,4C000000,9A5A0000,B3DDFFFF,A9080000,2D2E0000,74D2FFFF
68DB495C00000000,CBB0A601,06DFC633,592D0000,12000000,4C000000,AC5A0000,97DDFFFF,A9080000,242E0000,86D2FFFF
CDDB495C00000000,B5B0A601,F5DEC633,592D0000,12000000,4C000000,BF5A0000,7BDDFFFF,A9080000,1C2E0000,99D2FFFF
30DC495C00000000,9FB0A601,E4DEC633,592D0000,12000000,4C000000,C75A0000,5FDDFFFF,AA080000,132E0000,A1D2FFFF
97DC495C00000000,89B0A601,D3DEC633,592D0000,12000000,4C000000,D35A0000,43DDFFFF,AB080000,0A2E0000,ADD2FFFF
FADC495C00000000,72B0A601,C2DEC633,592D0000,12000000,4C000000,DF5A0000,27DDFFFF,AD080000,012E0000,B9D2FFFF
5CDD495C00000000,5CB0A601,B1DEC633,592D0000,12000000,4C000000,EC5A0000,0BDDFFFF,AE080000,FA2D0000,C6D2FFFF
C3DD495C00000000,46B0A601,A0DEC633,592D0000,12000000,4C000000,F85A0000,EFDCFFFF,B0080000,F22D0000,D2D2FFFF
26DE495C00000000,2FB0A601,8FDEC633,592D0000,12000000,4C000000,045B0000,D3DCFFFF,B3080000,EA2D0000,DED2FFFF
89DE495C00000000,19B0A601,7EDEC633,592D0000,12000000,4C000000,0E5B0000,B7DCFFFF,B5080000,E22D0000,E8D2FFFF
EEDE495C00000000,02B0A601,6DDEC633,592D0000,12000000,4C000000,175B0000,9BDCFFFF,B8080000,DB2D0000,F1D2FFFF
52DF495C00000000,ECAFA601,5DDEC633,592D0000,12000000,4C000000,215B0000,7FDCFFFF,BA080000,D32D0000,FBD2FFFF
B8DF495C00000000,D5AFA601,4CDEC633,592D0000,12000000,4C000000,295B0000,63DCFFFF,BD080000,CC2D0000,03D3FFFF
1AE0495C00000000,BFAFA601,3BDEC633,592D0000,12000000,4C000000,305B0000,47DCFFFF,C1080000,C42D0000,0AD3FFFF
7DE0495C00000000,A8AFA601,2ADEC633,592D0000,12000000,4C000000,375B0000,2CDCFFFF,C4080000,BD2D0000,11D3FFFF
E4E0495C00000000,92AFA601,1ADEC633,592D0000,12000000,4C000000,3E5B0000,10DCFFFF,C7080000,B52D0000,18D3FFFF
47E1495C00000000,7BAFA601,09DEC633,592D0000,12000000,4C000000,455B0000,F4DBFFFF,CB080000,AD2D0000,1FD3FFFF
ACE1495C00000000,65AFA601,F9DDC633,592D0000,12000000,4C000000,4B5B0000,D8DBFFFF,CE080000,A62D0000,25D3FFFF
10E2495C00000000,4EAFA601,E8DDC633,592D0000,12000000,4C000000,535B0000,BDDBFFFF,D2080000,9E2D0000,2DD3FFFF
73E2495C00000000,38AFA601,D8DDC633,592D0000,12000000,4C000000,595B0000,A1DBFFFF,D5080000,962D0000,33D3FFFF
D8E2495C00000000,21AFA601,C7DDC633,592D0000,12000000,4C000000,5E5B0000,85DBFFFF,D9080000,8E2D0000,38D3FFFF
3CE3495C00000000,0AAFA601,B7DDC633,592D0000,12000000,4C000000,655B0000,69DBFFFF,DD080000,862D0000,3FD3FFFF
9FE3495C00000000,F4AEA601,A6DDC633,592D0000,12000000,4C000000,6B5B0000,4EDBFFFF,E2080000,7E2D0000,45D3FFFF
03E4495C00000000,DDAEA601,96DDC633,592D0000,12000000,4C000000,705B0000,32DBFFFF,E6080000,762D0000,4AD3FFFF
67E4495C00000000,C6AEA601,85DDC633,592D0000,12000000,4C000000,765B0000,16DBFFFF,EA080000,6E2D0000,50D3FFFF
CEE4495C00000000,AFAEA601,75DDC633,592D0000,12000000,4C000000,7A5B0000,FBDAFFFF,EF080000,662D0000,54D3FFFF
31E5495C00000000,99AEA601,64DDC633,592D0000,12000000,4C000000,805B0000,DFDAFFFF,F3080000,5E2D0000,5AD3FFFF
94E5495C00000000,82AEA601,54DDC633,592D0000,12000000,4C000000,865B0000,C3DAFFFF,F8080000,572D0000,60D3FFFF
F9E5495C00000000,6BAEA601,44DDC633,592D0000,12000000,4C000000,8D5B0000,A7DAFFFF,FC080000,4F2D0000,67D3FFFF
5DE6495C00000000,54AEA601,33DDC633,592D0000,12000000,4C000000,935B0000,8CDAFFFF,01090000,472D0000,6DD3FFFF
C0E6495C00000000,3DAEA601,23DDC633,592D0000,12000000,4C000000,995B0000,70DAFFFF,06090000,3F2D0000,73D3FFFF
26E7495C00000000,26AEA601,12DDC633,592D0000,12000000,4C000000,A15B0000,54DAFFFF,0B090000,372D0000,7BD3FFFF
88E7495C00000000,0FAEA601,02DDC633,592D0000,12000000,4C000000,A85B0000,38DAFFFF,11090000,302D0000,82D3FFFF
EDE7495C00000000,F7ADA601,F2DCC633,592D0000,12000000,4C000000,B05B0000,1CDAFFFF,16090000,282D0000,8AD3FFFF
52E8495C00000000,E0ADA601,E1DCC633,592D0000,12000000,4C000000,B85B0000,00DAFFFF,1C090000,202D0000,92D3FFFF
B4E8495C00000000,C9ADA601,D1DCC633,592D0000,12000000,4C000000,BF5B0000,E4D9FFFF,22090000,182D0000,99D3FFFF
1BE9495C00000000,B1ADA601,C0DCC633,592D0000,12000000,4C000000,C35B0000,C8D9FFFF,28090000,102D0000,9DD3FFFF
7DE9495C00000000,9AADA601,B0DCC633,592D0000,12000000,4C000000,C85B0000,ACD9FFFF,2E090000,082D0000,A2D3FFFF
E4E9495C00000000,82ADA601,9FDCC633,592D0000,12000000,4C000000,CC5B0000,90D9FFFF,34090000,002D0000,A6D3FFFF
47EA495C00000000,6BADA601,8FDCC633,592D0000,12000000,4C000000,CE5B0000,74D9FFFF,3A090000,F82C0000,A8D3FFFF
AAEA495C00000000,53ADA601,7EDCC633,592D0000,12000000,4C000000,CD5B0000,58D9FFFF,40090000,F02C0000,A7D3FFFF
10EB495C00000000,3CADA601,6EDCC633,592D0000,12000000,4C000000,C35B0000,3CD9FFFF,47090000,E82C0000,9DD3FFFF
73EB495C00000000,24ADA601,5DDCC633,592D0000,12000000,4C000000,B05B0000,20D9FFFF,4D090000,E02C0000,8AD3FFFF
D6EB495C00000000,0DADA601,4DDCC633,592D0000,12000000,4C000000,965B0000,04D9FFFF,52090000,D72C0000,70D3FFFF
3BEC495C00000000,F6ACA601,3CDCC633,592D0000,12000000,4C000000,785B0000,E8D8FFFF,57090000,CF2C0000,52D3FFFF
9FEC495C00000000,DFACA601,2CDCC633,592D0000,12000000,4C000000,545B0000,CCD8FFFF,5B090000,C82C0000,2ED3FFFF
03ED495C00000000,C9ACA601,1BDCC633,592D0000,12000000,4C000000,315B0000,B0D8FFFF,5E090000,C12C0000,0BD3FFFF
68ED495C00000000,B2ACA601,0ADCC633,592D0000,12000000,4C000000,0D5B0000,94D8FFFF,61090000,BA2C0000,E7D2FFFF
CEED495C00000000,9CACA601,F9DBC633,592D0000,12000000,4C000000,EB5A0000,78D8FFFF,63090000,B32C0000,C5D2FFFF
31EE495C00000000,86ACA601,E8DBC633,592D0000,12000000,4C000000,BF5A0000,5CD8FFFF,64090000,AC2C0000,99D2FFFF
94EE495C00000000,70ACA601,D6DBC633,592D0000,12000000,4C000000,8E5A0000,40D8FFFF,64090000,A42C0000,68D2FFFF
FAEE495C00000000,5AACA601,C5DBC633,592D0000,12000000,4C000000,5A5A0000,24D8FFFF,63090000,9D2C0000,34D2FFFF
5DEF495C00000000,44ACA601,B3DBC633,592D0000,12000000,4C000000,265A0000,08D8FFFF,61090000,962C0000,00D2FFFF
C0EF495C00000000,2FACA601,A1DBC633,592D0000,12000000,4C000000,F5590000,ECD7FFFF,5E090000,8F2C0000,CFD1FFFF
25F0495C00000000,19ACA601,8FDBC633,592D0000,12000000,4C000000,C3590000,D0D7FFFF,5A090000,882C0000,9DD1FFFF
89F0495C00000000,03ACA601,7CDBC633,592D0000,12000000,4C000000,92590000,B4D7FFFF,55090000,812C0000,6CD1FFFF
ECF0495C00000000,EEABA601,6ADBC633,592D0000,12000000,4C000000,68590000,98D7FFFF,4F090000,7A2C0000,42D1FFFF
52F1495C00000000,D8ABA601,56DBC633,592D0000,12000000,4C000000,42590000,7CD7FFFF,48090000,732C0000,1CD1FFFF
B4F1495C00000000,C3ABA601,43DBC633,592D0000,12000000,4C000000,1F590000,60D7FFFF,41090000,6C2C0000,F9D0FFFF
1BF2495C00000000,ADABA601,30DBC633,592D0000,12000000,4C000000,FE580000,44D7FFFF,39090000,652C0000,D8D0FFFF
7EF2495C00000000,98ABA601,1CDBC633,592D0000,12000000,4C000000,E1580000,28D7FFFF,31090000,5D2C0000,BBD0FFFF
E3F2495C00000000,82ABA601,08DBC633,592D0000,12000000,4C000000,CA580000,0CD7FFFF,28090000,572C0000,A4D0FFFF
47F3495C00000000,6DABA601,F4DAC633,592D0000,12000000,4C000000,BA580000,F1D6FFFF,1E090000,4F2C0000,94D0FFFF
AAF3495C00000000,57ABA601,E0DAC633,592D0000,12000000,4C000000,B1580000,D5D6FFFF,16090000,482C0000,8BD0FFFF
10F4495C00000000,42ABA601,CCDAC633,592D0000,12000000,4C000000,AD580000,B9D6FFFF,0D090000,422C0000,87D0FFFF
72F4495C00000000,2DABA601,B8DAC633,592D0000,12000000,4C000000,AE580000,9DD6FFFF,04090000,3A2C0000,88D0FFFF
D6F4495C00000000,18ABA601,A5DAC633,592D0000,12000000,4C000000,B0580000,82D6FFFF,FC080000,332C0000,8AD0FFFF
38F5495C00000000,03ABA601,91DAC633,592D0000,12000000,4C000000,B8580000,66D6FFFF,F4080000,2C2C0000,92D0FFFF
9FF5495C00000000,EEAAA601,7EDAC633,592D0000,12000000,4C000000,C5580000,4BD6FFFF,EC080000,252C0000,9FD0FFFF
04F6495C00000000,D9AAA601,6BDAC633,592D0000,12000000,4C000000,D6580000,2FD6FFFF,E5080000,1E2C0000,B0D0FFFF
66F6495C00000000,C4AAA601,58DAC633,592D0000,12000000,4C000000,EE580000,14D6FFFF,DE080000,172C0000,C8D0FFFF
CBF6495C00000000,AFAAA601,45DAC633,592D0000,12000000,4C000000,0C590000,F8D5FFFF,D8080000,102C0000,E6D0FFFF
31F7495C00000000,9AAAA601,32DAC633,592D0000,12000000,4C000000,2D590000,DCD5FFFF,D3080000,082C0000,07D1FFFF
93F7495C00000000,85AAA601,20DAC633,592D0000,12000000,4C000000,53590000,C1D5FFFF,CF080000,012C0000,2DD1FFFF
F6F7495C00000000,70AAA601,0EDAC633,592D0000,12000000,4C000000,7A590000,A6D5FFFF,CC080000,FA2B0000,54D1FFFF
5DF8495C00000000,5BAAA601,FCD9C633,592D0000,12000000,4C000000,A1590000,8AD5FFFF,CA080000,F32B0000,7BD1FFFF
BEF8495C00000000,46AAA601,EAD9C633,592D0000,12000000,4C000000,C5590000,6FD5FFFF,C8080000,EC2B0000,9FD1FFFF
22F9495C00000000,31AAA601,D8D9C633,592D0000,12000000,4C000000,E9590000,53D5FFFF,C8080000,E52B0000,C3D1FFFF
88F9495C00000000,1CAAA601,C7D9C633,592D0000,12000000,4C000000,115A0000,38D5FFFF,C8080000,DE2B0000,EBD1FFFF
EBF9495C00000000,07AAA601,B6D9C633,592D0000,12000000,4C000000,345A0000,1CD5FFFF,C9080000,D82B0000,0ED2FFFF
51FA495C00000000,F1A9A601,A4D9C633,592D0000,12000000,4C000000,525A0000,01D5FFFF,CB080000,D12B0000,2CD2FFFF
B5FA495C00000000,DCA9A601,93D9C633,592D0000,12000000,4C000000,6C5A0000,E5D4FFFF,CD080000,CA2B0000,46D2FFFF
1AFB495C00000000,C6A9A601,82D9C633,592D0000,12000000,4C000000,815A0000,CAD4FFFF,D0080000,C32B0000,5BD2FFFF
7DFB495C00000000,B0A9A601,71D9C633,592D0000,12000000,4C000000,905A0000,AFD4FFFF,D3080000,BC2B0000,6AD2FFFF
DDFB495C00000000,9BA9A601,60D9C633,592D0000,12000000,4C000000,975A0000,93D4FFFF,D6080000,B62B0000,71D2FFFF
46FC495C00000000,85A9A601,4FD9C633,592D0000,12000000,4C000000,9E5A0000,78D4FFFF,D9080000,B02B0000,78D2FFFF
A9FC495C00000000,6FA9A601,3ED9C633,592D0000,12000000,4C000000,A45A0000,5DD4FFFF,DC080000,A92B0000,7ED2FFFF
0FFD495C00000000,5AA9A601,2ED9C633,592D0000,12000000,4C000000,AB5A0000,42D4FFFF,DF080000,A32B0000,85D2FFFF
72FD495C00000000,44A9A601,1DD9C633,592D0000,12000000,4C000000,AF5A0000,26D4FFFF,E2080000,9C2B0000,89D2FFFF
D5FD495C00000000,2FA9A601,0CD9C633,592D0000,12000000,4C000000,B15A0000,0BD4FFFF,E5080000,952B0000,8BD2FFFF
3BFE495C00000000,19A9A601,FBD8C633,592D0000,12000000,4C000000,B45A0000,F0D3FFFF,E7080000,8F2B0000,8ED2FFFF
9AFE495C00000000,04A9A601,EBD8C633,592D0000,12000000,4C000000,B95A0000,D5D3FFFF,EA080000,892B0000,93D2FFFF
01FF495C00000000,EEA8A601,DAD8C633,592D0000,12000000,4C000000,BD5A0000,BAD3FFFF,ED080000,832B0000,97D2FFFF
67FF495C00000000,D9A8A601,CAD8C633,592D0000,12000000,4C000000,C45A0000,9FD3FFFF,F0080000,7D2B0000,9ED2FFFF
CAFF495C00000000,C3A8A601,B9D8C633,592D0000,12000000,4C000000,C95A0000,84D3FFFF,F3080000,772B0000,A3D2FFFF
2D004A5C00000000,AEA8A601,A9D8C633,592D0000,12000000,4C000000,CF5A0000,69D3FFFF,F6080000,712B0000,A9D2FFFF
93004A5C00000000,98A8A601,98D8C633,592D0000,12000000,4C000000,D65A0000,4ED3FFFF,F9080000,6A2B0000,B0D2FFFF
F6004A5C00000000,82A8A601,87D8C633,592D0000,12000000,4C000000,DE5A0000,33D3FFFF,FC080000,642B0000,B8D2FFFF
5C014A5C00000000,6DA8A601,77D8C633,592D0000,12000000,4C000000,E55A0000,18D3FFFF,FF080000,5D2B0000,BFD2FFFF
BF014A5C00000000,57A8A601,66D8C633,592D0000,12000000,4C000000,EB5A0000,FDD2FFFF,02090000,562B0000,C5D2FFFF
25024A5C00000000,41A8A601,56D8C633,592D0000,12000000,4C000000,F45A0000,E2D2FFFF,05090000,502B0000,CED2FFFF
88024A5C00000000,2CA8A601,46D8C633,592D0000,12000000,4C000000,FB5A0000,C7D2FFFF,09090000,4A2B0000,D5D2FFFF
EB024A5C00000000,16A8A601,35D8C633,592D0000,12000000,4C000000,FE5A0000,ACD2FFFF,0C090000,442B0000,D8D2FFFF
50034A5C00000000,00A8A601,25D8C633,592D0000,12000000,4C000000,005B0000,91D2FFFF,0F090000,3D2B0000,DAD2FFFF
B4034A5C00000000,EAA7A601,14D8C633,592D0000,12000000,4C000000,045B0000,75D2FFFF,12090000,372B0000,DED2FFFF
17044A5C00000000,D4A7A601,04D8C633,592D0000,12000000,4C000000,035B0000,5AD2FFFF,15090000,312B0000,DDD2FFFF
7D044A5C00000000,BEA7A601,F3D7C633,592D0000,12000000,4C000000,015B0000,3ED2FFFF,17090000,2B2B0000,DBD2FFFF
E0044A5C00000000,A8A7A601,E2D7C633,592D0000,12000000,4C000000,FD5A0000,22D2FFFF,1A090000,252B0000,D7D2FFFF
46054A5C00000000,91A7A601,D1D7C633,592D0000,12000000,4C000000,FB5A0000,07D2FFFF,1C090000,1F2B0000,D5D2FFFF
A9054A5C00000000,7BA7A601,C0D7C633,592D0000,12000000,4C000000,F75A0000,EBD1FFFF,1F090000,182B0000,D1D2FFFF
0C064A5C00000000,65A7A601,AFD7C633,592D0000,12000000,4C000000,F15A0000,CFD1FFFF,20090000,122B0000,CBD2FFFF
72064A5C00000000,4EA7A601,9ED7C633,592D0000,12000000,4C000000,E95A0000,B3D1FFFF,22090000,0C2B0000,C3D2FFFF
D5064A5C00000000,38A7A601,8DD7C633,592D0000,12000000,4C000000,E35A0000,97D1FFFF,24090000,062B0000,BDD2FFFF
3B074A5C00000000,22A7A601,7CD7C633,592D0000,12000000,4C000000,E15A0000,7BD1FFFF,25090000,002B0000,BBD2FFFF
9F074A5C00000000,0BA7A601,6BD7C633,592D0000,12000000,4C000000,DD5A0000,5FD1FFFF,26090000,FA2A0000,B7D2FFFF
01084A5C00000000,F5A6A601,5AD7C633,592D0000,12000000,4C000000,D75A0000,43D1FFFF,27090000,F42A0000,B1D2FFFF
67084A5C00000000,DFA6A601,49D7C633,592D0000,12000000,4C000000,D15A0000,27D1FFFF,28090000,ED2A0000,ABD2FFFF
CA084A5C00000000,C9A6A601,38D7C633,592D0000,12000000,4C000000,CD5A0000,0BD1FFFF,29090000,E72A0000,A7D2FFFF
2D094A5C00000000,B3A6A601,27D7C633,592D0000,12000000,4C000000,CA5A0000,EFD0FFFF,29090000,E12A0000,A4D2FFFF
94094A5C00000000,9CA6A601,16D7C633,592D0000,12000000,4C000000,C55A0000,D3D0FFFF,2A090000,DA2A0000,9FD2FFFF
F6094A5C00000000,86A6A601,05D7C633,592D0000,12000000,4C000000,BF5A0000,B7D0FFFF,2A090000,D42A0000,99D2FFFF
5D0A4A5C00000000,70A6A601,F4D6C633,592D0000,12000000,4C000000,B95A0000,9BD0FFFF,2A090000,CD2A0000,93D2FFFF
C80A4A5C00000000,5AA6A601,E2D6C633,592D0000,12000000,4C000000,B35A0000,7FD0FFFF,2A090000,C62A0000,8DD2FFFF
220B4A5C00000000,44A6A601,D1D6C633,592D0000,12000000,4C000000,AD5A0000,63D0FFFF,2A090000,C02A0000,87D2FFFF
890B4A5C00000000,2EA6A601,C0D6C633,592D0000,12000000,4C000000,AB5A0000,47D0FFFF,29090000,BA2A0000,85D2FFFF
EB0B4A5C00000000,18A6A601,AFD6C633,592D0000,12000000,4C000000,AB5A0000,2BD0FFFF,29090000,B42A0000,85D2FFFF
510C4A5C00000000,02A6A601,9ED6C633,592D0000,12000000,4C000000,AF5A0000,0FD0FFFF,28090000,AE2A0000,89D2FFFF
B40C4A5C00000000,ECA5A601,8DD6C633,592D0000,12000000,4C000000,B45A0000,F3CFFFFF,28090000,A82A0000,8ED2FFFF
170D4A5C00000000,D5A5A601,7BD6C633,592D0000,12000000,4C000000,BD5A0000,D7CFFFFF,28090000,A22A0000,97D2FFFF
7D0D4A5C00000000,BFA5A601,6AD6C633,592D0000,12000000,4C000000,C35A0000,BBCFFFFF,28090000,9B2A0000,9DD2FFFF
E00D4A5C00000000,A9A5A601,59D6C633,592D0000,12000000,4C000000,C85A0000,9FCFFFFF,28090000,942A0000,A2D2FFFF
430E4A5C00000000,93A5A601,48D6C633,592D0000,12000000,4C000000,C65A0000,83CFFFFF,28090000,8E2A0000,A0D2FFFF
A90E4A5C00000000,7DA5A601,37D6C633,592D0000,12000000,4C000000,C55A0000,67CFFFFF,28090000,862A0000,9FD2FFFF
0C0F4A5C00000000,67A5A601,26D6C633,592D0000,12000000,4C000000,C25A0000,4BCFFFFF,28090000,802A0000,9CD2FFFF
720F4A5C00000000,50A5A601,15D6C633,592D0000,12000000,4C000000,C05A0000,2FCFFFFF,27090000,7A2A0000,9AD2FFFF
D50F4A5C00000000,3AA5A601,04D6C633,592D0000,12000000,4C000000,BC5A0000,13CFFFFF,27090000,732A0000,96D2FFFF
38104A5C00000000,24A5A601,F3D5C633,592D0000,12000000,4C000000,B95A0000,F7CEFFFF,26090000,6B2A0000,93D2FFFF
9E104A5C00000000,0EA5A601,E1D5C633,592D0000,12000000,4C000000,B45A0000,DBCEFFFF,26090000,642A0000,8ED2FFFF
01114A5C00000000,F8A4A601,D0D5C633,592D0000,12000000,4C000000,AE5A0000,BFCEFFFF,25090000,5C2A0000,88D2FFFF
67114A5C00000000,E2A4A601,BFD5C633,592D0000,12000000,4C000000,AA5A0000,A3CEFFFF,24090000,552A0000,84D2FFFF
CB114A5C00000000,CCA4A601,AED5C633,592D0000,12000000,4C000000,A65A0000,87CEFFFF,24090000,4D2A0000,80D2FFFF
2D124A5C00000000,B5A4A601,9DD5C633,592D0000,12000000,4C000000,A35A0000,6BCEFFFF,23090000,452A0000,7DD2FFFF
93124A5C00000000,9FA4A601,8BD5C633,592D0000,12000000,4C000000,9F5A0000,4FCEFFFF,22090000,3D2A0000,79D2FFFF
F7124A5C00000000,89A4A601,7AD5C633,592D0000,12000000,4C000000,A05A0000,33CEFFFF,21090000,352A0000,7AD2FFFF
59134A5C00000000,73A4A601,69D5C633,592D0000,12000000,4C000000,A65A0000,17CEFFFF,20090000,2D2A0000,80D2FFFF
BF134A5C00000000,5DA4A601,58D5C633,592D0000,12000000,4C000000,B15A0000,FBCDFFFF,20090000,242A0000,8BD2FFFF
23144A5C00000000,47A4A601,47D5C633,592D0000,12000000,4C000000,BE5A0000,DFCDFFFF,20090000,1C2A0000,98D2FFFF
88144A5C00000000,31A4A601,35D5C633,592D0000,12000000,4C000000,CE5A0000,C3CDFFFF,20090000,132A0000,A8D2FFFF
EC144A5C00000000,1BA4A601,24D5C633,592D0000,12000000,4C000000,DF5A0000,A7CDFFFF,21090000,092A0000,B9D2FFFF
4E154A5C00000000,04A4A601,14D5C633,592D0000,12000000,4C000000,FB5A0000,8BCDFFFF,21090000,002A0000,D5D2FFFF
B1154A5C00000000,EEA3A601,03D5C633,592D0000,12000000,4C000000,1D5B0000,6FCDFFFF,22090000,F7290000,F7D2FFFF
17164A5C00000000,D7A3A601,F2D4C633,592D0000,12000000,4C000000,415B0000,53CDFFFF,23090000,ED290000,1BD3FFFF
7E164A5C00000000,C0A3A601,E2D4C633,592D0000,12000000,4C000000,705B0000,37CDFFFF,25090000,E3290000,4AD3FFFF
DD164A5C00000000,AAA3A601,D1D4C633,592D0000,12000000,4C000000,AB5B0000,1BCDFFFF,27090000,D9290000,85D3FFFF
43174A5C00000000,92A3A601,C2D4C633,592D0000,12000000,4C000000,ED5B0000,FFCCFFFF,29090000,CF290000,C7D3FFFF
A9174A5C00000000,7BA3A601,B2D4C633,592D0000,12000000,4C000000,365C0000,E3CCFFFF,2D090000,C4290000,10D4FFFF
0C184A5C00000000,63A3A601,A2D4C633,592D0000,12000000,4C000000,8D5C0000,C7CCFFFF,31090000,B9290000,67D4FFFF
70184A5C00000000,4BA3A601,93D4C633,592D0000,12000000,4C000000,EE5C0000,ABCCFFFF,36090000,AE290000,C8D4FFFF
D5184A5C00000000,33A3A601,85D4C633,592D0000,12000000,4C000000,675D0000,8FCCFFFF,3B090000,A3290000,41D5FFFF
39194A5C00000000,1AA3A601,76D4C633,592D0000,12000000,4C000000,F55D0000,73CCFFFF,42090000,98290000,CFD5FFFF
9B194A5C00000000,00A3A601,69D4C633,592D0000,12000000,4C000000,905E0000,57CCFFFF,49090000,8C290000,6AD6FFFF
011A4A5C00000000,E6A2A601,5CD4C633,592D0000,12000000,4C000000,3C5F0000,3BCCFFFF,51090000,80290000,16D7FFFF
651A4A5C00000000,CCA2A601,50D4C633,592D0000,12000000,4C000000,F85F0000,20CCFFFF,5B090000,74290000,D2D7FFFF
CB1A4A5C00000000,B0A2A601,45D4C633,592D0000,12000000,4C000000,C9600000,04CCFFFF,66090000,68290000,A3D8FFFF
2D1B4A5C00000000,94A2A601,3BD4C633,592D0000,12000000,4C000000,B4610000,E8CBFFFF,72090000,5B290000,8ED9FFFF
931B4A5C00000000,76A2A601,31D4C633,592D0000,12000000,4C000000,A9620000,CCCBFFFF,7F090000,4E290000,83DAFFFF
F71B4A5C00000000,58A2A601,29D4C633,592D0000,12000000,4C000000,B1630000,B0CBFFFF,8D090000,41290000,8BDBFFFF
591C4A5C00000000,39A2A601,23D4C633,592D0000,12000000,4C000000,AC640000,94CBFFFF,9C090000,34290000,86DCFFFF
BF1C4A5C00000000,1AA2A601,1DD4C633,592D0000,12000000,4C000000,9D650000,78CBFFFF,AB090000,27290000,77DDFFFF
231D4A5C00000000,F9A1A601,19D4C633,592D0000,12000000,4C000000,9A660000,5DCBFFFF,BC090000,18290000,74DEFFFF
871D4A5C00000000,D9A1A601,16D4C633,592D0000,12000000,4C000000,9B670000,41CBFFFF,CC090000,0A290000,75DFFFFF
EB1D4A5C00000000,B9A1A601,15D4C633,592D0000,12000000,4C000000,AA680000,25CBFFFF,DD090000,FC280000,84E0FFFF
4F1E4A5C00000000,9AA1A601,16D4C633,592D0000,12000000,4C000000,B3690000,0ACBFFFF,EC090000,ED280000,8DE1FFFF
B11E4A5C00000000,7BA1A601,17D4C633,592D0000,12000000,4C000000,C16A0000,EECAFFFF,FB090000,DE280000,9BE2FFFF
171F4A5C00000000,5CA1A601,1BD4C633,592D0000,12000000,4C000000,E06B0000,D3CAFFFF,0A0A0000,CE280000,BAE3FFFF
7A1F4A5C00000000,3DA1A601,20D4C633,592D0000,12000000,4C000000,006D0000,B8CAFFFF,1B0A0000,BE280000,DAE4FFFF
E01F4A5C00000000,1DA1A601,26D4C633,592D0000,12000000,4C000000,2E6E0000,9DCAFFFF,2B0A0000,AE280000,08E6FFFF
43204A5C00000000,FFA0A601,2FD4C633,592D0000,12000000,4C000000,526F0000,81CAFFFF,3B0A0000,9D280000,2CE7FFFF
A9204A5C00000000,E1A0A601,38D4C633,592D0000,12000000,4C000000,71700000,66CAFFFF,4A0A0000,8C280000,4BE8FFFF
0C214A5C00000000,C5A0A601,43D4C633,592D0000,12000000,4C000000,95710000,4BCAFFFF,580A0000,7B280000,6FE9FFFF
70214A5C00000000,A9A0A601,4FD4C633,592D0000,12000000,4C000000,AB720000,30CAFFFF,650A0000,6A280000,85EAFFFF
D6214A5C00000000,8EA0A601,5CD4C633,592D0000,12000000,4C000000,C0730000,15CAFFFF,720A0000,58280000,9AEBFFFF
39224A5C00000000,73A0A601,6BD4C633,592D0000,12000000,4C000000,DF740000,F9C9FFFF,7F0A0000,46280000,B9ECFFFF
9D224A5C00000000,59A0A601,7BD4C633,592D0000,12000000,4C000000,FD750000,DDC9FFFF,8B0A0000,34280000,D7EDFFFF
01234A5C00000000,40A0A601,8DD4C633,592D0000,12000000,4C000000,24770000,C1C9FFFF,970A0000,21280000,FEEEFFFF
64234A5C00000000,28A0A601,9FD4C633,592D0000,12000000,4C000000,2C780000,A5C9FFFF,A30A0000,0F280000,06F0FFFF
C8234A5C00000000,12A0A601,B3D4C633,592D0000,12000000,4C000000,65790000,89C9FFFF,AE0A0000,FC270000,3FF1FFFF
2D244A5C00000000,FC9FA601,C8D4C633,592D0000,12000000,4C000000,817A0000,6DC9FFFF,B80A0000,E9270000,5BF2FFFF
91244A5C00000000,E89FA601,DDD4C633,592D0000,12000000,4C000000,887B0000,51C9FFFF,C10A0000,D6270000,62F3FFFF
F6244A5C00000000,D49FA601,F3D4C633,592D0000,12000000,4C000000,8A7C0000,35C9FFFF,C90A0000,C2270000,64F4FFFF
59254A5C00000000,C29FA601,0AD5C633,592D0000,12000000,4C000000,8F7D0000,19C9FFFF,D10A0000,AD270000,69F5FFFF
C0254A5C00000000,B19FA601,21D5C633,592D0000,12000000,4C000000,817E0000,FDC8FFFF,D80A0000,99270000,5BF6FFFF
22264A5C00000000,A19FA601,39D5C633,592D0000,12000000,4C000000,777F0000,E1C8FFFF,DE0A0000,84270000,51F7FFFF
85264A5C00000000,939FA601,51D5C633,592D0000,12000000,4C000000,5C800000,C5C8FFFF,E30A0000,6F270000,36F8FFFF
EB264A5C00000000,859FA601,6AD5C633,592D0000,12000000,4C000000,36810000,A9C8FFFF,E70A0000,5A270000,10F9FFFF
4F274A5C00000000,789FA601,83D5C633,592D0000,12000000,4C000000,0F820000,8DC8FFFF,EA0A0000,44270000,E9F9FFFF
B4274A5C00000000,6C9FA601,9CD5C633,592D0000,12000000,4C000000,D4820000,71C8FFFF,ED0A0000,2E270000,AEFAFFFF
17284A5C00000000,619FA601,B6D5C633,592D0000,12000000,4C000000,93830000,55C8FFFF,EF0A0000,18270000,6DFBFFFF
7B284A5C00000000,579FA601,D0D5C633,592D0000,12000000,4C000000,2E840000,39C8FFFF,F00A0000,03270000,08FCFFFF
DE284A5C00000000,4D9FA601,EAD5C633,592D0000,12000000,4C000000,D5840000,1DC8FFFF,F10A0000,ED260000,AFFCFFFF
43294A5C00000000,449FA601,05D6C633,592D0000,12000000,4C000000,61850000,01C8FFFF,F20A0000,D6260000,3BFDFFFF
A6294A5C00000000,3C9FA601,1FD6C633,592D0000,12000000,4C000000,DF850000,E5C7FFFF,F20A0000,C0260000,B9FDFFFF
0C2A4A5C00000000,349FA601,3AD6C633,592D0000,12000000,4C000000,4C860000,C9C7FFFF,F10A0000,AA260000,26FEFFFF
6F2A4A5C00000000,2D9FA601,55D6C633,592D0000,12000000,4C000000,9F860000,AEC7FFFF,F00A0000,94260000,79FEFFFF
D62A4A5C00000000,269FA601,70D6C633,592D0000,12000000,4C000000,DE860000,92C7FFFF,ED0A0000,7E260000,B8FEFFFF
392B4A5C00000000,1F9FA601,8BD6C633,592D0000,12000000,4C000000,0F870000,76C7FFFF,EA0A0000,68260000,E9FEFFFF
992B4A5C00000000,189FA601,A6D6C633,592D0000,12000000,4C000000,33870000,5BC7FFFF,E70A0000,51260000,0DFFFFFF
022C4A5C00000000,129FA601,C1D6C633,592D0000,12000000,4C000000,4B870000,3FC7FFFF,E40A0000,3B260000,25FFFFFF
652C4A5C00000000,0B9FA601,DCD6C633,592D0000,12000000,4C000000,5C870000,23C7FFFF,DF0A0000,24260000,36FFFFFF
CA2C4A5C00000000,059FA601,F7D6C633,592D0000,12000000,4C000000,64870000,07C7FFFF,DB0A0000,0E260000,3EFFFFFF
2D2D4A5C00000000,FE9EA601,13D7C633,592D0000,12000000,4C000000,62870000,ECC6FFFF,D60A0000,F7250000,3CFFFFFF
912D4A5C00000000,F89EA601,2ED7C633,592D0000,12000000,4C000000,60870000,D0C6FFFF,D10A0000,E1250000,3AFFFFFF
F72D4A5C00000000,F19EA601,48D7C633,592D0000,12000000,4C000000,61870000,B6C6FFFF,CB0A0000,CB250000,3BFFFFFF
572E4A5C00000000,EB9EA601,62D7C633,592D0000,12000000,4C000000,61870000,9CC6FFFF,C50A0000,B4250000,3BFFFFFF
BC2E4A5C00000000,E59EA601,7BD7C633,592D0000,12000000,4C000000,60870000,84C6FFFF,BF0A0000,9D250000,3AFFFFFF
232F4A5C00000000,E09EA601,93D7C633,592D0000,12000000,4C000000,60870000,6CC6FFFF,B90A0000,87250000,3AFFFFFF
862F4A5C00000000,DA9EA601,AAD7C633,592D0000,12000000,4C000000,5F870000,55C6FFFF,B20A0000,72250000,39FFFFFF
E92F4A5C00000000,D59EA601,C0D7C633,592D0000,12000000,4C000000,5D870000,3FC6FFFF,AB0A0000,5C250000,37FFFFFF
4E304A5C00000000,D09EA601,D6D7C633,592D0000,12000000,4C000000,5B870000,2AC6FFFF,A40A0000,45250000,35FFFFFF
B1304A5C00000000,CA9EA601,EBD7C633,592D0000,12000000,4C000000,59870000,15C6FFFF,9C0A0000,2F250000,33FFFFFF
18314A5C00000000,C59EA601,00D8C633,592D0000,12000000,4C000000,58870000,01C6FFFF,940A0000,19250000,32FFFFFF
7B314A5C00000000,C19EA601,14D8C633,592D0000,12000000,4C000000,56870000,EEC5FFFF,8C0A0000,03250000,30FFFFFF
E0314A5C00000000,BC9EA601,27D8C633,592D0000,12000000,4C000000,54870000,DCC5FFFF,850A0000,ED240000,2EFFFFFF
44324A5C00000000,B79EA601,3BD8C633,592D0000,12000000,4C000000,53870000,CAC5FFFF,7D0A0000,D7240000,2DFFFFFF
A7324A5C00000000,B39EA601,4ED8C633,592D0000,12000000,4C000000,53870000,B8C5FFFF,740A0000,C2240000,2DFFFFFF
0D334A5C00000000,AE9EA601,60D8C633,592D0000,12000000,4C000000,53870000,A7C5FFFF,6C0A0000,AC240000,2DFFFFFF
70334A5C00000000,A99EA601,73D8C633,592D0000,12000000,4C000000,53870000,95C5FFFF,640A0000,95240000,2DFFFFFF
D3334A5C00000000,A59EA601,85D8C633,592D0000,12000000,4C000000,53870000,85C5FFFF,5B0A0000,80240000,2DFFFFFF
38344A5C00000000,A19EA601,97D8C633,592D0000,12000000,4C000000,52870000,74C5FFFF,530A0000,6B240000,2CFFFFFF
9C344A5C00000000,9D9EA601,A9D8C633,592D0000,12000000,4C000000,52870000,64C5FFFF,4A0A0000,55240000,2CFFFFFF
02354A5C00000000,989EA601,BBD8C633,592D0000,12000000,4C000000,52870000,54C5FFFF,410A0000,40240000,2CFFFFFF
64354A5C00000000,949EA601,CCD8C633,592D0000,12000000,4C000000,52870000,44C5FFFF,390A0000,2A240000,2CFFFFFF
C8354A5C00000000,909EA601,DDD8C633,592D0000,12000000,4C000000,52870000,35C5FFFF,300A0000,15240000,2CFFFFFF
2E364A5C00000000,8C9EA601,EED8C633,592D0000,12000000,4C000000,53870000,26C5FFFF,270A0000,00240000,2DFFFFFF
90364A5C00000000,889EA601,FFD8C633,592D0000,12000000,4C000000,52870000,17C5FFFF,1E0A0000,EA230000,2CFFFFFF
F7364A5C00000000,849EA601,10D9C633,592D0000,12000000,4C000000,52870000,08C5FFFF,150A0000,D5230000,2CFFFFFF
5A374A5C00000000,809EA601,21D9C633,592D0000,12000000,4C000000,52870000,FAC4FFFF,0C0A0000,C0230000,2CFFFFFF
