ts,utm_x,utm_y,z,utm_zone_n,utm_zone_l,heading,inx_x,inx_y,inx_z,inx_yaw
CF59445C00000000,BFB0A601,438FC633,592D0000,12000000,4C000000,01870000,81420000,4B4C0000,AC5A0000,51FFFFFF
325A445C00000000,B9B0A601,5D8FC633,592D0000,12000000,4C000000,01870000,91420000,614C0000,C85A0000,51FFFFFF
975A445C00000000,9997A601,4AF1C633,592D0000,12000000,4C000000,01870000,26000000,29000000,2C000000,51FFFFFF
FB5A445C00000000,9297A601,65F1C633,592D0000,12000000,4C000000,01870000,37000000,3F000000,48000000,51FFFFFF
615B445C00000000,8B97A601,7FF1C633,592D0000,12000000,4C000000,01870000,47000000,54000000,64000000,51FFFFFF
C35B445C00000000,8497A601,99F1C633,592D0000,12000000,4C000000,01870000,57000000,6A000000,80000000,51FFFFFF
265C445C00000000,7E97A601,B3F1C633,592D0000,12000000,4C000000,00870000,67000000,7F000000,9C000000,50FFFFFF
8D5C445C00000000,7797A601,CEF1C633,592D0000,12000000,4C000000,00870000,78000000,95000000,B8000000,50FFFFFF
F05C445C00000000,7097A601,E8F1C633,592D0000,12000000,4C000000,00870000,88000000,AB000000,D4000000,50FFFFFF
555D445C00000000,6997A601,03F2C633,592D0000,12000000,4C000000,00870000,99000000,C1000000,F0000000,50FFFFFF
B85D445C00000000,6297A601,1DF2C633,592D0000,12000000,4C000000,00870000,A9000000,D7000000,0C010000,50FFFFFF
1C5E445C00000000,5C97A601,38F2C633,592D0000,12000000,4C000000,00870000,B9000000,ED000000,28010000,50FFFFFF
815E445C00000000,5597A601,51F2C633,592D0000,12000000,4C000000,FF860000,C9000000,02010000,44010000,4FFFFFFF
E25E445C00000000,4E97A601,6CF2C633,592D0000,12000000,4C000000,FF860000,DA000000,18010000,60010000,4FFFFFFF
485F445C00000000,4797A601,87F2C633,592D0000,12000000,4C000000,FF860000,EA000000,2E010000,7C010000,4FFFFFFF
AE5F445C00000000,4097A601,A1F2C633,592D0000,12000000,4C000000,FF860000,FB000000,44010000,98010000,4FFFFFFF
1160445C00000000,3A97A601,BCF2C633,592D0000,12000000,4C000000,FF860000,0B010000,5A010000,B4010000,4FFFFFFF
7660445C00000000,3397A601,D6F2C633,592D0000,12000000,4C000000,FF860000,1B010000,70010000,D0010000,4FFFFFFF
D960445C00000000,2C97A601,F1F2C633,592D0000,12000000,4C000000,FE860000,2C010000,86010000,EC010000,4EFFFFFF
3D61445C00000000,2597A601,0BF3C633,592D0000,12000000,4C000000,FE860000,3C010000,9C010000,08020000,4EFFFFFF
A261445C00000000,1E97A601,26F3C633,592D0000,12000000,4C000000,FE860000,4D010000,B2010000,24020000,4EFFFFFF
0562445C00000000,1797A601,41F3C633,592D0000,12000000,4C000000,FE860000,5D010000,C8010000,40020000,4EFFFFFF
6B62445C00000000,1197A601,5AF3C633,592D0000,12000000,4C000000,FE860000,6D010000,DD010000,5C020000,4EFFFFFF
CF62445C00000000,0A97A601,75F3C633,592D0000,12000000,4C000000,FE860000,7E010000,F3010000,78020000,4EFFFFFF
3163445C00000000,0397A601,90F3C633,592D0000,12000000,4C000000,FE860000,8E010000,09020000,94020000,4EFFFFFF
9763445C00000000,FC96A601,AAF3C633,592D0000,12000000,4C000000,FE860000,9E010000,1F020000,B0020000,4EFFFFFF
FB63445C00000000,F596A601,C5F3C633,592D0000,12000000,4C000000,FD860000,AF010000,36020000,CC020000,4DFFFFFF
5E64445C00000000,EF96A601,DFF3C633,592D0000,12000000,4C000000,FD860000,BF010000,4B020000,E8020000,4DFFFFFF
C364445C00000000,E896A601,FAF3C633,592D0000,12000000,4C000000,FD860000,D0010000,62020000,04030000,4DFFFFFF
2765445C00000000,E196A601,15F4C633,592D0000,12000000,4C000000,FD860000,E0010000,78020000,20030000,4DFFFFFF
8D65445C00000000,DA96A601,2FF4C633,592D0000,12000000,4C000000,FD860000,F0010000,8D020000,3C030000,4DFFFFFF
EF65445C00000000,D396A601,49F4C633,592D0000,12000000,4C000000,FD860000,00020000,A3020000,58030000,4DFFFFFF
5266445C00000000,CC96A601,64F4C633,592D0000,12000000,4C000000,FC860000,11020000,B9020000,74030000,4CFFFFFF
B766445C00000000,C696A601,7FF4C633,592D0000,12000000,4C000000,FC860000,21020000,CF020000,90030000,4CFFFFFF
1B67445C00000000,BF96A601,99F4C633,592D0000,12000000,4C000000,FC860000,32020000,E5020000,AC030000,4CFFFFFF
8167445C00000000,B896A601,B4F4C633,592D0000,12000000,4C000000,FC860000,42020000,FC020000,C8030000,4CFFFFFF
E567445C00000000,B196A601,CEF4C633,592D0000,12000000,4C000000,FC860000,52020000,12030000,E4030000,4CFFFFFF
4868445C00000000,AA96A601,E9F4C633,592D0000,12000000,4C000000,FC860000,62020000,27030000,00040000,4CFFFFFF
AE68445C00000000,A496A601,03F5C633,592D0000,12000000,4C000000,FB860000,72020000,3D030000,1C040000,4BFFFFFF
1069445C00000000,9D96A601,1EF5C633,592D0000,12000000,4C000000,FB860000,83020000,53030000,38040000,4BFFFFFF
7469445C00000000,9696A601,38F5C633,592D0000,12000000,4C000000,FB860000,93020000,69030000,54040000,4BFFFFFF
DA69445C00000000,8F96A601,53F5C633,592D0000,12000000,4C000000,FB860000,A4020000,7F030000,70040000,4BFFFFFF
3D6A445C00000000,8896A601,6DF5C633,592D0000,12000000,4C000000,FB860000,B4020000,95030000,8C040000,4BFFFFFF
A26A445C00000000,8196A601,87F5C633,592D0000,12000000,4C000000,FB860000,C4020000,AB030000,A8040000,4BFFFFFF
066B445C00000000,7A96A601,A2F5C633,592D0000,12000000,4C000000,FA860000,D5020000,C1030000,C4040000,4AFFFFFF
696B445C00000000,7496A601,BDF5C633,592D0000,12000000,4C000000,FA860000,E5020000,D7030000,E0040000,4AFFFFFF
CE6B445C00000000,6D96A601,D7F5C633,592D0000,12000000,4C000000,FA860000,F6020000,ED030000,FC040000,4AFFFFFF
316C445C00000000,6696A601,F2F5C633,592D0000,12000000,4C000000,FA860000,06030000,03040000,18050000,4AFFFFFF
986C445C00000000,5F96A601,0DF6C633,592D0000,12000000,4C000000,FA860000,17030000,1A040000,34050000,4AFFFFFF
FB6C445C00000000,5896A601,27F6C633,592D0000,12000000,4C000000,FA860000,27030000,30040000,50050000,4AFFFFFF
5D6D445C00000000,5196A601,42F6C633,592D0000,12000000,4C000000,FA860000,37030000,46040000,6C050000,4AFFFFFF
C46D445C00000000,4B96A601,5CF6C633,592D0000,12000000,4C000000,FA860000,47030000,5B040000,88050000,4AFFFFFF
266E445C00000000,4496A601,77F6C633,592D0000,12000000,4C000000,FA860000,58030000,71040000,A4050000,4AFFFFFF
8A6E445C00000000,3D96A601,91F6C633,592D0000,12000000,4C000000,F9860000,68030000,87040000,C0050000,49FFFFFF
F06E445C00000000,3696A601,ACF6C633,592D0000,12000000,4C000000,F9860000,79030000,9E040000,DC050000,49FFFFFF
526F445C00000000,2F96A601,C7F6C633,592D0000,12000000,4C000000,F9860000,89030000,B4040000,F8050000,49FFFFFF
B96F445C00000000,2896A601,E1F6C633,592D0000,12000000,4C000000,F9860000,99030000,C9040000,14060000,49FFFFFF
1C70445C00000000,2196A601,FCF6C633,592D0000,12000000,4C000000,F9860000,A9030000,E0040000,30060000,49FFFFFF
7F70445C00000000,1A96A601,17F7C633,592D0000,12000000,4C000000,F9860000,BA030000,F6040000,4C060000,49FFFFFF
E470445C00000000,1496A601,31F7C633,592D0000,12000000,4C000000,F9860000,CA030000,0C050000,68060000,49FFFFFF
4871445C00000000,0D96A601,4CF7C633,592D0000,12000000,4C000000,F8860000,DB030000,23050000,84060000,48FFFFFF
AE71445C00000000,0696A601,67F7C633,592D0000,12000000,4C000000,F8860000,EC030000,39050000,A0060000,48FFFFFF
1172445C00000000,FF95A601,82F7C633,592D0000,12000000,4C000000,F8860000,FC030000,4F050000,BC060000,48FFFFFF
7372445C00000000,F895A601,9CF7C633,592D0000,12000000,4C000000,F8860000,0C040000,65050000,D8060000,48FFFFFF
DA72445C00000000,F195A601,B6F7C633,592D0000,12000000,4C000000,F8860000,1C040000,7A050000,F4060000,48FFFFFF
3D73445C00000000,EA95A601,D1F7C633,592D0000,12000000,4C000000,F8860000,2D040000,91050000,10070000,48FFFFFF
A073445C00000000,E395A601,ECF7C633,592D0000,12000000,4C000000,F7860000,3D040000,A7050000,2C070000,47FFFFFF
0674445C00000000,DC95A601,07F8C633,592D0000,12000000,4C000000,F7860000,4E040000,BD050000,48070000,47FFFFFF
6974445C00000000,D695A601,21F8C633,592D0000,12000000,4C000000,F7860000,5E040000,D3050000,64070000,47FFFFFF
CE74445C00000000,CF95A601,3BF8C633,592D0000,12000000,4C000000,F7860000,6E040000,E9050000,80070000,47FFFFFF
3275445C00000000,C895A601,57F8C633,592D0000,12000000,4C000000,F7860000,7F040000,00060000,9C070000,47FFFFFF
9575445C00000000,C195A601,71F8C633,592D0000,12000000,4C000000,F7860000,8F040000,16060000,B8070000,47FFFFFF
FB75445C00000000,BA95A601,8CF8C633,592D0000,12000000,4C000000,F7860000,9F040000,2C060000,D4070000,47FFFFFF
5D76445C00000000,B395A601,A7F8C633,592D0000,12000000,4C000000,F6860000,B0040000,43060000,F0070000,46FFFFFF
C476445C00000000,AC95A601,C2F8C633,592D0000,12000000,4C000000,F6860000,C0040000,59060000,0C080000,46FFFFFF
2777445C00000000,A595A601,DDF8C633,592D0000,12000000,4C000000,F6860000,D1040000,6F060000,28080000,46FFFFFF
8A77445C00000000,9E95A601,F7F8C633,592D0000,12000000,4C000000,F6860000,E1040000,85060000,44080000,46FFFFFF
F077445C00000000,9795A601,12F9C633,592D0000,12000000,4C000000,F6860000,F2040000,9B060000,60080000,46FFFFFF
5278445C00000000,9095A601,2DF9C633,592D0000,12000000,4C000000,F6860000,02050000,B2060000,7C080000,46FFFFFF
B678445C00000000,8995A601,48F9C633,592D0000,12000000,4C000000,F5860000,13050000,C8060000,98080000,45FFFFFF
1B79445C00000000,8295A601,63F9C633,592D0000,12000000,4C000000,F5860000,23050000,DE060000,B4080000,45FFFFFF
7E79445C00000000,7B95A601,7EF9C633,592D0000,12000000,4C000000,F5860000,34050000,F5060000,D0080000,45FFFFFF
E579445C00000000,7595A601,98F9C633,592D0000,12000000,4C000000,F5860000,44050000,0B070000,EC080000,45FFFFFF
487A445C00000000,6D95A601,B4F9C633,592D0000,12000000,4C000000,F5860000,55050000,21070000,08090000,45FFFFFF
AB7A445C00000000,6695A601,CFF9C633,592D0000,12000000,4C000000,F4860000,66050000,38070000,24090000,44FFFFFF
107B445C00000000,6095A601,E9F9C633,592D0000,12000000,4C000000,F4860000,76050000,4E070000,40090000,44FFFFFF
747B445C00000000,5995A601,04FAC633,592D0000,12000000,4C000000,F4860000,86050000,64070000,5C090000,44FFFFFF
DA7B445C00000000,5295A601,1FFAC633,592D0000,12000000,4C000000,F4860000,97050000,7B070000,78090000,44FFFFFF
3D7C445C00000000,4B95A601,3AFAC633,592D0000,12000000,4C000000,F4860000,A7050000,91070000,94090000,44FFFFFF
A07C445C00000000,4495A601,54FAC633,592D0000,12000000,4C000000,F4860000,B7050000,A7070000,B0090000,44FFFFFF
067D445C00000000,3D95A601,6FFAC633,592D0000,12000000,4C000000,F3860000,C8050000,BD070000,CC090000,43FFFFFF
687D445C00000000,3695A601,8AFAC633,592D0000,12000000,4C000000,F3860000,D8050000,D4070000,E8090000,43FFFFFF
CC7D445C00000000,2F95A601,A5FAC633,592D0000,12000000,4C000000,F3860000,E8050000,EA070000,040A0000,43FFFFFF
317E445C00000000,2895A601,C0FAC633,592D0000,12000000,4C000000,F3860000,F9050000,01080000,200A0000,43FFFFFF
957E445C00000000,2195A601,DAFAC633,592D0000,12000000,4C000000,F3860000,09060000,16080000,3C0A0000,43FFFFFF
FB7E445C00000000,1A95A601,F5FAC633,592D0000,12000000,4C000000,F3860000,19060000,2D080000,580A0000,43FFFFFF
5E7F445C00000000,1395A601,10FBC633,592D0000,12000000,4C000000,F2860000,2A060000,43080000,740A0000,42FFFFFF
C17F445C00000000,0C95A601,2AFBC633,592D0000,12000000,4C000000,F2860000,3A060000,59080000,900A0000,42FFFFFF
2780445C00000000,0695A601,44FBC633,592D0000,12000000,4C000000,F2860000,4A060000,6F080000,AC0A0000,42FFFFFF
8A80445C00000000,FF94A601,5FFBC633,592D0000,12000000,4C000000,F2860000,5A060000,86080000,C80A0000,42FFFFFF
EF80445C00000000,F894A601,7BFBC633,592D0000,12000000,4C000000,F2860000,6B060000,9C080000,E40A0000,42FFFFFF
5381445C00000000,F194A601,95FBC633,592D0000,12000000,4C000000,F2860000,7B060000,B3080000,000B0000,42FFFFFF
B681445C00000000,EA94A601,B0FBC633,592D0000,12000000,4C000000,F1860000,8B060000,C9080000,1C0B0000,41FFFFFF
1B82445C00000000,E394A601,CAFBC633,592D0000,12000000,4C000000,F1860000,9B060000,DF080000,380B0000,41FFFFFF
7F82445C00000000,DC94A601,E6FBC633,592D0000,12000000,4C000000,F1860000,AC060000,F6080000,540B0000,41FFFFFF
E282445C00000000,D594A601,00FCC633,592D0000,12000000,4C000000,F1860000,BC060000,0C090000,700B0000,41FFFFFF
4883445C00000000,CE94A601,1BFCC633,592D0000,12000000,4C000000,F1860000,CC060000,23090000,8C0B0000,41FFFFFF
AB83445C00000000,C794A601,36FCC633,592D0000,12000000,4C000000,F1860000,DC060000,39090000,A80B0000,41FFFFFF
1184445C00000000,C094A601,51FCC633,592D0000,12000000,4C000000,F1860000,EC060000,50090000,C40B0000,41FFFFFF
7484445C00000000,B994A601,6CFCC633,592D0000,12000000,4C000000,F1860000,FD060000,67090000,E00B0000,41FFFFFF
D784445C00000000,B294A601,87FCC633,592D0000,12000000,4C000000,F0860000,0D070000,7D090000,FC0B0000,40FFFFFF
3D85445C00000000,AB94A601,A1FCC633,592D0000,12000000,4C000000,F0860000,1D070000,93090000,180C0000,40FFFFFF
A085445C00000000,A494A601,BCFCC633,592D0000,12000000,4C000000,F0860000,2E070000,AA090000,340C0000,40FFFFFF
0586445C00000000,9D94A601,D6FCC633,592D0000,12000000,4C000000,F0860000,3D070000,C0090000,500C0000,40FFFFFF
6986445C00000000,9694A601,F1FCC633,592D0000,12000000,4C000000,F0860000,4E070000,D6090000,6C0C0000,40FFFFFF
CC86445C00000000,8F94A601,0CFDC633,592D0000,12000000,4C000000,F0860000,5E070000,ED090000,880C0000,40FFFFFF
3187445C00000000,8994A601,26FDC633,592D0000,12000000,4C000000,F0860000,6E070000,030A0000,A40C0000,40FFFFFF
9587445C00000000,8294A601,41FDC633,592D0000,12000000,4C000000,F0860000,7E070000,190A0000,C00C0000,40FFFFFF
F887445C00000000,7B94A601,5CFDC633,592D0000,12000000,4C000000,EF860000,8E070000,2F0A0000,DC0C0000,3FFFFFFF
5E88445C00000000,7494A601,77FDC633,592D0000,12000000,4C000000,EF860000,9E070000,460A0000,F80C0000,3FFFFFFF
C188445C00000000,6D94A601,91FDC633,592D0000,12000000,4C000000,EF860000,AE070000,5C0A0000,140D0000,3FFFFFFF
2789445C00000000,6694A601,ACFDC633,592D0000,12000000,4C000000,EF860000,BE070000,730A0000,300D0000,3FFFFFFF
8A89445C00000000,5F94A601,C7FDC633,592D0000,12000000,4C000000,EF860000,CE070000,8A0A0000,4C0D0000,3FFFFFFF
ED89445C00000000,5894A601,E2FDC633,592D0000,12000000,4C000000,EF860000,DF070000,A00A0000,680D0000,3FFFFFFF
538A445C00000000,5194A601,FCFDC633,592D0000,12000000,4C000000,EF860000,EE070000,B60A0000,840D0000,3FFFFFFF
B68A445C00000000,4A94A601,17FEC633,592D0000,12000000,4C000000,EE860000,FF070000,CD0A0000,A00D0000,3EFFFFFF
1B8B445C00000000,4394A601,32FEC633,592D0000,12000000,4C000000,EE860000,0E080000,E40A0000,BC0D0000,3EFFFFFF
7F8B445C00000000,3C94A601,4DFEC633,592D0000,12000000,4C000000,EE860000,1E080000,FA0A0000,D80D0000,3EFFFFFF
E28B445C00000000,3594A601,67FEC633,592D0000,12000000,4C000000,EE860000,2E080000,110B0000,F40D0000,3EFFFFFF
488C445C00000000,2E94A601,82FEC633,592D0000,12000000,4C000000,EE860000,3E080000,270B0000,100E0000,3EFFFFFF
AB8C445C00000000,2794A601,9DFEC633,592D0000,12000000,4C000000,EE860000,4E080000,3D0B0000,2C0E0000,3EFFFFFF
0E8D445C00000000,2094A601,B7FEC633,592D0000,12000000,4C000000,ED860000,5E080000,540B0000,480E0000,3DFFFFFF
748D445C00000000,1994A601,D2FEC633,592D0000,12000000,4C000000,ED860000,6E080000,6B0B0000,640E0000,3DFFFFFF
D88D445C00000000,1294A601,EDFEC633,592D0000,12000000,4C000000,ED860000,7E080000,810B0000,800E0000,3DFFFFFF
3D8E445C00000000,0C94A601,07FFC633,592D0000,12000000,4C000000,ED860000,8E080000,970B0000,9C0E0000,3DFFFFFF
A08E445C00000000,0494A601,23FFC633,592D0000,12000000,4C000000,ED860000,9E080000,AE0B0000,B70E0000,3DFFFFFF
038F445C00000000,FD93A601,3EFFC633,592D0000,12000000,4C000000,EC860000,AF080000,C50B0000,D40E0000,3CFFFFFF
698F445C00000000,F693A601,58FFC633,592D0000,12000000,4C000000,EC860000,BE080000,DC0B0000,F00E0000,3CFFFFFF
CC8F445C00000000,EF93A601,73FFC633,592D0000,12000000,4C000000,EC860000,CE080000,F20B0000,0B0F0000,3CFFFFFF
3290445C00000000,E893A601,8EFFC633,592D0000,12000000,4C000000,EC860000,DE080000,090C0000,270F0000,3CFFFFFF
9590445C00000000,E193A601,A9FFC633,592D0000,12000000,4C000000,EC860000,EE080000,200C0000,440F0000,3CFFFFFF
F890445C00000000,DA93A601,C3FFC633,592D0000,12000000,4C000000,EC860000,FE080000,360C0000,5F0F0000,3CFFFFFF
5E91445C00000000,D393A601,DFFFC633,592D0000,12000000,4C000000,EC860000,0F090000,4D0C0000,7B0F0000,3CFFFFFF
BF91445C00000000,CC93A601,FAFFC633,592D0000,12000000,4C000000,EB860000,1F090000,640C0000,980F0000,3BFFFFFF
2492445C00000000,C593A601,1400C733,592D0000,12000000,4C000000,EB860000,2E090000,7A0C0000,B30F0000,3BFFFFFF
8A92445C00000000,BE93A601,2F00C733,592D0000,12000000,4C000000,EB860000,3F090000,910C0000,CF0F0000,3BFFFFFF
ED92445C00000000,B793A601,4A00C733,592D0000,12000000,4C000000,EB860000,4F090000,A80C0000,EC0F0000,3BFFFFFF
5493445C00000000,B093A601,6500C733,592D0000,12000000,4C000000,EB860000,5F090000,BF0C0000,07100000,3BFFFFFF
B693445C00000000,A993A601,8000C733,592D0000,12000000,4C000000,EB860000,6E090000,D50C0000,23100000,3BFFFFFF
1994445C00000000,A293A601,9A00C733,592D0000,12000000,4C000000,EB860000,7E090000,EC0C0000,40100000,3BFFFFFF
8094445C00000000,9C93A601,B500C733,592D0000,12000000,4C000000,EA860000,8E090000,020D0000,5C100000,3AFFFFFF
E294445C00000000,9493A601,D000C733,592D0000,12000000,4C000000,EA860000,9E090000,190D0000,77100000,3AFFFFFF
4995445C00000000,8D93A601,EB00C733,592D0000,12000000,4C000000,EA860000,AE090000,300D0000,94100000,3AFFFFFF
AB95445C00000000,8693A601,0601C733,592D0000,12000000,4C000000,EA860000,BE090000,470D0000,B0100000,3AFFFFFF
0E96445C00000000,7F93A601,2001C733,592D0000,12000000,4C000000,EA860000,CE090000,5D0D0000,CB100000,3AFFFFFF
7496445C00000000,7993A601,3B01C733,592D0000,12000000,4C000000,EA860000,DD090000,730D0000,E8100000,3AFFFFFF
D696445C00000000,7193A601,5601C733,592D0000,12000000,4C000000,E9860000,EE090000,8B0D0000,04110000,39FFFFFF
3D97445C00000000,6A93A601,7101C733,592D0000,12000000,4C000000,E9860000,FE090000,A20D0000,1F110000,39FFFFFF
A097445C00000000,6393A601,8C01C733,592D0000,12000000,4C000000,E9860000,0E0A0000,B90D0000,3C110000,39FFFFFF
0398445C00000000,5C93A601,A701C733,592D0000,12000000,4C000000,E9860000,1E0A0000,CF0D0000,58110000,39FFFFFF
6998445C00000000,5593A601,C201C733,592D0000,12000000,4C000000,E9860000,2E0A0000,E60D0000,73110000,39FFFFFF
CC98445C00000000,4E93A601,DD01C733,592D0000,12000000,4C000000,E9860000,3E0A0000,FD0D0000,90110000,39FFFFFF
2F99445C00000000,4793A601,F801C733,592D0000,12000000,4C000000,E8860000,4E0A0000,130E0000,AC110000,38FFFFFF
9699445C00000000,4093A601,1302C733,592D0000,12000000,4C000000,E8860000,5E0A0000,2B0E0000,C7110000,38FFFFFF
F899445C00000000,3993A601,2E02C733,592D0000,12000000,4C000000,E8860000,6D0A0000,410E0000,E3110000,38FFFFFF
5F9A445C00000000,3293A601,4802C733,592D0000,12000000,4C000000,E8860000,7D0A0000,580E0000,FF110000,38FFFFFF
C09A445C00000000,2B93A601,6302C733,592D0000,12000000,4C000000,E8860000,8D0A0000,6F0E0000,1B120000,38FFFFFF
259B445C00000000,2493A601,7E02C733,592D0000,12000000,4C000000,E8860000,9D0A0000,850E0000,37120000,38FFFFFF
A09B445C00000000,1D93A601,9902C733,592D0000,12000000,4C000000,E8860000,AC0A0000,9C0E0000,53120000,38FFFFFF
ED9B445C00000000,1693A601,B402C733,592D0000,12000000,4C000000,E7860000,BD0A0000,B30E0000,6F120000,37FFFFFF
539C445C00000000,0F93A601,CF02C733,592D0000,12000000,4C000000,E7860000,CD0A0000,CA0E0000,8B120000,37FFFFFF
B69C445C00000000,0893A601,EA02C733,592D0000,12000000,4C000000,E7860000,DD0A0000,E10E0000,A7120000,37FFFFFF
199D445C00000000,0193A601,0503C733,592D0000,12000000,4C000000,E7860000,ED0A0000,F80E0000,C3120000,37FFFFFF
7D9D445C00000000,FA92A601,2003C733,592D0000,12000000,4C000000,E7860000,FC0A0000,0E0F0000,DF120000,37FFFFFF
E29D445C00000000,F392A601,3B03C733,592D0000,12000000,4C000000,E7860000,0C0B0000,250F0000,FB120000,37FFFFFF
459E445C00000000,EC92A601,5603C733,592D0000,12000000,4C000000,E7860000,1C0B0000,3C0F0000,17130000,37FFFFFF
AC9E445C00000000,E592A601,7103C733,592D0000,12000000,4C000000,E6860000,2C0B0000,530F0000,33130000,36FFFFFF
0E9F445C00000000,DE92A601,8C03C733,592D0000,12000000,4C000000,E6860000,3C0B0000,6A0F0000,4F130000,36FFFFFF
749F445C00000000,D792A601,A703C733,592D0000,12000000,4C000000,E6860000,4C0B0000,810F0000,6B130000,36FFFFFF
D79F445C00000000,CF92A601,C203C733,592D0000,12000000,4C000000,E6860000,5C0B0000,980F0000,87130000,36FFFFFF
3BA0445C00000000,C892A601,DD03C733,592D0000,12000000,4C000000,E6860000,6C0B0000,AF0F0000,A3130000,36FFFFFF
A0A0445C00000000,C192A601,F803C733,592D0000,12000000,4C000000,E5860000,7C0B0000,C60F0000,BF130000,35FFFFFF
03A1445C00000000,BA92A601,1304C733,592D0000,12000000,4C000000,E5860000,8C0B0000,DD0F0000,DB130000,35FFFFFF
6AA1445C00000000,B392A601,2E04C733,592D0000,12000000,4C000000,E5860000,9B0B0000,F40F0000,F7130000,35FFFFFF
CDA1445C00000000,AC92A601,4904C733,592D0000,12000000,4C000000,E5860000,AC0B0000,0B100000,13140000,35FFFFFF
2FA2445C00000000,A592A601,6404C733,592D0000,12000000,4C000000,E5860000,BB0B0000,21100000,2F140000,35FFFFFF
92A2445C00000000,9E92A601,7F04C733,592D0000,12000000,4C000000,E5860000,CB0B0000,39100000,4B140000,35FFFFFF
F9A2445C00000000,9792A601,9B04C733,592D0000,12000000,4C000000,E5860000,DC0B0000,50100000,67140000,35FFFFFF
5BA3445C00000000,9092A601,B604C733,592D0000,12000000,4C000000,E4860000,EC0B0000,67100000,83140000,34FFFFFF
C1A3445C00000000,8992A601,D004C733,592D0000,12000000,4C000000,E4860000,FB0B0000,7E100000,9F140000,34FFFFFF
24A4445C00000000,8192A601,EC04C733,592D0000,12000000,4C000000,E4860000,0C0C0000,95100000,BB140000,34FFFFFF
8AA4445C00000000,7A92A601,0705C733,592D0000,12000000,4C000000,E4860000,1B0C0000,AC100000,D7140000,34FFFFFF
EEA4445C00000000,7392A601,2105C733,592D0000,12000000,4C000000,E4860000,2B0C0000,C3100000,F3140000,34FFFFFF
4EA5445C00000000,6C92A601,3D05C733,592D0000,12000000,4C000000,E3860000,3B0C0000,DA100000,0F150000,33FFFFFF
B6A5445C00000000,6592A601,5705C733,592D0000,12000000,4C000000,E3860000,4B0C0000,F0100000,2B150000,33FFFFFF
1AA6445C00000000,5E92A601,7305C733,592D0000,12000000,4C000000,E3860000,5B0C0000,08110000,47150000,33FFFFFF
7FA6445C00000000,5792A601,8D05C733,592D0000,12000000,4C000000,E3860000,6B0C0000,1E110000,63150000,33FFFFFF
DFA6445C00000000,5092A601,A905C733,592D0000,12000000,4C000000,E3860000,7B0C0000,36110000,7F150000,33FFFFFF
45A7445C00000000,4992A601,C305C733,592D0000,12000000,4C000000,E3860000,8A0C0000,4C110000,9B150000,33FFFFFF
ACA7445C00000000,4292A601,DE05C733,592D0000,12000000,4C000000,E2860000,9A0C0000,63110000,B7150000,32FFFFFF
0EA8445C00000000,3B92A601,FA05C733,592D0000,12000000,4C000000,E2860000,AB0C0000,7A110000,D3150000,32FFFFFF
71A8445C00000000,3492A601,1506C733,592D0000,12000000,4C000000,E2860000,BB0C0000,91110000,EF150000,32FFFFFF
D8A8445C00000000,2D92A601,3006C733,592D0000,12000000,4C000000,E2860000,CB0C0000,A8110000,0B160000,32FFFFFF
3BA9445C00000000,2592A601,4B06C733,592D0000,12000000,4C000000,E2860000,DB0C0000,BF110000,27160000,32FFFFFF
A0A9445C00000000,1E92A601,6606C733,592D0000,12000000,4C000000,E2860000,EB0C0000,D6110000,43160000,32FFFFFF
03AA445C00000000,1792A601,8106C733,592D0000,12000000,4C000000,E2860000,FA0C0000,ED110000,5F160000,32FFFFFF
66AA445C00000000,1092A601,9C06C733,592D0000,12000000,4C000000,E2860000,0B0D0000,04120000,7B160000,32FFFFFF
CDAA445C00000000,0992A601,B806C733,592D0000,12000000,4C000000,E1860000,1B0D0000,1B120000,97160000,31FFFFFF
2FAB445C00000000,0292A601,D306C733,592D0000,12000000,4C000000,E1860000,2B0D0000,32120000,B3160000,31FFFFFF
95AB445C00000000,FB91A601,EE06C733,592D0000,12000000,4C000000,E1860000,3B0D0000,49120000,CF160000,31FFFFFF
F8AB445C00000000,F391A601,0A07C733,592D0000,12000000,4C000000,E1860000,4B0D0000,61120000,EB160000,31FFFFFF
5CAC445C00000000,EC91A601,2407C733,592D0000,12000000,4C000000,E1860000,5B0D0000,78120000,07170000,31FFFFFF
C1AC445C00000000,E591A601,3F07C733,592D0000,12000000,4C000000,E0860000,6B0D0000,8F120000,23170000,30FFFFFF
25AD445C00000000,DE91A601,5A07C733,592D0000,12000000,4C000000,E0860000,7B0D0000,A6120000,3F170000,30FFFFFF
88AD445C00000000,D791A601,7507C733,592D0000,12000000,4C000000,E0860000,8B0D0000,BD120000,5B170000,30FFFFFF
EDAD445C00000000,D091A601,9007C733,592D0000,12000000,4C000000,E0860000,9B0D0000,D3120000,77170000,30FFFFFF
50AE445C00000000,C991A601,AC07C733,592D0000,12000000,4C000000,E0860000,AB0D0000,EB120000,93170000,30FFFFFF
B4AE445C00000000,C291A601,C707C733,592D0000,12000000,4C000000,E0860000,BB0D0000,02130000,AF170000,30FFFFFF
1AAF445C00000000,BB91A601,E207C733,592D0000,12000000,4C000000,DF860000,CB0D0000,19130000,CB170000,2FFFFFFF
7CAF445C00000000,B491A601,FD07C733,592D0000,12000000,4C000000,DF860000,DA0D0000,30130000,E7170000,2FFFFFFF
E3AF445C00000000,AC91A601,1808C733,592D0000,12000000,4C000000,DF860000,EA0D0000,47130000,03180000,2FFFFFFF
46B0445C00000000,A591A601,3308C733,592D0000,12000000,4C000000,DF860000,FA0D0000,5E130000,1F180000,2FFFFFFF
ABB0445C00000000,9E91A601,4F08C733,592D0000,12000000,4C000000,DF860000,0A0E0000,75130000,3B180000,2FFFFFFF
0EB1445C00000000,9791A601,6A08C733,592D0000,12000000,4C000000,DE860000,1A0E0000,8D130000,57180000,2EFFFFFF
72B1445C00000000,9091A601,8508C733,592D0000,12000000,4C000000,DE860000,2A0E0000,A4130000,73180000,2EFFFFFF
D7B1445C00000000,8991A601,A008C733,592D0000,12000000,4C000000,DE860000,3A0E0000,BB130000,8F180000,2EFFFFFF
3AB2445C00000000,8191A601,BB08C733,592D0000,12000000,4C000000,DE860000,4A0E0000,D2130000,AB180000,2EFFFFFF
9EB2445C00000000,7A91A601,D708C733,592D0000,12000000,4C000000,DE860000,5A0E0000,E9130000,C7180000,2EFFFFFF
01B3445C00000000,7391A601,F208C733,592D0000,12000000,4C000000,DD860000,6A0E0000,01140000,E3180000,2DFFFFFF
66B3445C00000000,6C91A601,0D09C733,592D0000,12000000,4C000000,DD860000,7A0E0000,18140000,FF180000,2DFFFFFF
CDB3445C00000000,6591A601,2809C733,592D0000,12000000,4C000000,DD860000,8A0E0000,2F140000,1B190000,2DFFFFFF
30B4445C00000000,5D91A601,4409C733,592D0000,12000000,4C000000,DD860000,9A0E0000,46140000,37190000,2DFFFFFF
92B4445C00000000,5691A601,5F09C733,592D0000,12000000,4C000000,DD860000,A90E0000,5D140000,53190000,2DFFFFFF
F9B4445C00000000,4F91A601,7A09C733,592D0000,12000000,4C000000,DD860000,B90E0000,75140000,6F190000,2DFFFFFF
5AB5445C00000000,4891A601,9509C733,592D0000,12000000,4C000000,DC860000,C90E0000,8C140000,8B190000,2CFFFFFF
C1B5445C00000000,4191A601,B009C733,592D0000,12000000,4C000000,DC860000,D90E0000,A3140000,A7190000,2CFFFFFF
25B6445C00000000,3A91A601,CC09C733,592D0000,12000000,4C000000,DC860000,E90E0000,BB140000,C3190000,2CFFFFFF
88B6445C00000000,3391A601,E709C733,592D0000,12000000,4C000000,DC860000,F90E0000,D2140000,DF190000,2CFFFFFF
EDB6445C00000000,2B91A601,020AC733,592D0000,12000000,4C000000,DC860000,080F0000,E9140000,FB190000,2CFFFFFF
51B7445C00000000,2491A601,1D0AC733,592D0000,12000000,4C000000,DB860000,190F0000,00150000,171A0000,2BFFFFFF
B4B7445C00000000,1D91A601,390AC733,592D0000,12000000,4C000000,DB860000,290F0000,17150000,331A0000,2BFFFFFF
16B8445C00000000,1691A601,540AC733,592D0000,12000000,4C000000,DB860000,390F0000,2F150000,4F1A0000,2BFFFFFF
7DB8445C00000000,0F91A601,6F0AC733,592D0000,12000000,4C000000,DB860000,490F0000,46150000,6B1A0000,2BFFFFFF
E3B8445C00000000,0791A601,8A0AC733,592D0000,12000000,4C000000,DB860000,580F0000,5D150000,871A0000,2BFFFFFF
46B9445C00000000,0091A601,A50AC733,592D0000,12000000,4C000000,DB860000,680F0000,74150000,A31A0000,2BFFFFFF
A9B9445C00000000,F990A601,C00AC733,592D0000,12000000,4C000000,DA860000,780F0000,8B150000,BF1A0000,2AFFFFFF
0FBA445C00000000,F290A601,DB0AC733,592D0000,12000000,4C000000,DA860000,870F0000,A2150000,DB1A0000,2AFFFFFF
70BA445C00000000,EB90A601,F70AC733,592D0000,12000000,4C000000,DA860000,970F0000,BA150000,F71A0000,2AFFFFFF
D7BA445C00000000,E490A601,120BC733,592D0000,12000000,4C000000,DA860000,A70F0000,D1150000,131B0000,2AFFFFFF
3BBB445C00000000,DD90A601,2D0BC733,592D0000,12000000,4C000000,DA860000,B60F0000,E8150000,2F1B0000,2AFFFFFF
9EBB445C00000000,D590A601,480BC733,592D0000,12000000,4C000000,DA860000,C60F0000,FF150000,4B1B0000,2AFFFFFF
03BC445C00000000,CE90A601,630BC733,592D0000,12000000,4C000000,D9860000,D60F0000,17160000,671B0000,29FFFFFF
66BC445C00000000,C790A601,7F0BC733,592D0000,12000000,4C000000,D9860000,E60F0000,2E160000,831B0000,29FFFFFF
CABC445C00000000,C090A601,9A0BC733,592D0000,12000000,4C000000,D9860000,F60F0000,46160000,9F1B0000,29FFFFFF
30BD445C00000000,B990A601,B50BC733,592D0000,12000000,4C000000,D9860000,05100000,5D160000,BB1B0000,29FFFFFF
92BD445C00000000,B190A601,D10BC733,592D0000,12000000,4C000000,D9860000,15100000,75160000,D71B0000,29FFFFFF
F9BD445C00000000,AA90A601,EB0BC733,592D0000,12000000,4C000000,D9860000,25100000,8C160000,F31B0000,29FFFFFF
5CBE445C00000000,A390A601,070CC733,592D0000,12000000,4C000000,D9860000,34100000,A3160000,0F1C0000,29FFFFFF
BFBE445C00000000,9C90A601,220CC733,592D0000,12000000,4C000000,D8860000,44100000,BB160000,2B1C0000,28FFFFFF
24BF445C00000000,9590A601,3C0CC733,592D0000,12000000,4C000000,D8860000,53100000,D2160000,471C0000,28FFFFFF
87BF445C00000000,8E90A601,580CC733,592D0000,12000000,4C000000,D8860000,63100000,E9160000,631C0000,28FFFFFF
EEBF445C00000000,8690A601,730CC733,592D0000,12000000,4C000000,D8860000,73100000,00170000,7F1C0000,28FFFFFF
50C0445C00000000,7F90A601,8E0CC733,592D0000,12000000,4C000000,D8860000,82100000,18170000,9B1C0000,28FFFFFF
B4C0445C00000000,7890A601,A90CC733,592D0000,12000000,4C000000,D8860000,92100000,2F170000,B71C0000,28FFFFFF
1AC1445C00000000,7190A601,C40CC733,592D0000,12000000,4C000000,D7860000,A1100000,46170000,D31C0000,27FFFFFF
7DC1445C00000000,6A90A601,E00CC733,592D0000,12000000,4C000000,D7860000,B1100000,5E170000,EF1C0000,27FFFFFF
E0C1445C00000000,6290A601,FB0CC733,592D0000,12000000,4C000000,D7860000,C1100000,76170000,0B1D0000,27FFFFFF
42C2445C00000000,5B90A601,170DC733,592D0000,12000000,4C000000,D7860000,D0100000,8D170000,271D0000,27FFFFFF
A9C2445C00000000,5490A601,320DC733,592D0000,12000000,4C000000,D7860000,E0100000,A5170000,431D0000,27FFFFFF
0FC3445C00000000,4D90A601,4D0DC733,592D0000,12000000,4C000000,D7860000,F0100000,BD170000,5F1D0000,27FFFFFF
72C3445C00000000,4590A601,690DC733,592D0000,12000000,4C000000,D6860000,FF100000,D4170000,7B1D0000,26FFFFFF
D5C3445C00000000,3E90A601,840DC733,592D0000,12000000,4C000000,D6860000,0F110000,EC170000,971D0000,26FFFFFF
3AC4445C00000000,3790A601,9F0DC733,592D0000,12000000,4C000000,D6860000,1E110000,03180000,B31D0000,26FFFFFF
9EC4445C00000000,3090A601,BA0DC733,592D0000,12000000,4C000000,D6860000,2E110000,1B180000,CF1D0000,26FFFFFF
04C5445C00000000,2990A601,D60DC733,592D0000,12000000,4C000000,D6860000,3D110000,32180000,EB1D0000,26FFFFFF
67C5445C00000000,2190A601,F10DC733,592D0000,12000000,4C000000,D6860000,4D110000,49180000,071E0000,26FFFFFF
C9C5445C00000000,1A90A601,0C0EC733,592D0000,12000000,4C000000,D6860000,5D110000,61180000,231E0000,26FFFFFF
30C6445C00000000,1390A601,270EC733,592D0000,12000000,4C000000,D5860000,6C110000,78180000,3F1E0000,25FFFFFF
92C6445C00000000,0C90A601,430EC733,592D0000,12000000,4C000000,D5860000,7D110000,90180000,5B1E0000,25FFFFFF
F6C6445C00000000,0490A601,5F0EC733,592D0000,12000000,4C000000,D6860000,8D110000,A8180000,771E0000,26FFFFFF
59C7445C00000000,FD8FA601,7C0EC733,592D0000,12000000,4C000000,D5860000,9F110000,C0180000,931E0000,25FFFFFF
BFC7445C00000000,F58FA601,980EC733,592D0000,12000000,4C000000,D4860000,B1110000,D7180000,AF1E0000,24FFFFFF
25C8445C00000000,EE8FA601,B50EC733,592D0000,12000000,4C000000,D4860000,C3110000,EE180000,CB1E0000,24FFFFFF
88C8445C00000000,E68FA601,D20EC733,592D0000,12000000,4C000000,D2860000,D6110000,06190000,E71E0000,22FFFFFF
EBC8445C00000000,DE8FA601,F00EC733,592D0000,12000000,4C000000,D1860000,E9110000,1D190000,031F0000,21FFFFFF
50C9445C00000000,D68FA601,0E0FC733,592D0000,12000000,4C000000,D0860000,FD110000,35190000,1F1F0000,20FFFFFF
B4C9445C00000000,CE8FA601,2B0FC733,592D0000,12000000,4C000000,CF860000,11120000,4C190000,3B1F0000,1FFFFFFF
1ACA445C00000000,C68FA601,4A0FC733,592D0000,12000000,4C000000,CD860000,27120000,64190000,571F0000,1DFFFFFF
7DCA445C00000000,BE8FA601,690FC733,592D0000,12000000,4C000000,CB860000,3C120000,7C190000,731F0000,1BFFFFFF
E0CA445C00000000,B58FA601,880FC733,592D0000,12000000,4C000000,C9860000,52120000,93190000,8F1F0000,19FFFFFF
46CB445C00000000,AD8FA601,A80FC733,592D0000,12000000,4C000000,C7860000,69120000,AB190000,AB1F0000,17FFFFFF
A9CB445C00000000,A48FA601,C80FC733,592D0000,12000000,4C000000,C5860000,81120000,C2190000,C71F0000,15FFFFFF
0CCC445C00000000,9B8FA601,E90FC733,592D0000,12000000,4C000000,C5860000,9A120000,DA190000,E31F0000,15FFFFFF
70CC445C00000000,928FA601,0C10C733,592D0000,12000000,4C000000,C1860000,B4120000,F2190000,FF1F0000,11FFFFFF
D5CC445C00000000,898FA601,2E10C733,592D0000,12000000,4C000000,BF860000,CF120000,091A0000,1B200000,0FFFFFFF
3BCD445C00000000,808FA601,5010C733,592D0000,12000000,4C000000,BC860000,EA120000,201A0000,37200000,0CFFFFFF
9DCD445C00000000,768FA601,7410C733,592D0000,12000000,4C000000,BB860000,06130000,381A0000,53200000,0BFFFFFF
01CE445C00000000,6D8FA601,9710C733,592D0000,12000000,4C000000,B9860000,22130000,501A0000,6F200000,09FFFFFF
67CE445C00000000,638FA601,BA10C733,592D0000,12000000,4C000000,B5860000,3E130000,671A0000,8B200000,05FFFFFF
CACE445C00000000,598FA601,DD10C733,592D0000,12000000,4C000000,B5860000,5A130000,7E1A0000,A7200000,05FFFFFF
30CF445C00000000,508FA601,0111C733,592D0000,12000000,4C000000,B2860000,76130000,961A0000,C3200000,02FFFFFF
93CF445C00000000,468FA601,2411C733,592D0000,12000000,4C000000,AC860000,92130000,AE1A0000,DF200000,FCFEFFFF
F6CF445C00000000,3D8FA601,4711C733,592D0000,12000000,4C000000,A9860000,AE130000,C51A0000,FB200000,F9FEFFFF
5CD0445C00000000,338FA601,6A11C733,592D0000,12000000,4C000000,A7860000,CA130000,DC1A0000,17210000,F7FEFFFF
BDD0445C00000000,298FA601,8E11C733,592D0000,12000000,4C000000,A1860000,E6130000,F41A0000,33210000,F1FEFFFF
22D1445C00000000,208FA601,B111C733,592D0000,12000000,4C000000,9D860000,02140000,0B1B0000,4F210000,EDFEFFFF
86D1445C00000000,168FA601,D411C733,592D0000,12000000,4C000000,9D860000,1E140000,231B0000,6B210000,EDFEFFFF
EBD1445C00000000,0C8FA601,F711C733,592D0000,12000000,4C000000,99860000,3A140000,3A1B0000,87210000,E9FEFFFF
50D2445C00000000,038FA601,1A12C733,592D0000,12000000,4C000000,91860000,56140000,511B0000,A3210000,E1FEFFFF
B3D2445C00000000,F98EA601,3D12C733,592D0000,12000000,4C000000,8B860000,72140000,691B0000,BF210000,DBFEFFFF
16D3445C00000000,EF8EA601,6112C733,592D0000,12000000,4C000000,88860000,8E140000,801B0000,DB210000,D8FEFFFF
7CD3445C00000000,E58EA601,8412C733,592D0000,12000000,4C000000,86860000,AA140000,981B0000,F6210000,D6FEFFFF
DFD3445C00000000,DB8EA601,A612C733,592D0000,12000000,4C000000,7F860000,C6140000,AE1B0000,12220000,CFFEFFFF
45D4445C00000000,D18EA601,CA12C733,592D0000,12000000,4C000000,78860000,E2140000,C61B0000,2E220000,C8FEFFFF
A8D4445C00000000,C88EA601,ED12C733,592D0000,12000000,4C000000,73860000,FE140000,DD1B0000,4A220000,C3FEFFFF
0BD5445C00000000,BE8EA601,1013C733,592D0000,12000000,4C000000,6D860000,1A150000,F41B0000,65220000,BDFEFFFF
71D5445C00000000,B48EA601,3213C733,592D0000,12000000,4C000000,68860000,36150000,0B1C0000,81220000,B8FEFFFF
D4D5445C00000000,AA8EA601,5513C733,592D0000,12000000,4C000000,63860000,52150000,221C0000,9D220000,B3FEFFFF
37D6445C00000000,A08EA601,7813C733,592D0000,12000000,4C000000,5E860000,6D150000,391C0000,B8220000,AEFEFFFF
9CD6445C00000000,968EA601,9B13C733,592D0000,12000000,4C000000,58860000,89150000,511C0000,D4220000,A8FEFFFF
00D7445C00000000,8C8EA601,BD13C733,592D0000,12000000,4C000000,56860000,A5150000,681C0000,EF220000,A6FEFFFF
66D7445C00000000,828EA601,DF13C733,592D0000,12000000,4C000000,54860000,C0150000,7E1C0000,0B230000,A4FEFFFF
C9D7445C00000000,788EA601,0214C733,592D0000,12000000,4C000000,51860000,DB150000,961C0000,26230000,A1FEFFFF
2CD8445C00000000,6E8EA601,2414C733,592D0000,12000000,4C000000,4F860000,F6150000,AD1C0000,41230000,9FFEFFFF
92D8445C00000000,648EA601,4614C733,592D0000,12000000,4C000000,4C860000,11160000,C41C0000,5C230000,9CFEFFFF
F5D8445C00000000,5A8EA601,6814C733,592D0000,12000000,4C000000,4A860000,2C160000,DB1C0000,77230000,9AFEFFFF
5CD9445C00000000,508EA601,8A14C733,592D0000,12000000,4C000000,47860000,47160000,F21C0000,92230000,97FEFFFF
BED9445C00000000,468EA601,AC14C733,592D0000,12000000,4C000000,45860000,61160000,091D0000,AE230000,95FEFFFF
21DA445C00000000,3D8EA601,CD14C733,592D0000,12000000,4C000000,43860000,7B160000,201D0000,C8230000,93FEFFFF
87DA445C00000000,338EA601,EE14C733,592D0000,12000000,4C000000,41860000,95160000,371D0000,E3230000,91FEFFFF
E7DA445C00000000,298EA601,1015C733,592D0000,12000000,4C000000,3F860000,B0160000,4F1D0000,FE230000,8FFEFFFF
4DDB445C00000000,1F8EA601,3115C733,592D0000,12000000,4C000000,3C860000,C9160000,661D0000,19240000,8CFEFFFF
B3DB445C00000000,168EA601,5215C733,592D0000,12000000,4C000000,39860000,E2160000,7D1D0000,34240000,89FEFFFF
16DC445C00000000,0C8EA601,7315C733,592D0000,12000000,4C000000,39860000,FC160000,941D0000,4F240000,89FEFFFF
7CDC445C00000000,028EA601,9415C733,592D0000,12000000,4C000000,37860000,15170000,AB1D0000,6A240000,87FEFFFF
DFDC445C00000000,F98DA601,B415C733,592D0000,12000000,4C000000,35860000,2E170000,C21D0000,85240000,85FEFFFF
42DD445C00000000,EF8DA601,D515C733,592D0000,12000000,4C000000,33860000,47170000,DA1D0000,9F240000,83FEFFFF
A8DD445C00000000,E68DA601,F615C733,592D0000,12000000,4C000000,32860000,5F170000,F11D0000,BA240000,82FEFFFF
0BDE445C00000000,DC8DA601,1616C733,592D0000,12000000,4C000000,30860000,77170000,091E0000,D5240000,80FEFFFF
71DE445C00000000,D38DA601,3516C733,592D0000,12000000,4C000000,2F860000,8E170000,1F1E0000,EF240000,7FFEFFFF
D4DE445C00000000,C98DA601,5516C733,592D0000,12000000,4C000000,2E860000,A6170000,371E0000,0A250000,7EFEFFFF
37DF445C00000000,C08DA601,7416C733,592D0000,12000000,4C000000,2C860000,BD170000,4E1E0000,24250000,7CFEFFFF
9DDF445C00000000,B78DA601,9316C733,592D0000,12000000,4C000000,2E860000,D3170000,651E0000,3F250000,7EFEFFFF
00E0445C00000000,AD8DA601,B416C733,592D0000,12000000,4C000000,32860000,EB170000,7E1E0000,59250000,82FEFFFF
64E0445C00000000,A48DA601,D216C733,592D0000,12000000,4C000000,36860000,00180000,951E0000,74250000,86FEFFFF
C9E0445C00000000,9B8DA601,F016C733,592D0000,12000000,4C000000,39860000,16180000,AC1E0000,8E250000,89FEFFFF
2CE1445C00000000,938DA601,0E17C733,592D0000,12000000,4C000000,3E860000,2A180000,C31E0000,A8250000,8EFEFFFF
92E1445C00000000,8A8DA601,2C17C733,592D0000,12000000,4C000000,46860000,3E180000,DB1E0000,C3250000,96FEFFFF
F5E1445C00000000,818DA601,4A17C733,592D0000,12000000,4C000000,52860000,51180000,F41E0000,DD250000,A2FEFFFF
58E2445C00000000,798DA601,6617C733,592D0000,12000000,4C000000,62860000,63180000,0B1F0000,F7250000,B2FEFFFF
BDE2445C00000000,718DA601,8217C733,592D0000,12000000,4C000000,73860000,74180000,231F0000,11260000,C3FEFFFF
21E3445C00000000,698DA601,9E17C733,592D0000,12000000,4C000000,88860000,84180000,3C1F0000,2B260000,D8FEFFFF
87E3445C00000000,628DA601,BB17C733,592D0000,12000000,4C000000,A1860000,93180000,551F0000,45260000,F1FEFFFF
EAE3445C00000000,5A8DA601,D617C733,592D0000,12000000,4C000000,BA860000,A0180000,6E1F0000,5F260000,0AFFFFFF
4DE4445C00000000,538DA601,F117C733,592D0000,12000000,4C000000,D4860000,AD180000,871F0000,79260000,24FFFFFF
B3E4445C00000000,4C8DA601,0C18C733,592D0000,12000000,4C000000,EA860000,B8180000,A01F0000,92260000,3AFFFFFF
17E5445C00000000,458DA601,2718C733,592D0000,12000000,4C000000,FF860000,C3180000,BA1F0000,AC260000,4FFFFFFF
79E5445C00000000,3E8DA601,4218C733,592D0000,12000000,4C000000,13870000,CC180000,D41F0000,C5260000,63FFFFFF
DFE5445C00000000,388DA601,5C18C733,592D0000,12000000,4C000000,25870000,D5180000,EE1F0000,DF260000,75FFFFFF
43E6445C00000000,318DA601,7618C733,592D0000,12000000,4C000000,38870000,DD180000,08200000,F8260000,88FFFFFF
A9E6445C00000000,2B8DA601,9118C733,592D0000,12000000,4C000000,4A870000,E4180000,22200000,12270000,9AFFFFFF
0BE7445C00000000,258DA601,AB18C733,592D0000,12000000,4C000000,5D870000,EA180000,3C200000,2C270000,ADFFFFFF
6EE7445C00000000,1E8DA601,C518C733,592D0000,12000000,4C000000,6D870000,F0180000,56200000,45270000,BDFFFFFF
D5E7445C00000000,188DA601,DF18C733,592D0000,12000000,4C000000,83870000,F6180000,70200000,5E270000,D3FFFFFF
38E8445C00000000,128DA601,FA18C733,592D0000,12000000,4C000000,97870000,FB180000,8B200000,78270000,E7FFFFFF
9DE8445C00000000,0C8DA601,1319C733,592D0000,12000000,4C000000,B1870000,FF180000,A5200000,91270000,00000000
00E9445C00000000,078DA601,2E19C733,592D0000,12000000,4C000000,D1870000,03190000,C0200000,AB270000,20000000
63E9445C00000000,018DA601,4819C733,592D0000,12000000,4C000000,FE870000,07190000,DB200000,C4270000,4D000000
C9E9445C00000000,FC8CA601,6319C733,592D0000,12000000,4C000000,37880000,0A190000,F5200000,DD270000,86000000
2CEA445C00000000,F78CA601,7E19C733,592D0000,12000000,4C000000,7A880000,0D190000,11210000,F7270000,C9000000
8FEA445C00000000,F28CA601,9919C733,592D0000,12000000,4C000000,C7880000,0F190000,2D210000,10280000,16010000
F6EA445C00000000,EE8CA601,B519C733,592D0000,12000000,4C000000,1F890000,12190000,49210000,2A280000,6E010000
58EB445C00000000,EA8CA601,D119C733,592D0000,12000000,4C000000,7D890000,14190000,65210000,43280000,CC010000
BEEB445C00000000,E68CA601,ED19C733,592D0000,12000000,4C000000,E1890000,16190000,81210000,5C280000,30020000
22EC445C00000000,E38CA601,091AC733,592D0000,12000000,4C000000,508A0000,18190000,9D210000,76280000,9F020000
85EC445C00000000,E18CA601,241AC733,592D0000,12000000,4C000000,B68A0000,19190000,B9210000,8F280000,05030000
EAEC445C00000000,DF8CA601,401AC733,592D0000,12000000,4C000000,3B8B0000,1A190000,D5210000,A9280000,8A030000
4DED445C00000000,DE8CA601,5C1AC733,592D0000,12000000,4C000000,C28B0000,1B190000,F1210000,C2280000,11040000
B4ED445C00000000,DE8CA601,781AC733,592D0000,12000000,4C000000,518C0000,1B190000,0D220000,DB280000,A0040000
14EE445C00000000,DE8CA601,941AC733,592D0000,12000000,4C000000,EE8C0000,1B190000,29220000,F5280000,3D050000
79EE445C00000000,DF8CA601,B01AC733,592D0000,12000000,4C000000,958D0000,1A190000,45220000,0E290000,E4050000
E0EE445C00000000,E18CA601,CC1AC733,592D0000,12000000,4C000000,448E0000,19190000,61220000,27290000,93060000
43EF445C00000000,E48CA601,E81AC733,592D0000,12000000,4C000000,048F0000,18190000,7D220000,40290000,53070000
A6EF445C00000000,E88CA601,041BC733,592D0000,12000000,4C000000,C98F0000,16190000,99220000,5A290000,18080000
0BF0445C00000000,ED8CA601,201BC733,592D0000,12000000,4C000000,9D900000,15190000,B5220000,73290000,EC080000
6EF0445C00000000,F38CA601,3B1BC733,592D0000,12000000,4C000000,7F910000,13190000,D1220000,8C290000,CE090000
D1F0445C00000000,FB8CA601,561BC733,592D0000,12000000,4C000000,8E920000,12190000,ED220000,A5290000,DD0A0000
38F1445C00000000,048DA601,711BC733,592D0000,12000000,4C000000,C3930000,10190000,09230000,BF290000,120C0000
9AF1445C00000000,0D8DA601,8B1BC733,592D0000,12000000,4C000000,BA940000,0E190000,25230000,D8290000,090D0000
00F2445C00000000,198DA601,A51BC733,592D0000,12000000,4C000000,D2950000,0D190000,41230000,F1290000,210E0000
64F2445C00000000,258DA601,BE1BC733,592D0000,12000000,4C000000,D5960000,0C190000,5D230000,0B2A0000,240F0000
C9F2445C00000000,328DA601,D61BC733,592D0000,12000000,4C000000,D7970000,0B190000,79230000,242A0000,26100000
2CF3445C00000000,418DA601,EE1BC733,592D0000,12000000,4C000000,CF980000,0A190000,95230000,3E2A0000,1E110000
90F3445C00000000,508DA601,061CC733,592D0000,12000000,4C000000,BE990000,09190000,B1230000,562A0000,0D120000
F5F3445C00000000,618DA601,1C1CC733,592D0000,12000000,4C000000,A99A0000,07190000,CC230000,6F2A0000,F8120000
58F4445C00000000,728DA601,321CC733,592D0000,12000000,4C000000,8C9B0000,06190000,E9230000,872A0000,DB130000
BBF4445C00000000,848DA601,481CC733,592D0000,12000000,4C000000,5B9C0000,04190000,05240000,9F2A0000,AA140000
22F5445C00000000,978DA601,5C1CC733,592D0000,12000000,4C000000,229D0000,02190000,21240000,B72A0000,71150000
84F5445C00000000,AB8DA601,711CC733,592D0000,12000000,4C000000,D49D0000,00190000,3C240000,CF2A0000,23160000
E7F5445C00000000,BE8DA601,841CC733,592D0000,12000000,4C000000,759E0000,FE180000,58240000,E62A0000,C4160000
4EF6445C00000000,D38DA601,971CC733,592D0000,12000000,4C000000,0D9F0000,FB180000,74240000,FD2A0000,5C170000
B1F6445C00000000,E78DA601,A91CC733,592D0000,12000000,4C000000,939F0000,F8180000,8F240000,122B0000,E2170000
16F7445C00000000,FC8DA601,BA1CC733,592D0000,12000000,4C000000,06A00000,F5180000,AA240000,282B0000,55180000
79F7445C00000000,118EA601,CB1CC733,592D0000,12000000,4C000000,69A00000,F2180000,C4240000,3F2B0000,B8180000
E0F7445C00000000,258EA601,DC1CC733,592D0000,12000000,4C000000,C0A00000,EE180000,DE240000,542B0000,0F190000
42F8445C00000000,3A8EA601,EC1CC733,592D0000,12000000,4C000000,0CA10000,E9180000,F8240000,6A2B0000,5B190000
A5F8445C00000000,4E8EA601,FB1CC733,592D0000,12000000,4C000000,4BA10000,E4180000,10250000,7F2B0000,9A190000
0CF9445C00000000,618EA601,091DC733,592D0000,12000000,4C000000,83A10000,DF180000,28250000,952B0000,D2190000
6FF9445C00000000,748EA601,171DC733,592D0000,12000000,4C000000,B3A10000,DA180000,3F250000,AA2B0000,021A0000
D2F9445C00000000,868EA601,241DC733,592D0000,12000000,4C000000,D5A10000,D4180000,54250000,BF2B0000,241A0000
37FA445C00000000,988EA601,311DC733,592D0000,12000000,4C000000,ECA10000,CD180000,69250000,D42B0000,3B1A0000
9BFA445C00000000,A88EA601,3C1DC733,592D0000,12000000,4C000000,FDA10000,C6180000,7C250000,E82B0000,4C1A0000
FEFA445C00000000,B78EA601,471DC733,592D0000,12000000,4C000000,0CA20000,BF180000,8D250000,FD2B0000,5B1A0000
63FB445C00000000,C68EA601,511DC733,592D0000,12000000,4C000000,12A20000,B8180000,9D250000,112C0000,611A0000
C6FB445C00000000,D48EA601,5B1DC733,592D0000,12000000,4C000000,12A20000,B1180000,AC250000,252C0000,611A0000
2DFC445C00000000,E08EA601,641DC733,592D0000,12000000,4C000000,14A20000,AA180000,BA250000,392C0000,631A0000
90FC445C00000000,ED8EA601,6C1DC733,592D0000,12000000,4C000000,18A20000,A3180000,C7250000,4E2C0000,671A0000
F5FC445C00000000,F98EA601,751DC733,592D0000,12000000,4C000000,1BA20000,9B180000,D4250000,612C0000,6A1A0000
59FD445C00000000,048FA601,7D1DC733,592D0000,12000000,4C000000,1EA20000,94180000,E0250000,752C0000,6D1A0000
BCFD445C00000000,0F8FA601,841DC733,592D0000,12000000,4C000000,1BA20000,8D180000,EB250000,892C0000,6A1A0000
21FE445C00000000,1A8FA601,8C1DC733,592D0000,12000000,4C000000,18A20000,86180000,F7250000,9D2C0000,671A0000
85FE445C00000000,258FA601,941DC733,592D0000,12000000,4C000000,18A20000,7E180000,02260000,B22C0000,671A0000
E7FE445C00000000,2F8FA601,9B1DC733,592D0000,12000000,4C000000,18A20000,77180000,0C260000,C52C0000,671A0000
4EFF445C00000000,398FA601,A21DC733,592D0000,12000000,4C000000,16A20000,70180000,16260000,D92C0000,651A0000
B1FF445C00000000,438FA601,A91DC733,592D0000,12000000,4C000000,15A20000,69180000,20260000,EC2C0000,641A0000
1300455C00000000,4D8FA601,B01DC733,592D0000,12000000,4C000000,13A20000,62180000,29260000,FF2C0000,621A0000
7A00455C00000000,578FA601,B71DC733,592D0000,12000000,4C000000,12A20000,5B180000,33260000,122D0000,611A0000
DC00455C00000000,608FA601,BD1DC733,592D0000,12000000,4C000000,10A20000,54180000,3C260000,252D0000,5F1A0000
4301455C00000000,6A8FA601,C41DC733,592D0000,12000000,4C000000,0CA20000,4C180000,44260000,382D0000,5B1A0000
A601455C00000000,738FA601,CB1DC733,592D0000,12000000,4C000000,0AA20000,44180000,4D260000,4B2D0000,591A0000
0C02455C00000000,7D8FA601,D21DC733,592D0000,12000000,4C000000,08A20000,3C180000,56260000,5E2D0000,571A0000
6E02455C00000000,878FA601,D91DC733,592D0000,12000000,4C000000,05A20000,33180000,5E260000,702D0000,541A0000
D202455C00000000,918FA601,DF1DC733,592D0000,12000000,4C000000,02A20000,2A180000,66260000,832D0000,511A0000
3703455C00000000,9A8FA601,E61DC733,592D0000,12000000,4C000000,FEA10000,21180000,6E260000,962D0000,4D1A0000
9B03455C00000000,A58FA601,EE1DC733,592D0000,12000000,4C000000,FBA10000,17180000,76260000,A92D0000,4A1A0000
FE03455C00000000,AF8FA601,F51DC733,592D0000,12000000,4C000000,F8A10000,0E180000,7E260000,BC2D0000,471A0000
6304455C00000000,B98FA601,FC1DC733,592D0000,12000000,4C000000,F2A10000,03180000,85260000,CF2D0000,411A0000
C604455C00000000,C38FA601,031EC733,592D0000,12000000,4C000000,EBA10000,F9170000,8D260000,E12D0000,3A1A0000
2D05455C00000000,CE8FA601,0B1EC733,592D0000,12000000,4C000000,E5A10000,EF170000,94260000,F32D0000,341A0000
9005455C00000000,D98FA601,131EC733,592D0000,12000000,4C000000,DFA10000,E3170000,9B260000,062E0000,2E1A0000
F305455C00000000,E48FA601,1B1EC733,592D0000,12000000,4C000000,D9A10000,D8170000,A2260000,192E0000,281A0000
5906455C00000000,EE8FA601,221EC733,592D0000,12000000,4C000000,D1A10000,CC170000,A8260000,2B2E0000,201A0000
BB06455C00000000,F98FA601,2A1EC733,592D0000,12000000,4C000000,CAA10000,C0170000,AF260000,3E2E0000,191A0000
1F07455C00000000,0590A601,321EC733,592D0000,12000000,4C000000,C3A10000,B4170000,B5260000,502E0000,121A0000
8507455C00000000,1090A601,3A1EC733,592D0000,12000000,4C000000,BBA10000,A8170000,BB260000,632E0000,0A1A0000
E807455C00000000,1B90A601,431EC733,592D0000,12000000,4C000000,B4A10000,9B170000,C1260000,752E0000,031A0000
4D08455C00000000,2690A601,4B1EC733,592D0000,12000000,4C000000,ADA10000,8E170000,C7260000,872E0000,FC190000
B108455C00000000,3290A601,531EC733,592D0000,12000000,4C000000,A2A10000,81170000,CD260000,992E0000,F1190000
1709455C00000000,3E90A601,5C1EC733,592D0000,12000000,4C000000,98A10000,73170000,D2260000,AB2E0000,E7190000
7A09455C00000000,4990A601,651EC733,592D0000,12000000,4C000000,8EA10000,66170000,D7260000,BE2E0000,DD190000
DD09455C00000000,5590A601,6D1EC733,592D0000,12000000,4C000000,85A10000,58170000,DB260000,CF2E0000,D4190000
430A455C00000000,6190A601,761EC733,592D0000,12000000,4C000000,7BA10000,4A170000,E0260000,E12E0000,CA190000
A60A455C00000000,6D90A601,7F1EC733,592D0000,12000000,4C000000,72A10000,3B170000,E4260000,F42E0000,C1190000
090B455C00000000,7990A601,881EC733,592D0000,12000000,4C000000,6AA10000,2D170000,E8260000,052F0000,B9190000
6F0B455C00000000,8690A601,911EC733,592D0000,12000000,4C000000,65A10000,1E170000,EC260000,172F0000,B4190000
D20B455C00000000,9390A601,9B1EC733,592D0000,12000000,4C000000,5DA10000,0E170000,F0260000,282F0000,AC190000
360C455C00000000,A090A601,A51EC733,592D0000,12000000,4C000000,5AA10000,FE160000,F4260000,392F0000,A9190000
9B0C455C00000000,AE90A601,B01EC733,592D0000,12000000,4C000000,56A10000,EC160000,F8260000,4B2F0000,A5190000
FE0C455C00000000,BD90A601,BB1EC733,592D0000,12000000,4C000000,53A10000,DA160000,FB260000,5C2F0000,A2190000
630D455C00000000,CD90A601,C71EC733,592D0000,12000000,4C000000,4FA10000,C6160000,FF260000,6E2F0000,9E190000
C60D455C00000000,DE90A601,D41EC733,592D0000,12000000,4C000000,4AA10000,B2160000,03270000,7F2F0000,99190000
2D0E455C00000000,EF90A601,E11EC733,592D0000,12000000,4C000000,4AA10000,9D160000,06270000,902F0000,99190000
900E455C00000000,0191A601,EF1EC733,592D0000,12000000,4C000000,45A10000,86160000,0A270000,A12F0000,94190000
F30E455C00000000,1491A601,FD1EC733,592D0000,12000000,4C000000,42A10000,6F160000,0D270000,B22F0000,91190000
590F455C00000000,2791A601,0C1FC733,592D0000,12000000,4C000000,3DA10000,57160000,11270000,C22F0000,8C190000
BC0F455C00000000,3B91A601,1B1FC733,592D0000,12000000,4C000000,3BA10000,3D160000,14270000,D32F0000,8A190000
1F10455C00000000,5091A601,2B1FC733,592D0000,12000000,4C000000,39A10000,23160000,17270000,E32F0000,88190000
8410455C00000000,6691A601,3B1FC733,592D0000,12000000,4C000000,36A10000,09160000,1B270000,F32F0000,85190000
E810455C00000000,7C91A601,4C1FC733,592D0000,12000000,4C000000,35A10000,ED150000,1E270000,03300000,84190000
4D11455C00000000,9291A601,5D1FC733,592D0000,12000000,4C000000,33A10000,D1150000,22270000,12300000,82190000
B011455C00000000,A891A601,6E1FC733,592D0000,12000000,4C000000,32A10000,B5150000,26270000,22300000,81190000
1412455C00000000,BF91A601,7F1FC733,592D0000,12000000,4C000000,30A10000,99150000,29270000,32300000,7F190000
7A12455C00000000,D591A601,901FC733,592D0000,12000000,4C000000,2EA10000,7D150000,2D270000,42300000,7D190000
DC12455C00000000,EC91A601,A21FC733,592D0000,12000000,4C000000,2EA10000,61150000,31270000,52300000,7D190000
4313455C00000000,0292A601,B31FC733,592D0000,12000000,4C000000,2DA10000,45150000,34270000,61300000,7C190000
A613455C00000000,1992A601,C41FC733,592D0000,12000000,4C000000,2DA10000,29150000,38270000,71300000,7C190000
0914455C00000000,2F92A601,D51FC733,592D0000,12000000,4C000000,2DA10000,0D150000,3C270000,81300000,7C190000
6E14455C00000000,4692A601,E61FC733,592D0000,12000000,4C000000,30A10000,F1140000,40270000,90300000,7F190000
D214455C00000000,5C92A601,F71FC733,592D0000,12000000,4C000000,33A10000,D5140000,44270000,A0300000,82190000
3515455C00000000,7392A601,0820C733,592D0000,12000000,4C000000,38A10000,B9140000,48270000,B0300000,87190000
9815455C00000000,8992A601,1A20C733,592D0000,12000000,4C000000,3CA10000,9D140000,4C270000,C0300000,8B190000
FE15455C00000000,A092A601,2B20C733,592D0000,12000000,4C000000,40A10000,81140000,50270000,D0300000,8F190000
6416455C00000000,B692A601,3C20C733,592D0000,12000000,4C000000,47A10000,65140000,54270000,DF300000,96190000
C716455C00000000,CD92A601,4D20C733,592D0000,12000000,4C000000,4EA10000,4A140000,58270000,EF300000,9D190000
2A17455C00000000,E392A601,5E20C733,592D0000,12000000,4C000000,57A10000,2E140000,5C270000,FF300000,A6190000
9017455C00000000,FA92A601,6F20C733,592D0000,12000000,4C000000,5FA10000,12140000,61270000,0F310000,AE190000
F217455C00000000,1093A601,7F20C733,592D0000,12000000,4C000000,69A10000,F6130000,65270000,20310000,B8190000
5918455C00000000,2793A601,9020C733,592D0000,12000000,4C000000,74A10000,DA130000,6A270000,30310000,C3190000
BC18455C00000000,3D93A601,A120C733,592D0000,12000000,4C000000,7FA10000,BF130000,6E270000,40310000,CE190000
1F19455C00000000,5493A601,B120C733,592D0000,12000000,4C000000,8CA10000,A3130000,73270000,51310000,DB190000
8519455C00000000,6A93A601,C220C733,592D0000,12000000,4C000000,9FA10000,88130000,79270000,61310000,EE190000
E819455C00000000,8193A601,D220C733,592D0000,12000000,4C000000,B2A10000,6C130000,7E270000,72310000,011A0000
4B1A455C00000000,9793A601,E320C733,592D0000,12000000,4C000000,CAA10000,51130000,84270000,82310000,191A0000
AE1A455C00000000,AE93A601,F320C733,592D0000,12000000,4C000000,E6A10000,36130000,8A270000,93310000,351A0000
141B455C00000000,C593A601,0321C733,592D0000,12000000,4C000000,05A20000,1A130000,91270000,A3310000,541A0000
7A1B455C00000000,DC93A601,1321C733,592D0000,12000000,4C000000,24A20000,FF120000,97270000,B3310000,731A0000
DD1B455C00000000,F393A601,2321C733,592D0000,12000000,4C000000,45A20000,E4120000,9F270000,C3310000,941A0000
401C455C00000000,0B94A601,3321C733,592D0000,12000000,4C000000,67A20000,C9120000,A6270000,D4310000,B61A0000
A61C455C00000000,2394A601,4321C733,592D0000,12000000,4C000000,87A20000,AD120000,AE270000,E4310000,D61A0000
081D455C00000000,3B94A601,5321C733,592D0000,12000000,4C000000,AAA20000,92120000,B7270000,F5310000,F91A0000
6F1D455C00000000,5394A601,6321C733,592D0000,12000000,4C000000,CCA20000,76120000,C0270000,05320000,1B1B0000
D21D455C00000000,6B94A601,7321C733,592D0000,12000000,4C000000,F4A20000,5B120000,C9270000,15320000,431B0000
351E455C00000000,8494A601,8321C733,592D0000,12000000,4C000000,1BA30000,3F120000,D3270000,25320000,6A1B0000
9B1E455C00000000,9D94A601,9221C733,592D0000,12000000,4C000000,43A30000,23120000,DD270000,36320000,921B0000
FE1E455C00000000,B694A601,A221C733,592D0000,12000000,4C000000,6BA30000,07120000,E7270000,47320000,BA1B0000
611F455C00000000,D094A601,B121C733,592D0000,12000000,4C000000,99A30000,EB110000,F2270000,57320000,E81B0000
C41F455C00000000,EA94A601,C121C733,592D0000,12000000,4C000000,D0A30000,D0110000,FE270000,67320000,1F1C0000
2A20455C00000000,0595A601,D021C733,592D0000,12000000,4C000000,08A40000,B3110000,0A280000,77320000,571C0000
9020455C00000000,1F95A601,DF21C733,592D0000,12000000,4C000000,41A40000,97110000,17280000,87320000,901C0000
F320455C00000000,3B95A601,EE21C733,592D0000,12000000,4C000000,78A40000,7C110000,25280000,97320000,C71C0000
5621455C00000000,5695A601,FD21C733,592D0000,12000000,4C000000,AFA40000,5F110000,33280000,A7320000,FE1C0000
BC21455C00000000,7295A601,0C22C733,592D0000,12000000,4C000000,E4A40000,43110000,41280000,B7320000,331D0000
1E22455C00000000,8E95A601,1B22C733,592D0000,12000000,4C000000,1BA50000,28110000,50280000,C8320000,6A1D0000
8522455C00000000,AA95A601,2922C733,592D0000,12000000,4C000000,44A50000,0C110000,5F280000,D8320000,931D0000
E822455C00000000,C795A601,3722C733,592D0000,12000000,4C000000,6FA50000,F0100000,6E280000,E8320000,BE1D0000
4B23455C00000000,E495A601,4522C733,592D0000,12000000,4C000000,91A50000,D4100000,7E280000,F8320000,E01D0000
B023455C00000000,0096A601,5322C733,592D0000,12000000,4C000000,A5A50000,B8100000,8D280000,08330000,F41D0000
1424455C00000000,1D96A601,6122C733,592D0000,12000000,4C000000,A8A50000,9C100000,9D280000,18330000,F71D0000
7724455C00000000,3A96A601,6F22C733,592D0000,12000000,4C000000,94A50000,80100000,AB280000,29330000,E31D0000
DB24455C00000000,5596A601,7D22C733,592D0000,12000000,4C000000,61A50000,64100000,B9280000,39330000,B01D0000
4025455C00000000,7096A601,8B22C733,592D0000,12000000,4C000000,10A50000,48100000,C5280000,4A330000,5F1D0000
A625455C00000000,8A96A601,9922C733,592D0000,12000000,4C000000,9BA40000,2C100000,CF280000,5A330000,EA1C0000
0A26455C00000000,A496A601,A822C733,592D0000,12000000,4C000000,08A40000,10100000,D6280000,6C330000,571C0000
6C26455C00000000,BC96A601,B722C733,592D0000,12000000,4C000000,67A30000,F40F0000,DA280000,7D330000,B61B0000
D226455C00000000,D396A601,C622C733,592D0000,12000000,4C000000,B9A20000,D80F0000,DC280000,8E330000,081B0000
3527455C00000000,EA96A601,D622C733,592D0000,12000000,4C000000,05A20000,BC0F0000,DA280000,A0330000,541A0000
9827455C00000000,0197A601,E722C733,592D0000,12000000,4C000000,54A10000,A00F0000,D6280000,B2330000,A3190000
FE27455C00000000,1797A601,F922C733,592D0000,12000000,4C000000,A1A00000,840F0000,CF280000,C3330000,F0180000
6128455C00000000,2D97A601,0D23C733,592D0000,12000000,4C000000,FE9F0000,680F0000,C7280000,D5330000,4D180000
C528455C00000000,4397A601,2023C733,592D0000,12000000,4C000000,679F0000,4C0F0000,BD280000,E6330000,B6170000
2A29455C00000000,5997A601,3423C733,592D0000,12000000,4C000000,E19E0000,300F0000,B3280000,F7330000,30170000
8D29455C00000000,6E97A601,4923C733,592D0000,12000000,4C000000,759E0000,140F0000,AA280000,08340000,C4160000
F329455C00000000,8297A601,5E23C733,592D0000,12000000,4C000000,1D9E0000,F80E0000,A1280000,19340000,6C160000
562A455C00000000,9697A601,7223C733,592D0000,12000000,4C000000,D79D0000,DD0E0000,9A280000,29340000,26160000
BC2A455C00000000,AA97A601,8723C733,592D0000,12000000,4C000000,A69D0000,C10E0000,93280000,38340000,F5150000
202B455C00000000,BD97A601,9B23C733,592D0000,12000000,4C000000,849D0000,A50E0000,8D280000,49340000,D3150000
802B455C00000000,D097A601,B023C733,592D0000,12000000,4C000000,6D9D0000,8A0E0000,89280000,5B340000,BC150000
E82B455C00000000,E397A601,C423C733,592D0000,12000000,4C000000,639D0000,6E0E0000,86280000,6B340000,B2150000
4B2C455C00000000,F697A601,D823C733,592D0000,12000000,4C000000,5A9D0000,530E0000,84280000,7C340000,A9150000
B12C455C00000000,0898A601,EC23C733,592D0000,12000000,4C000000,579D0000,380E0000,84280000,8D340000,A6150000
142D455C00000000,1B98A601,0024C733,592D0000,12000000,4C000000,619D0000,1C0E0000,85280000,9E340000,B0150000
772D455C00000000,2D98A601,1424C733,592D0000,12000000,4C000000,699D0000,010E0000,87280000,AE340000,B8150000
DD2D455C00000000,3F98A601,2724C733,592D0000,12000000,4C000000,759D0000,E70D0000,89280000,BF340000,C4150000
3D2E455C00000000,5298A601,3B24C733,592D0000,12000000,4C000000,8A9D0000,CC0D0000,8D280000,CF340000,D9150000
A32E455C00000000,6498A601,4E24C733,592D0000,12000000,4C000000,A59D0000,B20D0000,92280000,DF340000,F4150000
092F455C00000000,7798A601,6124C733,592D0000,12000000,4C000000,C49D0000,980D0000,97280000,EF340000,13160000
6D2F455C00000000,8998A601,7424C733,592D0000,12000000,4C000000,DF9D0000,7E0D0000,9C280000,FF340000,2E160000
CF2F455C00000000,9B98A601,8724C733,592D0000,12000000,4C000000,F69D0000,650D0000,A2280000,0F350000,45160000
3530455C00000000,AE98A601,9A24C733,592D0000,12000000,4C000000,109E0000,4B0D0000,A9280000,20350000,5F160000
9830455C00000000,C198A601,AD24C733,592D0000,12000000,4C000000,309E0000,310D0000,B0280000,31350000,7F160000
FE30455C00000000,D498A601,C024C733,592D0000,12000000,4C000000,4F9E0000,180D0000,B8280000,41350000,9E160000
6231455C00000000,E798A601,D224C733,592D0000,12000000,4C000000,6D9E0000,FE0C0000,BF280000,51350000,BC160000
C831455C00000000,FA98A601,E524C733,592D0000,12000000,4C000000,899E0000,E50C0000,C7280000,61350000,D8160000
2A32455C00000000,0D99A601,F724C733,592D0000,12000000,4C000000,A39E0000,CC0C0000,D0280000,72350000,F2160000
8D32455C00000000,2199A601,0A25C733,592D0000,12000000,4C000000,C19E0000,B20C0000,D8280000,83350000,10170000
F332455C00000000,3499A601,1C25C733,592D0000,12000000,4C000000,DB9E0000,990C0000,E1280000,93350000,2A170000
5633455C00000000,4899A601,2F25C733,592D0000,12000000,4C000000,F89E0000,7F0C0000,EB280000,A4350000,47170000
B933455C00000000,5C99A601,4125C733,592D0000,12000000,4C000000,149F0000,660C0000,F4280000,B5350000,63170000
1F34455C00000000,7099A601,5425C733,592D0000,12000000,4C000000,2C9F0000,4C0C0000,FE280000,C5350000,7B170000
8334455C00000000,8499A601,6625C733,592D0000,12000000,4C000000,439F0000,330C0000,08290000,D6350000,92170000
E834455C00000000,9899A601,7825C733,592D0000,12000000,4C000000,589F0000,1A0C0000,11290000,E7350000,A7170000
4B35455C00000000,AD99A601,8A25C733,592D0000,12000000,4C000000,699F0000,000C0000,1B290000,F7350000,B8170000
AF35455C00000000,C199A601,9D25C733,592D0000,12000000,4C000000,7B9F0000,E70B0000,25290000,08360000,CA170000
1436455C00000000,D699A601,AF25C733,592D0000,12000000,4C000000,8B9F0000,CD0B0000,2F290000,18360000,DA170000
7736455C00000000,EB99A601,C225C733,592D0000,12000000,4C000000,9B9F0000,B20B0000,3A290000,29360000,EA170000
DE36455C00000000,009AA601,D425C733,592D0000,12000000,4C000000,AA9F0000,980B0000,44290000,39360000,F9170000
4037455C00000000,159AA601,E725C733,592D0000,12000000,4C000000,B89F0000,7E0B0000,4E290000,4A360000,07180000
A337455C00000000,2B9AA601,FA25C733,592D0000,12000000,4C000000,C89F0000,630B0000,58290000,5B360000,17180000
0938455C00000000,419AA601,0D26C733,592D0000,12000000,4C000000,D89F0000,480B0000,62290000,6B360000,27180000
6C38455C00000000,579AA601,2026C733,592D0000,12000000,4C000000,E69F0000,2C0B0000,6C290000,7B360000,35180000
D038455C00000000,6E9AA601,3326C733,592D0000,12000000,4C000000,F29F0000,110B0000,76290000,8C360000,41180000
3539455C00000000,849AA601,4626C733,592D0000,12000000,4C000000,00A00000,F50A0000,81290000,9C360000,4F180000
9839455C00000000,9B9AA601,5926C733,592D0000,12000000,4C000000,0CA00000,D90A0000,8B290000,AD360000,5B180000
FE39455C00000000,B29AA601,6C26C733,592D0000,12000000,4C000000,17A00000,BD0A0000,95290000,BE360000,66180000
613A455C00000000,C89AA601,8026C733,592D0000,12000000,4C000000,1DA00000,A10A0000,9F290000,CE360000,6C180000
C33A455C00000000,DF9AA601,9326C733,592D0000,12000000,4C000000,21A00000,850A0000,A9290000,DF360000,70180000
2B3B455C00000000,F69AA601,A626C733,592D0000,12000000,4C000000,27A00000,690A0000,B3290000,F0360000,76180000
8D3B455C00000000,0D9BA601,B926C733,592D0000,12000000,4C000000,2BA00000,4D0A0000,BC290000,00370000,7A180000
F33B455C00000000,239BA601,CC26C733,592D0000,12000000,4C000000,33A00000,310A0000,C6290000,10370000,82180000
563C455C00000000,3A9BA601,DF26C733,592D0000,12000000,4C000000,3BA00000,150A0000,CF290000,20370000,8A180000
BA3C455C00000000,519BA601,F226C733,592D0000,12000000,4C000000,48A00000,F9090000,D9290000,30370000,97180000
1F3D455C00000000,689BA601,0427C733,592D0000,12000000,4C000000,57A00000,DD090000,E2290000,40370000,A6180000
7E3D455C00000000,7E9BA601,1727C733,592D0000,12000000,4C000000,67A00000,C1090000,EC290000,51370000,B6180000
E53D455C00000000,959BA601,2A27C733,592D0000,12000000,4C000000,79A00000,A5090000,F6290000,60370000,C8180000
4B3E455C00000000,AC9BA601,3D27C733,592D0000,12000000,4C000000,8FA00000,89090000,FF290000,70370000,DE180000
AE3E455C00000000,C49BA601,4F27C733,592D0000,12000000,4C000000,A7A00000,6D090000,0A2A0000,81370000,F6180000
153F455C00000000,DB9BA601,6227C733,592D0000,12000000,4C000000,BBA00000,51090000,142A0000,90370000,0A190000
773F455C00000000,F29BA601,7427C733,592D0000,12000000,4C000000,D5A00000,35090000,1E2A0000,A0370000,24190000
DB3F455C00000000,0A9CA601,8727C733,592D0000,12000000,4C000000,F3A00000,19090000,292A0000,B0370000,42190000
4140455C00000000,229CA601,9927C733,592D0000,12000000,4C000000,12A10000,FD080000,342A0000,C0370000,61190000
A340455C00000000,3A9CA601,AB27C733,592D0000,12000000,4C000000,39A10000,E1080000,3F2A0000,D0370000,88190000
0941455C00000000,529CA601,BE27C733,592D0000,12000000,4C000000,62A10000,C5080000,4B2A0000,E1370000,B1190000
6D41455C00000000,6B9CA601,D027C733,592D0000,12000000,4C000000,8FA10000,A9080000,572A0000,F1370000,DE190000
CF41455C00000000,839CA601,E227C733,592D0000,12000000,4C000000,C7A10000,8D080000,632A0000,00380000,161A0000
3542455C00000000,9D9CA601,F327C733,592D0000,12000000,4C000000,06A20000,71080000,712A0000,0F380000,551A0000
9942455C00000000,B79CA601,0528C733,592D0000,12000000,4C000000,5BA20000,55080000,802A0000,1F380000,AA1A0000
FB42455C00000000,D19CA601,1728C733,592D0000,12000000,4C000000,B0A20000,39080000,8F2A0000,2F380000,FF1A0000
6243455C00000000,ED9CA601,2828C733,592D0000,12000000,4C000000,0CA30000,1D080000,9F2A0000,3E380000,5B1B0000
C543455C00000000,099DA601,3A28C733,592D0000,12000000,4C000000,64A30000,01080000,B02A0000,4D380000,B31B0000
2A44455C00000000,259DA601,4B28C733,592D0000,12000000,4C000000,BAA30000,E5070000,C32A0000,5E380000,091C0000
8E44455C00000000,439DA601,5C28C733,592D0000,12000000,4C000000,0FA40000,C9070000,D62A0000,6E380000,5E1C0000
F144455C00000000,619DA601,6D28C733,592D0000,12000000,4C000000,68A40000,AD070000,EA2A0000,7E380000,B71C0000
5545455C00000000,7F9DA601,7D28C733,592D0000,12000000,4C000000,BEA40000,91070000,FF2A0000,8D380000,0D1D0000
BA45455C00000000,9F9DA601,8D28C733,592D0000,12000000,4C000000,0EA50000,75070000,142B0000,9C380000,5D1D0000
1F46455C00000000,BF9DA601,9E28C733,592D0000,12000000,4C000000,55A50000,59070000,2B2B0000,AC380000,A41D0000
8146455C00000000,E09DA601,AD28C733,592D0000,12000000,4C000000,9CA50000,3D070000,422B0000,BD380000,EB1D0000
E646455C00000000,009EA601,BD28C733,592D0000,12000000,4C000000,D9A50000,21070000,592B0000,CC380000,281E0000
4B47455C00000000,219EA601,CC28C733,592D0000,12000000,4C000000,09A60000,05070000,702B0000,DC380000,581E0000
AE47455C00000000,439EA601,DC28C733,592D0000,12000000,4C000000,41A60000,E9060000,882B0000,EC380000,901E0000
1248455C00000000,649EA601,EA28C733,592D0000,12000000,4C000000,6CA60000,CE060000,A02B0000,FC380000,BB1E0000
7648455C00000000,869EA601,F928C733,592D0000,12000000,4C000000,8DA60000,B2060000,B82B0000,0C390000,DC1E0000
DA48455C00000000,A79EA601,0829C733,592D0000,12000000,4C000000,A6A60000,96060000,CF2B0000,1B390000,F51E0000
4049455C00000000,C99EA601,1629C733,592D0000,12000000,4C000000,B9A60000,7A060000,E72B0000,2B390000,081F0000
A349455C00000000,EB9EA601,2429C733,592D0000,12000000,4C000000,C8A60000,5E060000,FE2B0000,3B390000,171F0000
054A455C00000000,0C9FA601,3229C733,592D0000,12000000,4C000000,D6A60000,42060000,152C0000,4B390000,251F0000
6C4A455C00000000,2D9FA601,4029C733,592D0000,12000000,4C000000,E2A60000,26060000,2C2C0000,5B390000,311F0000
CF4A455C00000000,4E9FA601,4E29C733,592D0000,12000000,4C000000,E4A60000,0A060000,422C0000,6A390000,331F0000
344B455C00000000,6F9FA601,5C29C733,592D0000,12000000,4C000000,E2A60000,EE050000,572C0000,7A390000,311F0000
984B455C00000000,8F9FA601,6929C733,592D0000,12000000,4C000000,DBA60000,D2050000,6C2C0000,8A390000,2A1F0000
FB4B455C00000000,AE9FA601,7729C733,592D0000,12000000,4C000000,C8A60000,B6050000,802C0000,9A390000,171F0000
614C455C00000000,CE9FA601,8429C733,592D0000,12000000,4C000000,ACA60000,9A050000,932C0000,AA390000,FB1E0000
C34C455C00000000,EC9FA601,9229C733,592D0000,12000000,4C000000,87A60000,7E050000,A62C0000,B9390000,D61E0000
264D455C00000000,0BA0A601,9F29C733,592D0000,12000000,4C000000,61A60000,62050000,B82C0000,C9390000,B01E0000
8D4D455C00000000,28A0A601,AD29C733,592D0000,12000000,4C000000,2FA60000,46050000,C82C0000,D9390000,7E1E0000
EF4D455C00000000,45A0A601,BA29C733,592D0000,12000000,4C000000,EFA50000,2A050000,D72C0000,E8390000,3E1E0000
564E455C00000000,61A0A601,C829C733,592D0000,12000000,4C000000,A0A50000,0E050000,E52C0000,F8390000,EF1D0000
B84E455C00000000,7CA0A601,D629C733,592D0000,12000000,4C000000,3EA50000,F2040000,F12C0000,083A0000,8D1D0000
1C4F455C00000000,96A0A601,E429C733,592D0000,12000000,4C000000,DAA40000,D6040000,FB2C0000,183A0000,291D0000
824F455C00000000,B0A0A601,F229C733,592D0000,12000000,4C000000,52A40000,BA040000,042D0000,283A0000,A11C0000
E44F455C00000000,C9A0A601,012AC733,592D0000,12000000,4C000000,CAA30000,9E040000,0A2D0000,393A0000,191C0000
4B50455C00000000,E1A0A601,102AC733,592D0000,12000000,4C000000,3FA30000,82040000,0E2D0000,493A0000,8E1B0000
AE50455C00000000,F8A0A601,1F2AC733,592D0000,12000000,4C000000,A1A20000,66040000,102D0000,593A0000,F01A0000
1051455C00000000,0FA1A601,302AC733,592D0000,12000000,4C000000,FAA10000,4A040000,112D0000,6A3A0000,491A0000
7751455C00000000,25A1A601,402AC733,592D0000,12000000,4C000000,55A10000,2E040000,102D0000,7B3A0000,A4190000
DA51455C00000000,3BA1A601,522AC733,592D0000,12000000,4C000000,ADA00000,12040000,0D2D0000,8B3A0000,FC180000
3C52455C00000000,50A1A601,642AC733,592D0000,12000000,4C000000,0AA00000,F6030000,0B2D0000,9B3A0000,59180000
A252455C00000000,65A1A601,772AC733,592D0000,12000000,4C000000,639F0000,DA030000,082D0000,AB3A0000,B2170000
0653455C00000000,7AA1A601,8A2AC733,592D0000,12000000,4C000000,C49E0000,BE030000,042D0000,BB3A0000,13170000
6B53455C00000000,8EA1A601,9E2AC733,592D0000,12000000,4C000000,359E0000,A2030000,012D0000,CB3A0000,84160000
CF53455C00000000,A1A1A601,B32AC733,592D0000,12000000,4C000000,BE9D0000,86030000,FF2C0000,DB3A0000,0D160000
3254455C00000000,B4A1A601,C72AC733,592D0000,12000000,4C000000,689D0000,6A030000,FD2C0000,EB3A0000,B7150000
9754455C00000000,C7A1A601,DC2AC733,592D0000,12000000,4C000000,1E9D0000,4E030000,FC2C0000,FA3A0000,6D150000
FA54455C00000000,DAA1A601,F12AC733,592D0000,12000000,4C000000,EA9C0000,32030000,FD2C0000,093B0000,39150000
6055455C00000000,ECA1A601,062BC733,592D0000,12000000,4C000000,CD9C0000,16030000,FF2C0000,183B0000,1C150000
C455455C00000000,FFA1A601,1B2BC733,592D0000,12000000,4C000000,C19C0000,FA020000,042D0000,273B0000,10150000
2656455C00000000,12A2A601,302BC733,592D0000,12000000,4C000000,BF9C0000,DE020000,0A2D0000,353B0000,0E150000
8C56455C00000000,25A2A601,462BC733,592D0000,12000000,4C000000,CB9C0000,C3020000,112D0000,433B0000,1A150000
F056455C00000000,38A2A601,5C2BC733,592D0000,12000000,4C000000,DF9C0000,A7020000,1B2D0000,523B0000,2E150000
5257455C00000000,4BA2A601,712BC733,592D0000,12000000,4C000000,F59C0000,8C020000,262D0000,603B0000,44150000
B957455C00000000,5FA2A601,872BC733,592D0000,12000000,4C000000,159D0000,71020000,322D0000,6E3B0000,64150000
1C58455C00000000,74A2A601,9E2BC733,592D0000,12000000,4C000000,369D0000,56020000,3F2D0000,7C3B0000,85150000
8158455C00000000,88A2A601,B42BC733,592D0000,12000000,4C000000,569D0000,3B020000,4D2D0000,8B3B0000,A5150000
E558455C00000000,9EA2A601,CB2BC733,592D0000,12000000,4C000000,819D0000,20020000,5C2D0000,993B0000,D0150000
4859455C00000000,B3A2A601,E12BC733,592D0000,12000000,4C000000,B39D0000,05020000,6C2D0000,A73B0000,02160000
AE59455C00000000,C9A2A601,F72BC733,592D0000,12000000,4C000000,E29D0000,EA010000,7B2D0000,B43B0000,31160000
105A455C00000000,DFA2A601,0E2CC733,592D0000,12000000,4C000000,179E0000,CF010000,8B2D0000,C23B0000,66160000
765A455C00000000,F5A2A601,242CC733,592D0000,12000000,4C000000,479E0000,B4010000,9C2D0000,D13B0000,96160000
D95A455C00000000,0CA3A601,3A2CC733,592D0000,12000000,4C000000,7A9E0000,9A010000,AD2D0000,DF3B0000,C9160000
3D5B455C00000000,23A3A601,502CC733,592D0000,12000000,4C000000,AE9E0000,7F010000,BE2D0000,EE3B0000,FD160000
A35B455C00000000,3AA3A601,662CC733,592D0000,12000000,4C000000,E29E0000,64010000,CF2D0000,FD3B0000,31170000
055C455C00000000,52A3A601,7C2CC733,592D0000,12000000,4C000000,169F0000,49010000,E22D0000,0B3C0000,65170000
695C455C00000000,6AA3A601,912CC733,592D0000,12000000,4C000000,459F0000,2F010000,F42D0000,1A3C0000,94170000
CE5C455C00000000,82A3A601,A72CC733,592D0000,12000000,4C000000,799F0000,14010000,062E0000,293C0000,C8170000
325D455C00000000,9AA3A601,BD2CC733,592D0000,12000000,4C000000,A89F0000,F9000000,192E0000,373C0000,F7170000
985D455C00000000,B3A3A601,D22CC733,592D0000,12000000,4C000000,D29F0000,DE000000,2B2E0000,463C0000,21180000
FA5D455C00000000,CCA3A601,E72CC733,592D0000,12000000,4C000000,FC9F0000,C4000000,3F2E0000,553C0000,4B180000
5E5E455C00000000,E5A3A601,FC2CC733,592D0000,12000000,4C000000,23A00000,A9000000,522E0000,643C0000,72180000
C45E455C00000000,FEA3A601,112DC733,592D0000,12000000,4C000000,48A00000,8E000000,652E0000,723C0000,97180000
275F455C00000000,18A4A601,262DC733,592D0000,12000000,4C000000,71A00000,74000000,782E0000,813C0000,C0180000
8D5F455C00000000,31A4A601,3B2DC733,592D0000,12000000,4C000000,97A00000,59000000,8B2E0000,903C0000,E6180000
EF5F455C00000000,4BA4A601,4F2DC733,592D0000,12000000,4C000000,BEA00000,3E000000,9E2E0000,9E3C0000,0D190000
5260455C00000000,65A4A601,632DC733,592D0000,12000000,4C000000,E4A00000,24000000,B22E0000,AD3C0000,33190000
B960455C00000000,7FA4A601,782DC733,592D0000,12000000,4C000000,07A10000,09000000,C62E0000,BC3C0000,56190000
1C61455C00000000,9AA4A601,8C2DC733,592D0000,12000000,4C000000,28A10000,EFFFFFFF,D92E0000,CB3C0000,77190000
8061455C00000000,B4A4A601,A02DC733,592D0000,12000000,4C000000,48A10000,D5FFFFFF,EC2E0000,D93C0000,97190000
E561455C00000000,CEA4A601,B42DC733,592D0000,12000000,4C000000,66A10000,BAFFFFFF,002F0000,E73C0000,B5190000
4862455C00000000,E9A4A601,C82DC733,592D0000,12000000,4C000000,82A10000,9FFFFFFF,142F0000,F63C0000,D1190000
AB62455C00000000,04A5A601,DB2DC733,592D0000,12000000,4C000000,9FA10000,84FFFFFF,272F0000,043D0000,EE190000
1063455C00000000,1FA5A601,EF2DC733,592D0000,12000000,4C000000,B9A10000,69FFFFFF,3A2F0000,133D0000,081A0000
7463455C00000000,39A5A601,022EC733,592D0000,12000000,4C000000,CDA10000,4EFFFFFF,4D2F0000,213D0000,1C1A0000
DA63455C00000000,54A5A601,152EC733,592D0000,12000000,4C000000,E1A10000,33FFFFFF,602F0000,303D0000,301A0000
3B64455C00000000,6FA5A601,282EC733,592D0000,12000000,4C000000,EEA10000,18FFFFFF,732F0000,3F3D0000,3D1A0000
A364455C00000000,8AA5A601,3B2EC733,592D0000,12000000,4C000000,F3A10000,FDFEFFFF,852F0000,4D3D0000,421A0000
0665455C00000000,A4A5A601,4E2EC733,592D0000,12000000,4C000000,F2A10000,E2FEFFFF,972F0000,5B3D0000,411A0000
6965455C00000000,BEA5A601,612EC733,592D0000,12000000,4C000000,EBA10000,C7FEFFFF,A82F0000,6A3D0000,3A1A0000
CF65455C00000000,D8A5A601,732EC733,592D0000,12000000,4C000000,E6A10000,ACFEFFFF,B92F0000,783D0000,351A0000
3266455C00000000,F2A5A601,862EC733,592D0000,12000000,4C000000,E0A10000,90FEFFFF,CA2F0000,873D0000,2F1A0000
9766455C00000000,0CA6A601,982EC733,592D0000,12000000,4C000000,D6A10000,75FEFFFF,D92F0000,953D0000,251A0000
FB66455C00000000,25A6A601,AA2EC733,592D0000,12000000,4C000000,CDA10000,59FEFFFF,E82F0000,A33D0000,1C1A0000
5E67455C00000000,3EA6A601,BC2EC733,592D0000,12000000,4C000000,C3A10000,3EFEFFFF,F72F0000,B13D0000,121A0000
C067455C00000000,57A6A601,CF2EC733,592D0000,12000000,4C000000,B5A10000,23FEFFFF,05300000,BF3D0000,041A0000
2768455C00000000,70A6A601,E12EC733,592D0000,12000000,4C000000,A7A10000,08FEFFFF,13300000,CE3D0000,F6190000
8A68455C00000000,89A6A601,F32EC733,592D0000,12000000,4C000000,99A10000,ECFDFFFF,20300000,DC3D0000,E8190000
F068455C00000000,A0A6A601,052FC733,592D0000,12000000,4C000000,8BA10000,D1FDFFFF,2C300000,EA3D0000,DA190000
5269455C00000000,B9A6A601,162FC733,592D0000,12000000,4C000000,7EA10000,B5FDFFFF,39300000,F93D0000,CD190000
B969455C00000000,D0A6A601,282FC733,592D0000,12000000,4C000000,71A10000,9AFDFFFF,44300000,063E0000,C0190000
1B6A455C00000000,E8A6A601,3A2FC733,592D0000,12000000,4C000000,65A10000,7EFDFFFF,4F300000,143E0000,B4190000
7C6A455C00000000,FFA6A601,4B2FC733,592D0000,12000000,4C000000,5BA10000,63FDFFFF,59300000,223E0000,AA190000
E56A455C00000000,17A7A601,5D2FC733,592D0000,12000000,4C000000,50A10000,48FDFFFF,62300000,303E0000,9F190000
486B455C00000000,2EA7A601,6F2FC733,592D0000,12000000,4C000000,48A10000,2CFDFFFF,6C300000,3E3E0000,97190000
AE6B455C00000000,45A7A601,802FC733,592D0000,12000000,4C000000,43A10000,10FDFFFF,75300000,4D3E0000,92190000
0E6C455C00000000,5CA7A601,922FC733,592D0000,12000000,4C000000,39A10000,F4FCFFFF,7D300000,5D3E0000,88190000
746C455C00000000,73A7A601,A32FC733,592D0000,12000000,4C000000,32A10000,D9FCFFFF,85300000,6B3E0000,81190000
DA6C455C00000000,8AA7A601,B52FC733,592D0000,12000000,4C000000,2CA10000,BDFCFFFF,8D300000,793E0000,7B190000
3A6D455C00000000,A1A7A601,C62FC733,592D0000,12000000,4C000000,2AA10000,A1FCFFFF,95300000,873E0000,79190000
A06D455C00000000,B7A7A601,D82FC733,592D0000,12000000,4C000000,22A10000,86FCFFFF,9C300000,963E0000,71190000
066E455C00000000,CEA7A601,E92FC733,592D0000,12000000,4C000000,1AA10000,6AFCFFFF,A3300000,A53E0000,69190000
696E455C00000000,E5A7A601,FA2FC733,592D0000,12000000,4C000000,14A10000,4EFCFFFF,A9300000,B43E0000,63190000
CC6E455C00000000,FBA7A601,0C30C733,592D0000,12000000,4C000000,0DA10000,33FCFFFF,B0300000,C23E0000,5C190000
326F455C00000000,11A8A601,1D30C733,592D0000,12000000,4C000000,07A10000,17FCFFFF,B5300000,D13E0000,56190000
946F455C00000000,28A8A601,2E30C733,592D0000,12000000,4C000000,00A10000,FBFBFFFF,BB300000,E03E0000,4F190000
FB6F455C00000000,3EA8A601,4030C733,592D0000,12000000,4C000000,F8A00000,E0FBFFFF,C0300000,EF3E0000,47190000
5E70455C00000000,54A8A601,5130C733,592D0000,12000000,4C000000,F1A00000,C4FBFFFF,C5300000,FE3E0000,40190000
C570455C00000000,6AA8A601,6230C733,592D0000,12000000,4C000000,E8A00000,A8FBFFFF,CA300000,0D3F0000,37190000
2771455C00000000,81A8A601,7430C733,592D0000,12000000,4C000000,E2A00000,8CFBFFFF,CE300000,1C3F0000,31190000
8A71455C00000000,97A8A601,8530C733,592D0000,12000000,4C000000,D8A00000,70FBFFFF,D2300000,2B3F0000,27190000
F071455C00000000,ADA8A601,9730C733,592D0000,12000000,4C000000,CFA00000,54FBFFFF,D5300000,3A3F0000,1E190000
5372455C00000000,C3A8A601,A830C733,592D0000,12000000,4C000000,C8A00000,38FBFFFF,D9300000,493F0000,17190000
B672455C00000000,D9A8A601,BA30C733,592D0000,12000000,4C000000,BDA00000,1CFBFFFF,DC300000,583F0000,0C190000
1C73455C00000000,EFA8A601,CB30C733,592D0000,12000000,4C000000,B1A00000,00FBFFFF,DE300000,663F0000,00190000
7F73455C00000000,05A9A601,DD30C733,592D0000,12000000,4C000000,A2A00000,E4FAFFFF,E1300000,753F0000,F1180000
E473455C00000000,1BA9A601,EF30C733,592D0000,12000000,4C000000,94A00000,C8FAFFFF,E2300000,843F0000,E3180000
4874455C00000000,30A9A601,0031C733,592D0000,12000000,4C000000,8BA00000,ACFAFFFF,E4300000,923F0000,DA180000
AB74455C00000000,46A9A601,1231C733,592D0000,12000000,4C000000,84A00000,90FAFFFF,E5300000,A13F0000,D3180000
1175455C00000000,5CA9A601,2331C733,592D0000,12000000,4C000000,80A00000,75FAFFFF,E6300000,B03F0000,CF180000
7475455C00000000,71A9A601,3531C733,592D0000,12000000,4C000000,7AA00000,59FAFFFF,E7300000,BE3F0000,C9180000
DA75455C00000000,87A9A601,4731C733,592D0000,12000000,4C000000,74A00000,3CFAFFFF,E8300000,CD3F0000,C3180000
3D76455C00000000,9DA9A601,5931C733,592D0000,12000000,4C000000,6EA00000,20FAFFFF,E8300000,DC3F0000,BD180000
A176455C00000000,B3A9A601,6A31C733,592D0000,12000000,4C000000,69A00000,05FAFFFF,E8300000,EB3F0000,B8180000
0677455C00000000,C8A9A601,7C31C733,592D0000,12000000,4C000000,68A00000,E9F9FFFF,E8300000,FA3F0000,B7180000
6977455C00000000,DEA9A601,8E31C733,592D0000,12000000,4C000000,65A00000,CCF9FFFF,E8300000,09400000,B4180000
CC77455C00000000,F3A9A601,A031C733,592D0000,12000000,4C000000,65A00000,B0F9FFFF,E7300000,17400000,B4180000
2F78455C00000000,09AAA601,B131C733,592D0000,12000000,4C000000,64A00000,95F9FFFF,E7300000,27400000,B3180000
9578455C00000000,1FAAA601,C331C733,592D0000,12000000,4C000000,68A00000,78F9FFFF,E6300000,36400000,B7180000
FB78455C00000000,34AAA601,D531C733,592D0000,12000000,4C000000,6FA00000,5DF9FFFF,E5300000,44400000,BE180000
5E79455C00000000,4AAAA601,E731C733,592D0000,12000000,4C000000,79A00000,41F9FFFF,E5300000,53400000,C8180000
C179455C00000000,60AAA601,F831C733,592D0000,12000000,4C000000,87A00000,24F9FFFF,E4300000,62400000,D6180000
287A455C00000000,76AAA601,0A32C733,592D0000,12000000,4C000000,98A00000,09F9FFFF,E4300000,71400000,E7180000
8A7A455C00000000,8CAAA601,1B32C733,592D0000,12000000,4C000000,B1A00000,ECF8FFFF,E4300000,80400000,00190000
F07A455C00000000,A2AAA601,2D32C733,592D0000,12000000,4C000000,CFA00000,D0F8FFFF,E4300000,8F400000,1E190000
537B455C00000000,B8AAA601,3E32C733,592D0000,12000000,4C000000,F2A00000,B5F8FFFF,E5300000,9E400000,41190000
B67B455C00000000,CEAAA601,4F32C733,592D0000,12000000,4C000000,1CA10000,98F8FFFF,E6300000,AD400000,6B190000
1C7C455C00000000,E4AAA601,6032C733,592D0000,12000000,4C000000,4BA10000,7CF8FFFF,E9300000,BC400000,9A190000
7F7C455C00000000,FBAAA601,7132C733,592D0000,12000000,4C000000,85A10000,61F8FFFF,EC300000,CB400000,D4190000
E37C455C00000000,12ABA601,8132C733,592D0000,12000000,4C000000,C5A10000,44F8FFFF,F0300000,D9400000,141A0000
457D455C00000000,29ABA601,9232C733,592D0000,12000000,4C000000,10A20000,29F8FFFF,F6300000,E8400000,5F1A0000
AB7D455C00000000,41ABA601,A232C733,592D0000,12000000,4C000000,5CA20000,0DF8FFFF,FC300000,F7400000,AB1A0000
127E455C00000000,59ABA601,B232C733,592D0000,12000000,4C000000,A5A20000,F0F7FFFF,04310000,05410000,F41A0000
747E455C00000000,72ABA601,C232C733,592D0000,12000000,4C000000,F4A20000,D5F7FFFF,0D310000,14410000,431B0000
D77E455C00000000,8BABA601,D232C733,592D0000,12000000,4C000000,4DA30000,B9F7FFFF,17310000,22410000,9C1B0000
3D7F455C00000000,A5ABA601,E132C733,592D0000,12000000,4C000000,ABA30000,9CF7FFFF,23310000,30410000,FA1B0000
A07F455C00000000,C0ABA601,F132C733,592D0000,12000000,4C000000,0DA40000,81F7FFFF,30310000,3E410000,5C1C0000
0380455C00000000,DBABA601,0033C733,592D0000,12000000,4C000000,6FA40000,64F7FFFF,3E310000,4C410000,BE1C0000
6980455C00000000,F7ABA601,0F33C733,592D0000,12000000,4C000000,DBA40000,48F7FFFF,4D310000,5A410000,2A1D0000
CC80455C00000000,14ACA601,1E33C733,592D0000,12000000,4C000000,44A50000,2DF7FFFF,5D310000,67410000,931D0000
3281455C00000000,31ACA601,2C33C733,592D0000,12000000,4C000000,AFA50000,10F7FFFF,6E310000,75410000,FE1D0000
9581455C00000000,4FACA601,3A33C733,592D0000,12000000,4C000000,25A60000,F4F6FFFF,7F310000,82410000,741E0000
F981455C00000000,6EACA601,4733C733,592D0000,12000000,4C000000,95A60000,D9F6FFFF,91310000,90410000,E41E0000
5E82455C00000000,8DACA601,5433C733,592D0000,12000000,4C000000,11A70000,BCF6FFFF,A3310000,9D410000,601F0000
C182455C00000000,ACACA601,5F33C733,592D0000,12000000,4C000000,92A70000,A1F6FFFF,B5310000,AA410000,E11F0000
2883455C00000000,CBACA601,6B33C733,592D0000,12000000,4C000000,17A80000,85F6FFFF,C7310000,B6410000,66200000
8A83455C00000000,EBACA601,7533C733,592D0000,12000000,4C000000,A6A80000,68F6FFFF,DA310000,C3410000,F5200000
EB83455C00000000,0CADA601,7F33C733,592D0000,12000000,4C000000,3BA90000,4DF6FFFF,ED310000,CF410000,8A210000
5484455C00000000,2CADA601,8833C733,592D0000,12000000,4C000000,D7A90000,30F6FFFF,01320000,DC410000,26220000
B784455C00000000,4DADA601,9033C733,592D0000,12000000,4C000000,79AA0000,14F6FFFF,14320000,E7410000,C8220000
1C85455C00000000,6FADA601,9733C733,592D0000,12000000,4C000000,29AB0000,F9F5FFFF,27320000,F4410000,78230000
8085455C00000000,91ADA601,9D33C733,592D0000,12000000,4C000000,DFAB0000,DCF5FFFF,3C320000,FF410000,2E240000
E385455C00000000,B3ADA601,A233C733,592D0000,12000000,4C000000,99AC0000,C0F5FFFF,50320000,0B420000,E8240000
4886455C00000000,D6ADA601,A633C733,592D0000,12000000,4C000000,58AD0000,A5F5FFFF,64320000,16420000,A7250000
A886455C00000000,F9ADA601,A833C733,592D0000,12000000,4C000000,25AE0000,88F5FFFF,79320000,22420000,74260000
0F87455C00000000,1BAEA601,A933C733,592D0000,12000000,4C000000,F7AE0000,6DF5FFFF,8E320000,2C420000,46270000
7587455C00000000,3EAEA601,A933C733,592D0000,12000000,4C000000,D5AF0000,51F5FFFF,A3320000,37420000,24280000
D887455C00000000,61AEA601,A833C733,592D0000,12000000,4C000000,C5B00000,35F5FFFF,B9320000,42420000,14290000
3D88455C00000000,84AEA601,A533C733,592D0000,12000000,4C000000,BCB10000,1AF5FFFF,CF320000,4C420000,0B2A0000
A088455C00000000,A8AEA601,A033C733,592D0000,12000000,4C000000,C2B20000,FFF4FFFF,E6320000,56420000,112B0000
0489455C00000000,CCAEA601,9933C733,592D0000,12000000,4C000000,D9B30000,E3F4FFFF,FE320000,5F420000,282C0000
6989455C00000000,F0AEA601,9133C733,592D0000,12000000,4C000000,EDB40000,C7F4FFFF,17330000,69420000,3C2D0000
CC89455C00000000,13AFA601,8733C733,592D0000,12000000,4C000000,0AB60000,ACF4FFFF,30330000,72420000,592E0000
338A455C00000000,37AFA601,7B33C733,592D0000,12000000,4C000000,22B70000,90F4FFFF,48330000,7B420000,712F0000
968A455C00000000,5AAFA601,6D33C733,592D0000,12000000,4C000000,53B80000,74F4FFFF,62330000,83420000,A2300000
F88A455C00000000,7DAFA601,5C33C733,592D0000,12000000,4C000000,77B90000,58F4FFFF,7C330000,8C420000,C6310000
5E8B455C00000000,9FAFA601,4B33C733,592D0000,12000000,4C000000,84BA0000,3CF4FFFF,97330000,94420000,D3320000
BE8B455C00000000,C0AFA601,3733C733,592D0000,12000000,4C000000,D2BB0000,20F4FFFF,B2330000,9D420000,21340000
258C455C00000000,E0AFA601,2133C733,592D0000,12000000,4C000000,08BD0000,04F4FFFF,CD330000,A4420000,57350000
8A8C455C00000000,00B0A601,0933C733,592D0000,12000000,4C000000,65BE0000,E8F3FFFF,E8330000,AC420000,B4360000
ED8C455C00000000,1EB0A601,EF32C733,592D0000,12000000,4C000000,BABF0000,CCF3FFFF,04340000,B3420000,09380000
538D455C00000000,3AB0A601,D432C733,592D0000,12000000,4C000000,E5C00000,B0F3FFFF,20340000,BA420000,34390000
B78D455C00000000,55B0A601,B732C733,592D0000,12000000,4C000000,16C20000,94F3FFFF,3C340000,C1420000,653A0000
198E455C00000000,6FB0A601,9932C733,592D0000,12000000,4C000000,34C30000,78F3FFFF,58340000,C7420000,833B0000
7E8E455C00000000,87B0A601,7932C733,592D0000,12000000,4C000000,47C40000,5CF3FFFF,74340000,CD420000,963C0000
E38E455C00000000,9EB0A601,5932C733,592D0000,12000000,4C000000,5FC50000,40F3FFFF,90340000,D3420000,AE3D0000
498F455C00000000,B3B0A601,3732C733,592D0000,12000000,4C000000,61C60000,24F3FFFF,AC340000,D9420000,B03E0000
AA8F455C00000000,C6B0A601,1532C733,592D0000,12000000,4C000000,59C70000,08F3FFFF,C8340000,DE420000,A83F0000
0F90455C00000000,D9B0A601,F231C733,592D0000,12000000,4C000000,39C80000,ECF2FFFF,E4340000,E3420000,88400000
7590455C00000000,EAB0A601,CE31C733,592D0000,12000000,4C000000,F2C80000,D0F2FFFF,00350000,E7420000,41410000
D790455C00000000,F9B0A601,AA31C733,592D0000,12000000,4C000000,BEC90000,B4F2FFFF,1C350000,EC420000,0D420000
3B91455C00000000,08B1A601,8531C733,592D0000,12000000,4C000000,60CA0000,98F2FFFF,38350000,EF420000,AF420000
A091455C00000000,16B1A601,6031C733,592D0000,12000000,4C000000,F4CA0000,7CF2FFFF,54350000,F2420000,43430000
0392455C00000000,23B1A601,3B31C733,592D0000,12000000,4C000000,6BCB0000,60F2FFFF,6F350000,F5420000,BA430000
6692455C00000000,2FB1A601,1631C733,592D0000,12000000,4C000000,CDCB0000,44F2FFFF,8A350000,F7420000,1C440000
CD92455C00000000,3BB1A601,F130C733,592D0000,12000000,4C000000,25CC0000,28F2FFFF,A5350000,F9420000,74440000
3093455C00000000,46B1A601,CD30C733,592D0000,12000000,4C000000,65CC0000,0CF2FFFF,BF350000,FB420000,B4440000
9593455C00000000,50B1A601,A830C733,592D0000,12000000,4C000000,A5CC0000,F0F1FFFF,D9350000,FC420000,F4440000
F593455C00000000,5AB1A601,8430C733,592D0000,12000000,4C000000,DACC0000,D4F1FFFF,F2350000,FD420000,29450000
5F94455C00000000,64B1A601,6030C733,592D0000,12000000,4C000000,00CD0000,B8F1FFFF,0A360000,FE420000,4F450000
C194455C00000000,6DB1A601,3D30C733,592D0000,12000000,4C000000,29CD0000,9CF1FFFF,21360000,00430000,78450000
2495455C00000000,76B1A601,1A30C733,592D0000,12000000,4C000000,49CD0000,80F1FFFF,38360000,00430000,98450000
8B95455C00000000,7FB1A601,F82FC733,592D0000,12000000,4C000000,72CD0000,64F1FFFF,4E360000,01430000,C1450000
EE95455C00000000,87B1A601,D62FC733,592D0000,12000000,4C000000,A0CD0000,48F1FFFF,63360000,01430000,EF450000
5096455C00000000,8FB1A601,B32FC733,592D0000,12000000,4C000000,C8CD0000,2CF1FFFF,78360000,01430000,17460000
B796455C00000000,97B1A601,912FC733,592D0000,12000000,4C000000,F3CD0000,10F1FFFF,8E360000,02430000,42460000
1A97455C00000000,9EB1A601,6F2FC733,592D0000,12000000,4C000000,81410000,F4F0FFFF,A2360000,02430000,D1B9FFFF
7F97455C00000000,A5B1A601,4D2FC733,592D0000,12000000,4C000000,B3410000,D8F0FFFF,B7360000,02430000,03BAFFFF
E297455C00000000,ACB1A601,2B2FC733,592D0000,12000000,4C000000,EA410000,BCF0FFFF,CB360000,02430000,3ABAFFFF
4698455C00000000,B3B1A601,092FC733,592D0000,12000000,4C000000,27420000,A0F0FFFF,E0360000,03430000,77BAFFFF
AB98455C00000000,B9B1A601,E62EC733,592D0000,12000000,4C000000,6A420000,84F0FFFF,F5360000,03430000,BABAFFFF
0E99455C00000000,BEB1A601,C32EC733,592D0000,12000000,4C000000,B5420000,68F0FFFF,0B370000,03430000,05BBFFFF
7599455C00000000,C4B1A601,A02EC733,592D0000,12000000,4C000000,07430000,4CF0FFFF,21370000,02430000,57BBFFFF
D899455C00000000,C8B1A601,7D2EC733,592D0000,12000000,4C000000,6A430000,30F0FFFF,37370000,02430000,BABBFFFF
3A9A455C00000000,CCB1A601,582EC733,592D0000,12000000,4C000000,E3430000,14F0FFFF,4E370000,02430000,33BCFFFF
A19A455C00000000,CFB1A601,342EC733,592D0000,12000000,4C000000,60440000,F8EFFFFF,66370000,01430000,B0BCFFFF
049B455C00000000,D2B1A601,0E2EC733,592D0000,12000000,4C000000,E1440000,DCEFFFFF,80370000,01430000,31BDFFFF
669B455C00000000,D4B1A601,E82DC733,592D0000,12000000,4C000000,57450000,C0EFFFFF,9A370000,01430000,A7BDFFFF
CC9B455C00000000,D4B1A601,C12DC733,592D0000,12000000,4C000000,E9450000,A4EFFFFF,B4370000,01430000,39BEFFFF
309C455C00000000,D4B1A601,9A2DC733,592D0000,12000000,4C000000,6D460000,88EFFFFF,CF370000,00430000,BDBEFFFF
969C455C00000000,D3B1A601,732DC733,592D0000,12000000,4C000000,F0460000,6CEFFFFF,EB370000,00430000,40BFFFFF
F89C455C00000000,D1B1A601,4B2DC733,592D0000,12000000,4C000000,7C470000,50EFFFFF,07380000,FF420000,CCBFFFFF
5C9D455C00000000,CEB1A601,242DC733,592D0000,12000000,4C000000,07480000,34EFFFFF,23380000,FF420000,57C0FFFF
C29D455C00000000,CAB1A601,FD2CC733,592D0000,12000000,4C000000,90480000,18EFFFFF,3F380000,FE420000,E0C0FFFF
259E455C00000000,C5B1A601,D52CC733,592D0000,12000000,4C000000,26490000,FCEEFFFF,5B380000,FD420000,76C1FFFF
8A9E455C00000000,BFB1A601,AE2CC733,592D0000,12000000,4C000000,C0490000,E0EEFFFF,77380000,FD420000,10C2FFFF
EE9E455C00000000,B8B1A601,872CC733,592D0000,12000000,4C000000,624A0000,C4EEFFFF,93380000,FB420000,B2C2FFFF
519F455C00000000,AFB1A601,612CC733,592D0000,12000000,4C000000,044B0000,A8EEFFFF,AF380000,FA420000,54C3FFFF
B69F455C00000000,A6B1A601,3A2CC733,592D0000,12000000,4C000000,AD4B0000,8CEEFFFF,CB380000,F9420000,FDC3FFFF
1AA0455C00000000,9BB1A601,142CC733,592D0000,12000000,4C000000,5E4C0000,70EEFFFF,E7380000,F7420000,AEC4FFFF
7DA0455C00000000,90B1A601,EE2BC733,592D0000,12000000,4C000000,0F4D0000,54EEFFFF,03390000,F6420000,5FC5FFFF
E2A0455C00000000,83B1A601,C92BC733,592D0000,12000000,4C000000,CD4D0000,38EEFFFF,1F390000,F4420000,1DC6FFFF
46A1455C00000000,74B1A601,A42BC733,592D0000,12000000,4C000000,864E0000,1CEEFFFF,3B390000,F2420000,D6C6FFFF
ACA1455C00000000,65B1A601,7F2BC733,592D0000,12000000,4C000000,434F0000,00EEFFFF,57390000,F0420000,93C7FFFF
0EA2455C00000000,54B1A601,5B2BC733,592D0000,12000000,4C000000,09500000,E4EDFFFF,73390000,EE420000,59C8FFFF
72A2455C00000000,43B1A601,382BC733,592D0000,12000000,4C000000,C7500000,C8EDFFFF,8F390000,EC420000,17C9FFFF
D8A2455C00000000,2FB1A601,152BC733,592D0000,12000000,4C000000,86510000,ACEDFFFF,AB390000,E9420000,D6C9FFFF
3BA3455C00000000,1BB1A601,F32AC733,592D0000,12000000,4C000000,4E520000,90EDFFFF,C7390000,E6420000,9ECAFFFF
9FA3455C00000000,06B1A601,D22AC733,592D0000,12000000,4C000000,11530000,74EDFFFF,E3390000,E4420000,61CBFFFF
04A4455C00000000,EFB0A601,B12AC733,592D0000,12000000,4C000000,DB530000,58EDFFFF,FF390000,E1420000,2BCCFFFF
67A4455C00000000,D8B0A601,922AC733,592D0000,12000000,4C000000,9D540000,3CEDFFFF,1B3A0000,DE420000,EDCCFFFF
CBA4455C00000000,BFB0A601,732AC733,592D0000,12000000,4C000000,5F550000,20EDFFFF,373A0000,DA420000,AFCDFFFF
2FA5455C00000000,A5B0A601,552AC733,592D0000,12000000,4C000000,2B560000,04EDFFFF,533A0000,D6420000,7BCEFFFF
93A5455C00000000,8BB0A601,372AC733,592D0000,12000000,4C000000,F1560000,E8ECFFFF,6F3A0000,D3420000,41CFFFFF
F9A5455C00000000,6FB0A601,1B2AC733,592D0000,12000000,4C000000,B1570000,CCECFFFF,8B3A0000,CF420000,01D0FFFF
5BA6455C00000000,52B0A601,002AC733,592D0000,12000000,4C000000,63580000,B0ECFFFF,A73A0000,CC420000,B3D0FFFF
C2A6455C00000000,35B0A601,E529C733,592D0000,12000000,4C000000,0C590000,94ECFFFF,C33A0000,C7420000,5CD1FFFF
25A7455C00000000,17B0A601,CC29C733,592D0000,12000000,4C000000,AC590000,78ECFFFF,DF3A0000,C3420000,FCD1FFFF
88A7455C00000000,F8AFA601,B329C733,592D0000,12000000,4C000000,375A0000,5CECFFFF,FB3A0000,BE420000,87D2FFFF
EDA7455C00000000,D9AFA601,9A29C733,592D0000,12000000,4C000000,B15A0000,40ECFFFF,163B0000,BA420000,01D3FFFF
51A8455C00000000,B9AFA601,8329C733,592D0000,12000000,4C000000,225B0000,24ECFFFF,323B0000,B5420000,72D3FFFF
B6A8455C00000000,99AFA601,6C29C733,592D0000,12000000,4C000000,825B0000,08ECFFFF,4E3B0000,B0420000,D2D3FFFF
1AA9455C00000000,79AFA601,5529C733,592D0000,12000000,4C000000,D45B0000,ECEBFFFF,693B0000,AB420000,24D4FFFF
7CA9455C00000000,59AFA601,4029C733,592D0000,12000000,4C000000,125C0000,D0EBFFFF,843B0000,A6420000,62D4FFFF
E1A9455C00000000,3AAFA601,2B29C733,592D0000,12000000,4C000000,3D5C0000,B4EBFFFF,9E3B0000,A0420000,8DD4FFFF
46AA455C00000000,1AAFA601,1629C733,592D0000,12000000,4C000000,5A5C0000,98EBFFFF,B73B0000,9B420000,AAD4FFFF
A9AA455C00000000,FBAEA601,0129C733,592D0000,12000000,4C000000,685C0000,7CEBFFFF,CF3B0000,95420000,B8D4FFFF
0FAB455C00000000,DDAEA601,ED28C733,592D0000,12000000,4C000000,695C0000,60EBFFFF,E63B0000,8F420000,B9D4FFFF
72AB455C00000000,C1AEA601,DA28C733,592D0000,12000000,4C000000,625C0000,44EBFFFF,FA3B0000,8A420000,B2D4FFFF
D8AB455C00000000,A5AEA601,C828C733,592D0000,12000000,4C000000,565C0000,28EBFFFF,0C3C0000,83420000,A6D4FFFF
3AAC455C00000000,89AEA601,B628C733,592D0000,12000000,4C000000,4B5C0000,0CEBFFFF,1D3C0000,7D420000,9BD4FFFF
9EAC455C00000000,6FAEA601,A428C733,592D0000,12000000,4C000000,415C0000,F0EAFFFF,2C3C0000,76420000,91D4FFFF
04AD455C00000000,55AEA601,9328C733,592D0000,12000000,4C000000,355C0000,D4EAFFFF,3A3C0000,70420000,85D4FFFF
67AD455C00000000,3CAEA601,8128C733,592D0000,12000000,4C000000,2A5C0000,B8EAFFFF,473C0000,69420000,7AD4FFFF
CBAD455C00000000,22AEA601,7028C733,592D0000,12000000,4C000000,215C0000,9CEAFFFF,533C0000,63420000,71D4FFFF
30AE455C00000000,09AEA601,5F28C733,592D0000,12000000,4C000000,175C0000,80EAFFFF,5F3C0000,5B420000,67D4FFFF
93AE455C00000000,F0ADA601,4E28C733,592D0000,12000000,4C000000,0E5C0000,64EAFFFF,6A3C0000,54420000,5ED4FFFF
F9AE455C00000000,D7ADA601,3D28C733,592D0000,12000000,4C000000,035C0000,48EAFFFF,763C0000,4D420000,53D4FFFF
5CAF455C00000000,BEADA601,2C28C733,592D0000,12000000,4C000000,F95B0000,2CEAFFFF,813C0000,46420000,49D4FFFF
BFAF455C00000000,A6ADA601,1B28C733,592D0000,12000000,4C000000,F05B0000,10EAFFFF,8C3C0000,3F420000,40D4FFFF
24B0455C00000000,8DADA601,0928C733,592D0000,12000000,4C000000,E55B0000,F4E9FFFF,973C0000,37420000,35D4FFFF
88B0455C00000000,74ADA601,F827C733,592D0000,12000000,4C000000,DA5B0000,D8E9FFFF,A23C0000,30420000,2AD4FFFF
EEB0455C00000000,5CADA601,E727C733,592D0000,12000000,4C000000,D05B0000,BCE9FFFF,AD3C0000,29420000,20D4FFFF
51B1455C00000000,43ADA601,D627C733,592D0000,12000000,4C000000,C75B0000,A0E9FFFF,B83C0000,21420000,17D4FFFF
B4B1455C00000000,2BADA601,C527C733,592D0000,12000000,4C000000,C15B0000,84E9FFFF,C33C0000,1A420000,11D4FFFF
19B2455C00000000,12ADA601,B327C733,592D0000,12000000,4C000000,BA5B0000,68E9FFFF,CD3C0000,13420000,0AD4FFFF
7CB2455C00000000,FAACA601,A227C733,592D0000,12000000,4C000000,B85B0000,4CE9FFFF,D83C0000,0C420000,08D4FFFF
E3B2455C00000000,E1ACA601,9127C733,592D0000,12000000,4C000000,B85B0000,31E9FFFF,E33C0000,05420000,08D4FFFF
44B3455C00000000,C9ACA601,8027C733,592D0000,12000000,4C000000,B85B0000,15E9FFFF,EE3C0000,FE410000,08D4FFFF
A9B3455C00000000,B0ACA601,6E27C733,592D0000,12000000,4C000000,BB5B0000,F9E8FFFF,F93C0000,F7410000,0BD4FFFF
0FB4455C00000000,97ACA601,5D27C733,592D0000,12000000,4C000000,BF5B0000,DDE8FFFF,043D0000,F0410000,0FD4FFFF
72B4455C00000000,7FACA601,4C27C733,592D0000,12000000,4C000000,C65B0000,C1E8FFFF,103D0000,E9410000,16D4FFFF
D7B4455C00000000,66ACA601,3A27C733,592D0000,12000000,4C000000,CE5B0000,A5E8FFFF,1B3D0000,E2410000,1ED4FFFF
3BB5455C00000000,4DACA601,2927C733,592D0000,12000000,4C000000,D55B0000,89E8FFFF,273D0000,DB410000,25D4FFFF
9EB5455C00000000,35ACA601,1827C733,592D0000,12000000,4C000000,DE5B0000,6EE8FFFF,343D0000,D4410000,2ED4FFFF
00B6455C00000000,1CACA601,0727C733,592D0000,12000000,4C000000,E75B0000,52E8FFFF,403D0000,CD410000,37D4FFFF
67B6455C00000000,03ACA601,F626C733,592D0000,12000000,4C000000,F15B0000,37E8FFFF,4C3D0000,C7410000,41D4FFFF
CBB6455C00000000,EBABA601,E526C733,592D0000,12000000,4C000000,F85B0000,1CE8FFFF,593D0000,C0410000,48D4FFFF
30B7455C00000000,D2ABA601,D426C733,592D0000,12000000,4C000000,FF5B0000,01E8FFFF,653D0000,B9410000,4FD4FFFF
91B7455C00000000,B9ABA601,C326C733,592D0000,12000000,4C000000,095C0000,E6E7FFFF,723D0000,B3410000,59D4FFFF
F9B7455C00000000,A1ABA601,B226C733,592D0000,12000000,4C000000,0F5C0000,CBE7FFFF,7F3D0000,AC410000,5FD4FFFF
5CB8455C00000000,88ABA601,A126C733,592D0000,12000000,4C000000,165C0000,B0E7FFFF,8C3D0000,A5410000,66D4FFFF
BFB8455C00000000,70ABA601,9126C733,592D0000,12000000,4C000000,1A5C0000,96E7FFFF,993D0000,9F410000,6AD4FFFF
25B9455C00000000,57ABA601,8026C733,592D0000,12000000,4C000000,1D5C0000,7BE7FFFF,A63D0000,98410000,6DD4FFFF
88B9455C00000000,3FABA601,7026C733,592D0000,12000000,4C000000,1B5C0000,61E7FFFF,B43D0000,92410000,6BD4FFFF
EEB9455C00000000,27ABA601,5F26C733,592D0000,12000000,4C000000,1C5C0000,47E7FFFF,C13D0000,8C410000,6CD4FFFF
51BA455C00000000,0EABA601,4F26C733,592D0000,12000000,4C000000,235C0000,2DE7FFFF,CE3D0000,86410000,73D4FFFF
B4BA455C00000000,F6AAA601,3E26C733,592D0000,12000000,4C000000,265C0000,13E7FFFF,DB3D0000,80410000,76D4FFFF
15BB455C00000000,DEAAA601,2E26C733,592D0000,12000000,4C000000,295C0000,F9E6FFFF,E93D0000,7A410000,79D4FFFF
7DBB455C00000000,C5AAA601,1D26C733,592D0000,12000000,4C000000,2A5C0000,DEE6FFFF,F73D0000,73410000,7AD4FFFF
E0BB455C00000000,ADAAA601,0D26C733,592D0000,12000000,4C000000,2E5C0000,C4E6FFFF,043E0000,6D410000,7ED4FFFF
46BC455C00000000,95AAA601,FD25C733,592D0000,12000000,4C000000,335C0000,ABE6FFFF,113E0000,68410000,83D4FFFF
A7BC455C00000000,7DAAA601,EC25C733,592D0000,12000000,4C000000,375C0000,91E6FFFF,1F3E0000,61410000,87D4FFFF
0FBD455C00000000,65AAA601,DC25C733,592D0000,12000000,4C000000,3C5C0000,77E6FFFF,2C3E0000,5C410000,8CD4FFFF
72BD455C00000000,4DAAA601,CC25C733,592D0000,12000000,4C000000,415C0000,5EE6FFFF,393E0000,55410000,91D4FFFF
D1BD455C00000000,35AAA601,BC25C733,592D0000,12000000,4C000000,465C0000,44E6FFFF,473E0000,4F410000,96D4FFFF
3BBE455C00000000,1DAAA601,AC25C733,592D0000,12000000,4C000000,4B5C0000,2BE6FFFF,543E0000,49410000,9BD4FFFF
9FBE455C00000000,05AAA601,9C25C733,592D0000,12000000,4C000000,4F5C0000,11E6FFFF,623E0000,43410000,9FD4FFFF
04BF455C00000000,ECA9A601,8C25C733,592D0000,12000000,4C000000,535C0000,F7E5FFFF,703E0000,3D410000,A3D4FFFF
67BF455C00000000,D4A9A601,7C25C733,592D0000,12000000,4C000000,575C0000,DDE5FFFF,7E3E0000,37410000,A7D4FFFF
CABF455C00000000,BCA9A601,6C25C733,592D0000,12000000,4C000000,595C0000,C4E5FFFF,8C3E0000,30410000,A9D4FFFF
2FC0455C00000000,A4A9A601,5C25C733,592D0000,12000000,4C000000,5A5C0000,AAE5FFFF,993E0000,2A410000,AAD4FFFF
94C0455C00000000,8BA9A601,4B25C733,592D0000,12000000,4C000000,5B5C0000,91E5FFFF,A83E0000,24410000,ABD4FFFF
F5C0455C00000000,73A9A601,3B25C733,592D0000,12000000,4C000000,5D5C0000,77E5FFFF,B63E0000,1E410000,ADD4FFFF
5BC1455C00000000,5AA9A601,2B25C733,592D0000,12000000,4C000000,5B5C0000,5DE5FFFF,C33E0000,17410000,ABD4FFFF
BFC1455C00000000,42A9A601,1B25C733,592D0000,12000000,4C000000,595C0000,43E5FFFF,D13E0000,11410000,A9D4FFFF
25C2455C00000000,29A9A601,0A25C733,592D0000,12000000,4C000000,535C0000,29E5FFFF,DF3E0000,0B410000,A3D4FFFF
87C2455C00000000,11A9A601,FA24C733,592D0000,12000000,4C000000,4B5C0000,0FE5FFFF,EC3E0000,05410000,9BD4FFFF
E7C2455C00000000,F8A8A601,E924C733,592D0000,12000000,4C000000,405C0000,F4E4FFFF,FA3E0000,FE400000,90D4FFFF
50C3455C00000000,DFA8A601,D924C733,592D0000,12000000,4C000000,355C0000,D9E4FFFF,073F0000,F8400000,85D4FFFF
B3C3455C00000000,C7A8A601,C824C733,592D0000,12000000,4C000000,255C0000,BEE4FFFF,143F0000,F2400000,75D4FFFF
19C4455C00000000,AEA8A601,B724C733,592D0000,12000000,4C000000,115C0000,A3E4FFFF,203F0000,EC400000,61D4FFFF
7CC4455C00000000,95A8A601,A624C733,592D0000,12000000,4C000000,FB5B0000,88E4FFFF,2C3F0000,E5400000,4BD4FFFF
DFC4455C00000000,7DA8A601,9524C733,592D0000,12000000,4C000000,E65B0000,6DE4FFFF,383F0000,DF400000,36D4FFFF
46C5455C00000000,65A8A601,8524C733,592D0000,12000000,4C000000,D15B0000,51E4FFFF,433F0000,D9400000,21D4FFFF
A8C5455C00000000,4DA8A601,7324C733,592D0000,12000000,4C000000,BB5B0000,36E4FFFF,4D3F0000,D3400000,0BD4FFFF
0BC6455C00000000,35A8A601,6224C733,592D0000,12000000,4C000000,A75B0000,1AE4FFFF,583F0000,CD400000,F7D3FFFF
71C6455C00000000,1DA8A601,5124C733,592D0000,12000000,4C000000,915B0000,FEE3FFFF,623F0000,C6400000,E1D3FFFF
D5C6455C00000000,04A8A601,4024C733,592D0000,12000000,4C000000,7B5B0000,E2E3FFFF,6C3F0000,C0400000,CBD3FFFF
3AC7455C00000000,EDA7A601,2E24C733,592D0000,12000000,4C000000,665B0000,C6E3FFFF,753F0000,BA400000,B6D3FFFF
9DC7455C00000000,D5A7A601,1D24C733,592D0000,12000000,4C000000,4C5B0000,AAE3FFFF,7E3F0000,B4400000,9CD3FFFF
00C8455C00000000,BDA7A601,0C24C733,592D0000,12000000,4C000000,325B0000,8EE3FFFF,863F0000,AE400000,82D3FFFF
67C8455C00000000,A6A7A601,FA23C733,592D0000,12000000,4C000000,195B0000,72E3FFFF,8E3F0000,A8400000,69D3FFFF
C9C8455C00000000,8FA7A601,E923C733,592D0000,12000000,4C000000,035B0000,56E3FFFF,963F0000,A2400000,53D3FFFF
30C9455C00000000,78A7A601,D723C733,592D0000,12000000,4C000000,F35A0000,3AE3FFFF,9D3F0000,9C400000,43D3FFFF
91C9455C00000000,61A7A601,C623C733,592D0000,12000000,4C000000,EA5A0000,1FE3FFFF,A53F0000,96400000,3AD3FFFF
F5C9455C00000000,4AA7A601,B423C733,592D0000,12000000,4C000000,EB5A0000,03E3FFFF,AC3F0000,90400000,3BD3FFFF
5BCA455C00000000,33A7A601,A323C733,592D0000,12000000,4C000000,F75A0000,E7E2FFFF,B33F0000,8B400000,47D3FFFF
BFCA455C00000000,1CA7A601,9123C733,592D0000,12000000,4C000000,0B5B0000,CBE2FFFF,BB3F0000,85400000,5BD3FFFF
21CB455C00000000,05A7A601,8023C733,592D0000,12000000,4C000000,1E5B0000,AFE2FFFF,C43F0000,7F400000,6ED3FFFF
87CB455C00000000,EDA6A601,6F23C733,592D0000,12000000,4C000000,2B5B0000,93E2FFFF,CC3F0000,7A400000,7BD3FFFF
EBCB455C00000000,D6A6A601,5D23C733,592D0000,12000000,4C000000,415B0000,77E2FFFF,D53F0000,74400000,91D3FFFF
51CC455C00000000,BEA6A601,4C23C733,592D0000,12000000,4C000000,585B0000,5BE2FFFF,DF3F0000,6F400000,A8D3FFFF
B3CC455C00000000,A6A6A601,3B23C733,592D0000,12000000,4C000000,765B0000,40E2FFFF,E93F0000,6A400000,C6D3FFFF
16CD455C00000000,8EA6A601,2923C733,592D0000,12000000,4C000000,8F5B0000,24E2FFFF,F33F0000,63400000,DFD3FFFF
7CCD455C00000000,75A6A601,1823C733,592D0000,12000000,4C000000,A05B0000,08E2FFFF,FE3F0000,5D400000,F0D3FFFF
DFCD455C00000000,5DA6A601,0723C733,592D0000,12000000,4C000000,AC5B0000,ECE1FFFF,0A400000,57400000,FCD3FFFF
45CE455C00000000,44A6A601,F522C733,592D0000,12000000,4C000000,BC5B0000,D0E1FFFF,15400000,52400000,0CD4FFFF
A7CE455C00000000,2CA6A601,E422C733,592D0000,12000000,4C000000,CB5B0000,B5E1FFFF,21400000,4D400000,1BD4FFFF
0BCF455C00000000,13A6A601,D322C733,592D0000,12000000,4C000000,D75B0000,99E1FFFF,2D400000,48400000,27D4FFFF
72CF455C00000000,FAA5A601,C222C733,592D0000,12000000,4C000000,E05B0000,7EE1FFFF,39400000,43400000,30D4FFFF
D5CF455C00000000,E1A5A601,B022C733,592D0000,12000000,4C000000,E55B0000,62E1FFFF,46400000,3D400000,35D4FFFF
37D0455C00000000,C9A5A601,9F22C733,592D0000,12000000,4C000000,E45B0000,47E1FFFF,52400000,37400000,34D4FFFF
9DD0455C00000000,B0A5A601,8E22C733,592D0000,12000000,4C000000,E35B0000,2BE1FFFF,5F400000,32400000,33D4FFFF
01D1455C00000000,97A5A601,7D22C733,592D0000,12000000,4C000000,E15B0000,10E1FFFF,6B400000,2C400000,31D4FFFF
63D1455C00000000,7FA5A601,6C22C733,592D0000,12000000,4C000000,DF5B0000,F5E0FFFF,77400000,27400000,2FD4FFFF
CAD1455C00000000,66A5A601,5B22C733,592D0000,12000000,4C000000,DB5B0000,DAE0FFFF,83400000,22400000,2BD4FFFF
2CD2455C00000000,4EA5A601,4A22C733,592D0000,12000000,4C000000,D65B0000,BEE0FFFF,8F400000,1C400000,26D4FFFF
92D2455C00000000,36A5A601,3922C733,592D0000,12000000,4C000000,D05B0000,A4E0FFFF,9B400000,17400000,20D4FFFF
F5D2455C00000000,1EA5A601,2822C733,592D0000,12000000,4C000000,CD5B0000,89E0FFFF,A7400000,12400000,1DD4FFFF
5BD3455C00000000,06A5A601,1822C733,592D0000,12000000,4C000000,CA5B0000,6EE0FFFF,B3400000,0C400000,1AD4FFFF
BFD3455C00000000,EEA4A601,0722C733,592D0000,12000000,4C000000,C65B0000,53E0FFFF,BF400000,07400000,16D4FFFF
22D4455C00000000,D6A4A601,F621C733,592D0000,12000000,4C000000,C25B0000,39E0FFFF,CB400000,01400000,12D4FFFF
87D4455C00000000,BFA4A601,E621C733,592D0000,12000000,4C000000,BF5B0000,1FE0FFFF,D6400000,FC3F0000,0FD4FFFF
EBD4455C00000000,A7A4A601,D521C733,592D0000,12000000,4C000000,BD5B0000,04E0FFFF,E2400000,F73F0000,0DD4FFFF
4DD5455C00000000,8FA4A601,C421C733,592D0000,12000000,4C000000,BB5B0000,EADFFFFF,EE400000,F23F0000,0BD4FFFF
B3D5455C00000000,78A4A601,B321C733,592D0000,12000000,4C000000,B85B0000,CFDFFFFF,FA400000,EC3F0000,08D4FFFF
17D6455C00000000,60A4A601,A321C733,592D0000,12000000,4C000000,B65B0000,B5DFFFFF,05410000,E73F0000,06D4FFFF
7DD6455C00000000,49A4A601,9221C733,592D0000,12000000,4C000000,B65B0000,9BDFFFFF,11410000,E13F0000,06D4FFFF
DFD6455C00000000,31A4A601,8221C733,592D0000,12000000,4C000000,B65B0000,80DFFFFF,1C410000,DC3F0000,06D4FFFF
43D7455C00000000,1AA4A601,7121C733,592D0000,12000000,4C000000,B85B0000,66DFFFFF,28410000,D73F0000,08D4FFFF
A8D7455C00000000,03A4A601,6121C733,592D0000,12000000,4C000000,B85B0000,4CDFFFFF,34410000,D23F0000,08D4FFFF
0BD8455C00000000,ECA3A601,5121C733,592D0000,12000000,4C000000,BC5B0000,32DFFFFF,3F410000,CC3F0000,0CD4FFFF
72D8455C00000000,D4A3A601,4021C733,592D0000,12000000,4C000000,C35B0000,19DFFFFF,4B410000,C73F0000,13D4FFFF
D4D8455C00000000,BDA3A601,3021C733,592D0000,12000000,4C000000,CB5B0000,FFDEFFFF,57410000,C23F0000,1BD4FFFF
37D9455C00000000,A5A3A601,1F21C733,592D0000,12000000,4C000000,CF5B0000,E5DEFFFF,64410000,BC3F0000,1FD4FFFF
9ED9455C00000000,8EA3A601,0F21C733,592D0000,12000000,4C000000,D15B0000,CBDEFFFF,6F410000,B63F0000,21D4FFFF
00DA455C00000000,77A3A601,FF20C733,592D0000,12000000,4C000000,D55B0000,B1DEFFFF,7C410000,B03F0000,25D4FFFF
63DA455C00000000,60A3A601,EF20C733,592D0000,12000000,4C000000,D85B0000,98DEFFFF,88410000,AB3F0000,28D4FFFF
C9DA455C00000000,48A3A601,DF20C733,592D0000,12000000,4C000000,DC5B0000,7EDEFFFF,94410000,A73F0000,2CD4FFFF
2DDB455C00000000,31A3A601,CE20C733,592D0000,12000000,4C000000,DF5B0000,65DEFFFF,A1410000,A23F0000,2FD4FFFF
92DB455C00000000,1AA3A601,BE20C733,592D0000,12000000,4C000000,E45B0000,4BDEFFFF,AD410000,9D3F0000,34D4FFFF
F5DB455C00000000,02A3A601,AE20C733,592D0000,12000000,4C000000,E75B0000,32DEFFFF,BA410000,983F0000,37D4FFFF
59DC455C00000000,EBA2A601,9E20C733,592D0000,12000000,4C000000,E95B0000,18DEFFFF,C7410000,933F0000,39D4FFFF
BEDC455C00000000,D3A2A601,8D20C733,592D0000,12000000,4C000000,EC5B0000,FFDDFFFF,D4410000,8F3F0000,3CD4FFFF
21DD455C00000000,BCA2A601,7D20C733,592D0000,12000000,4C000000,EE5B0000,E6DDFFFF,E1410000,8A3F0000,3ED4FFFF
87DD455C00000000,A5A2A601,6D20C733,592D0000,12000000,4C000000,F05B0000,CDDDFFFF,EF410000,863F0000,40D4FFFF
EADD455C00000000,8DA2A601,5D20C733,592D0000,12000000,4C000000,F15B0000,B4DDFFFF,FC410000,813F0000,41D4FFFF
4DDE455C00000000,76A2A601,4D20C733,592D0000,12000000,4C000000,F25B0000,9BDDFFFF,09420000,7C3F0000,42D4FFFF
B3DE455C00000000,5FA2A601,3D20C733,592D0000,12000000,4C000000,F35B0000,82DDFFFF,16420000,773F0000,43D4FFFF
16DF455C00000000,48A2A601,2D20C733,592D0000,12000000,4C000000,F55B0000,69DDFFFF,23420000,733F0000,45D4FFFF
7ADF455C00000000,31A2A601,1D20C733,592D0000,12000000,4C000000,F55B0000,50DDFFFF,30420000,6E3F0000,45D4FFFF
DFDF455C00000000,19A2A601,0D20C733,592D0000,12000000,4C000000,F65B0000,36DDFFFF,3D420000,693F0000,46D4FFFF
43E0455C00000000,02A2A601,FD1FC733,592D0000,12000000,4C000000,F75B0000,1DDDFFFF,4B420000,643F0000,47D4FFFF
A9E0455C00000000,EBA1A601,ED1FC733,592D0000,12000000,4C000000,F95B0000,05DDFFFF,58420000,5F3F0000,49D4FFFF
0CE1455C00000000,D3A1A601,DC1FC733,592D0000,12000000,4C000000,FA5B0000,EBDCFFFF,65420000,5A3F0000,4AD4FFFF
6FE1455C00000000,BBA1A601,CC1FC733,592D0000,12000000,4C000000,FD5B0000,D2DCFFFF,72420000,553F0000,4DD4FFFF
D4E1455C00000000,A3A1A601,BB1FC733,592D0000,12000000,4C000000,FF5B0000,B8DCFFFF,80420000,503F0000,4FD4FFFF
37E2455C00000000,8BA1A601,AB1FC733,592D0000,12000000,4C000000,025C0000,9EDCFFFF,8D420000,4C3F0000,52D4FFFF
9EE2455C00000000,72A1A601,9A1FC733,592D0000,12000000,4C000000,085C0000,84DCFFFF,9B420000,473F0000,58D4FFFF
01E3455C00000000,5AA1A601,891FC733,592D0000,12000000,4C000000,145C0000,69DCFFFF,A9420000,423F0000,64D4FFFF
64E3455C00000000,41A1A601,791FC733,592D0000,12000000,4C000000,245C0000,4FDCFFFF,B8420000,3D3F0000,74D4FFFF
C9E3455C00000000,27A1A601,671FC733,592D0000,12000000,4C000000,375C0000,34DCFFFF,C7420000,383F0000,87D4FFFF
2DE4455C00000000,0DA1A601,561FC733,592D0000,12000000,4C000000,4A5C0000,18DCFFFF,D6420000,333F0000,9AD4FFFF
90E4455C00000000,F3A0A601,451FC733,592D0000,12000000,4C000000,5D5C0000,FDDBFFFF,E6420000,2E3F0000,ADD4FFFF
F6E4455C00000000,D8A0A601,331FC733,592D0000,12000000,4C000000,715C0000,E1DBFFFF,F6420000,293F0000,C1D4FFFF
58E5455C00000000,BDA0A601,211FC733,592D0000,12000000,4C000000,835C0000,C6DBFFFF,06430000,243F0000,D3D4FFFF
BFE5455C00000000,A2A0A601,0F1FC733,592D0000,12000000,4C000000,945C0000,A9DBFFFF,17430000,1F3F0000,E4D4FFFF
22E6455C00000000,86A0A601,FE1EC733,592D0000,12000000,4C000000,A55C0000,8DDBFFFF,28430000,1A3F0000,F5D4FFFF
84E6455C00000000,6AA0A601,EC1EC733,592D0000,12000000,4C000000,B65C0000,71DBFFFF,3A430000,153F0000,06D5FFFF
EBE6455C00000000,4EA0A601,DA1EC733,592D0000,12000000,4C000000,C55C0000,55DBFFFF,4B430000,103F0000,15D5FFFF
4EE7455C00000000,32A0A601,C81EC733,592D0000,12000000,4C000000,D35C0000,3ADBFFFF,5E430000,0B3F0000,23D5FFFF
B3E7455C00000000,16A0A601,B61EC733,592D0000,12000000,4C000000,DC5C0000,1EDBFFFF,71430000,053F0000,2CD5FFFF
17E8455C00000000,F99FA601,A41EC733,592D0000,12000000,4C000000,DD5C0000,02DBFFFF,84430000,003F0000,2DD5FFFF
7AE8455C00000000,DD9FA601,921EC733,592D0000,12000000,4C000000,CF5C0000,E5DAFFFF,96430000,FA3E0000,1FD5FFFF
DFE8455C00000000,C09FA601,801EC733,592D0000,12000000,4C000000,B95C0000,C9DAFFFF,A9430000,F43E0000,09D5FFFF
43E9455C00000000,A49FA601,6E1EC733,592D0000,12000000,4C000000,935C0000,ADDAFFFF,BB430000,EF3E0000,E3D4FFFF
A5E9455C00000000,899FA601,5C1EC733,592D0000,12000000,4C000000,665C0000,92DAFFFF,CB430000,EA3E0000,B6D4FFFF
0CEA455C00000000,6F9FA601,4A1EC733,592D0000,12000000,4C000000,385C0000,76DAFFFF,DB430000,E53E0000,88D4FFFF
6FEA455C00000000,559FA601,381EC733,592D0000,12000000,4C000000,125C0000,5ADAFFFF,E9430000,E13E0000,62D4FFFF
D5EA455C00000000,3B9FA601,261EC733,592D0000,12000000,4C000000,E15B0000,3DDAFFFF,F7430000,DC3E0000,31D4FFFF
38EB455C00000000,229FA601,141EC733,592D0000,12000000,4C000000,A85B0000,21DAFFFF,04440000,D73E0000,F8D3FFFF
9BEB455C00000000,099FA601,031EC733,592D0000,12000000,4C000000,6B5B0000,05DAFFFF,0F440000,D23E0000,BBD3FFFF
01EC455C00000000,F19EA601,F11DC733,592D0000,12000000,4C000000,305B0000,EAD9FFFF,19440000,CD3E0000,80D3FFFF
64EC455C00000000,DA9EA601,DF1DC733,592D0000,12000000,4C000000,F25A0000,CED9FFFF,23440000,C93E0000,42D3FFFF
CAEC455C00000000,C39EA601,CD1DC733,592D0000,12000000,4C000000,B75A0000,B2D9FFFF,2A440000,C43E0000,07D3FFFF
2DED455C00000000,AC9EA601,BC1DC733,592D0000,12000000,4C000000,7F5A0000,95D9FFFF,31440000,BF3E0000,CFD2FFFF
8FED455C00000000,969EA601,AA1DC733,592D0000,12000000,4C000000,465A0000,79D9FFFF,37440000,BB3E0000,96D2FFFF
F6ED455C00000000,809EA601,981DC733,592D0000,12000000,4C000000,165A0000,5ED9FFFF,3C440000,B63E0000,66D2FFFF
57EE455C00000000,6A9EA601,851DC733,592D0000,12000000,4C000000,E9590000,42D9FFFF,40440000,B13E0000,39D2FFFF
BBEE455C00000000,559EA601,731DC733,592D0000,12000000,4C000000,C3590000,26D9FFFF,43440000,AC3E0000,13D2FFFF
21EF455C00000000,409EA601,611DC733,592D0000,12000000,4C000000,A3590000,0AD9FFFF,47440000,A73E0000,F3D1FFFF
85EF455C00000000,2A9EA601,4F1DC733,592D0000,12000000,4C000000,8A590000,EED8FFFF,4A440000,A23E0000,DAD1FFFF
EBEF455C00000000,159EA601,3C1DC733,592D0000,12000000,4C000000,75590000,D2D8FFFF,4D440000,9D3E0000,C5D1FFFF
4DF0455C00000000,009EA601,2A1DC733,592D0000,12000000,4C000000,68590000,B6D8FFFF,50440000,983E0000,B8D1FFFF
B1F0455C00000000,EB9DA601,171DC733,592D0000,12000000,4C000000,5F590000,9AD8FFFF,54440000,943E0000,AFD1FFFF
17F1455C00000000,D69DA601,051DC733,592D0000,12000000,4C000000,5B590000,7ED8FFFF,58440000,8F3E0000,ABD1FFFF
79F1455C00000000,C19DA601,F21CC733,592D0000,12000000,4C000000,59590000,62D8FFFF,5C440000,8A3E0000,A9D1FFFF
E0F1455C00000000,AB9DA601,E01CC733,592D0000,12000000,4C000000,5B590000,47D8FFFF,61440000,853E0000,ABD1FFFF
40F2455C00000000,969DA601,CD1CC733,592D0000,12000000,4C000000,60590000,2BD8FFFF,66440000,803E0000,B0D1FFFF
A5F2455C00000000,819DA601,BA1CC733,592D0000,12000000,4C000000,67590000,0FD8FFFF,6C440000,7C3E0000,B7D1FFFF
0CF3455C00000000,6B9DA601,A81CC733,592D0000,12000000,4C000000,72590000,F4D7FFFF,72440000,773E0000,C2D1FFFF
6FF3455C00000000,569DA601,951CC733,592D0000,12000000,4C000000,81590000,D8D7FFFF,79440000,723E0000,D1D1FFFF
D1F3455C00000000,409DA601,821CC733,592D0000,12000000,4C000000,99590000,BCD7FFFF,81440000,6D3E0000,E9D1FFFF
38F4455C00000000,2A9DA601,701CC733,592D0000,12000000,4C000000,B6590000,A1D7FFFF,8A440000,683E0000,06D2FFFF
9BF4455C00000000,149DA601,5D1CC733,592D0000,12000000,4C000000,D9590000,85D7FFFF,93440000,643E0000,29D2FFFF
FDF4455C00000000,FD9CA601,4A1CC733,592D0000,12000000,4C000000,005A0000,69D7FFFF,9E440000,5F3E0000,50D2FFFF
64F5455C00000000,E59CA601,371CC733,592D0000,12000000,4C000000,2D5A0000,4ED7FFFF,A9440000,5A3E0000,7DD2FFFF
C7F5455C00000000,CE9CA601,241CC733,592D0000,12000000,4C000000,535A0000,32D7FFFF,B6440000,553E0000,A3D2FFFF
2DF6455C00000000,B69CA601,111CC733,592D0000,12000000,4C000000,7F5A0000,16D7FFFF,C4440000,503E0000,CFD2FFFF
8FF6455C00000000,9D9CA601,FE1BC733,592D0000,12000000,4C000000,A95A0000,FBD6FFFF,D2440000,4C3E0000,F9D2FFFF
F5F6455C00000000,849CA601,EA1BC733,592D0000,12000000,4C000000,D45A0000,DFD6FFFF,E2440000,473E0000,24D3FFFF
59F7455C00000000,6A9CA601,D71BC733,592D0000,12000000,4C000000,FA5A0000,C4D6FFFF,F3440000,423E0000,4AD3FFFF
BCF7455C00000000,509CA601,C41BC733,592D0000,12000000,4C000000,1E5B0000,A8D6FFFF,04450000,3D3E0000,6ED3FFFF
21F8455C00000000,369CA601,B01BC733,592D0000,12000000,4C000000,3F5B0000,8CD6FFFF,15450000,383E0000,8FD3FFFF
85F8455C00000000,1B9CA601,9C1BC733,592D0000,12000000,4C000000,5D5B0000,71D6FFFF,28450000,343E0000,ADD3FFFF
E8F8455C00000000,009CA601,891BC733,592D0000,12000000,4C000000,765B0000,55D6FFFF,3A450000,303E0000,C6D3FFFF
4EF9455C00000000,E59BA601,761BC733,592D0000,12000000,4C000000,885B0000,3AD6FFFF,4D450000,2B3E0000,D8D3FFFF
B1F9455C00000000,CA9BA601,621BC733,592D0000,12000000,4C000000,925B0000,1ED6FFFF,60450000,263E0000,E2D3FFFF
13FA455C00000000,AF9BA601,4F1BC733,592D0000,12000000,4C000000,945B0000,03D6FFFF,72450000,223E0000,E4D3FFFF
7AFA455C00000000,949BA601,3C1BC733,592D0000,12000000,4C000000,8A5B0000,E7D5FFFF,84450000,1D3E0000,DAD3FFFF
DDFA455C00000000,7A9BA601,291BC733,592D0000,12000000,4C000000,7A5B0000,CCD5FFFF,95450000,183E0000,CAD3FFFF
43FB455C00000000,609BA601,161BC733,592D0000,12000000,4C000000,675B0000,B0D5FFFF,A6450000,143E0000,B7D3FFFF
A6FB455C00000000,469BA601,031BC733,592D0000,12000000,4C000000,575B0000,95D5FFFF,B6450000,103E0000,A7D3FFFF
0BFC455C00000000,2D9BA601,F01AC733,592D0000,12000000,4C000000,4B5B0000,79D5FFFF,C6450000,0C3E0000,9BD3FFFF
6FFC455C00000000,139BA601,DE1AC733,592D0000,12000000,4C000000,435B0000,5ED5FFFF,D5450000,073E0000,93D3FFFF
D2FC455C00000000,FA9AA601,CB1AC733,592D0000,12000000,4C000000,3C5B0000,42D5FFFF,E4450000,033E0000,8CD3FFFF
38FD455C00000000,E19AA601,B81AC733,592D0000,12000000,4C000000,3A5B0000,26D5FFFF,F3450000,FF3D0000,8AD3FFFF
9BFD455C00000000,C79AA601,A61AC733,592D0000,12000000,4C000000,385B0000,0BD5FFFF,02460000,FA3D0000,88D3FFFF
01FE455C00000000,AE9AA601,931AC733,592D0000,12000000,4C000000,3A5B0000,EFD4FFFF,10460000,F63D0000,8AD3FFFF
62FE455C00000000,959AA601,801AC733,592D0000,12000000,4C000000,3D5B0000,D3D4FFFF,1F460000,F13D0000,8DD3FFFF
C7FE455C00000000,7C9AA601,6E1AC733,592D0000,12000000,4C000000,455B0000,B7D4FFFF,2D460000,ED3D0000,95D3FFFF
2DFF455C00000000,629AA601,5B1AC733,592D0000,12000000,4C000000,4C5B0000,9BD4FFFF,3C460000,E83D0000,9CD3FFFF
90FF455C00000000,499AA601,481AC733,592D0000,12000000,4C000000,575B0000,7FD4FFFF,4B460000,E33D0000,A7D3FFFF
F3FF455C00000000,2F9AA601,361AC733,592D0000,12000000,4C000000,625B0000,63D4FFFF,5A460000,DF3D0000,B2D3FFFF
5900465C00000000,159AA601,231AC733,592D0000,12000000,4C000000,705B0000,47D4FFFF,69460000,DB3D0000,C0D3FFFF
BC00465C00000000,FB99A601,101AC733,592D0000,12000000,4C000000,7D5B0000,2BD4FFFF,78460000,D73D0000,CDD3FFFF
1F01465C00000000,E199A601,FE19C733,592D0000,12000000,4C000000,8C5B0000,0FD4FFFF,88460000,D23D0000,DCD3FFFF
8501465C00000000,C799A601,EB19C733,592D0000,12000000,4C000000,A15B0000,F3D3FFFF,97460000,CE3D0000,F1D3FFFF
E801465C00000000,AD99A601,D919C733,592D0000,12000000,4C000000,B55B0000,D7D3FFFF,A7460000,CA3D0000,05D4FFFF
4E02465C00000000,9299A601,C619C733,592D0000,12000000,4C000000,CA5B0000,BBD3FFFF,B7460000,C63D0000,1AD4FFFF
B102465C00000000,7899A601,B319C733,592D0000,12000000,4C000000,DE5B0000,9FD3FFFF,C8460000,C23D0000,2ED4FFFF
1603465C00000000,5D99A601,A119C733,592D0000,12000000,4C000000,F45B0000,83D3FFFF,D9460000,BD3D0000,44D4FFFF
7A03465C00000000,4299A601,8E19C733,592D0000,12000000,4C000000,0B5C0000,67D3FFFF,EA460000,B93D0000,5BD4FFFF
DD03465C00000000,2699A601,7C19C733,592D0000,12000000,4C000000,205C0000,4BD3FFFF,FB460000,B53D0000,70D4FFFF
4204465C00000000,0B99A601,6919C733,592D0000,12000000,4C000000,335C0000,2FD3FFFF,0D470000,B03D0000,83D4FFFF
A604465C00000000,EF98A601,5719C733,592D0000,12000000,4C000000,465C0000,13D3FFFF,1F470000,AC3D0000,96D4FFFF
0905465C00000000,D398A601,4419C733,592D0000,12000000,4C000000,5C5C0000,F7D2FFFF,32470000,A83D0000,ACD4FFFF
6F05465C00000000,B798A601,3219C733,592D0000,12000000,4C000000,715C0000,DBD2FFFF,44470000,A43D0000,C1D4FFFF
D305465C00000000,9B98A601,1F19C733,592D0000,12000000,4C000000,815C0000,BFD2FFFF,57470000,A03D0000,D1D4FFFF
3706465C00000000,7F98A601,0D19C733,592D0000,12000000,4C000000,8D5C0000,A3D2FFFF,6A470000,9B3D0000,DDD4FFFF
9B06465C00000000,6298A601,FA18C733,592D0000,12000000,4C000000,935C0000,87D2FFFF,7D470000,973D0000,E3D4FFFF
FE06465C00000000,4698A601,E818C733,592D0000,12000000,4C000000,945C0000,6BD2FFFF,90470000,933D0000,E4D4FFFF
6407465C00000000,2A98A601,D618C733,592D0000,12000000,4C000000,8D5C0000,4FD2FFFF,A3470000,8F3D0000,DDD4FFFF
C807465C00000000,0E98A601,C318C733,592D0000,12000000,4C000000,855C0000,33D2FFFF,B5470000,8B3D0000,D5D4FFFF
2D08465C00000000,F297A601,B118C733,592D0000,12000000,4C000000,775C0000,17D2FFFF,C6470000,873D0000,C7D4FFFF
9008465C00000000,D797A601,9F18C733,592D0000,12000000,4C000000,665C0000,FBD1FFFF,D8470000,823D0000,B6D4FFFF
F308465C00000000,BC97A601,8D18C733,592D0000,12000000,4C000000,535C0000,DFD1FFFF,E8470000,7E3D0000,A3D4FFFF
5909465C00000000,A197A601,7B18C733,592D0000,12000000,4C000000,435C0000,C3D1FFFF,F8470000,7A3D0000,93D4FFFF
BC09465C00000000,8697A601,6918C733,592D0000,12000000,4C000000,315C0000,A7D1FFFF,07480000,763D0000,81D4FFFF
1F0A465C00000000,6C97A601,5818C733,592D0000,12000000,4C000000,1C5C0000,8BD1FFFF,16480000,723D0000,6CD4FFFF
820A465C00000000,5297A601,4618C733,592D0000,12000000,4C000000,005C0000,6FD1FFFF,24480000,6E3D0000,50D4FFFF
E80A465C00000000,3997A601,3418C733,592D0000,12000000,4C000000,E25B0000,53D1FFFF,32480000,6A3D0000,32D4FFFF
4E0B465C00000000,1F97A601,2218C733,592D0000,12000000,4C000000,C15B0000,37D1FFFF,3F480000,663D0000,11D4FFFF
AF0B465C00000000,0697A601,1018C733,592D0000,12000000,4C000000,9B5B0000,1BD1FFFF,4C480000,623D0000,EBD3FFFF
140C465C00000000,EE96A601,FE17C733,592D0000,12000000,4C000000,755B0000,FFD0FFFF,58480000,5E3D0000,C5D3FFFF
7A0C465C00000000,D596A601,ED17C733,592D0000,12000000,4C000000,4B5B0000,E3D0FFFF,64480000,593D0000,9BD3FFFF
DE0C465C00000000,BD96A601,DB17C733,592D0000,12000000,4C000000,245B0000,C7D0FFFF,6E480000,553D0000,74D3FFFF
420D465C00000000,A696A601,C917C733,592D0000,12000000,4C000000,FB5A0000,ABD0FFFF,77480000,513D0000,4BD3FFFF
A60D465C00000000,8F96A601,B717C733,592D0000,12000000,4C000000,D55A0000,8FD0FFFF,80480000,4C3D0000,25D3FFFF
0A0E465C00000000,7896A601,A517C733,592D0000,12000000,4C000000,B15A0000,73D0FFFF,88480000,483D0000,01D3FFFF
6D0E465C00000000,6196A601,9317C733,592D0000,12000000,4C000000,935A0000,57D0FFFF,8F480000,443D0000,E3D2FFFF
D20E465C00000000,4A96A601,8117C733,592D0000,12000000,4C000000,7A5A0000,3BD0FFFF,96480000,3F3D0000,CAD2FFFF
350F465C00000000,3496A601,6F17C733,592D0000,12000000,4C000000,665A0000,1FD0FFFF,9D480000,3B3D0000,B6D2FFFF
9C0F465C00000000,1D96A601,5E17C733,592D0000,12000000,4C000000,595A0000,03D0FFFF,A3480000,363D0000,A9D2FFFF
FE0F465C00000000,0796A601,4C17C733,592D0000,12000000,4C000000,515A0000,E7CFFFFF,A9480000,313D0000,A1D2FFFF
6410465C00000000,F195A601,3A17C733,592D0000,12000000,4C000000,535A0000,CBCFFFFF,B0480000,2D3D0000,A3D2FFFF
C710465C00000000,DA95A601,2817C733,592D0000,12000000,4C000000,585A0000,AFCFFFFF,B7480000,283D0000,A8D2FFFF
2711465C00000000,C495A601,1617C733,592D0000,12000000,4C000000,605A0000,93CFFFFF,BD480000,243D0000,B0D2FFFF
9011465C00000000,AD95A601,0417C733,592D0000,12000000,4C000000,6B5A0000,77CFFFFF,C5480000,1F3D0000,BBD2FFFF
F311465C00000000,9695A601,F216C733,592D0000,12000000,4C000000,725A0000,5BCFFFFF,CC480000,1A3D0000,C2D2FFFF
5912465C00000000,8095A601,E016C733,592D0000,12000000,4C000000,7E5A0000,3FCFFFFF,D3480000,153D0000,CED2FFFF
BC12465C00000000,6995A601,CE16C733,592D0000,12000000,4C000000,8C5A0000,23CFFFFF,DB480000,103D0000,DCD2FFFF
1F13465C00000000,5295A601,BC16C733,592D0000,12000000,4C000000,A15A0000,07CFFFFF,E3480000,0A3D0000,F1D2FFFF
8513465C00000000,3A95A601,AA16C733,592D0000,12000000,4C000000,BB5A0000,EBCEFFFF,EC480000,053D0000,0BD3FFFF
E813465C00000000,2395A601,9816C733,592D0000,12000000,4C000000,D85A0000,CFCEFFFF,F5480000,003D0000,28D3FFFF
4C14465C00000000,0C95A601,8616C733,592D0000,12000000,4C000000,F85A0000,B3CEFFFF,FE480000,FA3C0000,48D3FFFF
B114465C00000000,F494A601,7416C733,592D0000,12000000,4C000000,1E5B0000,97CEFFFF,08490000,F53C0000,6ED3FFFF
1415465C00000000,DC94A601,6316C733,592D0000,12000000,4C000000,4E5B0000,7BCEFFFF,13490000,EF3C0000,9ED3FFFF
7A15465C00000000,C394A601,5116C733,592D0000,12000000,4C000000,815B0000,5FCEFFFF,1D490000,E93C0000,D1D3FFFF
DD15465C00000000,AB94A601,4016C733,592D0000,12000000,4C000000,B25B0000,43CEFFFF,29490000,E33C0000,02D4FFFF
4016465C00000000,9294A601,2E16C733,592D0000,12000000,4C000000,E85B0000,27CEFFFF,35490000,DC3C0000,38D4FFFF
A716465C00000000,7994A601,1D16C733,592D0000,12000000,4C000000,245C0000,0BCEFFFF,41490000,D63C0000,74D4FFFF
0917465C00000000,5F94A601,0C16C733,592D0000,12000000,4C000000,6A5C0000,EFCDFFFF,4D490000,CF3C0000,BAD4FFFF
6F17465C00000000,4594A601,FC15C733,592D0000,12000000,4C000000,B75C0000,D3CDFFFF,5A490000,C93C0000,07D5FFFF
D217465C00000000,2B94A601,EC15C733,592D0000,12000000,4C000000,0A5D0000,B8CDFFFF,67490000,C23C0000,5AD5FFFF
3518465C00000000,1194A601,DC15C733,592D0000,12000000,4C000000,635D0000,9DCDFFFF,74490000,BB3C0000,B3D5FFFF
9918465C00000000,F793A601,CD15C733,592D0000,12000000,4C000000,C55D0000,82CDFFFF,82490000,B43C0000,15D6FFFF
FE18465C00000000,DC93A601,BE15C733,592D0000,12000000,4C000000,385E0000,67CDFFFF,91490000,AC3C0000,88D6FFFF
6119465C00000000,C193A601,B015C733,592D0000,12000000,4C000000,B35E0000,4CCDFFFF,A0490000,A63C0000,03D7FFFF
C719465C00000000,A593A601,A215C733,592D0000,12000000,4C000000,395F0000,31CDFFFF,B0490000,9E3C0000,89D7FFFF
2A1A465C00000000,8993A601,9515C733,592D0000,12000000,4C000000,C15F0000,17CDFFFF,C0490000,973C0000,11D8FFFF
911A465C00000000,6C93A601,8915C733,592D0000,12000000,4C000000,5C600000,FCCCFFFF,D0490000,903C0000,ACD8FFFF
F31A465C00000000,4E93A601,7D15C733,592D0000,12000000,4C000000,0F610000,E1CCFFFF,E2490000,883C0000,5FD9FFFF
551B465C00000000,2F93A601,7215C733,592D0000,12000000,4C000000,DE610000,C6CCFFFF,F5490000,803C0000,2EDAFFFF
BC1B465C00000000,0F93A601,6815C733,592D0000,12000000,4C000000,B8620000,AACCFFFF,084A0000,783C0000,08DBFFFF
1F1C465C00000000,ED92A601,5F15C733,592D0000,12000000,4C000000,A5630000,8ECCFFFF,1D4A0000,703C0000,F5DBFFFF
851C465C00000000,CB92A601,5715C733,592D0000,12000000,4C000000,95640000,72CCFFFF,324A0000,683C0000,E5DCFFFF
E91C465C00000000,A792A601,5115C733,592D0000,12000000,4C000000,96650000,56CCFFFF,484A0000,5F3C0000,E6DDFFFF
4B1D465C00000000,8392A601,4D15C733,592D0000,12000000,4C000000,94660000,3ACCFFFF,604A0000,563C0000,E4DEFFFF
B21D465C00000000,5F92A601,4915C733,592D0000,12000000,4C000000,9C670000,1ECCFFFF,774A0000,4D3C0000,ECDFFFFF
141E465C00000000,3992A601,4815C733,592D0000,12000000,4C000000,B1680000,02CCFFFF,904A0000,443C0000,01E1FFFF
771E465C00000000,1592A601,4915C733,592D0000,12000000,4C000000,BA690000,E6CBFFFF,A84A0000,3A3C0000,0AE2FFFF
DD1E465C00000000,F091A601,4B15C733,592D0000,12000000,4C000000,BC6A0000,CBCBFFFF,C04A0000,303C0000,0CE3FFFF
411F465C00000000,CB91A601,4E15C733,592D0000,12000000,4C000000,B06B0000,AFCBFFFF,D84A0000,273C0000,00E4FFFF
A61F465C00000000,A791A601,5415C733,592D0000,12000000,4C000000,A96C0000,94CBFFFF,F14A0000,1D3C0000,F9E4FFFF
0920465C00000000,8291A601,5B15C733,592D0000,12000000,4C000000,A96D0000,78CBFFFF,0A4B0000,123C0000,F9E5FFFF
6D20465C00000000,5E91A601,6315C733,592D0000,12000000,4C000000,B26E0000,5CCBFFFF,234B0000,073C0000,02E7FFFF
D220465C00000000,3A91A601,6D15C733,592D0000,12000000,4C000000,BF6F0000,40CBFFFF,3C4B0000,FC3B0000,0FE8FFFF
3521465C00000000,1791A601,7915C733,592D0000,12000000,4C000000,DC700000,24CBFFFF,534B0000,F13B0000,2CE9FFFF
9B21465C00000000,F590A601,8715C733,592D0000,12000000,4C000000,F1710000,08CBFFFF,6B4B0000,E53B0000,41EAFFFF
FE21465C00000000,D390A601,9615C733,592D0000,12000000,4C000000,0D730000,ECCAFFFF,834B0000,D93B0000,5DEBFFFF
6122465C00000000,B390A601,A715C733,592D0000,12000000,4C000000,28740000,D0CAFFFF,9B4B0000,CD3B0000,78ECFFFF
C722465C00000000,9390A601,BA15C733,592D0000,12000000,4C000000,3F750000,B4CAFFFF,B34B0000,C13B0000,8FEDFFFF
2723465C00000000,7490A601,CE15C733,592D0000,12000000,4C000000,5C760000,98CAFFFF,CB4B0000,B53B0000,ACEEFFFF
8E23465C00000000,5790A601,E315C733,592D0000,12000000,4C000000,78770000,7CCAFFFF,E24B0000,A93B0000,C8EFFFFF
F323465C00000000,3B90A601,FA15C733,592D0000,12000000,4C000000,94780000,60CAFFFF,F94B0000,9C3B0000,E4F0FFFF
5624465C00000000,2090A601,1116C733,592D0000,12000000,4C000000,A7790000,44CAFFFF,0E4C0000,8F3B0000,F7F1FFFF
BC24465C00000000,0790A601,2A16C733,592D0000,12000000,4C000000,B77A0000,28CAFFFF,244C0000,823B0000,07F3FFFF
1F25465C00000000,EF8FA601,4316C733,592D0000,12000000,4C000000,C37B0000,0CCAFFFF,394C0000,753B0000,13F4FFFF
8225465C00000000,D88FA601,5D16C733,592D0000,12000000,4C000000,BC7C0000,F0C9FFFF,4C4C0000,673B0000,0CF5FFFF
E725465C00000000,C48FA601,7816C733,592D0000,12000000,4C000000,AA7D0000,D4C9FFFF,5F4C0000,593B0000,FAF5FFFF
4B26465C00000000,B08FA601,9316C733,592D0000,12000000,4C000000,8E7E0000,B8C9FFFF,724C0000,4B3B0000,DEF6FFFF
B126465C00000000,9D8FA601,AE16C733,592D0000,12000000,4C000000,5E7F0000,9CC9FFFF,844C0000,3D3B0000,AEF7FFFF
1527465C00000000,8C8FA601,CA16C733,592D0000,12000000,4C000000,2B800000,80C9FFFF,954C0000,2F3B0000,7BF8FFFF
7827465C00000000,7C8FA601,E616C733,592D0000,12000000,4C000000,E6800000,64C9FFFF,A64C0000,213B0000,36F9FFFF
DD27465C00000000,6C8FA601,0317C733,592D0000,12000000,4C000000,87810000,48C9FFFF,B64C0000,133B0000,D7F9FFFF
4128465C00000000,5E8FA601,2017C733,592D0000,12000000,4C000000,43820000,2CC9FFFF,C64C0000,043B0000,93FAFFFF
A428465C00000000,508FA601,3D17C733,592D0000,12000000,4C000000,DE820000,10C9FFFF,D54C0000,F53A0000,2EFBFFFF
0929465C00000000,448FA601,5A17C733,592D0000,12000000,4C000000,77830000,F4C8FFFF,E44C0000,E73A0000,C7FBFFFF
6C29465C00000000,388FA601,7717C733,592D0000,12000000,4C000000,03840000,D8C8FFFF,F24C0000,D93A0000,53FCFFFF
CE29465C00000000,2D8FA601,9417C733,592D0000,12000000,4C000000,83840000,BCC8FFFF,004D0000,CA3A0000,D3FCFFFF
352A465C00000000,238FA601,B117C733,592D0000,12000000,4C000000,F8840000,A0C8FFFF,0C4D0000,BC3A0000,48FDFFFF
982A465C00000000,198FA601,CE17C733,592D0000,12000000,4C000000,5A850000,84C8FFFF,194D0000,AD3A0000,AAFDFFFF
FF2A465C00000000,108FA601,EB17C733,592D0000,12000000,4C000000,CC850000,68C8FFFF,254D0000,9E3A0000,1CFEFFFF
5F2B465C00000000,078FA601,0818C733,592D0000,12000000,4C000000,27860000,4CC8FFFF,304D0000,8F3A0000,77FEFFFF
C72B465C00000000,FF8EA601,2518C733,592D0000,12000000,4C000000,74860000,30C8FFFF,3B4D0000,813A0000,C4FEFFFF
2B2C465C00000000,F78EA601,4118C733,592D0000,12000000,4C000000,BC860000,14C8FFFF,454D0000,713A0000,0CFFFFFF
8E2C465C00000000,F08EA601,5E18C733,592D0000,12000000,4C000000,F6860000,F8C7FFFF,4E4D0000,633A0000,46FFFFFF
F32C465C00000000,E98EA601,7A18C733,592D0000,12000000,4C000000,28870000,DCC7FFFF,564D0000,543A0000,78FFFFFF
562D465C00000000,E28EA601,9718C733,592D0000,12000000,4C000000,54870000,C0C7FFFF,5F4D0000,453A0000,A4FFFFFF
BA2D465C00000000,DB8EA601,B318C733,592D0000,12000000,4C000000,76870000,A4C7FFFF,664D0000,363A0000,C6FFFFFF
1F2E465C00000000,D58EA601,CF18C733,592D0000,12000000,4C000000,8F870000,88C7FFFF,6D4D0000,273A0000,DFFFFFFF
822E465C00000000,CE8EA601,EB18C733,592D0000,12000000,4C000000,A1870000,6CC7FFFF,734D0000,183A0000,F1FFFFFF
E82E465C00000000,C88EA601,0619C733,592D0000,12000000,4C000000,AE870000,50C7FFFF,794D0000,0A3A0000,FEFFFFFF
4B2F465C00000000,C28EA601,2219C733,592D0000,12000000,4C000000,B5870000,35C7FFFF,7F4D0000,FB390000,04000000
AF2F465C00000000,BC8EA601,3D19C733,592D0000,12000000,4C000000,B7870000,1AC7FFFF,834D0000,EC390000,06000000
1530465C00000000,B68EA601,5819C733,592D0000,12000000,4C000000,B7870000,FEC6FFFF,884D0000,DD390000,06000000
7730465C00000000,B08EA601,7219C733,592D0000,12000000,4C000000,B6870000,E4C6FFFF,8C4D0000,CE390000,05000000
DE30465C00000000,AA8EA601,8C19C733,592D0000,12000000,4C000000,B6870000,C9C6FFFF,904D0000,C0390000,05000000
4131465C00000000,A58EA601,A519C733,592D0000,12000000,4C000000,B5870000,B0C6FFFF,934D0000,B1390000,04000000
A431465C00000000,9F8EA601,BE19C733,592D0000,12000000,4C000000,B4870000,96C6FFFF,964D0000,A3390000,03000000
0932465C00000000,9A8EA601,D719C733,592D0000,12000000,4C000000,B2870000,7DC6FFFF,984D0000,94390000,01000000
6D32465C00000000,948EA601,EF19C733,592D0000,12000000,4C000000,B1870000,65C6FFFF,9A4D0000,86390000,00000000
D032465C00000000,8F8EA601,061AC733,592D0000,12000000,4C000000,AF870000,4DC6FFFF,9C4D0000,78390000,FFFFFFFF
3633465C00000000,8A8EA601,1D1AC733,592D0000,12000000,4C000000,AE870000,35C6FFFF,9E4D0000,69390000,FEFFFFFF
9833465C00000000,858EA601,341AC733,592D0000,12000000,4C000000,AC870000,1EC6FFFF,9F4D0000,5B390000,FCFFFFFF
FE33465C00000000,808EA601,491AC733,592D0000,12000000,4C000000,AA870000,08C6FFFF,9F4D0000,4D390000,FAFFFFFF
6234465C00000000,7B8EA601,5F1AC733,592D0000,12000000,4C000000,A8870000,F2C5FFFF,A04D0000,3E390000,F8FFFFFF
C534465C00000000,768EA601,741AC733,592D0000,12000000,4C000000,A6870000,DCC5FFFF,A04D0000,30390000,F6FFFFFF
2A35465C00000000,728EA601,881AC733,592D0000,12000000,4C000000,A4870000,C8C5FFFF,A04D0000,22390000,F4FFFFFF
8E35465C00000000,6D8EA601,9C1AC733,592D0000,12000000,4C000000,A3870000,B3C5FFFF,A04D0000,14390000,F3FFFFFF
F435465C00000000,698EA601,AF1AC733,592D0000,12000000,4C000000,A2870000,9FC5FFFF,9F4D0000,06390000,F2FFFFFF
5636465C00000000,648EA601,C21AC733,592D0000,12000000,4C000000,A0870000,8CC5FFFF,9E4D0000,F8380000,F0FFFFFF
BA36465C00000000,608EA601,D51AC733,592D0000,12000000,4C000000,9F870000,79C5FFFF,9D4D0000,EA380000,EFFFFFFF
1F37465C00000000,5C8EA601,E81AC733,592D0000,12000000,4C000000,9F870000,66C5FFFF,9C4D0000,DC380000,EFFFFFFF
8037465C00000000,588EA601,FA1AC733,592D0000,12000000,4C000000,A0870000,53C5FFFF,9A4D0000,CE380000,F0FFFFFF
E537465C00000000,548EA601,0B1BC733,592D0000,12000000,4C000000,A0870000,42C5FFFF,984D0000,C1380000,F0FFFFFF
4B38465C00000000,508EA601,1C1BC733,592D0000,12000000,4C000000,A0870000,30C5FFFF,964D0000,B3380000,F0FFFFFF
AE38465C00000000,4C8EA601,2D1BC733,592D0000,12000000,4C000000,9F870000,1FC5FFFF,944D0000,A6380000,EFFFFFFF
1339465C00000000,498EA601,3D1BC733,592D0000,12000000,4C000000,9F870000,0FC5FFFF,914D0000,98380000,EFFFFFFF
7739465C00000000,458EA601,4E1BC733,592D0000,12000000,4C000000,9F870000,FEC4FFFF,8E4D0000,8A380000,EFFFFFFF
DA39465C00000000,418EA601,5E1BC733,592D0000,12000000,4C000000,9D870000,EEC4FFFF,8B4D0000,7D380000,EDFFFFFF
3C3A465C00000000,3E8EA601,6D1BC733,592D0000,12000000,4C000000,9D870000,DFC4FFFF,884D0000,70380000,EDFFFFFF
A33A465C00000000,3A8EA601,7C1BC733,592D0000,12000000,4C000000,9D870000,CFC4FFFF,854D0000,63380000,EDFFFFFF
093B465C00000000,378EA601,8B1BC733,592D0000,12000000,4C000000,9D870000,C0C4FFFF,814D0000,55380000,EDFFFFFF
693B465C00000000,338EA601,9A1BC733,592D0000,12000000,4C000000,9D870000,B2C4FFFF,7D4D0000,48380000,EDFFFFFF
CE3B465C00000000,308EA601,A81BC733,592D0000,12000000,4C000000,9D870000,A3C4FFFF,794D0000,3B380000,EDFFFFFF
353C465C00000000,2D8EA601,B61BC733,592D0000,12000000,4C000000,9C870000,96C4FFFF,754D0000,2E380000,ECFFFFFF
983C465C00000000,2A8EA601,C51BC733,592D0000,12000000,4C000000,9D870000,88C4FFFF,714D0000,20380000,EDFFFFFF
FB3C465C00000000,278EA601,D21BC733,592D0000,12000000,4C000000,9C870000,7BC4FFFF,6C4D0000,13380000,ECFFFFFF
613D465C00000000,248EA601,E01BC733,592D0000,12000000,4C000000,9C870000,6DC4FFFF,684D0000,06380000,ECFFFFFF
C43D465C00000000,218EA601,ED1BC733,592D0000,12000000,4C000000,9C870000,61C4FFFF,634D0000,F9370000,ECFFFFFF
263E465C00000000,1E8EA601,FA1BC733,592D0000,12000000,4C000000,9C870000,54C4FFFF,5E4D0000,ED370000,ECFFFFFF
8D3E465C00000000,1B8EA601,071CC733,592D0000,12000000,4C000000,9C870000,48C4FFFF,594D0000,E0370000,ECFFFFFF
F03E465C00000000,188EA601,141CC733,592D0000,12000000,4C000000,9B870000,3CC4FFFF,534D0000,D3370000,EBFFFFFF
563F465C00000000,158EA601,211CC733,592D0000,12000000,4C000000,9B870000,30C4FFFF,4E4D0000,C6370000,EBFFFFFF
BA3F465C00000000,128EA601,2D1CC733,592D0000,12000000,4C000000,9B870000,25C4FFFF,484D0000,B9370000,EBFFFFFF
1F40465C00000000,0F8EA601,391CC733,592D0000,12000000,4C000000,9B870000,1AC4FFFF,434D0000,AD370000,EBFFFFFF
8240465C00000000,0C8EA601,451CC733,592D0000,12000000,4C000000,9B870000,0FC4FFFF,3C4D0000,A0370000,EBFFFFFF
E540465C00000000,0A8EA601,511CC733,592D0000,12000000,4C000000,9B870000,05C4FFFF,364D0000,93370000,EBFFFFFF
