ts,utm_x,utm_y,z,utm_zone_n,utm_zone_l,heading,inx_x,inx_y,inx_z,inx_yaw
7898345C00000000,C9AFA601,DF91C633,7A2E0000,12000000,4C000000,00870000,E7FFFFFF,47000000,E7FFFFFF,64DDFFFF
DD98345C00000000,C0AFA601,0192C633,7A2E0000,12000000,4C000000,00870000,CBFFFFFF,5C000000,CBFFFFFF,64DDFFFF
4099345C00000000,B8AFA601,2392C633,7A2E0000,12000000,4C000000,FF860000,AFFFFFFF,70000000,AFFFFFFF,63DDFFFF
A399345C00000000,AFAFA601,4492C633,7A2E0000,12000000,4C000000,FF860000,93FFFFFF,85000000,93FFFFFF,63DDFFFF
0A9A345C00000000,A6AFA601,6692C633,7A2E0000,12000000,4C000000,FF860000,77FFFFFF,9A000000,77FFFFFF,63DDFFFF
6C9A345C00000000,9EAFA601,8892C633,7A2E0000,12000000,4C000000,FF860000,5BFFFFFF,AF000000,5BFFFFFF,63DDFFFF
CF9A345C00000000,95AFA601,A992C633,7A2E0000,12000000,4C000000,FF860000,3FFFFFFF,C3000000,3FFFFFFF,63DDFFFF
369B345C00000000,8CAFA601,CB92C633,7A2E0000,12000000,4C000000,FE860000,23FFFFFF,D8000000,23FFFFFF,62DDFFFF
999B345C00000000,84AFA601,ED92C633,7A2E0000,12000000,4C000000,FE860000,07FFFFFF,EC000000,07FFFFFF,62DDFFFF
FE9B345C00000000,7BAFA601,0E93C633,7A2E0000,12000000,4C000000,FE860000,EBFEFFFF,01010000,EBFEFFFF,62DDFFFF
619C345C00000000,72AFA601,3093C633,7A2E0000,12000000,4C000000,FE860000,CFFEFFFF,15010000,CFFEFFFF,62DDFFFF
C59C345C00000000,6AAFA601,5293C633,7A2E0000,12000000,4C000000,FE860000,B3FEFFFF,2A010000,B3FEFFFF,62DDFFFF
2A9D345C00000000,61AFA601,7493C633,7A2E0000,12000000,4C000000,FD860000,97FEFFFF,3F010000,97FEFFFF,61DDFFFF
8D9D345C00000000,58AFA601,9593C633,7A2E0000,12000000,4C000000,FD860000,7BFEFFFF,53010000,7BFEFFFF,61DDFFFF
F49D345C00000000,50AFA601,B793C633,7A2E0000,12000000,4C000000,FD860000,5FFEFFFF,68010000,5FFEFFFF,61DDFFFF
569E345C00000000,47AFA601,D893C633,7A2E0000,12000000,4C000000,FD860000,43FEFFFF,7C010000,43FEFFFF,61DDFFFF
B99E345C00000000,3EAFA601,FA93C633,7A2E0000,12000000,4C000000,FD860000,27FEFFFF,91010000,27FEFFFF,61DDFFFF
209F345C00000000,36AFA601,1C94C633,7A2E0000,12000000,4C000000,FD860000,0BFEFFFF,A5010000,0BFEFFFF,61DDFFFF
829F345C00000000,2DAFA601,3D94C633,7A2E0000,12000000,4C000000,FD860000,EFFDFFFF,BA010000,EFFDFFFF,61DDFFFF
E59F345C00000000,25AFA601,5F94C633,7A2E0000,12000000,4C000000,FD860000,D3FDFFFF,CE010000,D3FDFFFF,61DDFFFF
4CA0345C00000000,1CAFA601,8094C633,7A2E0000,12000000,4C000000,FC860000,B7FDFFFF,E3010000,B7FDFFFF,60DDFFFF
AEA0345C00000000,13AFA601,A294C633,7A2E0000,12000000,4C000000,FC860000,9BFDFFFF,F7010000,9BFDFFFF,60DDFFFF
14A1345C00000000,0AAFA601,C494C633,7A2E0000,12000000,4C000000,FC860000,7FFDFFFF,0C020000,7FFDFFFF,60DDFFFF
77A1345C00000000,02AFA601,E594C633,7A2E0000,12000000,4C000000,FC860000,63FDFFFF,21020000,63FDFFFF,60DDFFFF
DAA1345C00000000,F9AEA601,0795C633,7A2E0000,12000000,4C000000,FC860000,47FDFFFF,35020000,47FDFFFF,60DDFFFF
41A2345C00000000,F1AEA601,2895C633,7A2E0000,12000000,4C000000,FC860000,2BFDFFFF,49020000,2BFDFFFF,60DDFFFF
A3A2345C00000000,E8AEA601,4A95C633,7A2E0000,12000000,4C000000,FB860000,0FFDFFFF,5E020000,0FFDFFFF,5FDDFFFF
09A3345C00000000,DFAEA601,6C95C633,7A2E0000,12000000,4C000000,FB860000,F3FCFFFF,72020000,F3FCFFFF,5FDDFFFF
6DA3345C00000000,D7AEA601,8D95C633,7A2E0000,12000000,4C000000,FB860000,D7FCFFFF,87020000,D7FCFFFF,5FDDFFFF
D0A3345C00000000,CEAEA601,AF95C633,7A2E0000,12000000,4C000000,FB860000,BBFCFFFF,9B020000,BBFCFFFF,5FDDFFFF
33A4345C00000000,C5AEA601,D195C633,7A2E0000,12000000,4C000000,FB860000,9FFCFFFF,B0020000,9FFCFFFF,5FDDFFFF
99A4345C00000000,BDAEA601,F295C633,7A2E0000,12000000,4C000000,FA860000,83FCFFFF,C5020000,83FCFFFF,5EDDFFFF
FCA4345C00000000,B4AEA601,1496C633,7A2E0000,12000000,4C000000,FB860000,67FCFFFF,D9020000,67FCFFFF,5FDDFFFF
61A5345C00000000,ABAEA601,3596C633,7A2E0000,12000000,4C000000,FA860000,4BFCFFFF,EE020000,4BFCFFFF,5EDDFFFF
C5A5345C00000000,A3AEA601,5796C633,7A2E0000,12000000,4C000000,FA860000,2FFCFFFF,02030000,30FCFFFF,5EDDFFFF
2BA6345C00000000,9AAEA601,7896C633,7A2E0000,12000000,4C000000,FA860000,13FCFFFF,16030000,13FCFFFF,5EDDFFFF
8DA6345C00000000,91AEA601,9A96C633,7A2E0000,12000000,4C000000,FA860000,F7FBFFFF,2B030000,F7FBFFFF,5EDDFFFF
F0A6345C00000000,89AEA601,BC96C633,7A2E0000,12000000,4C000000,FA860000,DCFBFFFF,40030000,DCFBFFFF,5EDDFFFF
57A7345C00000000,80AEA601,DD96C633,7A2E0000,12000000,4C000000,F9860000,BFFBFFFF,54030000,C0FBFFFF,5DDDFFFF
B9A7345C00000000,77AEA601,FF96C633,7A2E0000,12000000,4C000000,F9860000,A3FBFFFF,69030000,A4FBFFFF,5DDDFFFF
1EA8345C00000000,6FAEA601,2197C633,7A2E0000,12000000,4C000000,F9860000,88FBFFFF,7D030000,88FBFFFF,5DDDFFFF
81A8345C00000000,66AEA601,4297C633,7A2E0000,12000000,4C000000,F9860000,6CFBFFFF,92030000,6CFBFFFF,5DDDFFFF
E5A8345C00000000,5DAEA601,6397C633,7A2E0000,12000000,4C000000,F9860000,4FFBFFFF,A6030000,50FBFFFF,5DDDFFFF
4BA9345C00000000,55AEA601,8597C633,7A2E0000,12000000,4C000000,F8860000,33FBFFFF,BA030000,34FBFFFF,5CDDFFFF
ADA9345C00000000,4CAEA601,A797C633,7A2E0000,12000000,4C000000,F8860000,18FBFFFF,CF030000,18FBFFFF,5CDDFFFF
14AA345C00000000,43AEA601,C897C633,7A2E0000,12000000,4C000000,F8860000,FCFAFFFF,E3030000,FCFAFFFF,5CDDFFFF
77AA345C00000000,3BAEA601,EA97C633,7A2E0000,12000000,4C000000,F8860000,DFFAFFFF,F8030000,E0FAFFFF,5CDDFFFF
D9AA345C00000000,32AEA601,0B98C633,7A2E0000,12000000,4C000000,F8860000,C4FAFFFF,0C040000,C4FAFFFF,5CDDFFFF
40AB345C00000000,29AEA601,2D98C633,7A2E0000,12000000,4C000000,F7860000,A8FAFFFF,20040000,A8FAFFFF,5BDDFFFF
A3AB345C00000000,21AEA601,4F98C633,7A2E0000,12000000,4C000000,F7860000,8BFAFFFF,35040000,8CFAFFFF,5BDDFFFF
06AC345C00000000,18AEA601,7098C633,7A2E0000,12000000,4C000000,F8860000,6FFAFFFF,4A040000,70FAFFFF,5CDDFFFF
6BAC345C00000000,0FAEA601,9298C633,7A2E0000,12000000,4C000000,F7860000,54FAFFFF,5F040000,54FAFFFF,5BDDFFFF
CFAC345C00000000,07AEA601,B398C633,7A2E0000,12000000,4C000000,F7860000,38FAFFFF,73040000,38FAFFFF,5BDDFFFF
35AD345C00000000,FEADA601,D598C633,7A2E0000,12000000,4C000000,F7860000,1CFAFFFF,87040000,1CFAFFFF,5BDDFFFF
97AD345C00000000,F5ADA601,F798C633,7A2E0000,12000000,4C000000,F7860000,00FAFFFF,9C040000,00FAFFFF,5BDDFFFF
FAAD345C00000000,EDADA601,1899C633,7A2E0000,12000000,4C000000,F7860000,E4F9FFFF,B0040000,E4F9FFFF,5BDDFFFF
61AE345C00000000,E4ADA601,3A99C633,7A2E0000,12000000,4C000000,F6860000,C8F9FFFF,C6040000,C8F9FFFF,5ADDFFFF
C4AE345C00000000,DBADA601,5B99C633,7A2E0000,12000000,4C000000,F6860000,ACF9FFFF,D9040000,ACF9FFFF,5ADDFFFF
2AAF345C00000000,D2ADA601,7D99C633,7A2E0000,12000000,4C000000,F6860000,90F9FFFF,EE040000,90F9FFFF,5ADDFFFF
8DAF345C00000000,CAADA601,9F99C633,7A2E0000,12000000,4C000000,F6860000,74F9FFFF,03050000,74F9FFFF,5ADDFFFF
F0AF345C00000000,C1ADA601,C099C633,7A2E0000,12000000,4C000000,F6860000,58F9FFFF,17050000,58F9FFFF,5ADDFFFF
55B0345C00000000,B8ADA601,E299C633,7A2E0000,12000000,4C000000,F6860000,3CF9FFFF,2B050000,3CF9FFFF,5ADDFFFF
B9B0345C00000000,B0ADA601,039AC633,7A2E0000,12000000,4C000000,F5860000,20F9FFFF,40050000,20F9FFFF,59DDFFFF
1CB1345C00000000,A7ADA601,259AC633,7A2E0000,12000000,4C000000,F5860000,04F9FFFF,54050000,04F9FFFF,59DDFFFF
81B1345C00000000,9EADA601,479AC633,7A2E0000,12000000,4C000000,F5860000,E8F8FFFF,69050000,E8F8FFFF,59DDFFFF
E4B1345C00000000,96ADA601,689AC633,7A2E0000,12000000,4C000000,F5860000,CCF8FFFF,7D050000,CCF8FFFF,59DDFFFF
4BB2345C00000000,8DADA601,8A9AC633,7A2E0000,12000000,4C000000,F5860000,B0F8FFFF,92050000,B0F8FFFF,59DDFFFF
AEB2345C00000000,84ADA601,AB9AC633,7A2E0000,12000000,4C000000,F5860000,94F8FFFF,A6050000,94F8FFFF,59DDFFFF
10B3345C00000000,7CADA601,CD9AC633,7A2E0000,12000000,4C000000,F5860000,78F8FFFF,BA050000,78F8FFFF,59DDFFFF
77B3345C00000000,73ADA601,EF9AC633,7A2E0000,12000000,4C000000,F5860000,5CF8FFFF,D0050000,5CF8FFFF,59DDFFFF
DAB3345C00000000,6AADA601,109BC633,7A2E0000,12000000,4C000000,F4860000,40F8FFFF,E4050000,40F8FFFF,58DDFFFF
40B4345C00000000,61ADA601,329BC633,7A2E0000,12000000,4C000000,F4860000,24F8FFFF,F8050000,24F8FFFF,58DDFFFF
A2B4345C00000000,59ADA601,539BC633,7A2E0000,12000000,4C000000,F4860000,08F8FFFF,0D060000,08F8FFFF,58DDFFFF
05B5345C00000000,50ADA601,759BC633,7A2E0000,12000000,4C000000,F4860000,ECF7FFFF,21060000,ECF7FFFF,58DDFFFF
6CB5345C00000000,47ADA601,979BC633,7A2E0000,12000000,4C000000,F4860000,D0F7FFFF,36060000,D0F7FFFF,58DDFFFF
CFB5345C00000000,3FADA601,B89BC633,7A2E0000,12000000,4C000000,F3860000,B4F7FFFF,4A060000,B4F7FFFF,57DDFFFF
31B6345C00000000,36ADA601,D99BC633,7A2E0000,12000000,4C000000,F3860000,98F7FFFF,5F060000,98F7FFFF,57DDFFFF
97B6345C00000000,2DADA601,FB9BC633,7A2E0000,12000000,4C000000,F3860000,7CF7FFFF,73060000,7CF7FFFF,57DDFFFF
FBB6345C00000000,25ADA601,1D9CC633,7A2E0000,12000000,4C000000,F3860000,60F7FFFF,88060000,60F7FFFF,57DDFFFF
61B7345C00000000,1CADA601,3F9CC633,7A2E0000,12000000,4C000000,F2860000,44F7FFFF,9D060000,44F7FFFF,56DDFFFF
C4B7345C00000000,13ADA601,609CC633,7A2E0000,12000000,4C000000,F2860000,28F7FFFF,B1060000,28F7FFFF,56DDFFFF
27B8345C00000000,0AADA601,829CC633,7A2E0000,12000000,4C000000,F2860000,0CF7FFFF,C6060000,0CF7FFFF,56DDFFFF
8DB8345C00000000,02ADA601,A49CC633,7A2E0000,12000000,4C000000,F2860000,F0F6FFFF,DB060000,F0F6FFFF,56DDFFFF
EFB8345C00000000,F9ACA601,C59CC633,7A2E0000,12000000,4C000000,F2860000,D4F6FFFF,EF060000,D4F6FFFF,56DDFFFF
55B9345C00000000,F0ACA601,E79CC633,7A2E0000,12000000,4C000000,F2860000,B8F6FFFF,04070000,B8F6FFFF,56DDFFFF
B9B9345C00000000,E7ACA601,089DC633,7A2E0000,12000000,4C000000,F1860000,9CF6FFFF,18070000,9CF6FFFF,55DDFFFF
1CBA345C00000000,DFACA601,2A9DC633,7A2E0000,12000000,4C000000,F1860000,80F6FFFF,2D070000,80F6FFFF,55DDFFFF
82BA345C00000000,D6ACA601,4C9DC633,7A2E0000,12000000,4C000000,F1860000,64F6FFFF,42070000,64F6FFFF,55DDFFFF
E5BA345C00000000,CDACA601,6D9DC633,7A2E0000,12000000,4C000000,F1860000,48F6FFFF,56070000,48F6FFFF,55DDFFFF
48BB345C00000000,C5ACA601,8F9DC633,7A2E0000,12000000,4C000000,F1860000,2CF6FFFF,6A070000,2CF6FFFF,55DDFFFF
ADBB345C00000000,BCACA601,B09DC633,7A2E0000,12000000,4C000000,F0860000,10F6FFFF,7F070000,10F6FFFF,54DDFFFF
11BC345C00000000,B3ACA601,D29DC633,7A2E0000,12000000,4C000000,F0860000,F4F5FFFF,94070000,F4F5FFFF,54DDFFFF
77BC345C00000000,AAACA601,F49DC633,7A2E0000,12000000,4C000000,F0860000,D8F5FFFF,A9070000,D8F5FFFF,54DDFFFF
DABC345C00000000,A2ACA601,159EC633,7A2E0000,12000000,4C000000,F0860000,BCF5FFFF,BD070000,BCF5FFFF,54DDFFFF
3DBD345C00000000,99ACA601,379EC633,7A2E0000,12000000,4C000000,F0860000,A0F5FFFF,D2070000,A0F5FFFF,54DDFFFF
A3BD345C00000000,90ACA601,589EC633,7A2E0000,12000000,4C000000,EF860000,84F5FFFF,E6070000,84F5FFFF,53DDFFFF
06BE345C00000000,87ACA601,7A9EC633,7A2E0000,12000000,4C000000,EF860000,68F5FFFF,FB070000,68F5FFFF,53DDFFFF
6BBE345C00000000,7FACA601,9C9EC633,7A2E0000,12000000,4C000000,EF860000,4CF5FFFF,10080000,4CF5FFFF,53DDFFFF
CFBE345C00000000,76ACA601,BE9EC633,7A2E0000,12000000,4C000000,EF860000,30F5FFFF,24080000,31F5FFFF,53DDFFFF
32BF345C00000000,6DACA601,E09EC633,7A2E0000,12000000,4C000000,EE860000,14F5FFFF,39080000,14F5FFFF,52DDFFFF
98BF345C00000000,64ACA601,019FC633,7A2E0000,12000000,4C000000,EE860000,F8F4FFFF,4E080000,F8F4FFFF,52DDFFFF
FABF345C00000000,5CACA601,239FC633,7A2E0000,12000000,4C000000,EE860000,DCF4FFFF,62080000,DDF4FFFF,52DDFFFF
5EC0345C00000000,53ACA601,449FC633,7A2E0000,12000000,4C000000,EE860000,C0F4FFFF,77080000,C0F4FFFF,52DDFFFF
C1C0345C00000000,4AACA601,669FC633,7A2E0000,12000000,4C000000,EE860000,A4F4FFFF,8C080000,A5F4FFFF,52DDFFFF
27C1345C00000000,41ACA601,889FC633,7A2E0000,12000000,4C000000,EE860000,88F4FFFF,A0080000,89F4FFFF,52DDFFFF
8DC1345C00000000,38ACA601,A99FC633,7A2E0000,12000000,4C000000,EE860000,6CF4FFFF,B5080000,6CF4FFFF,52DDFFFF
F0C1345C00000000,30ACA601,CB9FC633,7A2E0000,12000000,4C000000,EE860000,50F4FFFF,CA080000,51F4FFFF,52DDFFFF
53C2345C00000000,27ACA601,ED9FC633,7A2E0000,12000000,4C000000,ED860000,34F4FFFF,DF080000,35F4FFFF,51DDFFFF
B9C2345C00000000,1EACA601,0FA0C633,7A2E0000,12000000,4C000000,ED860000,18F4FFFF,F4080000,19F4FFFF,51DDFFFF
1CC3345C00000000,15ACA601,30A0C633,7A2E0000,12000000,4C000000,ED860000,FCF3FFFF,08090000,FDF3FFFF,51DDFFFF
82C3345C00000000,0DACA601,52A0C633,7A2E0000,12000000,4C000000,ED860000,E0F3FFFF,1D090000,E1F3FFFF,51DDFFFF
E5C3345C00000000,04ACA601,74A0C633,7A2E0000,12000000,4C000000,ED860000,C4F3FFFF,31090000,C5F3FFFF,51DDFFFF
48C4345C00000000,FBABA601,95A0C633,7A2E0000,12000000,4C000000,ED860000,A9F3FFFF,46090000,A9F3FFFF,51DDFFFF
AEC4345C00000000,F2ABA601,B7A0C633,7A2E0000,12000000,4C000000,EC860000,8DF3FFFF,5B090000,8DF3FFFF,50DDFFFF
11C5345C00000000,EAABA601,D8A0C633,7A2E0000,12000000,4C000000,EC860000,71F3FFFF,70090000,71F3FFFF,50DDFFFF
74C5345C00000000,E1ABA601,FAA0C633,7A2E0000,12000000,4C000000,EC860000,55F3FFFF,84090000,55F3FFFF,50DDFFFF
D9C5345C00000000,D8ABA601,1CA1C633,7A2E0000,12000000,4C000000,EC860000,39F3FFFF,9A090000,39F3FFFF,50DDFFFF
3DC6345C00000000,CFABA601,3EA1C633,7A2E0000,12000000,4C000000,EB860000,1DF3FFFF,AE090000,1DF3FFFF,4FDDFFFF
A4C6345C00000000,C6ABA601,60A1C633,7A2E0000,12000000,4C000000,EB860000,01F3FFFF,C3090000,01F3FFFF,4FDDFFFF
06C7345C00000000,BEABA601,81A1C633,7A2E0000,12000000,4C000000,EB860000,E5F2FFFF,D8090000,E5F2FFFF,4FDDFFFF
69C7345C00000000,B5ABA601,A3A1C633,7A2E0000,12000000,4C000000,EB860000,C9F2FFFF,ED090000,C9F2FFFF,4FDDFFFF
CFC7345C00000000,ACABA601,C5A1C633,7A2E0000,12000000,4C000000,EB860000,ADF2FFFF,010A0000,ADF2FFFF,4FDDFFFF
32C8345C00000000,A3ABA601,E6A1C633,7A2E0000,12000000,4C000000,EA860000,91F2FFFF,160A0000,91F2FFFF,4EDDFFFF
98C8345C00000000,9AABA601,08A2C633,7A2E0000,12000000,4C000000,EA860000,75F2FFFF,2B0A0000,75F2FFFF,4EDDFFFF
FBC8345C00000000,92ABA601,2AA2C633,7A2E0000,12000000,4C000000,EB860000,59F2FFFF,400A0000,59F2FFFF,4FDDFFFF
5EC9345C00000000,89ABA601,4CA2C633,7A2E0000,12000000,4C000000,EA860000,3DF2FFFF,550A0000,3DF2FFFF,4EDDFFFF
C4C9345C00000000,80ABA601,6EA2C633,7A2E0000,12000000,4C000000,EA860000,21F2FFFF,6A0A0000,21F2FFFF,4EDDFFFF
25CA345C00000000,77ABA601,8FA2C633,7A2E0000,12000000,4C000000,EA860000,05F2FFFF,7E0A0000,05F2FFFF,4EDDFFFF
8ACA345C00000000,6EABA601,B1A2C633,7A2E0000,12000000,4C000000,E9860000,E9F1FFFF,930A0000,E9F1FFFF,4DDDFFFF
F0CA345C00000000,66ABA601,D3A2C633,7A2E0000,12000000,4C000000,E9860000,CDF1FFFF,A80A0000,CDF1FFFF,4DDDFFFF
54CB345C00000000,5DABA601,F4A2C633,7A2E0000,12000000,4C000000,E9860000,B1F1FFFF,BC0A0000,B1F1FFFF,4DDDFFFF
B9CB345C00000000,54ABA601,16A3C633,7A2E0000,12000000,4C000000,E9860000,95F1FFFF,D10A0000,95F1FFFF,4DDDFFFF
1CCC345C00000000,4BABA601,38A3C633,7A2E0000,12000000,4C000000,E9860000,79F1FFFF,E70A0000,79F1FFFF,4DDDFFFF
7FCC345C00000000,42ABA601,5AA3C633,7A2E0000,12000000,4C000000,E9860000,5DF1FFFF,FB0A0000,5DF1FFFF,4DDDFFFF
E5CC345C00000000,3AABA601,7CA3C633,7A2E0000,12000000,4C000000,E9860000,41F1FFFF,100B0000,41F1FFFF,4DDDFFFF
48CD345C00000000,31ABA601,9DA3C633,7A2E0000,12000000,4C000000,E8860000,25F1FFFF,250B0000,25F1FFFF,4CDDFFFF
AECD345C00000000,28ABA601,BFA3C633,7A2E0000,12000000,4C000000,E8860000,09F1FFFF,3A0B0000,09F1FFFF,4CDDFFFF
0FCE345C00000000,1FABA601,E1A3C633,7A2E0000,12000000,4C000000,E8860000,EDF0FFFF,4E0B0000,EDF0FFFF,4CDDFFFF
74CE345C00000000,16ABA601,02A4C633,7A2E0000,12000000,4C000000,E8860000,D1F0FFFF,630B0000,D1F0FFFF,4CDDFFFF
DBCE345C00000000,0EABA601,24A4C633,7A2E0000,12000000,4C000000,E8860000,B5F0FFFF,780B0000,B5F0FFFF,4CDDFFFF
3DCF345C00000000,05ABA601,46A4C633,7A2E0000,12000000,4C000000,E7860000,99F0FFFF,8D0B0000,99F0FFFF,4BDDFFFF
A2CF345C00000000,FCAAA601,68A4C633,7A2E0000,12000000,4C000000,E7860000,7DF0FFFF,A20B0000,7DF0FFFF,4BDDFFFF
06D0345C00000000,F3AAA601,89A4C633,7A2E0000,12000000,4C000000,E7860000,61F0FFFF,B70B0000,61F0FFFF,4BDDFFFF
69D0345C00000000,EAAAA601,ABA4C633,7A2E0000,12000000,4C000000,E7860000,45F0FFFF,CB0B0000,45F0FFFF,4BDDFFFF
CCD0345C00000000,E1AAA601,CDA4C633,7A2E0000,12000000,4C000000,E7860000,29F0FFFF,E00B0000,29F0FFFF,4BDDFFFF
32D1345C00000000,D9AAA601,EEA4C633,7A2E0000,12000000,4C000000,E7860000,0DF0FFFF,F40B0000,0DF0FFFF,4BDDFFFF
95D1345C00000000,D0AAA601,10A5C633,7A2E0000,12000000,4C000000,E6860000,F1EFFFFF,090C0000,F1EFFFFF,4ADDFFFF
FBD1345C00000000,C7AAA601,32A5C633,7A2E0000,12000000,4C000000,E6860000,D5EFFFFF,1E0C0000,D5EFFFFF,4ADDFFFF
5DD2345C00000000,BEAAA601,54A5C633,7A2E0000,12000000,4C000000,E6860000,B9EFFFFF,330C0000,B9EFFFFF,4ADDFFFF
C4D2345C00000000,B5AAA601,75A5C633,7A2E0000,12000000,4C000000,E6860000,9DEFFFFF,470C0000,9DEFFFFF,4ADDFFFF
27D3345C00000000,ADAAA601,97A5C633,7A2E0000,12000000,4C000000,E5860000,81EFFFFF,5C0C0000,81EFFFFF,49DDFFFF
87D3345C00000000,A4AAA601,B9A5C633,7A2E0000,12000000,4C000000,E5860000,65EFFFFF,710C0000,65EFFFFF,49DDFFFF
F0D3345C00000000,9BAAA601,DBA5C633,7A2E0000,12000000,4C000000,E5860000,49EFFFFF,860C0000,49EFFFFF,49DDFFFF
54D4345C00000000,92AAA601,FCA5C633,7A2E0000,12000000,4C000000,E5860000,2DEFFFFF,9B0C0000,2DEFFFFF,49DDFFFF
B9D4345C00000000,89AAA601,1EA6C633,7A2E0000,12000000,4C000000,E5860000,11EFFFFF,B00C0000,11EFFFFF,49DDFFFF
19D5345C00000000,80AAA601,40A6C633,7A2E0000,12000000,4C000000,E5860000,F5EEFFFF,C40C0000,F5EEFFFF,49DDFFFF
80D5345C00000000,78AAA601,61A6C633,7A2E0000,12000000,4C000000,E5860000,D9EEFFFF,D90C0000,D9EEFFFF,49DDFFFF
E5D5345C00000000,6FAAA601,83A6C633,7A2E0000,12000000,4C000000,E4860000,BDEEFFFF,EE0C0000,BDEEFFFF,48DDFFFF
48D6345C00000000,66AAA601,A5A6C633,7A2E0000,12000000,4C000000,E4860000,A1EEFFFF,030D0000,A1EEFFFF,48DDFFFF
ACD6345C00000000,5DAAA601,C7A6C633,7A2E0000,12000000,4C000000,E4860000,85EEFFFF,180D0000,85EEFFFF,48DDFFFF
11D7345C00000000,54AAA601,E9A6C633,7A2E0000,12000000,4C000000,E4860000,69EEFFFF,2D0D0000,69EEFFFF,48DDFFFF
74D7345C00000000,4BAAA601,0BA7C633,7A2E0000,12000000,4C000000,E3860000,4DEEFFFF,420D0000,4DEEFFFF,47DDFFFF
D8D7345C00000000,42AAA601,2CA7C633,7A2E0000,12000000,4C000000,E4860000,31EEFFFF,570D0000,31EEFFFF,48DDFFFF
3DD8345C00000000,3AAAA601,4EA7C633,7A2E0000,12000000,4C000000,E5860000,16EEFFFF,6C0D0000,15EEFFFF,49DDFFFF
A0D8345C00000000,31AAA601,70A7C633,7A2E0000,12000000,4C000000,E6860000,FAEDFFFF,810D0000,F9EDFFFF,4ADDFFFF
07D9345C00000000,28AAA601,92A7C633,7A2E0000,12000000,4C000000,E7860000,DEEDFFFF,960D0000,DDEDFFFF,4BDDFFFF
69D9345C00000000,1FAAA601,B3A7C633,7A2E0000,12000000,4C000000,E8860000,C2EDFFFF,AB0D0000,C1EDFFFF,4CDDFFFF
D0D9345C00000000,16AAA601,D5A7C633,7A2E0000,12000000,4C000000,E8860000,A6EDFFFF,BF0D0000,A6EDFFFF,4CDDFFFF
32DA345C00000000,0DAAA601,F7A7C633,7A2E0000,12000000,4C000000,E8860000,8AEDFFFF,D50D0000,89EDFFFF,4CDDFFFF
95DA345C00000000,05AAA601,19A8C633,7A2E0000,12000000,4C000000,E9860000,6EEDFFFF,E90D0000,6EEDFFFF,4DDDFFFF
FCDA345C00000000,FCA9A601,3AA8C633,7A2E0000,12000000,4C000000,E9860000,52EDFFFF,FE0D0000,52EDFFFF,4DDDFFFF
5EDB345C00000000,F3A9A601,5CA8C633,7A2E0000,12000000,4C000000,EA860000,36EDFFFF,130E0000,36EDFFFF,4EDDFFFF
C1DB345C00000000,EAA9A601,7EA8C633,7A2E0000,12000000,4C000000,EA860000,1AEDFFFF,280E0000,1AEDFFFF,4EDDFFFF
28DC345C00000000,E1A9A601,A0A8C633,7A2E0000,12000000,4C000000,E9860000,FEECFFFF,3D0E0000,FEECFFFF,4DDDFFFF
8ADC345C00000000,D9A9A601,C1A8C633,7A2E0000,12000000,4C000000,E9860000,E2ECFFFF,520E0000,E2ECFFFF,4DDDFFFF
F0DC345C00000000,D0A9A601,E3A8C633,7A2E0000,12000000,4C000000,E8860000,C6ECFFFF,670E0000,C6ECFFFF,4CDDFFFF
53DD345C00000000,C7A9A601,05A9C633,7A2E0000,12000000,4C000000,E8860000,AAECFFFF,7B0E0000,AAECFFFF,4CDDFFFF
B7DD345C00000000,BEA9A601,27A9C633,7A2E0000,12000000,4C000000,E8860000,8EECFFFF,900E0000,8EECFFFF,4CDDFFFF
1DDE345C00000000,B5A9A601,49A9C633,7A2E0000,12000000,4C000000,E7860000,72ECFFFF,A50E0000,72ECFFFF,4BDDFFFF
7FDE345C00000000,ACA9A601,6AA9C633,7A2E0000,12000000,4C000000,E7860000,56ECFFFF,BA0E0000,56ECFFFF,4BDDFFFF
E5DE345C00000000,A4A9A601,8CA9C633,7A2E0000,12000000,4C000000,E7860000,3BECFFFF,CF0E0000,3AECFFFF,4BDDFFFF
48DF345C00000000,9BA9A601,AEA9C633,7A2E0000,12000000,4C000000,E6860000,1FECFFFF,E40E0000,1EECFFFF,4ADDFFFF
ABDF345C00000000,92A9A601,CFA9C633,7A2E0000,12000000,4C000000,E6860000,03ECFFFF,F90E0000,02ECFFFF,4ADDFFFF
11E0345C00000000,89A9A601,F1A9C633,7A2E0000,12000000,4C000000,E6860000,E7EBFFFF,0E0F0000,E6EBFFFF,4ADDFFFF
75E0345C00000000,80A9A601,13AAC633,7A2E0000,12000000,4C000000,E6860000,CBEBFFFF,230F0000,CAEBFFFF,4ADDFFFF
D8E0345C00000000,77A9A601,35AAC633,7A2E0000,12000000,4C000000,E6860000,AFEBFFFF,380F0000,AEEBFFFF,4ADDFFFF
3DE1345C00000000,6FA9A601,57AAC633,7A2E0000,12000000,4C000000,E6860000,93EBFFFF,4D0F0000,92EBFFFF,4ADDFFFF
A0E1345C00000000,66A9A601,78AAC633,7A2E0000,12000000,4C000000,E6860000,77EBFFFF,610F0000,76EBFFFF,4ADDFFFF
06E2345C00000000,5DA9A601,9AAAC633,7A2E0000,12000000,4C000000,E1860000,5CEBFFFF,770F0000,5AEBFFFF,45DDFFFF
69E2345C00000000,54A9A601,BBAAC633,7A2E0000,12000000,4C000000,DB860000,40EBFFFF,8B0F0000,3EEBFFFF,3FDDFFFF
CDE2345C00000000,4BA9A601,DDAAC633,7A2E0000,12000000,4C000000,DB860000,24EBFFFF,A10F0000,22EBFFFF,3FDDFFFF
32E3345C00000000,42A9A601,FFAAC633,7A2E0000,12000000,4C000000,DF860000,08EBFFFF,B60F0000,06EBFFFF,43DDFFFF
96E3345C00000000,3AA9A601,20ABC633,7A2E0000,12000000,4C000000,E1860000,ECEAFFFF,CA0F0000,EBEAFFFF,45DDFFFF
FCE3345C00000000,31A9A601,42ABC633,7A2E0000,12000000,4C000000,DF860000,D1EAFFFF,E00F0000,CFEAFFFF,43DDFFFF
5EE4345C00000000,28A9A601,63ABC633,7A2E0000,12000000,4C000000,DF860000,B6EAFFFF,F40F0000,B3EAFFFF,43DDFFFF
C1E4345C00000000,20A9A601,83ABC633,7A2E0000,12000000,4C000000,DF860000,9CEAFFFF,09100000,98EAFFFF,43DDFFFF
28E5345C00000000,17A9A601,A4ABC633,7A2E0000,12000000,4C000000,DE860000,81EAFFFF,1E100000,7CEAFFFF,42DDFFFF
8BE5345C00000000,0FA9A601,C3ABC633,7A2E0000,12000000,4C000000,DC860000,68EAFFFF,32100000,60EAFFFF,40DDFFFF
EDE5345C00000000,07A9A601,E2ABC633,7A2E0000,12000000,4C000000,DB860000,4FEAFFFF,47100000,45EAFFFF,3FDDFFFF
53E6345C00000000,FEA8A601,01ACC633,7A2E0000,12000000,4C000000,D7860000,37EAFFFF,5C100000,29EAFFFF,3BDDFFFF
B7E6345C00000000,F6A8A601,1FACC633,7A2E0000,12000000,4C000000,D3860000,20EAFFFF,70100000,0EEAFFFF,37DDFFFF
1CE7345C00000000,EFA8A601,3CACC633,7A2E0000,12000000,4C000000,CC860000,0BEAFFFF,85100000,F3E9FFFF,30DDFFFF
7EE7345C00000000,E7A8A601,58ACC633,7A2E0000,12000000,4C000000,C5860000,F6E9FFFF,9A100000,D7E9FFFF,29DDFFFF
E3E7345C00000000,E0A8A601,74ACC633,7A2E0000,12000000,4C000000,BC860000,E3E9FFFF,AF100000,BCE9FFFF,20DDFFFF
49E8345C00000000,D8A8A601,8FACC633,7A2E0000,12000000,4C000000,B2860000,D0E9FFFF,C4100000,A1E9FFFF,16DDFFFF
ABE8345C00000000,D2A8A601,A8ACC633,7A2E0000,12000000,4C000000,A5860000,C0E9FFFF,D8100000,86E9FFFF,09DDFFFF
12E9345C00000000,CBA8A601,C0ACC633,7A2E0000,12000000,4C000000,9F860000,B1E9FFFF,ED100000,6BE9FFFF,03DDFFFF
75E9345C00000000,C4A8A601,D8ACC633,7A2E0000,12000000,4C000000,99860000,A4E9FFFF,01110000,50E9FFFF,FDDCFFFF
D7E9345C00000000,BEA8A601,EFACC633,7A2E0000,12000000,4C000000,87860000,98E9FFFF,16110000,35E9FFFF,EBDCFFFF
3EEA345C00000000,B8A8A601,05ADC633,7A2E0000,12000000,4C000000,7A860000,8EE9FFFF,2A110000,1AE9FFFF,DEDCFFFF
A1EA345C00000000,B2A8A601,19ADC633,7A2E0000,12000000,4C000000,75860000,86E9FFFF,3E110000,FFE8FFFF,D9DCFFFF
04EB345C00000000,ACA8A601,2EADC633,7A2E0000,12000000,4C000000,6E860000,7FE9FFFF,53110000,E5E8FFFF,D2DCFFFF
68EB345C00000000,A6A8A601,43ADC633,7A2E0000,12000000,4C000000,6B860000,79E9FFFF,67110000,CAE8FFFF,CFDCFFFF
CCEB345C00000000,A1A8A601,56ADC633,7A2E0000,12000000,4C000000,6F860000,74E9FFFF,7B110000,B0E8FFFF,D3DCFFFF
32EC345C00000000,9BA8A601,6BADC633,7A2E0000,12000000,4C000000,6C860000,6FE9FFFF,90110000,95E8FFFF,D0DCFFFF
96EC345C00000000,95A8A601,80ADC633,7A2E0000,12000000,4C000000,65860000,6BE9FFFF,A5110000,7AE8FFFF,C9DCFFFF
F9EC345C00000000,8FA8A601,93ADC633,7A2E0000,12000000,4C000000,63860000,67E9FFFF,B9110000,60E8FFFF,C7DCFFFF
5EED345C00000000,89A8A601,A7ADC633,7A2E0000,12000000,4C000000,65860000,63E9FFFF,CE110000,45E8FFFF,C9DCFFFF
C1ED345C00000000,84A8A601,BBADC633,7A2E0000,12000000,4C000000,63860000,5FE9FFFF,E2110000,2AE8FFFF,C7DCFFFF
27EE345C00000000,7EA8A601,CFADC633,7A2E0000,12000000,4C000000,64860000,5CE9FFFF,F6110000,10E8FFFF,C8DCFFFF
8BEE345C00000000,79A8A601,E3ADC633,7A2E0000,12000000,4C000000,67860000,5AE9FFFF,0B120000,F5E7FFFF,CBDCFFFF
EDEE345C00000000,73A8A601,F6ADC633,7A2E0000,12000000,4C000000,6C860000,58E9FFFF,1F120000,DBE7FFFF,D0DCFFFF
52EF345C00000000,6DA8A601,0AAEC633,7A2E0000,12000000,4C000000,6D860000,55E9FFFF,34120000,C0E7FFFF,D1DCFFFF
B7EF345C00000000,68A8A601,1EAEC633,7A2E0000,12000000,4C000000,68860000,53E9FFFF,48120000,A4E7FFFF,CCDCFFFF
1AF0345C00000000,62A8A601,32AEC633,7A2E0000,12000000,4C000000,6A860000,51E9FFFF,5D120000,8AE7FFFF,CEDCFFFF
7FF0345C00000000,5CA8A601,46AEC633,7A2E0000,12000000,4C000000,70860000,4FE9FFFF,71120000,6FE7FFFF,D4DCFFFF
E3F0345C00000000,57A8A601,5AAEC633,7A2E0000,12000000,4C000000,72860000,4EE9FFFF,86120000,54E7FFFF,D6DCFFFF
49F1345C00000000,51A8A601,6EAEC633,7A2E0000,12000000,4C000000,74860000,4CE9FFFF,9B120000,39E7FFFF,D8DCFFFF
ABF1345C00000000,4BA8A601,82AEC633,7A2E0000,12000000,4C000000,78860000,49E9FFFF,B0120000,1EE7FFFF,DCDCFFFF
0EF2345C00000000,45A8A601,97AEC633,7A2E0000,12000000,4C000000,7C860000,47E9FFFF,C5120000,02E7FFFF,E0DCFFFF
75F2345C00000000,40A8A601,ABAEC633,7A2E0000,12000000,4C000000,81860000,45E9FFFF,D9120000,E7E6FFFF,E5DCFFFF
D8F2345C00000000,3AA8A601,BEAEC633,7A2E0000,12000000,4C000000,8B860000,42E9FFFF,EE120000,CCE6FFFF,EFDCFFFF
3CF3345C00000000,35A8A601,D3AEC633,7A2E0000,12000000,4C000000,92860000,3FE9FFFF,03130000,B0E6FFFF,F6DCFFFF
A1F3345C00000000,2FA8A601,E7AEC633,7A2E0000,12000000,4C000000,95860000,3DE9FFFF,17130000,95E6FFFF,F9DCFFFF
04F4345C00000000,2AA8A601,FBAEC633,7A2E0000,12000000,4C000000,9A860000,39E9FFFF,2C130000,7AE6FFFF,FEDCFFFF
6AF4345C00000000,24A8A601,0FAFC633,7A2E0000,12000000,4C000000,A0860000,36E9FFFF,41130000,5EE6FFFF,04DDFFFF
CDF4345C00000000,1FA8A601,23AFC633,7A2E0000,12000000,4C000000,A3860000,33E9FFFF,55130000,42E6FFFF,07DDFFFF
33F5345C00000000,19A8A601,38AFC633,7A2E0000,12000000,4C000000,A7860000,2FE9FFFF,6A130000,26E6FFFF,0BDDFFFF
96F5345C00000000,13A8A601,4CAFC633,7A2E0000,12000000,4C000000,B0860000,2AE9FFFF,7F130000,0AE6FFFF,14DDFFFF
F9F5345C00000000,0EA8A601,61AFC633,7A2E0000,12000000,4C000000,BC860000,26E9FFFF,94130000,EEE5FFFF,20DDFFFF
5FF6345C00000000,08A8A601,76AFC633,7A2E0000,12000000,4C000000,C9860000,22E9FFFF,A9130000,D3E5FFFF,2DDDFFFF
C2F6345C00000000,03A8A601,8BAFC633,7A2E0000,12000000,4C000000,D3860000,1EE9FFFF,BF130000,B7E5FFFF,37DDFFFF
25F7345C00000000,FDA7A601,A1AFC633,7A2E0000,12000000,4C000000,DC860000,1AE9FFFF,D4130000,9BE5FFFF,40DDFFFF
8AF7345C00000000,F7A7A601,B6AFC633,7A2E0000,12000000,4C000000,E8860000,15E9FFFF,EA130000,7FE5FFFF,4CDDFFFF
EEF7345C00000000,F2A7A601,CBAFC633,7A2E0000,12000000,4C000000,F2860000,11E9FFFF,00140000,63E5FFFF,56DDFFFF
53F8345C00000000,ECA7A601,E1AFC633,7A2E0000,12000000,4C000000,FE860000,0DE9FFFF,16140000,47E5FFFF,62DDFFFF
B7F8345C00000000,E7A7A601,F6AFC633,7A2E0000,12000000,4C000000,0B870000,08E9FFFF,2B140000,2BE5FFFF,6FDDFFFF
1AF9345C00000000,E1A7A601,0CB0C633,7A2E0000,12000000,4C000000,17870000,04E9FFFF,41140000,0FE5FFFF,7BDDFFFF
80F9345C00000000,DCA7A601,23B0C633,7A2E0000,12000000,4C000000,21870000,00E9FFFF,58140000,F3E4FFFF,85DDFFFF
E3F9345C00000000,D6A7A601,38B0C633,7A2E0000,12000000,4C000000,2A870000,FCE8FFFF,6E140000,D7E4FFFF,8EDDFFFF
49FA345C00000000,D1A7A601,4FB0C633,7A2E0000,12000000,4C000000,2F870000,F8E8FFFF,85140000,BBE4FFFF,93DDFFFF
ACFA345C00000000,CBA7A601,65B0C633,7A2E0000,12000000,4C000000,32870000,F4E8FFFF,9B140000,9FE4FFFF,96DDFFFF
0FFB345C00000000,C6A7A601,7BB0C633,7A2E0000,12000000,4C000000,36870000,EFE8FFFF,B1140000,83E4FFFF,9ADDFFFF
75FB345C00000000,C0A7A601,91B0C633,7A2E0000,12000000,4C000000,3C870000,EBE8FFFF,C8140000,67E4FFFF,A0DDFFFF
D8FB345C00000000,BBA7A601,A7B0C633,7A2E0000,12000000,4C000000,43870000,E6E8FFFF,DE140000,4BE4FFFF,A7DDFFFF
3BFC345C00000000,B6A7A601,BDB0C633,7A2E0000,12000000,4C000000,4B870000,E2E8FFFF,F5140000,2FE4FFFF,AFDDFFFF
9DFC345C00000000,B0A7A601,D4B0C633,7A2E0000,12000000,4C000000,4F870000,DDE8FFFF,0C150000,13E4FFFF,B3DDFFFF
04FD345C00000000,ABA7A601,EAB0C633,7A2E0000,12000000,4C000000,4F870000,D8E8FFFF,22150000,F7E3FFFF,B3DDFFFF
6AFD345C00000000,A5A7A601,01B1C633,7A2E0000,12000000,4C000000,4B870000,D3E8FFFF,39150000,DBE3FFFF,AFDDFFFF
CCFD345C00000000,A0A7A601,17B1C633,7A2E0000,12000000,4C000000,47870000,CEE8FFFF,4F150000,C0E3FFFF,ABDDFFFF
30FE345C00000000,9AA7A601,2DB1C633,7A2E0000,12000000,4C000000,43870000,C9E8FFFF,65150000,A4E3FFFF,A7DDFFFF
96FE345C00000000,95A7A601,44B1C633,7A2E0000,12000000,4C000000,3E870000,C4E8FFFF,7D150000,88E3FFFF,A2DDFFFF
F8FE345C00000000,8FA7A601,5BB1C633,7A2E0000,12000000,4C000000,3C870000,BFE8FFFF,93150000,6CE3FFFF,A0DDFFFF
5FFF345C00000000,8AA7A601,71B1C633,7A2E0000,12000000,4C000000,3D870000,B9E8FFFF,A9150000,50E3FFFF,A1DDFFFF
C2FF345C00000000,84A7A601,88B1C633,7A2E0000,12000000,4C000000,3C870000,B3E8FFFF,C0150000,34E3FFFF,A0DDFFFF
2500355C00000000,7FA7A601,9EB1C633,7A2E0000,12000000,4C000000,38870000,ADE8FFFF,D6150000,18E3FFFF,9CDDFFFF
8A00355C00000000,79A7A601,B4B1C633,7A2E0000,12000000,4C000000,30870000,A7E8FFFF,EC150000,FCE2FFFF,94DDFFFF
EE00355C00000000,73A7A601,CBB1C633,7A2E0000,12000000,4C000000,2C870000,A0E8FFFF,02160000,E0E2FFFF,90DDFFFF
5101355C00000000,6EA7A601,E2B1C633,7A2E0000,12000000,4C000000,29870000,98E8FFFF,18160000,C4E2FFFF,8DDDFFFF
B401355C00000000,68A7A601,F9B1C633,7A2E0000,12000000,4C000000,27870000,8FE8FFFF,2F160000,A8E2FFFF,8BDDFFFF
1A02355C00000000,62A7A601,10B2C633,7A2E0000,12000000,4C000000,1F870000,86E8FFFF,45160000,8CE2FFFF,83DDFFFF
8002355C00000000,5CA7A601,27B2C633,7A2E0000,12000000,4C000000,13870000,7DE8FFFF,5B160000,70E2FFFF,77DDFFFF
E302355C00000000,56A7A601,3EB2C633,7A2E0000,12000000,4C000000,09870000,73E8FFFF,70160000,55E2FFFF,6DDDFFFF
4603355C00000000,51A7A601,55B2C633,7A2E0000,12000000,4C000000,FD860000,68E8FFFF,85160000,38E2FFFF,61DDFFFF
AC03355C00000000,4BA7A601,6CB2C633,7A2E0000,12000000,4C000000,F2860000,5CE8FFFF,9A160000,1DE2FFFF,56DDFFFF
0F04355C00000000,45A7A601,83B2C633,7A2E0000,12000000,4C000000,E8860000,51E8FFFF,AF160000,01E2FFFF,4CDDFFFF
7504355C00000000,3EA7A601,9BB2C633,7A2E0000,12000000,4C000000,DA860000,44E8FFFF,C4160000,E5E1FFFF,3EDDFFFF
D804355C00000000,38A7A601,B2B2C633,7A2E0000,12000000,4C000000,D1860000,38E8FFFF,D8160000,C9E1FFFF,35DDFFFF
3B05355C00000000,32A7A601,C9B2C633,7A2E0000,12000000,4C000000,C6860000,2AE8FFFF,EC160000,ADE1FFFF,2ADDFFFF
A105355C00000000,2CA7A601,E1B2C633,7A2E0000,12000000,4C000000,BC860000,1CE8FFFF,00170000,91E1FFFF,20DDFFFF
0406355C00000000,25A7A601,F9B2C633,7A2E0000,12000000,4C000000,B8860000,0EE8FFFF,14170000,75E1FFFF,1CDDFFFF
6706355C00000000,1FA7A601,11B3C633,7A2E0000,12000000,4C000000,AE860000,FFE7FFFF,28170000,59E1FFFF,12DDFFFF
CB06355C00000000,18A7A601,29B3C633,7A2E0000,12000000,4C000000,A9860000,F0E7FFFF,3D170000,3DE1FFFF,0DDDFFFF
3007355C00000000,11A7A601,42B3C633,7A2E0000,12000000,4C000000,A5860000,E0E7FFFF,51170000,21E1FFFF,09DDFFFF
9607355C00000000,0AA7A601,5BB3C633,7A2E0000,12000000,4C000000,A3860000,D0E7FFFF,65170000,05E1FFFF,07DDFFFF
F907355C00000000,04A7A601,73B3C633,7A2E0000,12000000,4C000000,9A860000,BFE7FFFF,78170000,E9E0FFFF,FEDCFFFF
5C08355C00000000,FDA6A601,8DB3C633,7A2E0000,12000000,4C000000,89860000,AEE7FFFF,8C170000,CDE0FFFF,EDDCFFFF
C208355C00000000,F5A6A601,A6B3C633,7A2E0000,12000000,4C000000,79860000,9CE7FFFF,A0170000,B1E0FFFF,DDDCFFFF
2509355C00000000,EEA6A601,C0B3C633,7A2E0000,12000000,4C000000,7B860000,8BE7FFFF,B4170000,96E0FFFF,DFDCFFFF
8B09355C00000000,E7A6A601,DBB3C633,7A2E0000,12000000,4C000000,8F860000,78E7FFFF,C8170000,7AE0FFFF,F3DCFFFF
EF09355C00000000,E0A6A601,F4B3C633,7A2E0000,12000000,4C000000,98860000,65E7FFFF,DB170000,5FE0FFFF,FCDCFFFF
510A355C00000000,D8A6A601,0FB4C633,7A2E0000,12000000,4C000000,89860000,52E7FFFF,EF170000,43E0FFFF,EDDCFFFF
B70A355C00000000,D1A6A601,2AB4C633,7A2E0000,12000000,4C000000,7F860000,3EE7FFFF,02180000,27E0FFFF,E3DCFFFF
1A0B355C00000000,C9A6A601,45B4C633,7A2E0000,12000000,4C000000,81860000,29E7FFFF,15180000,0BE0FFFF,E5DCFFFF
7E0B355C00000000,C1A6A601,60B4C633,7A2E0000,12000000,4C000000,85860000,14E7FFFF,29180000,F0DFFFFF,E9DCFFFF
E30B355C00000000,BAA6A601,7CB4C633,7A2E0000,12000000,4C000000,8C860000,FEE6FFFF,3C180000,D5DFFFFF,F0DCFFFF
460C355C00000000,B2A6A601,99B4C633,7A2E0000,12000000,4C000000,8D860000,E8E6FFFF,4F180000,B9DFFFFF,F1DCFFFF
AC0C355C00000000,AAA6A601,B6B4C633,7A2E0000,12000000,4C000000,8F860000,D1E6FFFF,62180000,9DDFFFFF,F3DCFFFF
0E0D355C00000000,A2A6A601,D3B4C633,7A2E0000,12000000,4C000000,93860000,BAE6FFFF,76180000,81DFFFFF,F7DCFFFF
720D355C00000000,99A6A601,F0B4C633,7A2E0000,12000000,4C000000,91860000,A2E6FFFF,89180000,65DFFFFF,F5DCFFFF
D90D355C00000000,91A6A601,0FB5C633,7A2E0000,12000000,4C000000,8D860000,88E6FFFF,9D180000,49DFFFFF,F1DCFFFF
3B0E355C00000000,88A6A601,2EB5C633,7A2E0000,12000000,4C000000,8C860000,6FE6FFFF,B0180000,2DDFFFFF,F0DCFFFF
A10E355C00000000,7FA6A601,4DB5C633,7A2E0000,12000000,4C000000,8B860000,55E6FFFF,C3180000,11DFFFFF,EFDCFFFF
040F355C00000000,77A6A601,6DB5C633,7A2E0000,12000000,4C000000,8C860000,3AE6FFFF,D6180000,F5DEFFFF,F0DCFFFF
670F355C00000000,6EA6A601,8CB5C633,7A2E0000,12000000,4C000000,8A860000,1FE6FFFF,E9180000,D9DEFFFF,EEDCFFFF
CD0F355C00000000,65A6A601,ADB5C633,7A2E0000,12000000,4C000000,88860000,03E6FFFF,FC180000,BDDEFFFF,ECDCFFFF
3010355C00000000,5CA6A601,CEB5C633,7A2E0000,12000000,4C000000,86860000,E7E5FFFF,10190000,A1DEFFFF,EADCFFFF
9310355C00000000,52A6A601,EEB5C633,7A2E0000,12000000,4C000000,82860000,CBE5FFFF,23190000,85DEFFFF,E6DCFFFF
F910355C00000000,49A6A601,0FB6C633,7A2E0000,12000000,4C000000,85860000,AFE5FFFF,36190000,69DEFFFF,E9DCFFFF
5C11355C00000000,40A6A601,30B6C633,7A2E0000,12000000,4C000000,8A860000,93E5FFFF,49190000,4DDEFFFF,EEDCFFFF
C311355C00000000,37A6A601,51B6C633,7A2E0000,12000000,4C000000,8B860000,77E5FFFF,5C190000,31DEFFFF,EFDCFFFF
2512355C00000000,2EA6A601,71B6C633,7A2E0000,12000000,4C000000,87860000,5BE5FFFF,6F190000,16DEFFFF,EBDCFFFF
8812355C00000000,25A6A601,92B6C633,7A2E0000,12000000,4C000000,7F860000,3FE5FFFF,82190000,FADDFFFF,E3DCFFFF
EE12355C00000000,1CA6A601,B3B6C633,7A2E0000,12000000,4C000000,81860000,23E5FFFF,96190000,DEDDFFFF,E5DCFFFF
5113355C00000000,12A6A601,D3B6C633,7A2E0000,12000000,4C000000,82860000,07E5FFFF,A9190000,C2DDFFFF,E6DCFFFF
B613355C00000000,09A6A601,F4B6C633,7A2E0000,12000000,4C000000,85860000,EBE4FFFF,BC190000,A6DDFFFF,E9DCFFFF
1B14355C00000000,00A6A601,14B7C633,7A2E0000,12000000,4C000000,86860000,CFE4FFFF,CF190000,8ADDFFFF,EADCFFFF
7D14355C00000000,F7A5A601,35B7C633,7A2E0000,12000000,4C000000,8B860000,B3E4FFFF,E2190000,6EDDFFFF,EFDCFFFF
E114355C00000000,EEA5A601,56B7C633,7A2E0000,12000000,4C000000,92860000,97E4FFFF,F6190000,52DDFFFF,F6DCFFFF
4715355C00000000,E5A5A601,77B7C633,7A2E0000,12000000,4C000000,A0860000,7BE4FFFF,0A1A0000,36DDFFFF,04DDFFFF
AC15355C00000000,DCA5A601,98B7C633,7A2E0000,12000000,4C000000,B5860000,5FE4FFFF,1E1A0000,1ADDFFFF,19DDFFFF
0F16355C00000000,D3A5A601,BAB7C633,7A2E0000,12000000,4C000000,D2860000,43E4FFFF,331A0000,FEDCFFFF,36DDFFFF
7216355C00000000,CAA5A601,DCB7C633,7A2E0000,12000000,4C000000,F5860000,27E4FFFF,471A0000,E2DCFFFF,59DDFFFF
D916355C00000000,C1A5A601,FEB7C633,7A2E0000,12000000,4C000000,16870000,0BE4FFFF,5D1A0000,C6DCFFFF,7ADDFFFF
3B17355C00000000,B9A5A601,21B8C633,7A2E0000,12000000,4C000000,43870000,EFE3FFFF,741A0000,AADCFFFF,A7DDFFFF
9E17355C00000000,B1A5A601,45B8C633,7A2E0000,12000000,4C000000,70870000,D3E3FFFF,8B1A0000,8EDCFFFF,D4DDFFFF
0518355C00000000,A8A5A601,69B8C633,7A2E0000,12000000,4C000000,AD870000,B7E3FFFF,A31A0000,73DCFFFF,11DEFFFF
6718355C00000000,A1A5A601,8DB8C633,7A2E0000,12000000,4C000000,EF870000,9BE3FFFF,BB1A0000,57DCFFFF,53DEFFFF
CC18355C00000000,99A5A601,B2B8C633,7A2E0000,12000000,4C000000,39880000,7FE3FFFF,D51A0000,3BDCFFFF,9DDEFFFF
3019355C00000000,92A5A601,D8B8C633,7A2E0000,12000000,4C000000,84880000,63E3FFFF,EF1A0000,1FDCFFFF,E8DEFFFF
9419355C00000000,8CA5A601,FEB8C633,7A2E0000,12000000,4C000000,CE880000,47E3FFFF,091B0000,03DCFFFF,32DFFFFF
F919355C00000000,86A5A601,25B9C633,7A2E0000,12000000,4C000000,23890000,2BE3FFFF,251B0000,E7DBFFFF,87DFFFFF
5C1A355C00000000,80A5A601,4CB9C633,7A2E0000,12000000,4C000000,7E890000,0FE3FFFF,411B0000,CBDBFFFF,E2DFFFFF
C21A355C00000000,7BA5A601,73B9C633,7A2E0000,12000000,4C000000,DA890000,F3E2FFFF,5D1B0000,AFDBFFFF,3EE0FFFF
261B355C00000000,77A5A601,9AB9C633,7A2E0000,12000000,4C000000,368A0000,D7E2FFFF,791B0000,94DBFFFF,9AE0FFFF
881B355C00000000,73A5A601,C2B9C633,7A2E0000,12000000,4C000000,978A0000,BBE2FFFF,951B0000,78DBFFFF,FBE0FFFF
EE1B355C00000000,70A5A601,E9B9C633,7A2E0000,12000000,4C000000,F18A0000,9FE2FFFF,B11B0000,5CDBFFFF,55E1FFFF
511C355C00000000,6EA5A601,11BAC633,7A2E0000,12000000,4C000000,538B0000,83E2FFFF,CD1B0000,40DBFFFF,B7E1FFFF
B41C355C00000000,6DA5A601,38BAC633,7A2E0000,12000000,4C000000,B48B0000,67E2FFFF,E91B0000,24DBFFFF,18E2FFFF
1A1D355C00000000,6CA5A601,60BAC633,7A2E0000,12000000,4C000000,148C0000,4BE2FFFF,051C0000,08DBFFFF,78E2FFFF
7D1D355C00000000,6BA5A601,88BAC633,7A2E0000,12000000,4C000000,758C0000,2FE2FFFF,211C0000,ECDAFFFF,D9E2FFFF
E31D355C00000000,6CA5A601,AFBAC633,7A2E0000,12000000,4C000000,DD8C0000,13E2FFFF,3D1C0000,D0DAFFFF,41E3FFFF
461E355C00000000,6DA5A601,D7BAC633,7A2E0000,12000000,4C000000,548D0000,F7E1FFFF,591C0000,B4DAFFFF,B8E3FFFF
A81E355C00000000,6FA5A601,FEBAC633,7A2E0000,12000000,4C000000,C88D0000,DBE1FFFF,751C0000,98DAFFFF,2CE4FFFF
0E1F355C00000000,72A5A601,26BBC633,7A2E0000,12000000,4C000000,588E0000,BFE1FFFF,911C0000,7CDAFFFF,BCE4FFFF
721F355C00000000,76A5A601,4DBBC633,7A2E0000,12000000,4C000000,E38E0000,A3E1FFFF,AD1C0000,60DAFFFF,47E5FFFF
D71F355C00000000,7BA5A601,74BBC633,7A2E0000,12000000,4C000000,878F0000,87E1FFFF,C91C0000,44DAFFFF,EBE5FFFF
3B20355C00000000,81A5A601,9CBBC633,7A2E0000,12000000,4C000000,2A900000,6BE1FFFF,E51C0000,28DAFFFF,8EE6FFFF
9D20355C00000000,89A5A601,C2BBC633,7A2E0000,12000000,4C000000,C9900000,4FE1FFFF,011D0000,0DDAFFFF,2DE7FFFF
0321355C00000000,91A5A601,E9BBC633,7A2E0000,12000000,4C000000,68910000,33E1FFFF,1D1D0000,F1D9FFFF,CCE7FFFF
6721355C00000000,9AA5A601,10BCC633,7A2E0000,12000000,4C000000,F7910000,17E1FFFF,391D0000,D5D9FFFF,5BE8FFFF
CA21355C00000000,A5A5A601,36BCC633,7A2E0000,12000000,4C000000,8F920000,FBE0FFFF,551D0000,B9D9FFFF,F3E8FFFF
2C22355C00000000,B0A5A601,5CBCC633,7A2E0000,12000000,4C000000,35930000,DFE0FFFF,711D0000,9ED9FFFF,99E9FFFF
9322355C00000000,BDA5A601,81BCC633,7A2E0000,12000000,4C000000,CE930000,C4E0FFFF,8D1D0000,82D9FFFF,32EAFFFF
F822355C00000000,CAA5A601,A6BCC633,7A2E0000,12000000,4C000000,70940000,A8E0FFFF,A91D0000,66D9FFFF,D4EAFFFF
5B23355C00000000,D9A5A601,CBBCC633,7A2E0000,12000000,4C000000,14950000,8CE0FFFF,C51D0000,4AD9FFFF,78EBFFFF
BE23355C00000000,E8A5A601,EFBCC633,7A2E0000,12000000,4C000000,AB950000,70E0FFFF,E11D0000,2ED9FFFF,0FECFFFF
2524355C00000000,F9A5A601,13BDC633,7A2E0000,12000000,4C000000,6B960000,54E0FFFF,FD1D0000,12D9FFFF,CFECFFFF
8824355C00000000,0BA6A601,36BDC633,7A2E0000,12000000,4C000000,1C970000,39E0FFFF,191E0000,F6D8FFFF,80EDFFFF
EA24355C00000000,1EA6A601,59BDC633,7A2E0000,12000000,4C000000,C3970000,1DE0FFFF,351E0000,DAD8FFFF,27EEFFFF
5025355C00000000,31A6A601,7ABDC633,7A2E0000,12000000,4C000000,54980000,01E0FFFF,501E0000,BFD8FFFF,B8EEFFFF
B425355C00000000,45A6A601,9CBDC633,7A2E0000,12000000,4C000000,E5980000,E6DFFFFF,6C1E0000,A3D8FFFF,49EFFFFF
1926355C00000000,5BA6A601,BDBDC633,7A2E0000,12000000,4C000000,8F990000,CADFFFFF,881E0000,87D8FFFF,F3EFFFFF
7C26355C00000000,71A6A601,DDBDC633,7A2E0000,12000000,4C000000,2D9A0000,AEDFFFFF,A31E0000,6BD8FFFF,91F0FFFF
E026355C00000000,89A6A601,FCBDC633,7A2E0000,12000000,4C000000,119B0000,92DFFFFF,BF1E0000,51D8FFFF,75F1FFFF
4627355C00000000,A1A6A601,1BBEC633,7A2E0000,12000000,4C000000,CE9B0000,76DFFFFF,DA1E0000,35D8FFFF,32F2FFFF
A827355C00000000,BBA6A601,39BEC633,7A2E0000,12000000,4C000000,329C0000,5BDFFFFF,F61E0000,19D8FFFF,96F2FFFF
0F28355C00000000,D5A6A601,57BEC633,7A2E0000,12000000,4C000000,989C0000,3FDFFFFF,121F0000,FDD7FFFF,FCF2FFFF
7228355C00000000,EFA6A601,74BEC633,7A2E0000,12000000,4C000000,019D0000,23DFFFFF,2E1F0000,E2D7FFFF,65F3FFFF
D428355C00000000,09A7A601,91BEC633,7A2E0000,12000000,4C000000,669D0000,07DFFFFF,491F0000,C7D7FFFF,CAF3FFFF
3B29355C00000000,24A7A601,ADBEC633,7A2E0000,12000000,4C000000,C59D0000,EBDEFFFF,641F0000,ACD7FFFF,29F4FFFF
9D29355C00000000,40A7A601,C8BEC633,7A2E0000,12000000,4C000000,1F9E0000,CFDEFFFF,7F1F0000,91D7FFFF,83F4FFFF
052A355C00000000,5BA7A601,E3BEC633,7A2E0000,12000000,4C000000,709E0000,B3DEFFFF,991F0000,75D7FFFF,D4F4FFFF
672A355C00000000,77A7A601,FEBEC633,7A2E0000,12000000,4C000000,B59E0000,97DEFFFF,B41F0000,59D7FFFF,19F5FFFF
CA2A355C00000000,93A7A601,18BFC633,7A2E0000,12000000,4C000000,F79E0000,7BDEFFFF,CD1F0000,3DD7FFFF,5BF5FFFF
2F2B355C00000000,AFA7A601,31BFC633,7A2E0000,12000000,4C000000,389F0000,5FDEFFFF,E71F0000,22D7FFFF,9CF5FFFF
932B355C00000000,CAA7A601,4ABFC633,7A2E0000,12000000,4C000000,6D9F0000,43DEFFFF,FF1F0000,06D7FFFF,D1F5FFFF
F62B355C00000000,E6A7A601,62BFC633,7A2E0000,12000000,4C000000,909F0000,27DEFFFF,17200000,EAD6FFFF,F4F5FFFF
5C2C355C00000000,01A8A601,7ABFC633,7A2E0000,12000000,4C000000,A79F0000,0BDEFFFF,2E200000,CED6FFFF,0BF6FFFF
BF2C355C00000000,1BA8A601,91BFC633,7A2E0000,12000000,4C000000,BA9F0000,EFDDFFFF,43200000,B2D6FFFF,1EF6FFFF
242D355C00000000,35A8A601,A8BFC633,7A2E0000,12000000,4C000000,D29F0000,D3DDFFFF,57200000,97D6FFFF,36F6FFFF
872D355C00000000,4FA8A601,BEBFC633,7A2E0000,12000000,4C000000,DB9F0000,B7DDFFFF,6A200000,7BD6FFFF,3FF6FFFF
EB2D355C00000000,68A8A601,D3BFC633,7A2E0000,12000000,4C000000,DB9F0000,9BDDFFFF,7B200000,5FD6FFFF,3FF6FFFF
512E355C00000000,81A8A601,E8BFC633,7A2E0000,12000000,4C000000,DE9F0000,7FDDFFFF,8C200000,43D6FFFF,42F6FFFF
B32E355C00000000,99A8A601,FDBFC633,7A2E0000,12000000,4C000000,E79F0000,63DDFFFF,9B200000,27D6FFFF,4BF6FFFF
1A2F355C00000000,B0A8A601,12C0C633,7A2E0000,12000000,4C000000,F49F0000,47DDFFFF,A9200000,0BD6FFFF,58F6FFFF
7D2F355C00000000,C8A8A601,26C0C633,7A2E0000,12000000,4C000000,FA9F0000,2BDDFFFF,B6200000,F0D5FFFF,5EF6FFFF
E02F355C00000000,DFA8A601,39C0C633,7A2E0000,12000000,4C000000,FD9F0000,0FDDFFFF,C2200000,D4D5FFFF,61F6FFFF
4530355C00000000,F6A8A601,4DC0C633,7A2E0000,12000000,4C000000,FB9F0000,F3DCFFFF,CD200000,B8D5FFFF,5FF6FFFF
A530355C00000000,0DA9A601,60C0C633,7A2E0000,12000000,4C000000,F99F0000,D7DCFFFF,D7200000,9CD5FFFF,5DF6FFFF
0C31355C00000000,23A9A601,73C0C633,7A2E0000,12000000,4C000000,F79F0000,BBDCFFFF,E1200000,81D5FFFF,5BF6FFFF
7231355C00000000,3AA9A601,87C0C633,7A2E0000,12000000,4C000000,F49F0000,9FDCFFFF,EA200000,65D5FFFF,58F6FFFF
D431355C00000000,50A9A601,9AC0C633,7A2E0000,12000000,4C000000,F29F0000,83DCFFFF,F3200000,49D5FFFF,56F6FFFF
3B32355C00000000,66A9A601,ADC0C633,7A2E0000,12000000,4C000000,F09F0000,67DCFFFF,FB200000,2ED5FFFF,54F6FFFF
9E32355C00000000,7CA9A601,C0C0C633,7A2E0000,12000000,4C000000,EE9F0000,4BDCFFFF,03210000,12D5FFFF,52F6FFFF
0133355C00000000,92A9A601,D2C0C633,7A2E0000,12000000,4C000000,E99F0000,2FDCFFFF,0A210000,F6D4FFFF,4DF6FFFF
6533355C00000000,A8A9A601,E5C0C633,7A2E0000,12000000,4C000000,E69F0000,13DCFFFF,11210000,DAD4FFFF,4AF6FFFF
CA33355C00000000,BEA9A601,F8C0C633,7A2E0000,12000000,4C000000,E49F0000,F7DBFFFF,18210000,BED4FFFF,48F6FFFF
3034355C00000000,D4A9A601,0BC1C633,7A2E0000,12000000,4C000000,DF9F0000,DBDBFFFF,1F210000,A2D4FFFF,43F6FFFF
9234355C00000000,E9A9A601,1EC1C633,7A2E0000,12000000,4C000000,D69F0000,BFDBFFFF,25210000,86D4FFFF,3AF6FFFF
F634355C00000000,FFA9A601,30C1C633,7A2E0000,12000000,4C000000,CB9F0000,A3DBFFFF,2B210000,6AD4FFFF,2FF6FFFF
5C35355C00000000,15AAA601,43C1C633,7A2E0000,12000000,4C000000,C29F0000,87DBFFFF,30210000,4ED4FFFF,26F6FFFF
BF35355C00000000,2AAAA601,56C1C633,7A2E0000,12000000,4C000000,B79F0000,6BDBFFFF,36210000,33D4FFFF,1BF6FFFF
2236355C00000000,3FAAA601,69C1C633,7A2E0000,12000000,4C000000,AD9F0000,4FDBFFFF,3B210000,17D4FFFF,11F6FFFF
8836355C00000000,55AAA601,7BC1C633,7A2E0000,12000000,4C000000,A29F0000,33DBFFFF,3F210000,FBD3FFFF,06F6FFFF
EA36355C00000000,6AAAA601,8EC1C633,7A2E0000,12000000,4C000000,999F0000,17DBFFFF,44210000,DFD3FFFF,FDF5FFFF
5137355C00000000,7FAAA601,A1C1C633,7A2E0000,12000000,4C000000,8E9F0000,FBDAFFFF,48210000,C3D3FFFF,F2F5FFFF
B437355C00000000,94AAA601,B4C1C633,7A2E0000,12000000,4C000000,859F0000,DFDAFFFF,4C210000,A7D3FFFF,E9F5FFFF
1738355C00000000,A9AAA601,C6C1C633,7A2E0000,12000000,4C000000,7B9F0000,C3DAFFFF,50210000,8BD3FFFF,DFF5FFFF
7D38355C00000000,BEAAA601,D9C1C633,7A2E0000,12000000,4C000000,719F0000,A7DAFFFF,53210000,6FD3FFFF,D5F5FFFF
E038355C00000000,D3AAA601,ECC1C633,7A2E0000,12000000,4C000000,679F0000,8BDAFFFF,57210000,53D3FFFF,CBF5FFFF
4639355C00000000,E8AAA601,FFC1C633,7A2E0000,12000000,4C000000,5D9F0000,6FDAFFFF,5A210000,37D3FFFF,C1F5FFFF
A839355C00000000,FDAAA601,12C2C633,7A2E0000,12000000,4C000000,569F0000,53DAFFFF,5C210000,1BD3FFFF,BAF5FFFF
0C3A355C00000000,12ABA601,25C2C633,7A2E0000,12000000,4C000000,4D9F0000,37DAFFFF,5F210000,FFD2FFFF,B1F5FFFF
723A355C00000000,27ABA601,37C2C633,7A2E0000,12000000,4C000000,479F0000,1BDAFFFF,61210000,E3D2FFFF,ABF5FFFF
D53A355C00000000,3CABA601,4AC2C633,7A2E0000,12000000,4C000000,409F0000,FFD9FFFF,64210000,C7D2FFFF,A4F5FFFF
373B355C00000000,50ABA601,5DC2C633,7A2E0000,12000000,4C000000,399F0000,E3D9FFFF,66210000,ABD2FFFF,9DF5FFFF
9D3B355C00000000,65ABA601,70C2C633,7A2E0000,12000000,4C000000,339F0000,C7D9FFFF,68210000,8FD2FFFF,97F5FFFF
013C355C00000000,7AABA601,83C2C633,7A2E0000,12000000,4C000000,309F0000,ABD9FFFF,6A210000,74D2FFFF,94F5FFFF
663C355C00000000,8EABA601,96C2C633,7A2E0000,12000000,4C000000,2E9F0000,8FD9FFFF,6C210000,58D2FFFF,92F5FFFF
C63C355C00000000,A3ABA601,A9C2C633,7A2E0000,12000000,4C000000,2D9F0000,73D9FFFF,6E210000,3CD2FFFF,91F5FFFF
2D3D355C00000000,B8ABA601,BCC2C633,7A2E0000,12000000,4C000000,299F0000,57D9FFFF,6F210000,20D2FFFF,8DF5FFFF
933D355C00000000,CCABA601,CFC2C633,7A2E0000,12000000,4C000000,299F0000,3BD9FFFF,71210000,04D2FFFF,8DF5FFFF
F63D355C00000000,E1ABA601,E2C2C633,7A2E0000,12000000,4C000000,2C9F0000,1FD9FFFF,73210000,E8D1FFFF,90F5FFFF
593E355C00000000,F6ABA601,F5C2C633,7A2E0000,12000000,4C000000,2E9F0000,03D9FFFF,75210000,CCD1FFFF,92F5FFFF
BF3E355C00000000,0AACA601,08C3C633,7A2E0000,12000000,4C000000,2D9F0000,E7D8FFFF,76210000,B0D1FFFF,91F5FFFF
223F355C00000000,1FACA601,1BC3C633,7A2E0000,12000000,4C000000,2B9F0000,CBD8FFFF,78210000,94D1FFFF,8FF5FFFF
873F355C00000000,34ACA601,2EC3C633,7A2E0000,12000000,4C000000,299F0000,AFD8FFFF,7A210000,79D1FFFF,8DF5FFFF
EB3F355C00000000,49ACA601,41C3C633,7A2E0000,12000000,4C000000,279F0000,93D8FFFF,7C210000,5DD1FFFF,8BF5FFFF
5140355C00000000,5DACA601,54C3C633,7A2E0000,12000000,4C000000,249F0000,77D8FFFF,7E210000,41D1FFFF,88F5FFFF
B440355C00000000,72ACA601,67C3C633,7A2E0000,12000000,4C000000,1A9F0000,5BD8FFFF,80210000,25D1FFFF,7EF5FFFF
1741355C00000000,86ACA601,7AC3C633,7A2E0000,12000000,4C000000,159F0000,3FD8FFFF,81210000,09D1FFFF,79F5FFFF
7D41355C00000000,9BACA601,8DC3C633,7A2E0000,12000000,4C000000,139F0000,23D8FFFF,83210000,EED0FFFF,77F5FFFF
E041355C00000000,B0ACA601,A0C3C633,7A2E0000,12000000,4C000000,159F0000,07D8FFFF,85210000,D2D0FFFF,79F5FFFF
4342355C00000000,C4ACA601,B3C3C633,7A2E0000,12000000,4C000000,129F0000,EBD7FFFF,86210000,B6D0FFFF,76F5FFFF
A942355C00000000,D9ACA601,C6C3C633,7A2E0000,12000000,4C000000,129F0000,CFD7FFFF,88210000,9AD0FFFF,76F5FFFF
0C43355C00000000,EDACA601,D9C3C633,7A2E0000,12000000,4C000000,169F0000,B3D7FFFF,8A210000,7ED0FFFF,7AF5FFFF
6F43355C00000000,02ADA601,ECC3C633,7A2E0000,12000000,4C000000,179F0000,97D7FFFF,8C210000,63D0FFFF,7BF5FFFF
D543355C00000000,17ADA601,FFC3C633,7A2E0000,12000000,4C000000,1D9F0000,7BD7FFFF,8E210000,47D0FFFF,81F5FFFF
3844355C00000000,2BADA601,12C4C633,7A2E0000,12000000,4C000000,219F0000,5FD7FFFF,90210000,2BD0FFFF,85F5FFFF
9D44355C00000000,40ADA601,25C4C633,7A2E0000,12000000,4C000000,2B9F0000,43D7FFFF,92210000,0FD0FFFF,8FF5FFFF
0145355C00000000,55ADA601,38C4C633,7A2E0000,12000000,4C000000,2C9F0000,27D7FFFF,95210000,F4CFFFFF,90F5FFFF
6745355C00000000,69ADA601,4BC4C633,7A2E0000,12000000,4C000000,2B9F0000,0BD7FFFF,97210000,D8CFFFFF,8FF5FFFF
CA45355C00000000,7EADA601,5EC4C633,7A2E0000,12000000,4C000000,2B9F0000,EFD6FFFF,9A210000,BCCFFFFF,8FF5FFFF
2D46355C00000000,93ADA601,71C4C633,7A2E0000,12000000,4C000000,2E9F0000,D3D6FFFF,9C210000,A0CFFFFF,92F5FFFF
9346355C00000000,A8ADA601,84C4C633,7A2E0000,12000000,4C000000,309F0000,B7D6FFFF,9F210000,85CFFFFF,94F5FFFF
F646355C00000000,BCADA601,97C4C633,7A2E0000,12000000,4C000000,269F0000,9BD6FFFF,A1210000,69CFFFFF,8AF5FFFF
5A47355C00000000,D1ADA601,AAC4C633,7A2E0000,12000000,4C000000,1C9F0000,7FD6FFFF,A4210000,4DCFFFFF,80F5FFFF
BF47355C00000000,E6ADA601,BDC4C633,7A2E0000,12000000,4C000000,059F0000,63D6FFFF,A6210000,32CFFFFF,69F5FFFF
2248355C00000000,FAADA601,D1C4C633,7A2E0000,12000000,4C000000,FE9E0000,47D6FFFF,A8210000,17CFFFFF,62F5FFFF
8748355C00000000,0FAEA601,E4C4C633,7A2E0000,12000000,4C000000,029F0000,2BD6FFFF,AA210000,FBCEFFFF,66F5FFFF
EB48355C00000000,23AEA601,F7C4C633,7A2E0000,12000000,4C000000,119F0000,0FD6FFFF,AC210000,E0CEFFFF,75F5FFFF
4E49355C00000000,38AEA601,0AC5C633,7A2E0000,12000000,4C000000,109F0000,F3D5FFFF,AD210000,C4CEFFFF,74F5FFFF
B449355C00000000,4CAEA601,1DC5C633,7A2E0000,12000000,4C000000,079F0000,D7D5FFFF,AF210000,A8CEFFFF,6BF5FFFF
174A355C00000000,61AEA601,30C5C633,7A2E0000,12000000,4C000000,019F0000,BBD5FFFF,B1210000,8DCEFFFF,65F5FFFF
7D4A355C00000000,75AEA601,43C5C633,7A2E0000,12000000,4C000000,059F0000,9FD5FFFF,B3210000,72CEFFFF,69F5FFFF
E04A355C00000000,8AAEA601,56C5C633,7A2E0000,12000000,4C000000,169F0000,83D5FFFF,B6210000,57CEFFFF,7AF5FFFF
434B355C00000000,9FAEA601,69C5C633,7A2E0000,12000000,4C000000,2C9F0000,67D5FFFF,B8210000,3DCEFFFF,90F5FFFF
A94B355C00000000,B4AEA601,7CC5C633,7A2E0000,12000000,4C000000,479F0000,4BD5FFFF,BB210000,21CEFFFF,ABF5FFFF
0C4C355C00000000,C9AEA601,8FC5C633,7A2E0000,12000000,4C000000,579F0000,2FD5FFFF,BE210000,07CEFFFF,BBF5FFFF
6F4C355C00000000,DEAEA601,A2C5C633,7A2E0000,12000000,4C000000,739F0000,13D5FFFF,C2210000,EBCDFFFF,D7F5FFFF
D24C355C00000000,F3AEA601,B5C5C633,7A2E0000,12000000,4C000000,949F0000,F7D4FFFF,C7210000,D1CDFFFF,F8F5FFFF
384D355C00000000,08AFA601,C7C5C633,7A2E0000,12000000,4C000000,C39F0000,DBD4FFFF,CB210000,B6CDFFFF,27F6FFFF
9E4D355C00000000,1EAFA601,DAC5C633,7A2E0000,12000000,4C000000,E09F0000,BFD4FFFF,D1210000,9BCDFFFF,44F6FFFF
014E355C00000000,34AFA601,ECC5C633,7A2E0000,12000000,4C000000,04A00000,A3D4FFFF,D7210000,7FCDFFFF,68F6FFFF
654E355C00000000,4AAFA601,FFC5C633,7A2E0000,12000000,4C000000,17A00000,87D4FFFF,DD210000,64CDFFFF,7BF6FFFF
CA4E355C00000000,60AFA601,11C6C633,7A2E0000,12000000,4C000000,38A00000,6BD4FFFF,E3210000,49CDFFFF,9CF6FFFF
2E4F355C00000000,76AFA601,24C6C633,7A2E0000,12000000,4C000000,6FA00000,4FD4FFFF,EC210000,2FCDFFFF,D3F6FFFF
934F355C00000000,8DAFA601,36C6C633,7A2E0000,12000000,4C000000,B1A00000,33D4FFFF,F5210000,14CDFFFF,15F7FFFF
F64F355C00000000,A4AFA601,48C6C633,7A2E0000,12000000,4C000000,07A10000,17D4FFFF,FD210000,FACCFFFF,6BF7FFFF
5A50355C00000000,BCAFA601,5AC6C633,7A2E0000,12000000,4C000000,33A10000,FBD3FFFF,07220000,DFCCFFFF,97F7FFFF
BF50355C00000000,D4AFA601,6CC6C633,7A2E0000,12000000,4C000000,46A10000,DFD3FFFF,13220000,C3CCFFFF,AAF7FFFF
2251355C00000000,ECAFA601,7EC6C633,7A2E0000,12000000,4C000000,5CA10000,C3D3FFFF,1E220000,A8CCFFFF,C0F7FFFF
8551355C00000000,04B0A601,90C6C633,7A2E0000,12000000,4C000000,80A10000,A7D3FFFF,2A220000,8DCCFFFF,E4F7FFFF
EB51355C00000000,1DB0A601,A2C6C633,7A2E0000,12000000,4C000000,9AA10000,8BD3FFFF,36220000,73CCFFFF,FEF7FFFF
4E52355C00000000,36B0A601,B4C6C633,7A2E0000,12000000,4C000000,AFA10000,6FD3FFFF,42220000,59CCFFFF,13F8FFFF
B452355C00000000,4EB0A601,C7C6C633,7A2E0000,12000000,4C000000,B9A10000,53D3FFFF,4F220000,3ECCFFFF,1DF8FFFF
1853355C00000000,67B0A601,D8C6C633,7A2E0000,12000000,4C000000,BBA10000,37D3FFFF,5B220000,23CCFFFF,1FF8FFFF
7A53355C00000000,80B0A601,EAC6C633,7A2E0000,12000000,4C000000,ACA10000,1BD3FFFF,67220000,09CCFFFF,10F8FFFF
E153355C00000000,98B0A601,FCC6C633,7A2E0000,12000000,4C000000,8CA10000,FFD2FFFF,73220000,EDCBFFFF,F0F7FFFF
4454355C00000000,B0B0A601,0EC7C633,7A2E0000,12000000,4C000000,71A10000,E3D2FFFF,7D220000,D1CBFFFF,D5F7FFFF
A954355C00000000,C8B0A601,20C7C633,7A2E0000,12000000,4C000000,58A10000,C7D2FFFF,88220000,B6CBFFFF,BCF7FFFF
0C55355C00000000,E0B0A601,32C7C633,7A2E0000,12000000,4C000000,42A10000,ABD2FFFF,92220000,9CCBFFFF,A6F7FFFF
6F55355C00000000,F7B0A601,44C7C633,7A2E0000,12000000,4C000000,2BA10000,90D2FFFF,9B220000,81CBFFFF,8FF7FFFF
D555355C00000000,0EB1A601,56C7C633,7A2E0000,12000000,4C000000,0DA10000,74D2FFFF,A4220000,66CBFFFF,71F7FFFF
3856355C00000000,25B1A601,68C7C633,7A2E0000,12000000,4C000000,EDA00000,58D2FFFF,AC220000,4BCBFFFF,51F7FFFF
9B56355C00000000,3CB1A601,7AC7C633,7A2E0000,12000000,4C000000,CDA00000,3CD2FFFF,B4220000,30CBFFFF,31F7FFFF
0257355C00000000,53B1A601,8CC7C633,7A2E0000,12000000,4C000000,B3A00000,20D2FFFF,BB220000,15CBFFFF,17F7FFFF
6457355C00000000,69B1A601,9EC7C633,7A2E0000,12000000,4C000000,96A00000,04D2FFFF,C1220000,FACAFFFF,FAF6FFFF
CB57355C00000000,7FB1A601,B0C7C633,7A2E0000,12000000,4C000000,79A00000,E8D1FFFF,C7220000,E0CAFFFF,DDF6FFFF
2D58355C00000000,94B1A601,C2C7C633,7A2E0000,12000000,4C000000,5BA00000,CDD1FFFF,CD220000,C4CAFFFF,BFF6FFFF
9058355C00000000,AAB1A601,D3C7C633,7A2E0000,12000000,4C000000,40A00000,B1D1FFFF,D2220000,AACAFFFF,A4F6FFFF
F658355C00000000,BFB1A601,E5C7C633,7A2E0000,12000000,4C000000,28A00000,96D1FFFF,D7220000,8FCAFFFF,8CF6FFFF
5959355C00000000,D4B1A601,F7C7C633,7A2E0000,12000000,4C000000,11A00000,7BD1FFFF,DC220000,74CAFFFF,75F6FFFF
BF59355C00000000,E9B1A601,09C8C633,7A2E0000,12000000,4C000000,FC9F0000,60D1FFFF,E0220000,59CAFFFF,60F6FFFF
235A355C00000000,FDB1A601,1AC8C633,7A2E0000,12000000,4C000000,E79F0000,46D1FFFF,E4220000,3ECAFFFF,4BF6FFFF
855A355C00000000,11B2A601,2BC8C633,7A2E0000,12000000,4C000000,D29F0000,2CD1FFFF,E8220000,23CAFFFF,36F6FFFF
EB5A355C00000000,25B2A601,3DC8C633,7A2E0000,12000000,4C000000,BF9F0000,11D1FFFF,EB220000,09CAFFFF,23F6FFFF
4E5B355C00000000,39B2A601,4EC8C633,7A2E0000,12000000,4C000000,AD9F0000,F7D0FFFF,EF220000,EEC9FFFF,11F6FFFF
B25B355C00000000,4CB2A601,5FC8C633,7A2E0000,12000000,4C000000,999F0000,DDD0FFFF,F2220000,D3C9FFFF,FDF5FFFF
185C355C00000000,60B2A601,71C8C633,7A2E0000,12000000,4C000000,8E9F0000,C4D0FFFF,F5220000,B8C9FFFF,F2F5FFFF
7A5C355C00000000,73B2A601,81C8C633,7A2E0000,12000000,4C000000,879F0000,AAD0FFFF,F8220000,9EC9FFFF,EBF5FFFF
E05C355C00000000,85B2A601,92C8C633,7A2E0000,12000000,4C000000,8B9F0000,91D0FFFF,FB220000,84C9FFFF,EFF5FFFF
435D355C00000000,99B2A601,A3C8C633,7A2E0000,12000000,4C000000,7F9F0000,78D0FFFF,FE220000,69C9FFFF,E3F5FFFF
A75D355C00000000,ABB2A601,B4C8C633,7A2E0000,12000000,4C000000,6C9F0000,60D0FFFF,00230000,4EC9FFFF,D0F5FFFF
0D5E355C00000000,BDB2A601,C4C8C633,7A2E0000,12000000,4C000000,5E9F0000,47D0FFFF,03230000,33C9FFFF,C2F5FFFF
6F5E355C00000000,D0B2A601,D5C8C633,7A2E0000,12000000,4C000000,529F0000,2ED0FFFF,06230000,18C9FFFF,B6F5FFFF
D45E355C00000000,E2B2A601,E5C8C633,7A2E0000,12000000,4C000000,4D9F0000,16D0FFFF,08230000,FEC8FFFF,B1F5FFFF
385F355C00000000,F3B2A601,F5C8C633,7A2E0000,12000000,4C000000,459F0000,FFCFFFFF,0B230000,E4C8FFFF,A9F5FFFF
9C5F355C00000000,04B3A601,04C9C633,7A2E0000,12000000,4C000000,409F0000,E8CFFFFF,0D230000,C9C8FFFF,A4F5FFFF
FF5F355C00000000,16B3A601,14C9C633,7A2E0000,12000000,4C000000,3C9F0000,D0CFFFFF,10230000,AFC8FFFF,A0F5FFFF
6460355C00000000,27B3A601,24C9C633,7A2E0000,12000000,4C000000,399F0000,B9CFFFFF,12230000,94C8FFFF,9DF5FFFF
C860355C00000000,37B3A601,33C9C633,7A2E0000,12000000,4C000000,369F0000,A3CFFFFF,15230000,7AC8FFFF,9AF5FFFF
2D61355C00000000,48B3A601,42C9C633,7A2E0000,12000000,4C000000,329F0000,8DCFFFFF,18230000,5FC8FFFF,96F5FFFF
9061355C00000000,58B3A601,51C9C633,7A2E0000,12000000,4C000000,309F0000,77CFFFFF,1B230000,45C8FFFF,94F5FFFF
F661355C00000000,68B3A601,60C9C633,7A2E0000,12000000,4C000000,2C9F0000,62CFFFFF,1E230000,2AC8FFFF,90F5FFFF
5962355C00000000,79B3A601,6FC9C633,7A2E0000,12000000,4C000000,2D9F0000,4BCFFFFF,22230000,10C8FFFF,91F5FFFF
BD62355C00000000,89B3A601,7EC9C633,7A2E0000,12000000,4C000000,2B9F0000,35CFFFFF,25230000,F5C7FFFF,8FF5FFFF
2363355C00000000,9AB3A601,8DC9C633,7A2E0000,12000000,4C000000,289F0000,1FCFFFFF,28230000,DAC7FFFF,8CF5FFFF
8663355C00000000,AAB3A601,9CC9C633,7A2E0000,12000000,4C000000,299F0000,09CFFFFF,2B230000,C0C7FFFF,8DF5FFFF
EB63355C00000000,BBB3A601,ACC9C633,7A2E0000,12000000,4C000000,2E9F0000,F3CEFFFF,2F230000,A5C7FFFF,92F5FFFF
4E64355C00000000,CBB3A601,BAC9C633,7A2E0000,12000000,4C000000,359F0000,DDCEFFFF,32230000,8AC7FFFF,99F5FFFF
B164355C00000000,DBB3A601,C9C9C633,7A2E0000,12000000,4C000000,389F0000,C7CEFFFF,36230000,6FC7FFFF,9CF5FFFF
1865355C00000000,ECB3A601,D9C9C633,7A2E0000,12000000,4C000000,3B9F0000,B1CEFFFF,3A230000,54C7FFFF,9FF5FFFF
7A65355C00000000,FCB3A601,E8C9C633,7A2E0000,12000000,4C000000,469F0000,9BCEFFFF,3E230000,39C7FFFF,AAF5FFFF
E065355C00000000,0DB4A601,F7C9C633,7A2E0000,12000000,4C000000,599F0000,85CEFFFF,43230000,1FC7FFFF,BDF5FFFF
4466355C00000000,1EB4A601,06CAC633,7A2E0000,12000000,4C000000,729F0000,6FCEFFFF,47230000,05C7FFFF,D6F5FFFF
A666355C00000000,2EB4A601,14CAC633,7A2E0000,12000000,4C000000,819F0000,5ACEFFFF,4D230000,EAC6FFFF,E5F5FFFF
0C67355C00000000,3FB4A601,23CAC633,7A2E0000,12000000,4C000000,8E9F0000,44CEFFFF,53230000,CFC6FFFF,F2F5FFFF
7067355C00000000,50B4A601,32CAC633,7A2E0000,12000000,4C000000,929F0000,2ECEFFFF,59230000,B4C6FFFF,F6F5FFFF
D267355C00000000,61B4A601,41CAC633,7A2E0000,12000000,4C000000,939F0000,19CEFFFF,60230000,99C6FFFF,F7F5FFFF
3868355C00000000,71B4A601,50CAC633,7A2E0000,12000000,4C000000,959F0000,04CEFFFF,66230000,7EC6FFFF,F9F5FFFF
9C68355C00000000,82B4A601,5ECAC633,7A2E0000,12000000,4C000000,979F0000,EFCDFFFF,6C230000,64C6FFFF,FBF5FFFF
0169355C00000000,92B4A601,6CCAC633,7A2E0000,12000000,4C000000,979F0000,DACDFFFF,73230000,49C6FFFF,FBF5FFFF
6569355C00000000,A2B4A601,7BCAC633,7A2E0000,12000000,4C000000,8F9F0000,C5CDFFFF,79230000,2EC6FFFF,F3F5FFFF
C769355C00000000,B2B4A601,89CAC633,7A2E0000,12000000,4C000000,8A9F0000,B1CDFFFF,7F230000,13C6FFFF,EEF5FFFF
2D6A355C00000000,C2B4A601,97CAC633,7A2E0000,12000000,4C000000,7D9F0000,9CCDFFFF,85230000,F8C5FFFF,E1F5FFFF
906A355C00000000,D1B4A601,A5CAC633,7A2E0000,12000000,4C000000,789F0000,89CDFFFF,8B230000,DDC5FFFF,DCF5FFFF
F76A355C00000000,E1B4A601,B3CAC633,7A2E0000,12000000,4C000000,769F0000,75CDFFFF,91230000,C2C5FFFF,DAF5FFFF
5A6B355C00000000,F0B4A601,C0CAC633,7A2E0000,12000000,4C000000,719F0000,62CDFFFF,96230000,A8C5FFFF,D5F5FFFF
BC6B355C00000000,FFB4A601,CDCAC633,7A2E0000,12000000,4C000000,6C9F0000,4ECDFFFF,9C230000,8DC5FFFF,D0F5FFFF
226C355C00000000,0EB5A601,DBCAC633,7A2E0000,12000000,4C000000,659F0000,3BCDFFFF,A2230000,73C5FFFF,C9F5FFFF
866C355C00000000,1CB5A601,E8CAC633,7A2E0000,12000000,4C000000,649F0000,29CDFFFF,A8230000,58C5FFFF,C8F5FFFF
E86C355C00000000,2AB5A601,F5CAC633,7A2E0000,12000000,4C000000,659F0000,16CDFFFF,AD230000,3EC5FFFF,C9F5FFFF
4C6D355C00000000,39B5A601,02CBC633,7A2E0000,12000000,4C000000,679F0000,04CDFFFF,B3230000,23C5FFFF,CBF5FFFF
B26D355C00000000,47B5A601,0FCBC633,7A2E0000,12000000,4C000000,6A9F0000,F1CCFFFF,B9230000,09C5FFFF,CEF5FFFF
176E355C00000000,56B5A601,1BCBC633,7A2E0000,12000000,4C000000,6A9F0000,DFCCFFFF,BF230000,EEC4FFFF,CEF5FFFF
7B6E355C00000000,64B5A601,28CBC633,7A2E0000,12000000,4C000000,6B9F0000,CDCCFFFF,C5230000,D4C4FFFF,CFF5FFFF
DE6E355C00000000,72B5A601,35CBC633,7A2E0000,12000000,4C000000,6B9F0000,BBCCFFFF,CC230000,B9C4FFFF,CFF5FFFF
446F355C00000000,81B5A601,42CBC633,7A2E0000,12000000,4C000000,6F9F0000,A8CCFFFF,D2230000,9EC4FFFF,D3F5FFFF
A56F355C00000000,8EB5A601,4ECBC633,7A2E0000,12000000,4C000000,709F0000,97CCFFFF,D8230000,84C4FFFF,D4F5FFFF
0C70355C00000000,9CB5A601,5BCBC633,7A2E0000,12000000,4C000000,6F9F0000,85CCFFFF,DF230000,69C4FFFF,D3F5FFFF
7070355C00000000,AAB5A601,67CBC633,7A2E0000,12000000,4C000000,719F0000,74CCFFFF,E5230000,4FC4FFFF,D5F5FFFF
D370355C00000000,B8B5A601,74CBC633,7A2E0000,12000000,4C000000,729F0000,63CCFFFF,EC230000,35C4FFFF,D6F5FFFF
3971355C00000000,C6B5A601,80CBC633,7A2E0000,12000000,4C000000,779F0000,51CCFFFF,F3230000,1AC4FFFF,DBF5FFFF
9C71355C00000000,D4B5A601,8CCBC633,7A2E0000,12000000,4C000000,7A9F0000,40CCFFFF,FA230000,00C4FFFF,DEF5FFFF
FE71355C00000000,E1B5A601,98CBC633,7A2E0000,12000000,4C000000,819F0000,2FCCFFFF,01240000,E5C3FFFF,E5F5FFFF
6472355C00000000,EFB5A601,A5CBC633,7A2E0000,12000000,4C000000,849F0000,1FCCFFFF,08240000,CBC3FFFF,E8F5FFFF
C872355C00000000,FDB5A601,B1CBC633,7A2E0000,12000000,4C000000,889F0000,0ECCFFFF,10240000,B0C3FFFF,ECF5FFFF
2E73355C00000000,0AB6A601,BDCBC633,7A2E0000,12000000,4C000000,8F9F0000,FECBFFFF,17240000,96C3FFFF,F3F5FFFF
9073355C00000000,17B6A601,C8CBC633,7A2E0000,12000000,4C000000,959F0000,EECBFFFF,1E240000,7BC3FFFF,F9F5FFFF
F473355C00000000,25B6A601,D4CBC633,7A2E0000,12000000,4C000000,9C9F0000,DECBFFFF,26240000,61C3FFFF,00F6FFFF
5A74355C00000000,32B6A601,E0CBC633,7A2E0000,12000000,4C000000,A19F0000,CECBFFFF,2E240000,46C3FFFF,05F6FFFF
BB74355C00000000,3FB6A601,EBCBC633,7A2E0000,12000000,4C000000,A69F0000,BECBFFFF,36240000,2BC3FFFF,0AF6FFFF
2375355C00000000,4DB6A601,F7CBC633,7A2E0000,12000000,4C000000,A99F0000,AECBFFFF,3E240000,11C3FFFF,0DF6FFFF
8675355C00000000,5AB6A601,03CCC633,7A2E0000,12000000,4C000000,AF9F0000,9FCBFFFF,47240000,F6C2FFFF,13F6FFFF
E975355C00000000,67B6A601,0ECCC633,7A2E0000,12000000,4C000000,B49F0000,8FCBFFFF,4F240000,DCC2FFFF,18F6FFFF
4F76355C00000000,75B6A601,1ACCC633,7A2E0000,12000000,4C000000,BB9F0000,80CBFFFF,58240000,C1C2FFFF,1FF6FFFF
B176355C00000000,82B6A601,26CCC633,7A2E0000,12000000,4C000000,BE9F0000,70CBFFFF,61240000,A7C2FFFF,22F6FFFF
1577355C00000000,8FB6A601,31CCC633,7A2E0000,12000000,4C000000,C19F0000,61CBFFFF,69240000,8CC2FFFF,25F6FFFF
7B77355C00000000,9CB6A601,3CCCC633,7A2E0000,12000000,4C000000,C49F0000,52CBFFFF,72240000,71C2FFFF,28F6FFFF
DE77355C00000000,A9B6A601,48CCC633,7A2E0000,12000000,4C000000,C59F0000,44CBFFFF,7B240000,57C2FFFF,29F6FFFF
4478355C00000000,B6B6A601,53CCC633,7A2E0000,12000000,4C000000,C59F0000,35CBFFFF,84240000,3CC2FFFF,29F6FFFF
A778355C00000000,C3B6A601,5ECCC633,7A2E0000,12000000,4C000000,C59F0000,27CBFFFF,8D240000,22C2FFFF,29F6FFFF
0A79355C00000000,CFB6A601,69CCC633,7A2E0000,12000000,4C000000,C49F0000,19CBFFFF,96240000,07C2FFFF,28F6FFFF
7079355C00000000,DCB6A601,74CCC633,7A2E0000,12000000,4C000000,C29F0000,0BCBFFFF,9F240000,ECC1FFFF,26F6FFFF
D279355C00000000,E8B6A601,7FCCC633,7A2E0000,12000000,4C000000,C29F0000,FDCAFFFF,A8240000,D2C1FFFF,26F6FFFF
397A355C00000000,F5B6A601,8ACCC633,7A2E0000,12000000,4C000000,C39F0000,EECAFFFF,B1240000,B7C1FFFF,27F6FFFF
9C7A355C00000000,02B7A601,95CCC633,7A2E0000,12000000,4C000000,C49F0000,E0CAFFFF,B9240000,9CC1FFFF,28F6FFFF
FE7A355C00000000,0EB7A601,9FCCC633,7A2E0000,12000000,4C000000,C49F0000,D3CAFFFF,C2240000,82C1FFFF,28F6FFFF
657B355C00000000,1BB7A601,AACCC633,7A2E0000,12000000,4C000000,C39F0000,C5CAFFFF,CB240000,67C1FFFF,27F6FFFF
C87B355C00000000,27B7A601,B5CCC633,7A2E0000,12000000,4C000000,C19F0000,B7CAFFFF,D4240000,4CC1FFFF,25F6FFFF
2A7C355C00000000,33B7A601,C0CCC633,7A2E0000,12000000,4C000000,BE9F0000,A9CAFFFF,DD240000,31C1FFFF,22F6FFFF
917C355C00000000,3FB7A601,CACCC633,7A2E0000,12000000,4C000000,BC9F0000,9CCAFFFF,E6240000,17C1FFFF,20F6FFFF
F47C355C00000000,4BB7A601,D5CCC633,7A2E0000,12000000,4C000000,B79F0000,8FCAFFFF,EE240000,FCC0FFFF,1BF6FFFF
5A7D355C00000000,57B7A601,DFCCC633,7A2E0000,12000000,4C000000,B49F0000,81CAFFFF,F7240000,E1C0FFFF,18F6FFFF
BC7D355C00000000,63B7A601,EACCC633,7A2E0000,12000000,4C000000,AF9F0000,74CAFFFF,00250000,C6C0FFFF,13F6FFFF
207E355C00000000,6FB7A601,F4CCC633,7A2E0000,12000000,4C000000,AA9F0000,66CAFFFF,09250000,ACC0FFFF,0EF6FFFF
867E355C00000000,7BB7A601,FFCCC633,7A2E0000,12000000,4C000000,A49F0000,59CAFFFF,11250000,91C0FFFF,08F6FFFF
E97E355C00000000,87B7A601,09CDC633,7A2E0000,12000000,4C000000,A39F0000,4CCAFFFF,1A250000,77C0FFFF,07F6FFFF
4F7F355C00000000,93B7A601,14CDC633,7A2E0000,12000000,4C000000,9D9F0000,3FCAFFFF,23250000,5CC0FFFF,01F6FFFF
B27F355C00000000,9EB7A601,1ECDC633,7A2E0000,12000000,4C000000,999F0000,32CAFFFF,2B250000,42C0FFFF,FDF5FFFF
1480355C00000000,AAB7A601,28CDC633,7A2E0000,12000000,4C000000,939F0000,25CAFFFF,33250000,27C0FFFF,F7F5FFFF
7B80355C00000000,B6B7A601,32CDC633,7A2E0000,12000000,4C000000,8D9F0000,17CAFFFF,3C250000,0DC0FFFF,F1F5FFFF
DE80355C00000000,C1B7A601,3DCDC633,7A2E0000,12000000,4C000000,859F0000,0ACAFFFF,43250000,F2BFFFFF,E9F5FFFF
4181355C00000000,CCB7A601,47CDC633,7A2E0000,12000000,4C000000,7B9F0000,FEC9FFFF,4B250000,D7BFFFFF,DFF5FFFF
A781355C00000000,D8B7A601,51CDC633,7A2E0000,12000000,4C000000,729F0000,F1C9FFFF,53250000,BDBFFFFF,D6F5FFFF
0A82355C00000000,E3B7A601,5BCDC633,7A2E0000,12000000,4C000000,6A9F0000,E4C9FFFF,5B250000,A2BFFFFF,CEF5FFFF
7082355C00000000,EEB7A601,65CDC633,7A2E0000,12000000,4C000000,619F0000,D7C9FFFF,62250000,88BFFFFF,C5F5FFFF
D382355C00000000,F9B7A601,6FCDC633,7A2E0000,12000000,4C000000,589F0000,CAC9FFFF,6A250000,6DBFFFFF,BCF5FFFF
3683355C00000000,04B8A601,79CDC633,7A2E0000,12000000,4C000000,4F9F0000,BDC9FFFF,71250000,52BFFFFF,B3F5FFFF
9C83355C00000000,0FB8A601,83CDC633,7A2E0000,12000000,4C000000,3F9F0000,B0C9FFFF,78250000,38BFFFFF,A3F5FFFF
FF83355C00000000,1BB8A601,8DCDC633,7A2E0000,12000000,4C000000,399F0000,A2C9FFFF,80250000,1DBFFFFF,9DF5FFFF
6484355C00000000,26B8A601,98CDC633,7A2E0000,12000000,4C000000,3A9F0000,94C9FFFF,87250000,03BFFFFF,9EF5FFFF
C884355C00000000,32B8A601,A3CDC633,7A2E0000,12000000,4C000000,369F0000,86C9FFFF,8D250000,E8BEFFFF,9AF5FFFF
2B85355C00000000,3EB8A601,AECDC633,7A2E0000,12000000,4C000000,2E9F0000,77C9FFFF,94250000,CEBEFFFF,92F5FFFF
9085355C00000000,4BB8A601,B9CDC633,7A2E0000,12000000,4C000000,279F0000,67C9FFFF,9C250000,B3BEFFFF,8BF5FFFF
F485355C00000000,57B8A601,C5CDC633,7A2E0000,12000000,4C000000,219F0000,57C9FFFF,A2250000,98BEFFFF,85F5FFFF
5786355C00000000,64B8A601,D0CDC633,7A2E0000,12000000,4C000000,1E9F0000,48C9FFFF,A9250000,7DBEFFFF,82F5FFFF
BD86355C00000000,71B8A601,DDCDC633,7A2E0000,12000000,4C000000,189F0000,37C9FFFF,AF250000,62BEFFFF,7CF5FFFF
2087355C00000000,7EB8A601,E9CDC633,7A2E0000,12000000,4C000000,129F0000,26C9FFFF,B6250000,48BEFFFF,76F5FFFF
8687355C00000000,8CB8A601,F6CDC633,7A2E0000,12000000,4C000000,0B9F0000,14C9FFFF,BC250000,2DBEFFFF,6FF5FFFF
E987355C00000000,9BB8A601,04CEC633,7A2E0000,12000000,4C000000,069F0000,01C9FFFF,C3250000,12BEFFFF,6AF5FFFF
4D88355C00000000,AAB8A601,12CEC633,7A2E0000,12000000,4C000000,FF9E0000,EEC8FFFF,CA250000,F7BDFFFF,63F5FFFF
B288355C00000000,B9B8A601,20CEC633,7A2E0000,12000000,4C000000,F89E0000,D9C8FFFF,D0250000,DCBDFFFF,5CF5FFFF
1589355C00000000,C9B8A601,2FCEC633,7A2E0000,12000000,4C000000,F29E0000,C5C8FFFF,D6250000,C1BDFFFF,56F5FFFF
7A89355C00000000,DAB8A601,3ECEC633,7A2E0000,12000000,4C000000,EC9E0000,AFC8FFFF,DC250000,A6BDFFFF,50F5FFFF
DE89355C00000000,EBB8A601,4ECEC633,7A2E0000,12000000,4C000000,E69E0000,99C8FFFF,E2250000,8BBDFFFF,4AF5FFFF
418A355C00000000,FCB8A601,5ECEC633,7A2E0000,12000000,4C000000,DE9E0000,82C8FFFF,E8250000,70BDFFFF,42F5FFFF
A78A355C00000000,0EB9A601,6FCEC633,7A2E0000,12000000,4C000000,D69E0000,6AC8FFFF,EE250000,55BDFFFF,3AF5FFFF
0B8B355C00000000,20B9A601,81CEC633,7A2E0000,12000000,4C000000,CD9E0000,51C8FFFF,F4250000,3ABDFFFF,31F5FFFF
6D8B355C00000000,33B9A601,93CEC633,7A2E0000,12000000,4C000000,C39E0000,38C8FFFF,FA250000,1FBDFFFF,27F5FFFF
D38B355C00000000,46B9A601,A5CEC633,7A2E0000,12000000,4C000000,B89E0000,1EC8FFFF,FF250000,04BDFFFF,1CF5FFFF
368C355C00000000,59B9A601,B7CEC633,7A2E0000,12000000,4C000000,AD9E0000,04C8FFFF,05260000,E9BCFFFF,11F5FFFF
9C8C355C00000000,6DB9A601,CACEC633,7A2E0000,12000000,4C000000,A69E0000,E9C7FFFF,0A260000,CFBCFFFF,0AF5FFFF
008D355C00000000,81B9A601,DDCEC633,7A2E0000,12000000,4C000000,9F9E0000,CEC7FFFF,10260000,B3BCFFFF,03F5FFFF
628D355C00000000,95B9A601,F1CEC633,7A2E0000,12000000,4C000000,989E0000,B2C7FFFF,15260000,98BCFFFF,FCF4FFFF
C88D355C00000000,AAB9A601,05CFC633,7A2E0000,12000000,4C000000,879E0000,96C7FFFF,1A260000,7DBCFFFF,EBF4FFFF
2B8E355C00000000,BEB9A601,19CFC633,7A2E0000,12000000,4C000000,7B9E0000,7AC7FFFF,1F260000,62BCFFFF,DFF4FFFF
918E355C00000000,D2B9A601,2DCFC633,7A2E0000,12000000,4C000000,779E0000,5EC7FFFF,24260000,47BCFFFF,DBF4FFFF
F38E355C00000000,E7B9A601,41CFC633,7A2E0000,12000000,4C000000,799E0000,42C7FFFF,29260000,2CBCFFFF,DDF4FFFF
578F355C00000000,FBB9A601,54CFC633,7A2E0000,12000000,4C000000,7C9E0000,26C7FFFF,2E260000,12BCFFFF,E0F4FFFF
BE8F355C00000000,10BAA601,68CFC633,7A2E0000,12000000,4C000000,759E0000,0AC7FFFF,34260000,F6BBFFFF,D9F4FFFF
2090355C00000000,24BAA601,7CCFC633,7A2E0000,12000000,4C000000,6F9E0000,EEC6FFFF,39260000,DBBBFFFF,D3F4FFFF
8590355C00000000,38BAA601,90CFC633,7A2E0000,12000000,4C000000,6B9E0000,D2C6FFFF,3E260000,BFBBFFFF,CFF4FFFF
E990355C00000000,4DBAA601,A4CFC633,7A2E0000,12000000,4C000000,689E0000,B6C6FFFF,43260000,A4BBFFFF,CCF4FFFF
4C91355C00000000,61BAA601,B8CFC633,7A2E0000,12000000,4C000000,6E9E0000,9AC6FFFF,49260000,89BBFFFF,D2F4FFFF
AE91355C00000000,75BAA601,CCCFC633,7A2E0000,12000000,4C000000,799E0000,7EC6FFFF,4E260000,6DBBFFFF,DDF4FFFF
1592355C00000000,8ABAA601,E0CFC633,7A2E0000,12000000,4C000000,879E0000,62C6FFFF,54260000,52BBFFFF,EBF4FFFF
7892355C00000000,9FBAA601,F4CFC633,7A2E0000,12000000,4C000000,989E0000,46C6FFFF,5B260000,36BBFFFF,FCF4FFFF
DF92355C00000000,B3BAA601,08D0C633,7A2E0000,12000000,4C000000,A99E0000,2AC6FFFF,62260000,1BBBFFFF,0DF5FFFF
3F93355C00000000,C8BAA601,1CD0C633,7A2E0000,12000000,4C000000,C49E0000,0EC6FFFF,69260000,FFBAFFFF,28F5FFFF
A793355C00000000,DDBAA601,30D0C633,7A2E0000,12000000,4C000000,DF9E0000,F2C5FFFF,70260000,E3BAFFFF,43F5FFFF
0B94355C00000000,F3BAA601,44D0C633,7A2E0000,12000000,4C000000,FA9E0000,D6C5FFFF,78260000,C7BAFFFF,5EF5FFFF
6A94355C00000000,08BBA601,57D0C633,7A2E0000,12000000,4C000000,1A9F0000,BAC5FFFF,80260000,ABBAFFFF,7EF5FFFF
D394355C00000000,1EBBA601,6BD0C633,7A2E0000,12000000,4C000000,489F0000,9EC5FFFF,89260000,8FBAFFFF,ACF5FFFF
3595355C00000000,34BBA601,7FD0C633,7A2E0000,12000000,4C000000,799F0000,82C5FFFF,93260000,74BAFFFF,DDF5FFFF
9D95355C00000000,4ABBA601,93D0C633,7A2E0000,12000000,4C000000,A99F0000,66C5FFFF,9D260000,58BAFFFF,0DF6FFFF
FF95355C00000000,61BBA601,A6D0C633,7A2E0000,12000000,4C000000,D59F0000,4AC5FFFF,A8260000,3CBAFFFF,39F6FFFF
6296355C00000000,78BBA601,BAD0C633,7A2E0000,12000000,4C000000,0AA00000,2EC5FFFF,B4260000,20BAFFFF,6EF6FFFF
C796355C00000000,90BBA601,CED0C633,7A2E0000,12000000,4C000000,4AA00000,12C5FFFF,C1260000,04BAFFFF,AEF6FFFF
2A97355C00000000,A8BBA601,E1D0C633,7A2E0000,12000000,4C000000,8BA00000,F6C4FFFF,CF260000,E8B9FFFF,EFF6FFFF
8E97355C00000000,C1BBA601,F5D0C633,7A2E0000,12000000,4C000000,D6A00000,DAC4FFFF,DE260000,CCB9FFFF,3AF7FFFF
F497355C00000000,DBBBA601,08D1C633,7A2E0000,12000000,4C000000,33A10000,BEC4FFFF,ED260000,B1B9FFFF,97F7FFFF
5698355C00000000,F5BBA601,1CD1C633,7A2E0000,12000000,4C000000,A3A10000,A2C4FFFF,FF260000,95B9FFFF,07F8FFFF
BC98355C00000000,11BCA601,2FD1C633,7A2E0000,12000000,4C000000,28A20000,86C4FFFF,11270000,79B9FFFF,8CF8FFFF
2099355C00000000,2DBCA601,42D1C633,7A2E0000,12000000,4C000000,BDA20000,6AC4FFFF,25270000,5DB9FFFF,21F9FFFF
8199355C00000000,4CBCA601,55D1C633,7A2E0000,12000000,4C000000,62A30000,4EC4FFFF,3B270000,41B9FFFF,C6F9FFFF
E899355C00000000,6CBCA601,67D1C633,7A2E0000,12000000,4C000000,1CA40000,32C4FFFF,54270000,26B9FFFF,80FAFFFF
4C9A355C00000000,8EBCA601,79D1C633,7A2E0000,12000000,4C000000,E1A40000,16C4FFFF,6D270000,0AB9FFFF,45FBFFFF
B29A355C00000000,B1BCA601,8AD1C633,7A2E0000,12000000,4C000000,BAA50000,FAC3FFFF,89270000,EEB8FFFF,1EFCFFFF
149B355C00000000,D5BCA601,9AD1C633,7A2E0000,12000000,4C000000,99A60000,DEC3FFFF,A5270000,D3B8FFFF,FDFCFFFF
779B355C00000000,FABCA601,A8D1C633,7A2E0000,12000000,4C000000,86A70000,C2C3FFFF,C0270000,B7B8FFFF,EAFDFFFF
DE9B355C00000000,20BDA601,B5D1C633,7A2E0000,12000000,4C000000,89A80000,A6C3FFFF,DC270000,9CB8FFFF,EDFEFFFF
3D9C355C00000000,46BDA601,BFD1C633,7A2E0000,12000000,4C000000,92A90000,8AC3FFFF,F8270000,80B8FFFF,F6FFFFFF
A49C355C00000000,6CBDA601,C8D1C633,7A2E0000,12000000,4C000000,AFAA0000,6EC3FFFF,15280000,64B8FFFF,12010000
0A9D355C00000000,93BDA601,CFD1C633,7A2E0000,12000000,4C000000,E3AB0000,52C3FFFF,31280000,48B8FFFF,46020000
6C9D355C00000000,BABDA601,D4D1C633,7A2E0000,12000000,4C000000,11AD0000,36C3FFFF,4D280000,2CB8FFFF,74030000
D29D355C00000000,E2BDA601,D7D1C633,7A2E0000,12000000,4C000000,53AE0000,1AC3FFFF,68280000,10B8FFFF,B6040000
369E355C00000000,0ABEA601,D7D1C633,7A2E0000,12000000,4C000000,8BAF0000,FEC2FFFF,84280000,F4B7FFFF,EE050000
999E355C00000000,31BEA601,D5D1C633,7A2E0000,12000000,4C000000,D2B00000,E2C2FFFF,A0280000,D8B7FFFF,35070000
FF9E355C00000000,59BEA601,D1D1C633,7A2E0000,12000000,4C000000,20B20000,C6C2FFFF,BD280000,BCB7FFFF,83080000
629F355C00000000,80BEA601,CBD1C633,7A2E0000,12000000,4C000000,6BB30000,AAC2FFFF,D9280000,A0B7FFFF,CE090000
C79F355C00000000,A6BEA601,C2D1C633,7A2E0000,12000000,4C000000,C5B40000,8EC2FFFF,F5280000,84B7FFFF,280B0000
2AA0355C00000000,CCBEA601,B7D1C633,7A2E0000,12000000,4C000000,16B60000,72C2FFFF,11290000,68B7FFFF,790C0000
8DA0355C00000000,F2BEA601,AAD1C633,7A2E0000,12000000,4C000000,60B70000,56C2FFFF,2C290000,4CB7FFFF,C30D0000
F4A0355C00000000,16BFA601,9AD1C633,7A2E0000,12000000,4C000000,ACB80000,3AC2FFFF,48290000,30B7FFFF,0F0F0000
53A1355C00000000,3ABFA601,89D1C633,7A2E0000,12000000,4C000000,E5B90000,1EC2FFFF,64290000,14B7FFFF,48100000
B9A1355C00000000,5CBFA601,76D1C633,7A2E0000,12000000,4C000000,17BB0000,02C2FFFF,81290000,F8B6FFFF,7A110000
1FA2355C00000000,7EBFA601,61D1C633,7A2E0000,12000000,4C000000,48BC0000,E6C1FFFF,9D290000,DCB6FFFF,AB120000
83A2355C00000000,9EBFA601,4AD1C633,7A2E0000,12000000,4C000000,64BD0000,CAC1FFFF,B9290000,C0B6FFFF,C7130000
E8A2355C00000000,BEBFA601,32D1C633,7A2E0000,12000000,4C000000,7CBE0000,AEC1FFFF,D4290000,A4B6FFFF,DF140000
4BA3355C00000000,DCBFA601,19D1C633,7A2E0000,12000000,4C000000,7DBF0000,92C1FFFF,F0290000,88B6FFFF,E0150000
AEA3355C00000000,F9BFA601,FED0C633,7A2E0000,12000000,4C000000,6BC00000,76C1FFFF,0C2A0000,6CB6FFFF,CE160000
15A4355C00000000,15C0A601,E2D0C633,7A2E0000,12000000,4C000000,51C10000,5AC1FFFF,282A0000,50B6FFFF,B4170000
77A4355C00000000,30C0A601,C5D0C633,7A2E0000,12000000,4C000000,20C20000,3EC1FFFF,442A0000,34B6FFFF,83180000
DDA4355C00000000,4AC0A601,A7D0C633,7A2E0000,12000000,4C000000,E4C20000,22C1FFFF,602A0000,18B6FFFF,47190000
41A5355C00000000,63C0A601,89D0C633,7A2E0000,12000000,4C000000,8DC30000,06C1FFFF,7B2A0000,FCB5FFFF,F0190000
A3A5355C00000000,7BC0A601,6AD0C633,7A2E0000,12000000,4C000000,29C40000,EAC0FFFF,962A0000,E0B5FFFF,8C1A0000
0AA6355C00000000,92C0A601,4BD0C633,7A2E0000,12000000,4C000000,BEC40000,CEC0FFFF,B12A0000,C4B5FFFF,211B0000
6DA6355C00000000,A8C0A601,2BD0C633,7A2E0000,12000000,4C000000,48C50000,B2C0FFFF,CC2A0000,A8B5FFFF,AB1B0000
CFA6355C00000000,BDC0A601,0CD0C633,7A2E0000,12000000,4C000000,C9C50000,96C0FFFF,E62A0000,8CB5FFFF,2C1C0000
36A7355C00000000,D2C0A601,EBCFC633,7A2E0000,12000000,4C000000,43C60000,7AC0FFFF,002B0000,70B5FFFF,A61C0000
98A7355C00000000,E5C0A601,CBCFC633,7A2E0000,12000000,4C000000,ADC60000,5EC0FFFF,192B0000,54B5FFFF,101D0000
FFA7355C00000000,F8C0A601,AACFC633,7A2E0000,12000000,4C000000,07C70000,42C0FFFF,332B0000,38B5FFFF,6A1D0000
62A8355C00000000,0BC1A601,8BCFC633,7A2E0000,12000000,4C000000,59C70000,26C0FFFF,4A2B0000,1CB5FFFF,BC1D0000
C4A8355C00000000,1CC1A601,6BCFC633,7A2E0000,12000000,4C000000,B1C70000,0AC0FFFF,612B0000,00B5FFFF,141E0000
27A9355C00000000,2DC1A601,4BCFC633,7A2E0000,12000000,4C000000,07C80000,EEBFFFFF,782B0000,E4B4FFFF,6A1E0000
8EA9355C00000000,3DC1A601,2CCFC633,7A2E0000,12000000,4C000000,5AC80000,D2BFFFFF,8D2B0000,C8B4FFFF,BD1E0000
F3A9355C00000000,4DC1A601,0CCFC633,7A2E0000,12000000,4C000000,A7C80000,B6BFFFFF,A32B0000,ACB4FFFF,0A1F0000
53AA355C00000000,5BC1A601,EDCEC633,7A2E0000,12000000,4C000000,E7C80000,9ABFFFFF,B62B0000,90B4FFFF,4A1F0000
BAAA355C00000000,6AC1A601,CECEC633,7A2E0000,12000000,4C000000,22C90000,7EBFFFFF,CA2B0000,74B4FFFF,851F0000
1FAB355C00000000,78C1A601,AFCEC633,7A2E0000,12000000,4C000000,5AC90000,62BFFFFF,DE2B0000,58B4FFFF,BD1F0000
82AB355C00000000,86C1A601,91CEC633,7A2E0000,12000000,4C000000,8EC90000,46BFFFFF,F02B0000,3CB4FFFF,F11F0000
E6AB355C00000000,93C1A601,72CEC633,7A2E0000,12000000,4C000000,BDC90000,2ABFFFFF,012C0000,20B4FFFF,20200000
4CAC355C00000000,A0C1A601,54CEC633,7A2E0000,12000000,4C000000,D9C90000,0EBFFFFF,122C0000,04B4FFFF,3C200000
AEAC355C00000000,ACC1A601,37CEC633,7A2E0000,12000000,4C000000,E9C90000,F2BEFFFF,222C0000,E8B3FFFF,4C200000
15AD355C00000000,B9C1A601,19CEC633,7A2E0000,12000000,4C000000,F6C90000,D6BEFFFF,312C0000,CCB3FFFF,59200000
77AD355C00000000,C5C1A601,FDCDC633,7A2E0000,12000000,4C000000,03CA0000,BABEFFFF,3F2C0000,B0B3FFFF,66200000
DAAD355C00000000,D1C1A601,E0CDC633,7A2E0000,12000000,4C000000,12CA0000,9EBEFFFF,4B2C0000,94B3FFFF,75200000
3EAE355C00000000,DDC1A601,C4CDC633,7A2E0000,12000000,4C000000,20CA0000,82BEFFFF,572C0000,78B3FFFF,83200000
A4AE355C00000000,E8C1A601,A8CDC633,7A2E0000,12000000,4C000000,2BCA0000,66BEFFFF,622C0000,5CB3FFFF,8E200000
09AF355C00000000,F3C1A601,8DCDC633,7A2E0000,12000000,4C000000,33CA0000,4ABEFFFF,6D2C0000,40B3FFFF,96200000
69AF355C00000000,FFC1A601,71CDC633,7A2E0000,12000000,4C000000,3CCA0000,2EBEFFFF,772C0000,24B3FFFF,9F200000
CFAF355C00000000,0AC2A601,56CDC633,7A2E0000,12000000,4C000000,47CA0000,12BEFFFF,802C0000,08B3FFFF,AA200000
35B0355C00000000,15C2A601,3BCDC633,7A2E0000,12000000,4C000000,53CA0000,F6BDFFFF,892C0000,ECB2FFFF,B6200000
99B0355C00000000,20C2A601,20CDC633,7A2E0000,12000000,4C000000,5BCA0000,DABDFFFF,912C0000,D0B2FFFF,BE200000
FCB0355C00000000,2BC2A601,05CDC633,7A2E0000,12000000,4C000000,61CA0000,BEBDFFFF,992C0000,B5B2FFFF,C4200000
62B1355C00000000,35C2A601,EACCC633,7A2E0000,12000000,4C000000,60CA0000,A2BDFFFF,A12C0000,99B2FFFF,C3200000
C5B1355C00000000,40C2A601,CFCCC633,7A2E0000,12000000,4C000000,62CA0000,86BDFFFF,A82C0000,7DB2FFFF,C5200000
28B2355C00000000,4BC2A601,B4CCC633,7A2E0000,12000000,4C000000,64CA0000,6ABDFFFF,AE2C0000,61B2FFFF,C7200000
8DB2355C00000000,56C2A601,9ACCC633,7A2E0000,12000000,4C000000,66CA0000,4EBDFFFF,B52C0000,45B2FFFF,C9200000
F0B2355C00000000,60C2A601,7FCCC633,7A2E0000,12000000,4C000000,6BCA0000,32BDFFFF,BB2C0000,29B2FFFF,CE200000
57B3355C00000000,6BC2A601,65CCC633,7A2E0000,12000000,4C000000,6DCA0000,16BDFFFF,C12C0000,0DB2FFFF,D0200000
B9B3355C00000000,75C2A601,4ACCC633,7A2E0000,12000000,4C000000,73CA0000,FABCFFFF,C62C0000,F1B1FFFF,D6200000
1FB4355C00000000,80C2A601,30CCC633,7A2E0000,12000000,4C000000,77CA0000,DEBCFFFF,CC2C0000,D5B1FFFF,DA200000
83B4355C00000000,8AC2A601,15CCC633,7A2E0000,12000000,4C000000,77CA0000,C2BCFFFF,D12C0000,B9B1FFFF,DA200000
E6B4355C00000000,95C2A601,FBCBC633,7A2E0000,12000000,4C000000,76CA0000,A6BCFFFF,D62C0000,9DB1FFFF,D9200000
4CB5355C00000000,9FC2A601,E0CBC633,7A2E0000,12000000,4C000000,77CA0000,8ABCFFFF,DA2C0000,81B1FFFF,DA200000
AEB5355C00000000,AAC2A601,C6CBC633,7A2E0000,12000000,4C000000,76CA0000,6EBCFFFF,DE2C0000,65B1FFFF,D9200000
15B6355C00000000,B4C2A601,ACCBC633,7A2E0000,12000000,4C000000,77CA0000,52BCFFFF,E22C0000,49B1FFFF,DA200000
78B6355C00000000,BFC2A601,91CBC633,7A2E0000,12000000,4C000000,79CA0000,36BCFFFF,E62C0000,2DB1FFFF,DC200000
DBB6355C00000000,C9C2A601,77CBC633,7A2E0000,12000000,4C000000,79CA0000,1ABCFFFF,E92C0000,11B1FFFF,DC200000
3DB7355C00000000,D4C2A601,5DCBC633,7A2E0000,12000000,4C000000,75CA0000,FEBBFFFF,EC2C0000,F6B0FFFF,D8200000
A4B7355C00000000,DEC2A601,43CBC633,7A2E0000,12000000,4C000000,6DCA0000,E2BBFFFF,EF2C0000,DAB0FFFF,D0200000
07B8355C00000000,E9C2A601,29CBC633,7A2E0000,12000000,4C000000,72CA0000,C6BBFFFF,F22C0000,BEB0FFFF,D5200000
6DB8355C00000000,F3C2A601,0FCBC633,7A2E0000,12000000,4C000000,7DCA0000,AABBFFFF,F42C0000,A2B0FFFF,E0200000
CFB8355C00000000,FDC2A601,F5CAC633,7A2E0000,12000000,4C000000,86CA0000,8EBBFFFF,F62C0000,86B0FFFF,E9200000
36B9355C00000000,07C3A601,DBCAC633,7A2E0000,12000000,4C000000,82CA0000,72BBFFFF,F82C0000,6AB0FFFF,E5200000
99B9355C00000000,12C3A601,C0CAC633,7A2E0000,12000000,4C000000,79CA0000,56BBFFFF,FA2C0000,4FB0FFFF,DC200000
F9B9355C00000000,1CC3A601,A6CAC633,7A2E0000,12000000,4C000000,6DCA0000,3ABBFFFF,FC2C0000,33B0FFFF,D0200000
62BA355C00000000,27C3A601,8CCAC633,7A2E0000,12000000,4C000000,70CA0000,1EBBFFFF,FD2C0000,17B0FFFF,D3200000
C5BA355C00000000,31C3A601,72CAC633,7A2E0000,12000000,4C000000,74CA0000,02BBFFFF,FE2C0000,FBAFFFFF,D7200000
2BBB355C00000000,3BC3A601,58CAC633,7A2E0000,12000000,4C000000,73CA0000,E6BAFFFF,FF2C0000,E0AFFFFF,D6200000
8DBB355C00000000,46C3A601,3ECAC633,7A2E0000,12000000,4C000000,72CA0000,CABAFFFF,002D0000,C4AFFFFF,D5200000
F1BB355C00000000,50C3A601,24CAC633,7A2E0000,12000000,4C000000,72CA0000,AEBAFFFF,012D0000,A9AFFFFF,D5200000
57BC355C00000000,5BC3A601,0ACAC633,7A2E0000,12000000,4C000000,70CA0000,92BAFFFF,012D0000,8DAFFFFF,D3200000
BABC355C00000000,65C3A601,F0C9C633,7A2E0000,12000000,4C000000,6BCA0000,76BAFFFF,012D0000,71AFFFFF,CE200000
1CBD355C00000000,6FC3A601,D6C9C633,7A2E0000,12000000,4C000000,64CA0000,5ABAFFFF,012D0000,55AFFFFF,C7200000
83BD355C00000000,7AC3A601,BCC9C633,7A2E0000,12000000,4C000000,64CA0000,3EBAFFFF,012D0000,39AFFFFF,C7200000
E6BD355C00000000,84C3A601,A2C9C633,7A2E0000,12000000,4C000000,6ECA0000,22BAFFFF,012D0000,1DAFFFFF,D1200000
4CBE355C00000000,8FC3A601,88C9C633,7A2E0000,12000000,4C000000,7BCA0000,06BAFFFF,012D0000,01AFFFFF,DE200000
AFBE355C00000000,99C3A601,6EC9C633,7A2E0000,12000000,4C000000,85CA0000,EAB9FFFF,022D0000,E6AEFFFF,E8200000
0FBF355C00000000,A3C3A601,54C9C633,7A2E0000,12000000,4C000000,93CA0000,CEB9FFFF,022D0000,CAAEFFFF,F6200000
78BF355C00000000,ADC3A601,3AC9C633,7A2E0000,12000000,4C000000,A9CA0000,B2B9FFFF,032D0000,AEAEFFFF,0C210000
DBBF355C00000000,B7C3A601,20C9C633,7A2E0000,12000000,4C000000,C4CA0000,96B9FFFF,052D0000,92AEFFFF,27210000
41C0355C00000000,C1C3A601,06C9C633,7A2E0000,12000000,4C000000,E2CA0000,7AB9FFFF,062D0000,76AEFFFF,45210000
A4C0355C00000000,CBC3A601,EBC8C633,7A2E0000,12000000,4C000000,00CB0000,5EB9FFFF,092D0000,5AAEFFFF,63210000
07C1355C00000000,D4C3A601,D1C8C633,7A2E0000,12000000,4C000000,29CB0000,42B9FFFF,0B2D0000,3EAEFFFF,8C210000
6DC1355C00000000,DEC3A601,B6C8C633,7A2E0000,12000000,4C000000,54CB0000,26B9FFFF,0F2D0000,22AEFFFF,B7210000
CDC1355C00000000,E7C3A601,9CC8C633,7A2E0000,12000000,4C000000,79CB0000,0AB9FFFF,122D0000,07AEFFFF,DC210000
33C2355C00000000,F0C3A601,81C8C633,7A2E0000,12000000,4C000000,A0CB0000,EEB8FFFF,172D0000,EBADFFFF,03220000
99C2355C00000000,F9C3A601,66C8C633,7A2E0000,12000000,4C000000,D0CB0000,D2B8FFFF,1C2D0000,CFADFFFF,33220000
FCC2355C00000000,02C4A601,4AC8C633,7A2E0000,12000000,4C000000,0ECC0000,B6B8FFFF,222D0000,B3ADFFFF,71220000
62C3355C00000000,0AC4A601,2FC8C633,7A2E0000,12000000,4C000000,55CC0000,9AB8FFFF,292D0000,97ADFFFF,B8220000
C5C3355C00000000,12C4A601,13C8C633,7A2E0000,12000000,4C000000,9CCC0000,7EB8FFFF,312D0000,7BADFFFF,FF220000
28C4355C00000000,1AC4A601,F6C7C633,7A2E0000,12000000,4C000000,EACC0000,62B8FFFF,3A2D0000,5FADFFFF,4D230000
8EC4355C00000000,22C4A601,D9C7C633,7A2E0000,12000000,4C000000,40CD0000,46B8FFFF,452D0000,44ADFFFF,A3230000
F1C4355C00000000,29C4A601,BCC7C633,7A2E0000,12000000,4C000000,9FCD0000,2AB8FFFF,502D0000,28ADFFFF,02240000
57C5355C00000000,2FC4A601,9EC7C633,7A2E0000,12000000,4C000000,0CCE0000,0EB8FFFF,5D2D0000,0CADFFFF,6F240000
BAC5355C00000000,36C4A601,7FC7C633,7A2E0000,12000000,4C000000,7FCE0000,F2B7FFFF,6C2D0000,F0ACFFFF,E2240000
1DC6355C00000000,3BC4A601,5FC7C633,7A2E0000,12000000,4C000000,00CF0000,D6B7FFFF,7C2D0000,D4ACFFFF,63250000
83C6355C00000000,40C4A601,3DC7C633,7A2E0000,12000000,4C000000,91CF0000,BAB7FFFF,8F2D0000,B8ACFFFF,F4250000
E3C6355C00000000,45C4A601,1BC7C633,7A2E0000,12000000,4C000000,24D00000,9EB7FFFF,A42D0000,9CACFFFF,87260000
49C7355C00000000,48C4A601,F7C6C633,7A2E0000,12000000,4C000000,BED00000,82B7FFFF,BA2D0000,80ACFFFF,21270000
AFC7355C00000000,4BC4A601,D3C6C633,7A2E0000,12000000,4C000000,5DD10000,66B7FFFF,D22D0000,65ACFFFF,C0270000
12C8355C00000000,4CC4A601,AEC6C633,7A2E0000,12000000,4C000000,FAD10000,4AB7FFFF,EA2D0000,49ACFFFF,5D280000
78C8355C00000000,4DC4A601,88C6C633,7A2E0000,12000000,4C000000,A6D20000,2EB7FFFF,042E0000,2DACFFFF,09290000
DBC8355C00000000,4CC4A601,62C6C633,7A2E0000,12000000,4C000000,57D30000,12B7FFFF,1D2E0000,11ACFFFF,BA290000
3EC9355C00000000,4AC4A601,3CC6C633,7A2E0000,12000000,4C000000,0FD40000,F6B6FFFF,372E0000,F5ABFFFF,722A0000
A3C9355C00000000,47C4A601,16C6C633,7A2E0000,12000000,4C000000,DAD40000,DAB6FFFF,512E0000,D9ABFFFF,3D2B0000
08CA355C00000000,42C4A601,EFC5C633,7A2E0000,12000000,4C000000,A1D50000,BEB6FFFF,6C2E0000,BDABFFFF,042C0000
6DCA355C00000000,3CC4A601,C9C5C633,7A2E0000,12000000,4C000000,6FD60000,A2B6FFFF,872E0000,A1ABFFFF,D22C0000
CFCA355C00000000,35C4A601,A2C5C633,7A2E0000,12000000,4C000000,3BD70000,86B6FFFF,A32E0000,85ABFFFF,9E2D0000
33CB355C00000000,2CC4A601,7CC5C633,7A2E0000,12000000,4C000000,0BD80000,6AB6FFFF,BE2E0000,69ABFFFF,6E2E0000
99CB355C00000000,21C4A601,56C5C633,7A2E0000,12000000,4C000000,EAD80000,4EB6FFFF,DA2E0000,4DABFFFF,4D2F0000
FCCB355C00000000,16C4A601,30C5C633,7A2E0000,12000000,4C000000,C5D90000,32B6FFFF,F62E0000,31ABFFFF,28300000
5FCC355C00000000,08C4A601,0BC5C633,7A2E0000,12000000,4C000000,A1DA0000,16B6FFFF,122F0000,15ABFFFF,04310000
C6CC355C00000000,F9C3A601,E6C4C633,7A2E0000,12000000,4C000000,82DB0000,FAB5FFFF,2E2F0000,F9AAFFFF,E5310000
28CD355C00000000,E9C3A601,C2C4C633,7A2E0000,12000000,4C000000,5CDC0000,DEB5FFFF,4A2F0000,DDAAFFFF,BF320000
8ECD355C00000000,D8C3A601,9EC4C633,7A2E0000,12000000,4C000000,37DD0000,C2B5FFFF,662F0000,C1AAFFFF,9A330000
F2CD355C00000000,C5C3A601,7BC4C633,7A2E0000,12000000,4C000000,08DE0000,A6B5FFFF,822F0000,A5AAFFFF,6B340000
54CE355C00000000,B1C3A601,59C4C633,7A2E0000,12000000,4C000000,D4DE0000,8AB5FFFF,9E2F0000,89AAFFFF,37350000
B9CE355C00000000,9CC3A601,38C4C633,7A2E0000,12000000,4C000000,9CDF0000,6EB5FFFF,BA2F0000,6DAAFFFF,FF350000
1DCF355C00000000,86C3A601,18C4C633,7A2E0000,12000000,4C000000,49E00000,52B5FFFF,D52F0000,51AAFFFF,AC360000
84CF355C00000000,6FC3A601,F8C3C633,7A2E0000,12000000,4C000000,EAE00000,36B5FFFF,F02F0000,35AAFFFF,4D370000
E5CF355C00000000,57C3A601,D9C3C633,7A2E0000,12000000,4C000000,80E10000,1AB5FFFF,0B300000,19AAFFFF,E3370000
49D0355C00000000,3FC3A601,BBC3C633,7A2E0000,12000000,4C000000,11E20000,FEB4FFFF,26300000,FDA9FFFF,74380000
AFD0355C00000000,27C3A601,9EC3C633,7A2E0000,12000000,4C000000,91E20000,E2B4FFFF,3F300000,E1A9FFFF,F4380000
12D1355C00000000,0EC3A601,82C3C633,7A2E0000,12000000,4C000000,FEE20000,C6B4FFFF,58300000,C5A9FFFF,61390000
75D1355C00000000,F6C2A601,67C3C633,7A2E0000,12000000,4C000000,5BE30000,AAB4FFFF,70300000,A9A9FFFF,BE390000
DBD1355C00000000,DDC2A601,4CC3C633,7A2E0000,12000000,4C000000,B4E30000,8EB4FFFF,87300000,8DA9FFFF,173A0000
3ED2355C00000000,C5C2A601,33C3C633,7A2E0000,12000000,4C000000,FFE30000,72B4FFFF,9B300000,71A9FFFF,623A0000
A4D2355C00000000,ADC2A601,1AC3C633,7A2E0000,12000000,4C000000,42E40000,56B4FFFF,AF300000,55A9FFFF,A53A0000
08D3355C00000000,96C2A601,03C3C633,7A2E0000,12000000,4C000000,77E40000,3AB4FFFF,C1300000,39A9FFFF,DA3A0000
6BD3355C00000000,7FC2A601,ECC2C633,7A2E0000,12000000,4C000000,9EE40000,1EB4FFFF,D1300000,1DA9FFFF,013B0000
D0D3355C00000000,68C2A601,D6C2C633,7A2E0000,12000000,4C000000,BEE40000,02B4FFFF,DF300000,01A9FFFF,213B0000
33D4355C00000000,52C2A601,C1C2C633,7A2E0000,12000000,4C000000,D4E40000,E6B3FFFF,EC300000,E5A8FFFF,373B0000
99D4355C00000000,3DC2A601,ACC2C633,7A2E0000,12000000,4C000000,E8E40000,CAB3FFFF,F7300000,C9A8FFFF,4B3B0000
FCD4355C00000000,27C2A601,97C2C633,7A2E0000,12000000,4C000000,FAE40000,AEB3FFFF,01310000,ADA8FFFF,5D3B0000
5FD5355C00000000,12C2A601,83C2C633,7A2E0000,12000000,4C000000,0AE50000,92B3FFFF,0A310000,91A8FFFF,6D3B0000
C6D5355C00000000,FDC1A601,6FC2C633,7A2E0000,12000000,4C000000,14E50000,76B3FFFF,12310000,75A8FFFF,773B0000
28D6355C00000000,E8C1A601,5BC2C633,7A2E0000,12000000,4C000000,13E50000,5AB3FFFF,1B310000,59A8FFFF,763B0000
8BD6355C00000000,D3C1A601,47C2C633,7A2E0000,12000000,4C000000,13E50000,3EB3FFFF,22310000,3DA8FFFF,763B0000
F1D6355C00000000,BEC1A601,33C2C633,7A2E0000,12000000,4C000000,12E50000,22B3FFFF,29310000,22A8FFFF,753B0000
54D7355C00000000,A9C1A601,1FC2C633,7A2E0000,12000000,4C000000,11E50000,06B3FFFF,31310000,06A8FFFF,743B0000
BAD7355C00000000,94C1A601,0BC2C633,7A2E0000,12000000,4C000000,11E50000,EAB2FFFF,38310000,EAA7FFFF,743B0000
1ED8355C00000000,7FC1A601,F7C1C633,7A2E0000,12000000,4C000000,13E50000,CEB2FFFF,3E310000,CEA7FFFF,763B0000
81D8355C00000000,6AC1A601,E3C1C633,7A2E0000,12000000,4C000000,12E50000,B2B2FFFF,45310000,B2A7FFFF,753B0000
E6D8355C00000000,56C1A601,D0C1C633,7A2E0000,12000000,4C000000,0EE50000,96B2FFFF,4B310000,96A7FFFF,713B0000
4AD9355C00000000,41C1A601,BCC1C633,7A2E0000,12000000,4C000000,0CE50000,7BB2FFFF,51310000,7AA7FFFF,6F3B0000
AFD9355C00000000,2CC1A601,A8C1C633,7A2E0000,12000000,4C000000,0EE50000,5FB2FFFF,57310000,5EA7FFFF,713B0000
12DA355C00000000,17C1A601,94C1C633,7A2E0000,12000000,4C000000,0FE50000,43B2FFFF,5D310000,42A7FFFF,723B0000
75DA355C00000000,03C1A601,81C1C633,7A2E0000,12000000,4C000000,0DE50000,27B2FFFF,62310000,26A7FFFF,703B0000
DCDA355C00000000,EEC0A601,6DC1C633,7A2E0000,12000000,4C000000,08E50000,0AB2FFFF,68310000,0AA7FFFF,6B3B0000
3EDB355C00000000,DAC0A601,59C1C633,7A2E0000,12000000,4C000000,08E50000,EEB1FFFF,6D310000,EEA6FFFF,6B3B0000
A4DB355C00000000,C5C0A601,46C1C633,7A2E0000,12000000,4C000000,09E50000,D2B1FFFF,72310000,D2A6FFFF,6C3B0000
08DC355C00000000,B0C0A601,32C1C633,7A2E0000,12000000,4C000000,08E50000,B6B1FFFF,77310000,B6A6FFFF,6B3B0000
6BDC355C00000000,9CC0A601,1EC1C633,7A2E0000,12000000,4C000000,05E50000,9AB1FFFF,7C310000,9BA6FFFF,683B0000
D0DC355C00000000,87C0A601,0BC1C633,7A2E0000,12000000,4C000000,02E50000,7EB1FFFF,81310000,7FA6FFFF,653B0000
34DD355C00000000,73C0A601,F7C0C633,7A2E0000,12000000,4C000000,01E50000,63B1FFFF,85310000,63A6FFFF,643B0000
97DD355C00000000,5EC0A601,E4C0C633,7A2E0000,12000000,4C000000,01E50000,47B1FFFF,8A310000,47A6FFFF,643B0000
FDDD355C00000000,4AC0A601,D0C0C633,7A2E0000,12000000,4C000000,00E50000,2BB1FFFF,8E310000,2BA6FFFF,633B0000
5FDE355C00000000,35C0A601,BCC0C633,7A2E0000,12000000,4C000000,FEE40000,0FB1FFFF,92310000,10A6FFFF,613B0000
C4DE355C00000000,21C0A601,A9C0C633,7A2E0000,12000000,4C000000,FAE40000,F3B0FFFF,96310000,F4A5FFFF,5D3B0000
28DF355C00000000,0DC0A601,95C0C633,7A2E0000,12000000,4C000000,F6E40000,D7B0FFFF,9A310000,D8A5FFFF,593B0000
8CDF355C00000000,F8BFA601,82C0C633,7A2E0000,12000000,4C000000,F3E40000,BAB0FFFF,9E310000,BDA5FFFF,563B0000
F2DF355C00000000,E4BFA601,6EC0C633,7A2E0000,12000000,4C000000,F0E40000,9EB0FFFF,A1310000,A1A5FFFF,533B0000
55E0355C00000000,D0BFA601,5AC0C633,7A2E0000,12000000,4C000000,F3E40000,82B0FFFF,A5310000,85A5FFFF,563B0000
BBE0355C00000000,BBBFA601,47C0C633,7A2E0000,12000000,4C000000,FBE40000,66B0FFFF,A9310000,69A5FFFF,5E3B0000
1DE1355C00000000,A7BFA601,33C0C633,7A2E0000,12000000,4C000000,FCE40000,4AB0FFFF,AC310000,4DA5FFFF,5F3B0000
80E1355C00000000,93BFA601,20C0C633,7A2E0000,12000000,4C000000,F7E40000,2EB0FFFF,B0310000,32A5FFFF,5A3B0000
E6E1355C00000000,7EBFA601,0CC0C633,7A2E0000,12000000,4C000000,F8E40000,12B0FFFF,B3310000,17A5FFFF,5B3B0000
4AE2355C00000000,6ABFA601,F9BFC633,7A2E0000,12000000,4C000000,FCE40000,F7AFFFFF,B7310000,FBA4FFFF,5F3B0000
ADE2355C00000000,55BFA601,E5BFC633,7A2E0000,12000000,4C000000,FBE40000,DBAFFFFF,BA310000,DFA4FFFF,5E3B0000
0FE3355C00000000,41BFA601,D2BFC633,7A2E0000,12000000,4C000000,F7E40000,BFAFFFFF,BD310000,C4A4FFFF,5A3B0000
76E3355C00000000,2DBFA601,BEBFC633,7A2E0000,12000000,4C000000,F6E40000,A3AFFFFF,C0310000,A8A4FFFF,593B0000
DCE3355C00000000,19BFA601,ABBFC633,7A2E0000,12000000,4C000000,F4E40000,87AFFFFF,C3310000,8CA4FFFF,573B0000
3EE4355C00000000,04BFA601,97BFC633,7A2E0000,12000000,4C000000,F1E40000,6BAFFFFF,C6310000,71A4FFFF,543B0000
A2E4355C00000000,F0BEA601,84BFC633,7A2E0000,12000000,4C000000,EFE40000,4FAFFFFF,C9310000,55A4FFFF,523B0000
08E5355C00000000,DCBEA601,70BFC633,7A2E0000,12000000,4C000000,ECE40000,33AFFFFF,CC310000,39A4FFFF,4F3B0000
6AE5355C00000000,C8BEA601,5DBFC633,7A2E0000,12000000,4C000000,E8E40000,17AFFFFF,CF310000,1DA4FFFF,4B3B0000
D0E5355C00000000,B3BEA601,49BFC633,7A2E0000,12000000,4C000000,E2E40000,FBAEFFFF,D1310000,01A4FFFF,453B0000
33E6355C00000000,9FBEA601,36BFC633,7A2E0000,12000000,4C000000,DCE40000,DFAEFFFF,D4310000,E5A3FFFF,3F3B0000
96E6355C00000000,8BBEA601,22BFC633,7A2E0000,12000000,4C000000,D9E40000,C3AEFFFF,D6310000,C9A3FFFF,3C3B0000
FDE6355C00000000,77BEA601,0EBFC633,7A2E0000,12000000,4C000000,D6E40000,A7AEFFFF,D8310000,ADA3FFFF,393B0000
60E7355C00000000,63BEA601,FBBEC633,7A2E0000,12000000,4C000000,D3E40000,8BAEFFFF,DA310000,91A3FFFF,363B0000
C3E7355C00000000,4FBEA601,E7BEC633,7A2E0000,12000000,4C000000,CEE40000,6FAEFFFF,DC310000,75A3FFFF,313B0000
25E8355C00000000,3BBEA601,D4BEC633,7A2E0000,12000000,4C000000,CAE40000,53AEFFFF,DE310000,59A3FFFF,2D3B0000
8CE8355C00000000,26BEA601,C0BEC633,7A2E0000,12000000,4C000000,C5E40000,37AEFFFF,E0310000,3DA3FFFF,283B0000
F2E8355C00000000,12BEA601,ACBEC633,7A2E0000,12000000,4C000000,C2E40000,1BAEFFFF,E2310000,21A3FFFF,253B0000
54E9355C00000000,FEBDA601,99BEC633,7A2E0000,12000000,4C000000,BFE40000,FFADFFFF,E4310000,05A3FFFF,223B0000
B7E9355C00000000,EABDA601,85BEC633,7A2E0000,12000000,4C000000,BDE40000,E3ADFFFF,E5310000,E9A2FFFF,203B0000
1EEA355C00000000,D6BDA601,71BEC633,7A2E0000,12000000,4C000000,BBE40000,C7ADFFFF,E7310000,CDA2FFFF,1E3B0000
81EA355C00000000,C2BDA601,5EBEC633,7A2E0000,12000000,4C000000,B6E40000,ABADFFFF,E9310000,B1A2FFFF,193B0000
E6EA355C00000000,AEBDA601,4ABEC633,7A2E0000,12000000,4C000000,B0E40000,8FADFFFF,EB310000,96A2FFFF,133B0000
4AEB355C00000000,9ABDA601,36BEC633,7A2E0000,12000000,4C000000,A8E40000,73ADFFFF,EC310000,7AA2FFFF,0B3B0000
ADEB355C00000000,86BDA601,23BEC633,7A2E0000,12000000,4C000000,A0E40000,57ADFFFF,ED310000,5EA2FFFF,033B0000
12EC355C00000000,73BDA601,0FBEC633,7A2E0000,12000000,4C000000,93E40000,3BADFFFF,EE310000,42A2FFFF,F63A0000
75EC355C00000000,5FBDA601,FBBDC633,7A2E0000,12000000,4C000000,86E40000,1FADFFFF,EE310000,26A2FFFF,E93A0000
D9EC355C00000000,4BBDA601,E7BDC633,7A2E0000,12000000,4C000000,76E40000,03ADFFFF,EF310000,0AA2FFFF,D93A0000
3DED355C00000000,37BDA601,D3BDC633,7A2E0000,12000000,4C000000,68E40000,E7ACFFFF,EF310000,EEA1FFFF,CB3A0000
A1ED355C00000000,24BDA601,BFBDC633,7A2E0000,12000000,4C000000,5DE40000,CBACFFFF,EF310000,D2A1FFFF,C03A0000
07EE355C00000000,10BDA601,ABBDC633,7A2E0000,12000000,4C000000,52E40000,AFACFFFF,EE310000,B6A1FFFF,B53A0000
6BEE355C00000000,FCBCA601,97BDC633,7A2E0000,12000000,4C000000,49E40000,93ACFFFF,EE310000,9AA1FFFF,AC3A0000
CDEE355C00000000,E9BCA601,83BDC633,7A2E0000,12000000,4C000000,48E40000,77ACFFFF,ED310000,7EA1FFFF,AB3A0000
33EF355C00000000,D5BCA601,6FBDC633,7A2E0000,12000000,4C000000,4DE40000,5BACFFFF,ED310000,62A1FFFF,B03A0000
97EF355C00000000,C2BCA601,5CBDC633,7A2E0000,12000000,4C000000,56E40000,3FACFFFF,ED310000,46A1FFFF,B93A0000
FDEF355C00000000,AEBCA601,48BDC633,7A2E0000,12000000,4C000000,5AE40000,23ACFFFF,ED310000,2AA1FFFF,BD3A0000
5FF0355C00000000,9ABCA601,34BDC633,7A2E0000,12000000,4C000000,5FE40000,07ACFFFF,EE310000,0FA1FFFF,C23A0000
C3F0355C00000000,87BCA601,20BDC633,7A2E0000,12000000,4C000000,68E40000,EBABFFFF,EE310000,F3A0FFFF,CB3A0000
29F1355C00000000,73BCA601,0CBDC633,7A2E0000,12000000,4C000000,6FE40000,CFABFFFF,EE310000,D7A0FFFF,D23A0000
8CF1355C00000000,5FBCA601,F8BCC633,7A2E0000,12000000,4C000000,79E40000,B3ABFFFF,EE310000,BCA0FFFF,DC3A0000
EEF1355C00000000,4CBCA601,E5BCC633,7A2E0000,12000000,4C000000,77E40000,97ABFFFF,F0310000,A0A0FFFF,DA3A0000
55F2355C00000000,38BCA601,D1BCC633,7A2E0000,12000000,4C000000,69E40000,7BABFFFF,F0310000,85A0FFFF,CC3A0000
B8F2355C00000000,25BCA601,BDBCC633,7A2E0000,12000000,4C000000,72E40000,60ABFFFF,F1310000,69A0FFFF,D53A0000
1EF3355C00000000,11BCA601,AABCC633,7A2E0000,12000000,4C000000,80E40000,44ABFFFF,F1310000,4DA0FFFF,E33A0000
7FF3355C00000000,FDBBA601,96BCC633,7A2E0000,12000000,4C000000,87E40000,28ABFFFF,F2310000,32A0FFFF,EA3A0000
E4F3355C00000000,EABBA601,82BCC633,7A2E0000,12000000,4C000000,81E40000,0CABFFFF,F3310000,17A0FFFF,E43A0000
4AF4355C00000000,D6BBA601,6EBCC633,7A2E0000,12000000,4C000000,7EE40000,F0AAFFFF,F3310000,FC9FFFFF,E13A0000
ADF4355C00000000,C2BBA601,5BBCC633,7A2E0000,12000000,4C000000,77E40000,D5AAFFFF,F4310000,E19FFFFF,DA3A0000
13F5355C00000000,AFBBA601,47BCC633,7A2E0000,12000000,4C000000,70E40000,B9AAFFFF,F4310000,C69FFFFF,D33A0000
76F5355C00000000,9BBBA601,33BCC633,7A2E0000,12000000,4C000000,6CE40000,9DAAFFFF,F4310000,AB9FFFFF,CF3A0000
D9F5355C00000000,87BBA601,1FBCC633,7A2E0000,12000000,4C000000,6BE40000,81AAFFFF,F5310000,909FFFFF,CE3A0000
3EF6355C00000000,74BBA601,0BBCC633,7A2E0000,12000000,4C000000,69E40000,65AAFFFF,F5310000,759FFFFF,CC3A0000
A1F6355C00000000,60BBA601,F8BBC633,7A2E0000,12000000,4C000000,64E40000,49AAFFFF,F5310000,5A9FFFFF,C73A0000
05F7355C00000000,4CBBA601,E4BBC633,7A2E0000,12000000,4C000000,60E40000,2DAAFFFF,F5310000,3F9FFFFF,C33A0000
6BF7355C00000000,39BBA601,D0BBC633,7A2E0000,12000000,4C000000,5EE40000,11AAFFFF,F5310000,239FFFFF,C13A0000
CDF7355C00000000,25BBA601,BCBBC633,7A2E0000,12000000,4C000000,63E40000,F5A9FFFF,F5310000,089FFFFF,C63A0000
34F8355C00000000,12BBA601,A8BBC633,7A2E0000,12000000,4C000000,69E40000,D9A9FFFF,F4310000,ED9EFFFF,CC3A0000
97F8355C00000000,FEBAA601,94BBC633,7A2E0000,12000000,4C000000,71E40000,BDA9FFFF,F5310000,D29EFFFF,D43A0000
FAF8355C00000000,EABAA601,81BBC633,7A2E0000,12000000,4C000000,74E40000,A2A9FFFF,F5310000,B79EFFFF,D73A0000
60F9355C00000000,D7BAA601,6DBBC633,7A2E0000,12000000,4C000000,7EE40000,86A9FFFF,F6310000,9C9EFFFF,E13A0000
C3F9355C00000000,C3BAA601,59BBC633,7A2E0000,12000000,4C000000,86E40000,6AA9FFFF,F6310000,809EFFFF,E93A0000
27FA355C00000000,AFBAA601,46BBC633,7A2E0000,12000000,4C000000,91E40000,4EA9FFFF,F8310000,659EFFFF,F43A0000
8CFA355C00000000,9CBAA601,32BBC633,7A2E0000,12000000,4C000000,9BE40000,33A9FFFF,F9310000,4A9EFFFF,FE3A0000
EFFA355C00000000,88BAA601,1FBBC633,7A2E0000,12000000,4C000000,A3E40000,17A9FFFF,FA310000,2F9EFFFF,063B0000
53FB355C00000000,75BAA601,0CBBC633,7A2E0000,12000000,4C000000,ABE40000,FCA8FFFF,FC310000,139EFFFF,0E3B0000
B8FB355C00000000,61BAA601,F8BAC633,7A2E0000,12000000,4C000000,B5E40000,E0A8FFFF,FE310000,F89DFFFF,183B0000
1BFC355C00000000,4DBAA601,E5BAC633,7A2E0000,12000000,4C000000,C2E40000,C5A8FFFF,FF310000,DD9DFFFF,253B0000
81FC355C00000000,39BAA601,D2BAC633,7A2E0000,12000000,4C000000,CDE40000,A9A8FFFF,02320000,C19DFFFF,303B0000
E4FC355C00000000,26BAA601,BEBAC633,7A2E0000,12000000,4C000000,D9E40000,8EA8FFFF,04320000,A69DFFFF,3C3B0000
4AFD355C00000000,12BAA601,ABBAC633,7A2E0000,12000000,4C000000,E4E40000,72A8FFFF,07320000,8B9DFFFF,473B0000
ADFD355C00000000,FEB9A601,98BAC633,7A2E0000,12000000,4C000000,F0E40000,57A8FFFF,09320000,6F9DFFFF,533B0000
10FE355C00000000,EAB9A601,85BAC633,7A2E0000,12000000,4C000000,F9E40000,3BA8FFFF,0D320000,549DFFFF,5C3B0000
76FE355C00000000,D6B9A601,72BAC633,7A2E0000,12000000,4C000000,FAE40000,20A8FFFF,10320000,399DFFFF,5D3B0000
D9FE355C00000000,C2B9A601,5FBAC633,7A2E0000,12000000,4C000000,00E50000,04A8FFFF,13320000,1D9DFFFF,633B0000
3EFF355C00000000,AEB9A601,4CBAC633,7A2E0000,12000000,4C000000,09E50000,E9A7FFFF,16320000,019DFFFF,6C3B0000
A2FF355C00000000,9AB9A601,39BAC633,7A2E0000,12000000,4C000000,17E50000,CEA7FFFF,1A320000,E59CFFFF,7A3B0000
0500365C00000000,86B9A601,26BAC633,7A2E0000,12000000,4C000000,20E50000,B2A7FFFF,1D320000,CA9CFFFF,833B0000
6B00365C00000000,72B9A601,13BAC633,7A2E0000,12000000,4C000000,22E50000,97A7FFFF,21320000,AF9CFFFF,853B0000
CE00365C00000000,5EB9A601,00BAC633,7A2E0000,12000000,4C000000,1FE50000,7BA7FFFF,24320000,949CFFFF,823B0000
3401365C00000000,4AB9A601,EDB9C633,7A2E0000,12000000,4C000000,1EE50000,60A7FFFF,28320000,799CFFFF,813B0000
9701365C00000000,36B9A601,DAB9C633,7A2E0000,12000000,4C000000,1FE50000,45A7FFFF,2B320000,5D9CFFFF,823B0000
FA01365C00000000,22B9A601,C7B9C633,7A2E0000,12000000,4C000000,1BE50000,29A7FFFF,2E320000,429CFFFF,7E3B0000
6002365C00000000,0EB9A601,B4B9C633,7A2E0000,12000000,4C000000,1AE50000,0EA7FFFF,32320000,279CFFFF,7D3B0000
C302365C00000000,FAB8A601,A1B9C633,7A2E0000,12000000,4C000000,16E50000,F2A6FFFF,35320000,0C9CFFFF,793B0000
2503365C00000000,E6B8A601,8EB9C633,7A2E0000,12000000,4C000000,12E50000,D7A6FFFF,38320000,F19BFFFF,753B0000
8C03365C00000000,D2B8A601,7BB9C633,7A2E0000,12000000,4C000000,10E50000,BBA6FFFF,3C320000,D69BFFFF,733B0000
EF03365C00000000,BEB8A601,67B9C633,7A2E0000,12000000,4C000000,0DE50000,A0A6FFFF,3F320000,BA9BFFFF,703B0000
5404365C00000000,AAB8A601,54B9C633,7A2E0000,12000000,4C000000,0AE50000,84A6FFFF,42320000,9F9BFFFF,6D3B0000
B904365C00000000,95B8A601,41B9C633,7A2E0000,12000000,4C000000,04E50000,69A6FFFF,44320000,849BFFFF,673B0000
1B05365C00000000,81B8A601,2EB9C633,7A2E0000,12000000,4C000000,00E50000,4DA6FFFF,47320000,699BFFFF,633B0000
8105365C00000000,6DB8A601,1AB9C633,7A2E0000,12000000,4C000000,FCE40000,31A6FFFF,4A320000,4D9BFFFF,5F3B0000
E405365C00000000,59B8A601,07B9C633,7A2E0000,12000000,4C000000,FAE40000,15A6FFFF,4C320000,329BFFFF,5D3B0000
4A06365C00000000,45B8A601,F4B8C633,7A2E0000,12000000,4C000000,F5E40000,F9A5FFFF,4F320000,169BFFFF,583B0000
AD06365C00000000,30B8A601,E0B8C633,7A2E0000,12000000,4C000000,F3E40000,DDA5FFFF,51320000,FB9AFFFF,563B0000
1107365C00000000,1CB8A601,CDB8C633,7A2E0000,12000000,4C000000,F0E40000,C1A5FFFF,53320000,DF9AFFFF,533B0000
7607365C00000000,08B8A601,B9B8C633,7A2E0000,12000000,4C000000,EFE40000,A5A5FFFF,55320000,C49AFFFF,523B0000
D907365C00000000,F4B7A601,A6B8C633,7A2E0000,12000000,4C000000,EEE40000,89A5FFFF,57320000,A89AFFFF,513B0000
3D08365C00000000,DFB7A601,92B8C633,7A2E0000,12000000,4C000000,EDE40000,6DA5FFFF,59320000,8D9AFFFF,503B0000
9E08365C00000000,CBB7A601,7FB8C633,7A2E0000,12000000,4C000000,EDE40000,51A5FFFF,5B320000,719AFFFF,503B0000
0509365C00000000,B7B7A601,6BB8C633,7A2E0000,12000000,4C000000,EBE40000,35A5FFFF,5E320000,569AFFFF,4E3B0000
6B09365C00000000,A3B7A601,58B8C633,7A2E0000,12000000,4C000000,EBE40000,19A5FFFF,60320000,3A9AFFFF,4E3B0000
CC09365C00000000,8FB7A601,44B8C633,7A2E0000,12000000,4C000000,F1E40000,FDA4FFFF,62320000,1E9AFFFF,543B0000
310A365C00000000,7AB7A601,31B8C633,7A2E0000,12000000,4C000000,F8E40000,E1A4FFFF,64320000,039AFFFF,5B3B0000
980A365C00000000,66B7A601,1DB8C633,7A2E0000,12000000,4C000000,06E50000,C5A4FFFF,66320000,E799FFFF,693B0000
FA0A365C00000000,52B7A601,0AB8C633,7A2E0000,12000000,4C000000,16E50000,A9A4FFFF,69320000,CB99FFFF,793B0000
5C0B365C00000000,3DB7A601,F7B7C633,7A2E0000,12000000,4C000000,27E50000,8DA4FFFF,6C320000,AF99FFFF,8A3B0000
C30B365C00000000,29B7A601,E3B7C633,7A2E0000,12000000,4C000000,39E50000,71A4FFFF,6F320000,9499FFFF,9C3B0000
250C365C00000000,14B7A601,D0B7C633,7A2E0000,12000000,4C000000,4AE50000,55A4FFFF,73320000,7899FFFF,AD3B0000
880C365C00000000,FFB6A601,BDB7C633,7A2E0000,12000000,4C000000,5BE50000,39A4FFFF,76320000,5C99FFFF,BE3B0000
EE0C365C00000000,EAB6A601,AAB7C633,7A2E0000,12000000,4C000000,68E50000,1DA4FFFF,7A320000,4099FFFF,CB3B0000
510D365C00000000,D6B6A601,96B7C633,7A2E0000,12000000,4C000000,79E50000,01A4FFFF,7F320000,2499FFFF,DC3B0000
B70D365C00000000,C1B6A601,83B7C633,7A2E0000,12000000,4C000000,8BE50000,E5A3FFFF,84320000,0899FFFF,EE3B0000
1C0E365C00000000,ACB6A601,70B7C633,7A2E0000,12000000,4C000000,9AE50000,C9A3FFFF,89320000,EC98FFFF,FD3B0000
800E365C00000000,96B6A601,5DB7C633,7A2E0000,12000000,4C000000,A7E50000,ADA3FFFF,8E320000,D098FFFF,0A3C0000
E30E365C00000000,81B6A601,4AB7C633,7A2E0000,12000000,4C000000,B1E50000,91A3FFFF,94320000,B498FFFF,143C0000
430F365C00000000,6CB6A601,37B7C633,7A2E0000,12000000,4C000000,B3E50000,75A3FFFF,99320000,9898FFFF,163C0000
AC0F365C00000000,57B6A601,24B7C633,7A2E0000,12000000,4C000000,A0E50000,59A3FFFF,9E320000,7C98FFFF,033C0000
0F10365C00000000,42B6A601,11B7C633,7A2E0000,12000000,4C000000,86E50000,3DA3FFFF,A2320000,6198FFFF,E93B0000
7510365C00000000,2DB6A601,FDB6C633,7A2E0000,12000000,4C000000,5AE50000,21A3FFFF,A6320000,4598FFFF,BD3B0000
D910365C00000000,19B6A601,EAB6C633,7A2E0000,12000000,4C000000,27E50000,05A3FFFF,A9320000,2A98FFFF,8A3B0000
3B11365C00000000,05B6A601,D7B6C633,7A2E0000,12000000,4C000000,E8E40000,E9A2FFFF,AB320000,0E98FFFF,4B3B0000
A111365C00000000,F1B5A601,C3B6C633,7A2E0000,12000000,4C000000,9CE40000,CDA2FFFF,AC320000,F297FFFF,FF3A0000
0112365C00000000,DDB5A601,AFB6C633,7A2E0000,12000000,4C000000,46E40000,B1A2FFFF,AC320000,D697FFFF,A93A0000
6712365C00000000,CAB5A601,9AB6C633,7A2E0000,12000000,4C000000,E1E30000,95A2FFFF,A9320000,BB97FFFF,443A0000
CD12365C00000000,B7B5A601,86B6C633,7A2E0000,12000000,4C000000,77E30000,79A2FFFF,A5320000,9F97FFFF,DA390000
3013365C00000000,A4B5A601,70B6C633,7A2E0000,12000000,4C000000,17E30000,5DA2FFFF,9F320000,8497FFFF,7A390000
9613365C00000000,91B5A601,5AB6C633,7A2E0000,12000000,4C000000,C1E20000,41A2FFFF,98320000,6897FFFF,24390000
F913365C00000000,7EB5A601,43B6C633,7A2E0000,12000000,4C000000,72E20000,25A2FFFF,8F320000,4C97FFFF,D5380000
5C14365C00000000,6CB5A601,2CB6C633,7A2E0000,12000000,4C000000,1DE20000,09A2FFFF,85320000,3197FFFF,80380000
C314365C00000000,59B5A601,15B6C633,7A2E0000,12000000,4C000000,D2E10000,EDA1FFFF,7B320000,1597FFFF,35380000
2615365C00000000,47B5A601,FDB5C633,7A2E0000,12000000,4C000000,96E10000,D1A1FFFF,70320000,FA96FFFF,F9370000
8B15365C00000000,35B5A601,E5B5C633,7A2E0000,12000000,4C000000,6CE10000,B5A1FFFF,65320000,DE96FFFF,CF370000
EE15365C00000000,23B5A601,CDB5C633,7A2E0000,12000000,4C000000,4DE10000,99A1FFFF,5B320000,C296FFFF,B0370000
5116365C00000000,11B5A601,B5B5C633,7A2E0000,12000000,4C000000,35E10000,7DA1FFFF,51320000,A696FFFF,98370000
B716365C00000000,00B5A601,9EB5C633,7A2E0000,12000000,4C000000,28E10000,61A1FFFF,47320000,8B96FFFF,8B370000
1717365C00000000,EFB4A601,86B5C633,7A2E0000,12000000,4C000000,28E10000,46A1FFFF,3F320000,6F96FFFF,8B370000
7D17365C00000000,DEB4A601,70B5C633,7A2E0000,12000000,4C000000,30E10000,2AA1FFFF,37320000,5396FFFF,93370000
E417365C00000000,CDB4A601,59B5C633,7A2E0000,12000000,4C000000,3EE10000,10A1FFFF,31320000,3796FFFF,A1370000
4618365C00000000,BDB4A601,44B5C633,7A2E0000,12000000,4C000000,54E10000,F5A0FFFF,2B320000,1B96FFFF,B7370000
AC18365C00000000,ADB4A601,2EB5C633,7A2E0000,12000000,4C000000,73E10000,DAA0FFFF,26320000,FF95FFFF,D6370000
0F19365C00000000,9DB4A601,19B5C633,7A2E0000,12000000,4C000000,98E10000,C0A0FFFF,22320000,E495FFFF,FB370000
7319365C00000000,8DB4A601,05B5C633,7A2E0000,12000000,4C000000,BFE10000,A6A0FFFF,20320000,C895FFFF,22380000
D719365C00000000,7DB4A601,F0B4C633,7A2E0000,12000000,4C000000,ECE10000,8CA0FFFF,1E320000,AC95FFFF,4F380000
3B1A365C00000000,6DB4A601,DDB4C633,7A2E0000,12000000,4C000000,1DE20000,73A0FFFF,1E320000,9095FFFF,80380000
A21A365C00000000,5CB4A601,C9B4C633,7A2E0000,12000000,4C000000,50E20000,59A0FFFF,1F320000,7495FFFF,B3380000
041B365C00000000,4DB4A601,B6B4C633,7A2E0000,12000000,4C000000,89E20000,41A0FFFF,20320000,5895FFFF,EC380000
671B365C00000000,3DB4A601,A3B4C633,7A2E0000,12000000,4C000000,C4E20000,28A0FFFF,23320000,3C95FFFF,27390000
CE1B365C00000000,2CB4A601,90B4C633,7A2E0000,12000000,4C000000,05E30000,10A0FFFF,26320000,2195FFFF,68390000
311C365C00000000,1CB4A601,7EB4C633,7A2E0000,12000000,4C000000,3FE30000,F79FFFFF,2B320000,0595FFFF,A2390000
941C365C00000000,0BB4A601,6CB4C633,7A2E0000,12000000,4C000000,80E30000,DF9FFFFF,30320000,E994FFFF,E3390000
F91C365C00000000,FAB3A601,59B4C633,7A2E0000,12000000,4C000000,C4E30000,C79FFFFF,36320000,CD94FFFF,273A0000
5C1D365C00000000,E9B3A601,48B4C633,7A2E0000,12000000,4C000000,07E40000,AF9FFFFF,3C320000,B194FFFF,6A3A0000
C31D365C00000000,D8B3A601,36B4C633,7A2E0000,12000000,4C000000,3DE40000,979FFFFF,42320000,9594FFFF,A03A0000
251E365C00000000,C6B3A601,25B4C633,7A2E0000,12000000,4C000000,70E40000,809FFFFF,49320000,7A94FFFF,D33A0000
881E365C00000000,B5B3A601,13B4C633,7A2E0000,12000000,4C000000,9BE40000,689FFFFF,50320000,5E94FFFF,FE3A0000
EE1E365C00000000,A3B3A601,02B4C633,7A2E0000,12000000,4C000000,BDE40000,509FFFFF,58320000,4294FFFF,203B0000
511F365C00000000,92B3A601,F1B3C633,7A2E0000,12000000,4C000000,D7E40000,399FFFFF,5E320000,2694FFFF,3A3B0000
B81F365C00000000,80B3A601,E0B3C633,7A2E0000,12000000,4C000000,F1E40000,229FFFFF,65320000,0A94FFFF,543B0000
1720365C00000000,6FB3A601,D0B3C633,7A2E0000,12000000,4C000000,07E50000,0B9FFFFF,6B320000,EE93FFFF,6A3B0000
7D20365C00000000,5EB3A601,BFB3C633,7A2E0000,12000000,4C000000,14E50000,F49EFFFF,70320000,D293FFFF,773B0000
E420365C00000000,4DB3A601,B0B3C633,7A2E0000,12000000,4C000000,18E50000,DD9EFFFF,76320000,B793FFFF,7B3B0000
4621365C00000000,3DB3A601,9FB3C633,7A2E0000,12000000,4C000000,18E50000,C79EFFFF,7A320000,9C93FFFF,7B3B0000
A921365C00000000,2CB3A601,90B3C633,7A2E0000,12000000,4C000000,13E50000,B09EFFFF,7E320000,8093FFFF,763B0000
1022365C00000000,1BB3A601,80B3C633,7A2E0000,12000000,4C000000,0FE50000,999EFFFF,81320000,6493FFFF,723B0000
7322365C00000000,0BB3A601,71B3C633,7A2E0000,12000000,4C000000,07E50000,839EFFFF,84320000,4993FFFF,6A3B0000
D822365C00000000,FBB2A601,61B3C633,7A2E0000,12000000,4C000000,FFE40000,6D9EFFFF,86320000,2D93FFFF,623B0000
3B23365C00000000,ECB2A601,52B3C633,7A2E0000,12000000,4C000000,F9E40000,589EFFFF,87320000,1193FFFF,5C3B0000
9F23365C00000000,DCB2A601,43B3C633,7A2E0000,12000000,4C000000,F4E40000,419EFFFF,88320000,F692FFFF,573B0000
0224365C00000000,CDB2A601,34B3C633,7A2E0000,12000000,4C000000,F0E40000,2C9EFFFF,88320000,DA92FFFF,533B0000
6724365C00000000,BEB2A601,26B3C633,7A2E0000,12000000,4C000000,E9E40000,189EFFFF,88320000,BF92FFFF,4C3B0000
CE24365C00000000,AFB2A601,18B3C633,7A2E0000,12000000,4C000000,E0E40000,039EFFFF,87320000,A492FFFF,433B0000
2E25365C00000000,A0B2A601,09B3C633,7A2E0000,12000000,4C000000,D8E40000,EE9DFFFF,86320000,8892FFFF,3B3B0000
9325365C00000000,91B2A601,FBB2C633,7A2E0000,12000000,4C000000,D0E40000,DA9DFFFF,84320000,6D92FFFF,333B0000
FA25365C00000000,83B2A601,EDB2C633,7A2E0000,12000000,4C000000,CAE40000,C69DFFFF,81320000,5192FFFF,2D3B0000
5D26365C00000000,75B2A601,DFB2C633,7A2E0000,12000000,4C000000,C3E40000,B29DFFFF,7F320000,3692FFFF,263B0000
BF26365C00000000,66B2A601,D1B2C633,7A2E0000,12000000,4C000000,B9E40000,9E9DFFFF,7B320000,1A92FFFF,1C3B0000
2627365C00000000,58B2A601,C2B2C633,7A2E0000,12000000,4C000000,ABE40000,8A9DFFFF,78320000,FE91FFFF,0E3B0000
8927365C00000000,4AB2A601,B4B2C633,7A2E0000,12000000,4C000000,A1E40000,779DFFFF,73320000,E391FFFF,043B0000
EC27365C00000000,3BB2A601,A6B2C633,7A2E0000,12000000,4C000000,A0E40000,639DFFFF,6F320000,C791FFFF,033B0000
5128365C00000000,2DB2A601,99B2C633,7A2E0000,12000000,4C000000,A4E40000,509DFFFF,6A320000,AB91FFFF,073B0000
B528365C00000000,1FB2A601,8BB2C633,7A2E0000,12000000,4C000000,A1E40000,3D9DFFFF,65320000,9091FFFF,043B0000
1B29365C00000000,11B2A601,7DB2C633,7A2E0000,12000000,4C000000,9BE40000,2A9DFFFF,5F320000,7591FFFF,FE3A0000
7D29365C00000000,04B2A601,6FB2C633,7A2E0000,12000000,4C000000,9DE40000,189DFFFF,59320000,5A91FFFF,003B0000
E329365C00000000,F6B1A601,61B2C633,7A2E0000,12000000,4C000000,A1E40000,069DFFFF,53320000,3E91FFFF,043B0000
472A365C00000000,E8B1A601,53B2C633,7A2E0000,12000000,4C000000,ABE40000,F39CFFFF,4C320000,2291FFFF,0E3B0000
AA2A365C00000000,DAB1A601,46B2C633,7A2E0000,12000000,4C000000,B7E40000,E09CFFFF,46320000,0791FFFF,1A3B0000
102B365C00000000,CCB1A601,38B2C633,7A2E0000,12000000,4C000000,CAE40000,CE9CFFFF,40320000,EC90FFFF,2D3B0000
732B365C00000000,BEB1A601,2AB2C633,7A2E0000,12000000,4C000000,D7E40000,BB9CFFFF,39320000,D090FFFF,3A3B0000
D92B365C00000000,B0B1A601,1DB2C633,7A2E0000,12000000,4C000000,E3E40000,A99CFFFF,33320000,B590FFFF,463B0000
3B2C365C00000000,A2B1A601,10B2C633,7A2E0000,12000000,4C000000,EFE40000,979CFFFF,2C320000,9A90FFFF,523B0000
9F2C365C00000000,94B1A601,03B2C633,7A2E0000,12000000,4C000000,FBE40000,859CFFFF,26320000,7F90FFFF,5E3B0000
022D365C00000000,86B1A601,F5B1C633,7A2E0000,12000000,4C000000,03E50000,739CFFFF,1F320000,6390FFFF,663B0000
682D365C00000000,78B1A601,E7B1C633,7A2E0000,12000000,4C000000,09E50000,609CFFFF,19320000,4890FFFF,6C3B0000
CA2D365C00000000,69B1A601,DAB1C633,7A2E0000,12000000,4C000000,0CE50000,4E9CFFFF,11320000,2D90FFFF,6F3B0000
312E365C00000000,5BB1A601,CCB1C633,7A2E0000,12000000,4C000000,03E50000,3B9CFFFF,0A320000,1290FFFF,663B0000
942E365C00000000,4CB1A601,BDB1C633,7A2E0000,12000000,4C000000,F3E40000,279CFFFF,02320000,F78FFFFF,563B0000
FA2E365C00000000,3CB1A601,AEB1C633,7A2E0000,12000000,4C000000,DDE40000,149CFFFF,FA310000,DC8FFFFF,403B0000
5D2F365C00000000,2DB1A601,9FB1C633,7A2E0000,12000000,4C000000,CAE40000,009CFFFF,F2310000,C18FFFFF,2D3B0000
C02F365C00000000,1DB1A601,90B1C633,7A2E0000,12000000,4C000000,B3E40000,EC9BFFFF,E8310000,A58FFFFF,163B0000
2530365C00000000,0DB1A601,80B1C633,7A2E0000,12000000,4C000000,9BE40000,D79BFFFF,DE310000,8A8FFFFF,FE3A0000
8930365C00000000,FDB0A601,6FB1C633,7A2E0000,12000000,4C000000,7DE40000,C39BFFFF,D4310000,6F8FFFFF,E03A0000
EF30365C00000000,ECB0A601,5EB1C633,7A2E0000,12000000,4C000000,61E40000,AD9BFFFF,C9310000,548FFFFF,C43A0000
5131365C00000000,DAB0A601,4CB1C633,7A2E0000,12000000,4C000000,47E40000,979BFFFF,BD310000,388FFFFF,AA3A0000
B531365C00000000,C8B0A601,3AB1C633,7A2E0000,12000000,4C000000,2AE40000,819BFFFF,B1310000,1D8FFFFF,8D3A0000
1832365C00000000,B6B0A601,26B1C633,7A2E0000,12000000,4C000000,0EE40000,699BFFFF,A3310000,028FFFFF,713A0000
7D32365C00000000,A3B0A601,13B1C633,7A2E0000,12000000,4C000000,EEE30000,529BFFFF,95310000,E68EFFFF,513A0000
E132365C00000000,90B0A601,FEB0C633,7A2E0000,12000000,4C000000,D1E30000,3A9BFFFF,87310000,CB8EFFFF,343A0000
4733365C00000000,7CB0A601,E8B0C633,7A2E0000,12000000,4C000000,B6E30000,219BFFFF,77310000,B08EFFFF,193A0000
A933365C00000000,67B0A601,D3B0C633,7A2E0000,12000000,4C000000,A1E30000,079BFFFF,67310000,948EFFFF,043A0000
1034365C00000000,52B0A601,BCB0C633,7A2E0000,12000000,4C000000,8EE30000,ED9AFFFF,57310000,798EFFFF,F1390000
7334365C00000000,3DB0A601,A5B0C633,7A2E0000,12000000,4C000000,7DE30000,D39AFFFF,45310000,5E8EFFFF,E0390000
D334365C00000000,28B0A601,8DB0C633,7A2E0000,12000000,4C000000,7BE30000,B99AFFFF,34310000,428EFFFF,DE390000
3C35365C00000000,12B0A601,76B0C633,7A2E0000,12000000,4C000000,7DE30000,9E9AFFFF,23310000,278EFFFF,E0390000
9E35365C00000000,FDAFA601,5EB0C633,7A2E0000,12000000,4C000000,84E30000,829AFFFF,12310000,0B8EFFFF,E7390000
0536365C00000000,E6AFA601,45B0C633,7A2E0000,12000000,4C000000,82E30000,669AFFFF,00310000,F08DFFFF,E5390000
6836365C00000000,D0AFA601,2DB0C633,7A2E0000,12000000,4C000000,82E30000,4A9AFFFF,EF300000,D48DFFFF,E5390000
CA36365C00000000,BAAFA601,15B0C633,7A2E0000,12000000,4C000000,87E30000,2E9AFFFF,DE300000,B88DFFFF,EA390000
3137365C00000000,A4AFA601,FDAFC633,7A2E0000,12000000,4C000000,8CE30000,129AFFFF,CC300000,9D8DFFFF,EF390000
9137365C00000000,8DAFA601,E4AFC633,7A2E0000,12000000,4C000000,8FE30000,F699FFFF,BB300000,818DFFFF,F2390000
F737365C00000000,77AFA601,CCAFC633,7A2E0000,12000000,4C000000,90E30000,DA99FFFF,AA300000,658DFFFF,F3390000
5C38365C00000000,61AFA601,B4AFC633,7A2E0000,12000000,4C000000,95E30000,BE99FFFF,98300000,498DFFFF,F8390000
C038365C00000000,4BAFA601,9CAFC633,7A2E0000,12000000,4C000000,9EE30000,A299FFFF,87300000,2D8DFFFF,013A0000
2639365C00000000,34AFA601,84AFC633,7A2E0000,12000000,4C000000,AAE30000,8699FFFF,76300000,118DFFFF,0D3A0000
8939365C00000000,1EAFA601,6CAFC633,7A2E0000,12000000,4C000000,B7E30000,6A99FFFF,65300000,F58CFFFF,1A3A0000
EC39365C00000000,07AFA601,54AFC633,7A2E0000,12000000,4C000000,C2E30000,4E99FFFF,53300000,D98CFFFF,253A0000
523A365C00000000,F1AEA601,3CAFC633,7A2E0000,12000000,4C000000,CFE30000,3299FFFF,42300000,BD8CFFFF,323A0000
B53A365C00000000,DBAEA601,24AFC633,7A2E0000,12000000,4C000000,E4E30000,1699FFFF,32300000,A18CFFFF,473A0000
1B3B365C00000000,C4AEA601,0DAFC633,7A2E0000,12000000,4C000000,03E40000,FA98FFFF,22300000,858CFFFF,663A0000
7E3B365C00000000,AEAEA601,F6AEC633,7A2E0000,12000000,4C000000,21E40000,DE98FFFF,12300000,6A8CFFFF,843A0000
E13B365C00000000,98AEA601,DFAEC633,7A2E0000,12000000,4C000000,39E40000,C298FFFF,03300000,4E8CFFFF,9C3A0000
473C365C00000000,81AEA601,C8AEC633,7A2E0000,12000000,4C000000,4FE40000,A698FFFF,F32F0000,328CFFFF,B23A0000
A73C365C00000000,6BAEA601,B1AEC633,7A2E0000,12000000,4C000000,69E40000,8A98FFFF,E42F0000,168CFFFF,CC3A0000
0D3D365C00000000,54AEA601,9BAEC633,7A2E0000,12000000,4C000000,81E40000,6E98FFFF,D52F0000,FA8BFFFF,E43A0000
733D365C00000000,3EAEA601,84AEC633,7A2E0000,12000000,4C000000,9FE40000,5298FFFF,C62F0000,DE8BFFFF,023B0000
D63D365C00000000,27AEA601,6EAEC633,7A2E0000,12000000,4C000000,BEE40000,3698FFFF,B72F0000,C28BFFFF,213B0000
3C3E365C00000000,11AEA601,58AEC633,7A2E0000,12000000,4C000000,E0E40000,1A98FFFF,A82F0000,A68BFFFF,433B0000
9F3E365C00000000,FAADA601,42AEC633,7A2E0000,12000000,4C000000,0AE50000,FE97FFFF,9A2F0000,8A8BFFFF,6D3B0000
023F365C00000000,E3ADA601,2DAEC633,7A2E0000,12000000,4C000000,3AE50000,E297FFFF,8C2F0000,6E8BFFFF,9D3B0000
673F365C00000000,CCADA601,18AEC633,7A2E0000,12000000,4C000000,70E50000,C697FFFF,7E2F0000,528BFFFF,D33B0000
CB3F365C00000000,B5ADA601,03AEC633,7A2E0000,12000000,4C000000,A9E50000,AA97FFFF,702F0000,368BFFFF,0C3C0000
3140365C00000000,9DADA601,EEADC633,7A2E0000,12000000,4C000000,EBE50000,8E97FFFF,622F0000,1A8BFFFF,4E3C0000
9440365C00000000,86ADA601,DAADC633,7A2E0000,12000000,4C000000,2EE60000,7297FFFF,552F0000,FE8AFFFF,913C0000
F740365C00000000,6EADA601,C6ADC633,7A2E0000,12000000,4C000000,74E60000,5797FFFF,472F0000,E28AFFFF,D73C0000
5D41365C00000000,56ADA601,B3ADC633,7A2E0000,12000000,4C000000,CBE60000,3B97FFFF,3A2F0000,C68AFFFF,2E3D0000
C041365C00000000,3EADA601,A0ADC633,7A2E0000,12000000,4C000000,2FE70000,1F97FFFF,2D2F0000,AA8AFFFF,923D0000
2342365C00000000,26ADA601,8EADC633,7A2E0000,12000000,4C000000,9DE70000,0497FFFF,212F0000,8E8AFFFF,003E0000
8A42365C00000000,0EADA601,7CADC633,7A2E0000,12000000,4C000000,1EE80000,E896FFFF,152F0000,728AFFFF,813E0000
EC42365C00000000,F5ACA601,6BADC633,7A2E0000,12000000,4C000000,B0E80000,CD96FFFF,0A2F0000,568AFFFF,133F0000
5243365C00000000,DCACA601,5BADC633,7A2E0000,12000000,4C000000,56E90000,B196FFFF,FF2E0000,3A8AFFFF,B93F0000
B543365C00000000,C3ACA601,4CADC633,7A2E0000,12000000,4C000000,06EA0000,9696FFFF,F52E0000,1F8AFFFF,69400000
1844365C00000000,AAACA601,3EADC633,7A2E0000,12000000,4C000000,C6EA0000,7A96FFFF,EB2E0000,038AFFFF,29410000
7E44365C00000000,90ACA601,31ADC633,7A2E0000,12000000,4C000000,91EB0000,5E96FFFF,E12E0000,E789FFFF,F4410000
E144365C00000000,75ACA601,25ADC633,7A2E0000,12000000,4C000000,5EEC0000,4396FFFF,D82E0000,CB89FFFF,C1420000
4745365C00000000,5BACA601,1AADC633,7A2E0000,12000000,4C000000,32ED0000,2796FFFF,D02E0000,AF89FFFF,95430000
AA45365C00000000,40ACA601,0FADC633,7A2E0000,12000000,4C000000,07EE0000,0C96FFFF,C72E0000,9389FFFF,6A440000
0D46365C00000000,25ACA601,07ADC633,7A2E0000,12000000,4C000000,EAEE0000,F195FFFF,C02E0000,7789FFFF,4D450000
7346365C00000000,0AACA601,FFACC633,7A2E0000,12000000,4C000000,DEEF0000,D695FFFF,B82E0000,5B89FFFF,41460000
D646365C00000000,EFABA601,F8ACC633,7A2E0000,12000000,4C000000,1E640000,BB95FFFF,B02E0000,3F89FFFF,82BAFFFF
3947365C00000000,D4ABA601,F3ACC633,7A2E0000,12000000,4C000000,3C650000,A195FFFF,A82E0000,2389FFFF,A0BBFFFF
9F47365C00000000,B9ABA601,EFACC633,7A2E0000,12000000,4C000000,51660000,8795FFFF,A02E0000,0789FFFF,B5BCFFFF
0248365C00000000,9FABA601,EDACC633,7A2E0000,12000000,4C000000,5D670000,6D95FFFF,992E0000,EB88FFFF,C1BDFFFF
6848365C00000000,84ABA601,ECACC633,7A2E0000,12000000,4C000000,7C680000,5495FFFF,922E0000,CF88FFFF,E0BEFFFF
CB48365C00000000,6AABA601,ECACC633,7A2E0000,12000000,4C000000,99690000,3A95FFFF,8B2E0000,B388FFFF,FDBFFFFF
2F49365C00000000,4FABA601,EDACC633,7A2E0000,12000000,4C000000,BB6A0000,2195FFFF,842E0000,9788FFFF,1FC1FFFF
9449365C00000000,35ABA601,F0ACC633,7A2E0000,12000000,4C000000,DB6B0000,0795FFFF,7C2E0000,7B88FFFF,3FC2FFFF
F749365C00000000,1AABA601,F4ACC633,7A2E0000,12000000,4C000000,076D0000,ED94FFFF,742E0000,5F88FFFF,6BC3FFFF
5E4A365C00000000,FFAAA601,FAACC633,7A2E0000,12000000,4C000000,406E0000,D394FFFF,6B2E0000,4388FFFF,A4C4FFFF
C04A365C00000000,E5AAA601,01ADC633,7A2E0000,12000000,4C000000,596F0000,B994FFFF,642E0000,2788FFFF,BDC5FFFF
234B365C00000000,CAAAA601,0AADC633,7A2E0000,12000000,4C000000,B0700000,9E94FFFF,5C2E0000,0B88FFFF,14C7FFFF
894B365C00000000,B0AAA601,15ADC633,7A2E0000,12000000,4C000000,03720000,8394FFFF,542E0000,EF87FFFF,67C8FFFF
ED4B365C00000000,96AAA601,21ADC633,7A2E0000,12000000,4C000000,4F730000,6794FFFF,4C2E0000,D387FFFF,B3C9FFFF
4F4C365C00000000,7CAAA601,2FADC633,7A2E0000,12000000,4C000000,92740000,4B94FFFF,432E0000,B787FFFF,F6CAFFFF
B44C365C00000000,63AAA601,3EADC633,7A2E0000,12000000,4C000000,DB750000,2F94FFFF,392E0000,9B87FFFF,3FCCFFFF
184D365C00000000,4BAAA601,4FADC633,7A2E0000,12000000,4C000000,12770000,1394FFFF,302E0000,7F87FFFF,76CDFFFF
7E4D365C00000000,33AAA601,62ADC633,7A2E0000,12000000,4C000000,43780000,F793FFFF,262E0000,6387FFFF,A7CEFFFF
E14D365C00000000,1DAAA601,75ADC633,7A2E0000,12000000,4C000000,75790000,DB93FFFF,1B2E0000,4787FFFF,D9CFFFFF
444E365C00000000,07AAA601,8AADC633,7A2E0000,12000000,4C000000,997A0000,BF93FFFF,102E0000,2B87FFFF,FDD0FFFF
AA4E365C00000000,F2A9A601,A0ADC633,7A2E0000,12000000,4C000000,B17B0000,A393FFFF,042E0000,0F87FFFF,15D2FFFF
0D4F365C00000000,DEA9A601,B8ADC633,7A2E0000,12000000,4C000000,AB7C0000,8793FFFF,F72D0000,F386FFFF,0FD3FFFF
724F365C00000000,CAA9A601,D0ADC633,7A2E0000,12000000,4C000000,9F7D0000,6B93FFFF,E82D0000,D786FFFF,03D4FFFF
D74F365C00000000,B7A9A601,EAADC633,7A2E0000,12000000,4C000000,7F7E0000,4F93FFFF,D92D0000,BB86FFFF,E3D4FFFF
3950365C00000000,A5A9A601,05AEC633,7A2E0000,12000000,4C000000,597F0000,3393FFFF,CA2D0000,9F86FFFF,BDD5FFFF
9F50365C00000000,94A9A601,21AEC633,7A2E0000,12000000,4C000000,34800000,1793FFFF,B82D0000,8386FFFF,98D6FFFF
0351365C00000000,84A9A601,3DAEC633,7A2E0000,12000000,4C000000,FA800000,FB92FFFF,A72D0000,6786FFFF,5ED7FFFF
6851365C00000000,74A9A601,5BAEC633,7A2E0000,12000000,4C000000,BE810000,DF92FFFF,942D0000,4B86FFFF,22D8FFFF
CB51365C00000000,65A9A601,79AEC633,7A2E0000,12000000,4C000000,73820000,C392FFFF,812D0000,2F86FFFF,D7D8FFFF
2E52365C00000000,57A9A601,98AEC633,7A2E0000,12000000,4C000000,20830000,A792FFFF,6E2D0000,1386FFFF,84D9FFFF
9552365C00000000,4AA9A601,B8AEC633,7A2E0000,12000000,4C000000,C3830000,8B92FFFF,5A2D0000,F785FFFF,27DAFFFF
F752365C00000000,3DA9A601,D9AEC633,7A2E0000,12000000,4C000000,5A840000,6F92FFFF,452D0000,DB85FFFF,BEDAFFFF
5A53365C00000000,31A9A601,FAAEC633,7A2E0000,12000000,4C000000,DA840000,5392FFFF,302D0000,BF85FFFF,3EDBFFFF
C153365C00000000,26A9A601,1BAFC633,7A2E0000,12000000,4C000000,4E850000,3792FFFF,1A2D0000,A385FFFF,B2DBFFFF
2354365C00000000,1BA9A601,3DAFC633,7A2E0000,12000000,4C000000,AE850000,1B92FFFF,052D0000,8785FFFF,12DCFFFF
8854365C00000000,11A9A601,60AFC633,7A2E0000,12000000,4C000000,02860000,FF91FFFF,ED2C0000,6B85FFFF,66DCFFFF
ED54365C00000000,06A9A601,83AFC633,7A2E0000,12000000,4C000000,44860000,E391FFFF,D62C0000,4F85FFFF,A8DCFFFF
4F55365C00000000,FCA8A601,A6AFC633,7A2E0000,12000000,4C000000,75860000,C791FFFF,BF2C0000,3385FFFF,D9DCFFFF
B555365C00000000,F2A8A601,CAAFC633,7A2E0000,12000000,4C000000,A6860000,AB91FFFF,A52C0000,1785FFFF,0ADDFFFF
1856365C00000000,E9A8A601,EEAFC633,7A2E0000,12000000,4C000000,C7860000,8F91FFFF,8D2C0000,FB84FFFF,2BDDFFFF
7F56365C00000000,DFA8A601,13B0C633,7A2E0000,12000000,4C000000,DF860000,7391FFFF,742C0000,DF84FFFF,43DDFFFF
E156365C00000000,D6A8A601,37B0C633,7A2E0000,12000000,4C000000,F0860000,5791FFFF,5A2C0000,C384FFFF,54DDFFFF
4457365C00000000,CCA8A601,5CB0C633,7A2E0000,12000000,4C000000,FA860000,3B91FFFF,412C0000,A784FFFF,5EDDFFFF
AB57365C00000000,C3A8A601,81B0C633,7A2E0000,12000000,4C000000,FF860000,1F91FFFF,272C0000,8B84FFFF,63DDFFFF
0D58365C00000000,B9A8A601,A6B0C633,7A2E0000,12000000,4C000000,00870000,0391FFFF,0D2C0000,6F84FFFF,64DDFFFF
7058365C00000000,B0A8A601,CBB0C633,7A2E0000,12000000,4C000000,00870000,E890FFFF,F22B0000,5384FFFF,64DDFFFF
D458365C00000000,A6A8A601,F0B0C633,7A2E0000,12000000,4C000000,05870000,CD90FFFF,D82B0000,3784FFFF,69DDFFFF
3959365C00000000,9DA8A601,14B1C633,7A2E0000,12000000,4C000000,07870000,B290FFFF,BD2B0000,1B84FFFF,6BDDFFFF
A059365C00000000,94A8A601,38B1C633,7A2E0000,12000000,4C000000,03870000,9890FFFF,A22B0000,FF83FFFF,67DDFFFF
015A365C00000000,8BA8A601,5CB1C633,7A2E0000,12000000,4C000000,03870000,7F90FFFF,882B0000,E483FFFF,67DDFFFF
655A365C00000000,82A8A601,7FB1C633,7A2E0000,12000000,4C000000,04870000,6690FFFF,6D2B0000,C883FFFF,68DDFFFF
CC5A365C00000000,78A8A601,A3B1C633,7A2E0000,12000000,4C000000,03870000,4D90FFFF,512B0000,AC83FFFF,67DDFFFF
2F5B365C00000000,6FA8A601,C6B1C633,7A2E0000,12000000,4C000000,01870000,3690FFFF,362B0000,9083FFFF,65DDFFFF
915B365C00000000,67A8A601,E9B1C633,7A2E0000,12000000,4C000000,00870000,1F90FFFF,1A2B0000,7483FFFF,64DDFFFF
F75B365C00000000,5EA8A601,0BB2C633,7A2E0000,12000000,4C000000,00870000,0990FFFF,FF2A0000,5983FFFF,64DDFFFF
5B5C365C00000000,55A8A601,2DB2C633,7A2E0000,12000000,4C000000,FE860000,F38FFFFF,E32A0000,3D83FFFF,62DDFFFF
C05C365C00000000,4CA8A601,4FB2C633,7A2E0000,12000000,4C000000,FD860000,DE8FFFFF,C72A0000,2183FFFF,61DDFFFF
245D365C00000000,44A8A601,71B2C633,7A2E0000,12000000,4C000000,FD860000,C98FFFFF,AB2A0000,0683FFFF,61DDFFFF
875D365C00000000,3BA8A601,92B2C633,7A2E0000,12000000,4C000000,FD860000,B58FFFFF,8F2A0000,EA82FFFF,61DDFFFF
EC5D365C00000000,32A8A601,B4B2C633,7A2E0000,12000000,4C000000,FD860000,A18FFFFF,732A0000,CE82FFFF,61DDFFFF
505E365C00000000,2AA8A601,D4B2C633,7A2E0000,12000000,4C000000,FD860000,8E8FFFFF,572A0000,B282FFFF,61DDFFFF
