Time,inertial-6286.188861:estOrientQuaternion[0-0],inertial-6286.188861:estOrientQuaternion[0-1],inertial-6286.188861:estOrientQuaternion[0-2],inertial-6286.188861:estOrientQuaternion[0-3],inertial-6286.188861:estOrientQuaternion:valid
0.000000000,0.999947,0.001789,-0.010088,0.000478,1
0.004995072,0.999947,0.001790,-0.010087,0.000475,1
0.009985024,0.999947,0.001790,-0.010085,0.000475,1
0.014970368,0.999947,0.001788,-0.010087,0.000474,1
0.019950593,0.999947,0.001787,-0.010087,0.000474,1
0.024927488,0.999947,0.001787,-0.010086,0.000475,1
0.029899521,0.999947,0.001788,-0.010086,0.000475,1
0.034866687,0.999947,0.001787,-0.010085,0.000475,1
0.039828993,0.999947,0.001787,-0.010086,0.000475,1
0.044786688,0.999947,0.001787,-0.010088,0.000477,1
0.049830142,0.999947,0.001787,-0.010090,0.000480,1
0.054868992,0.999947,0.001788,-0.010093,0.000480,1
0.059903231,0.999947,0.001790,-0.010092,0.000480,1
0.064933121,0.999947,0.001791,-0.010094,0.000483,1
0.069958404,0.999947,0.001792,-0.010095,0.000481,1
0.074978814,0.999947,0.001792,-0.010094,0.000481,1
0.079995133,0.999947,0.001793,-0.010097,0.000480,1
0.085006595,0.999947,0.001795,-0.010097,0.000481,1
0.090013698,0.999947,0.001797,-0.010099,0.000482,1
0.095015936,0.999947,0.001797,-0.010097,0.000483,1
0.100013316,0.999947,0.001797,-0.010097,0.000483,1
0.105006337,0.999947,0.001797,-0.010100,0.000481,1
0.109994754,0.999947,0.001799,-0.010099,0.000480,1
0.114978559,0.999947,0.001798,-0.010101,0.000482,1
0.119957507,0.999947,0.001800,-0.010102,0.000482,1
0.124931842,0.999947,0.001799,-0.010101,0.000481,1
0.129901573,0.999947,0.001799,-0.010100,0.000481,1
0.134867206,0.999947,0.001798,-0.010101,0.000481,1
0.139828220,0.999947,0.001794,-0.010098,0.000480,1
0.144871935,0.999947,0.001793,-0.010097,0.000478,1
0.149911046,0.999947,0.001793,-0.010095,0.000479,1
0.154945284,0.999947,0.001793,-0.010095,0.000482,1
0.159974918,0.999947,0.001791,-0.010095,0.000483,1
0.164999679,0.999947,0.001792,-0.010094,0.000484,1
0.170019582,0.999947,0.001791,-0.010094,0.000484,1
0.175034881,0.999947,0.001789,-0.010093,0.000484,1
0.180045575,0.999947,0.001790,-0.010091,0.000484,1
0.185051396,0.999947,0.001790,-0.010092,0.000485,1
0.190052614,0.999947,0.001789,-0.010091,0.000486,1
0.195048705,0.999947,0.001791,-0.010091,0.000488,1
0.200040698,0.999947,0.001794,-0.010091,0.000491,1
0.205030918,0.999947,0.001794,-0.010089,0.000490,1
0.210016519,0.999947,0.001795,-0.010088,0.000489,1
0.214997247,0.999947,0.001793,-0.010086,0.000490,1
0.219973370,0.999947,0.001795,-0.010087,0.000491,1
0.224944636,0.999947,0.001796,-0.010088,0.000492,1
0.229911551,0.999947,0.001797,-0.010089,0.000493,1
0.234873593,0.999947,0.001797,-0.010087,0.000494,1
0.239917561,0.999947,0.001796,-0.010086,0.000493,1
0.244956672,0.999947,0.001798,-0.010087,0.000492,1
0.249991164,0.999947,0.001799,-0.010087,0.000493,1
0.255021065,0.999947,0.001797,-0.010089,0.000495,1
0.260046095,0.999947,0.001798,-0.010088,0.000493,1
0.265066743,0.999947,0.001798,-0.010090,0.000495,1
0.270082563,0.999947,0.001799,-0.010091,0.000495,1
0.275093764,0.999947,0.001798,-0.010090,0.000492,1
0.280100614,0.999947,0.001799,-0.010089,0.000490,1
0.285102606,0.999947,0.001799,-0.010088,0.000489,1
0.290100217,0.999947,0.001801,-0.010087,0.000488,1
0.295094520,0.999947,0.001799,-0.010087,0.000490,1
0.300084472,0.999947,0.001798,-0.010088,0.000490,1
0.305069834,0.999947,0.001796,-0.010087,0.000490,1
0.310050547,0.999947,0.001796,-0.010086,0.000489,1
0.315026700,0.999947,0.001798,-0.010085,0.000489,1
0.319998473,0.999947,0.001798,-0.010085,0.000491,1
0.324965626,0.999947,0.001799,-0.010085,0.000490,1
0.329927921,0.999947,0.001799,-0.010083,0.000492,1
0.334885895,0.999947,0.001799,-0.010082,0.000493,1
0.339925766,0.999947,0.001797,-0.010081,0.000491,1
0.344961286,0.999947,0.001795,-0.010082,0.000490,1
0.349992186,0.999947,0.001794,-0.010081,0.000490,1
0.355018228,0.999947,0.001796,-0.010081,0.000492,1
0.360039949,0.999947,0.001796,-0.010081,0.000493,1
0.365056753,0.999947,0.001797,-0.010079,0.000491,1
0.370069772,0.999947,0.001796,-0.010077,0.000491,1
0.375078142,0.999947,0.001795,-0.010079,0.000492,1
0.380081922,0.999947,0.001796,-0.010080,0.000491,1
0.385081083,0.999947,0.001799,-0.010080,0.000487,1
0.390075386,0.999947,0.001800,-0.010080,0.000486,1
0.395065606,0.999947,0.001799,-0.010083,0.000486,1
0.400050938,0.999947,0.001798,-0.010082,0.000486,1
0.405031949,0.999947,0.001798,-0.010085,0.000486,1
0.410008073,0.999947,0.001798,-0.010084,0.000485,1
0.414979577,0.999947,0.001796,-0.010082,0.000484,1
0.419947267,0.999947,0.001796,-0.010084,0.000482,1
0.424910337,0.999947,0.001793,-0.010084,0.000482,1
0.429868788,0.999947,0.001794,-0.010082,0.000483,1
0.434908926,0.999947,0.001795,-0.010081,0.000483,1
0.439944714,0.999947,0.001795,-0.010079,0.000483,1
0.444975615,0.999947,0.001794,-0.010078,0.000481,1
0.450001657,0.999947,0.001794,-0.010078,0.000482,1
0.455023110,0.999947,0.001793,-0.010079,0.000481,1
0.460039675,0.999947,0.001790,-0.010082,0.000482,1
0.465052664,0.999947,0.001790,-0.010082,0.000485,1
0.470060796,0.999947,0.001791,-0.010081,0.000487,1
0.475064307,0.999947,0.001792,-0.010081,0.000485,1
0.480063498,0.999947,0.001793,-0.010082,0.000486,1
0.485057801,0.999947,0.001793,-0.010082,0.000487,1
0.490047485,0.999947,0.001793,-0.010080,0.000489,1
0.495032579,0.999947,0.001795,-0.010081,0.000488,1
0.500013053,0.999947,0.001798,-0.010082,0.000487,1
0.504988670,0.999947,0.001798,-0.010082,0.000487,1
0.509959936,0.999947,0.001800,-0.010081,0.000488,1
0.514926612,0.999947,0.001803,-0.010080,0.000489,1
0.519888878,0.999947,0.001804,-0.010078,0.000488,1
0.524846613,0.999947,0.001803,-0.010079,0.000486,1
0.529886961,0.999947,0.001804,-0.010075,0.000485,1
0.534923017,0.999947,0.001803,-0.010075,0.000486,1
0.539954185,0.999947,0.001803,-0.010077,0.000486,1
0.544981003,0.999947,0.001804,-0.010078,0.000489,1
0.550003171,0.999947,0.001805,-0.010080,0.000489,1
0.555020571,0.999947,0.001803,-0.010080,0.000487,1
0.560033023,0.999947,0.001802,-0.010076,0.000486,1
0.565040648,0.999947,0.001804,-0.010076,0.000487,1
0.570043385,0.999947,0.001803,-0.010078,0.000487,1
0.575041294,0.999947,0.001803,-0.010078,0.000486,1
0.580034316,0.999947,0.001803,-0.010077,0.000484,1
0.585022449,0.999947,0.001803,-0.010077,0.000484,1
0.590005755,0.999947,0.001803,-0.010077,0.000484,1
0.594984174,0.999947,0.001802,-0.010077,0.000484,1
0.599958003,0.999947,0.001802,-0.010076,0.000486,1
0.604927242,0.999947,0.001803,-0.010077,0.000485,1
0.609891832,0.999947,0.001804,-0.010077,0.000486,1
0.614851594,0.999947,0.001804,-0.010078,0.000488,1
0.619806707,0.999947,0.001807,-0.010076,0.000490,1
0.624847353,0.999947,0.001806,-0.010077,0.000490,1
0.629883409,0.999947,0.001806,-0.010077,0.000489,1
0.634914279,0.999947,0.001806,-0.010074,0.000490,1
0.639940381,0.999947,0.001807,-0.010076,0.000490,1
0.644961774,0.999947,0.001808,-0.010075,0.000491,1
0.649978638,0.999948,0.001808,-0.010072,0.000491,1
0.654990613,0.999948,0.001807,-0.010070,0.000490,1
0.659997702,0.999948,0.001809,-0.010068,0.000491,1
0.664999962,0.999948,0.001808,-0.010068,0.000489,1
0.669997334,0.999948,0.001808,-0.010068,0.000489,1
0.674989820,0.999948,0.001807,-0.010066,0.000491,1
0.679977715,0.999948,0.001809,-0.010066,0.000491,1
0.684960485,0.999948,0.001808,-0.010067,0.000490,1
0.689938664,0.999948,0.001808,-0.010066,0.000489,1
0.694912016,0.999948,0.001809,-0.010067,0.000487,1
0.699880719,0.999948,0.001808,-0.010064,0.000487,1
0.704844534,0.999948,0.001809,-0.010065,0.000488,1
0.709803283,0.999948,0.001807,-0.010063,0.000489,1
0.714757383,0.999948,0.001806,-0.010063,0.000488,1
0.719799042,0.999948,0.001805,-0.010062,0.000489,1
0.724836111,0.999948,0.001806,-0.010061,0.000488,1
0.729868829,0.999948,0.001806,-0.010059,0.000488,1
0.734896898,0.999948,0.001808,-0.010058,0.000487,1
0.739920378,0.999948,0.001809,-0.010061,0.000489,1
0.744939506,0.999948,0.001809,-0.010060,0.000489,1
0.749954283,0.999948,0.001812,-0.010061,0.000490,1
0.754964232,0.999948,0.001810,-0.010060,0.000488,1
0.759969532,0.999948,0.001810,-0.010059,0.000488,1
0.764970243,0.999948,0.001810,-0.010058,0.000487,1
0.769966364,0.999948,0.001808,-0.010061,0.000488,1
0.774958611,0.999948,0.001806,-0.010060,0.000490,1
0.779946268,0.999948,0.001806,-0.010061,0.000488,1
0.784929276,0.999948,0.001808,-0.010059,0.000489,1
0.789907694,0.999948,0.001806,-0.010056,0.000489,1
0.794881523,0.999948,0.001807,-0.010055,0.000487,1
0.799850762,0.999948,0.001809,-0.010056,0.000490,1
0.804815352,0.999948,0.001810,-0.010058,0.000490,1
0.809775591,0.999948,0.001812,-0.010056,0.000488,1
0.814817309,0.999948,0.001811,-0.010055,0.000487,1
0.819854319,0.999948,0.001811,-0.010055,0.000488,1
0.824886501,0.999948,0.001811,-0.010055,0.000489,1
0.829913855,0.999948,0.001810,-0.010054,0.000488,1
0.834936321,0.999948,0.001810,-0.010055,0.000487,1
0.839953899,0.999948,0.001813,-0.010056,0.000487,1
0.844966888,0.999948,0.001810,-0.010057,0.000487,1
0.849976599,0.999948,0.001809,-0.010055,0.000486,1
0.854981363,0.999948,0.001806,-0.010056,0.000487,1
0.859981596,0.999948,0.001804,-0.010055,0.000488,1
0.864976883,0.999948,0.001805,-0.010054,0.000489,1
0.869967341,0.999948,0.001805,-0.010055,0.000489,1
0.874952972,0.999948,0.001806,-0.010053,0.000490,1
0.879933953,0.999948,0.001807,-0.010053,0.000491,1
0.884909809,0.999948,0.001807,-0.010050,0.000488,1
0.889881074,0.999948,0.001804,-0.010050,0.000489,1
0.894847214,0.999948,0.001804,-0.010051,0.000490,1
0.899808764,0.999948,0.001802,-0.010051,0.000489,1
0.904765964,0.999948,0.001803,-0.010052,0.000490,1
0.909808099,0.999948,0.001802,-0.010053,0.000487,1
0.914845467,0.999948,0.001800,-0.010052,0.000486,1
0.919877887,0.999948,0.001802,-0.010055,0.000489,1
0.924905479,0.999948,0.001803,-0.010056,0.000489,1
0.929928958,0.999948,0.001801,-0.010055,0.000490,1
0.934947848,0.999948,0.001803,-0.010056,0.000490,1
0.939961851,0.999948,0.001805,-0.010056,0.000486,1
0.944971502,0.999948,0.001804,-0.010054,0.000486,1
0.949976325,0.999948,0.001805,-0.010058,0.000488,1
0.954976797,0.999948,0.001803,-0.010057,0.000489,1
0.959972620,0.999948,0.001803,-0.010056,0.000485,1
0.964963853,0.999948,0.001799,-0.010057,0.000484,1
0.969950199,0.999948,0.001801,-0.010058,0.000487,1
0.974933267,0.999948,0.001802,-0.010060,0.000487,1
0.979911149,0.999948,0.001801,-0.010057,0.000487,1
0.984884501,0.999948,0.001800,-0.010057,0.000489,1
0.989852905,0.999948,0.001799,-0.010057,0.000489,1
0.994816542,0.999948,0.001798,-0.010058,0.000489,1
0.999775469,0.999948,0.001797,-0.010056,0.000485,1
1.004818201,0.999948,0.001798,-0.010057,0.000483,1
1.009856224,0.999948,0.001799,-0.010058,0.000484,1
1.014889717,0.999948,0.001797,-0.010059,0.000483,1
1.019918799,0.999948,0.001798,-0.010058,0.000481,1
1.024943352,0.999948,0.001797,-0.010057,0.000481,1
1.029963017,0.999948,0.001796,-0.010057,0.000481,1
1.034977794,0.999948,0.001797,-0.010059,0.000482,1
1.039987683,0.999948,0.001799,-0.010060,0.000481,1
1.044992805,0.999948,0.001798,-0.010059,0.000480,1
1.049993157,0.999948,0.001798,-0.010059,0.000480,1
1.054988503,0.999948,0.001800,-0.010060,0.000480,1
1.059979320,0.999948,0.001801,-0.010060,0.000479,1
1.064965129,0.999948,0.001804,-0.010062,0.000481,1
1.069946170,0.999948,0.001803,-0.010061,0.000482,1
1.074922442,0.999948,0.001802,-0.010060,0.000481,1
1.079894066,0.999948,0.001801,-0.010059,0.000482,1
1.084860682,0.999948,0.001800,-0.010061,0.000483,1
1.089822769,0.999948,0.001798,-0.010063,0.000484,1
1.094779611,0.999948,0.001799,-0.010064,0.000484,1
1.099822640,0.999948,0.001799,-0.010065,0.000485,1
1.104860663,0.999948,0.001798,-0.010066,0.000485,1
1.109893918,0.999948,0.001800,-0.010066,0.000485,1
1.114922285,0.999948,0.001800,-0.010065,0.000485,1
1.119945765,0.999948,0.001800,-0.010068,0.000485,1
1.124964356,0.999948,0.001799,-0.010069,0.000486,1
1.129978061,0.999948,0.001798,-0.010069,0.000486,1
1.134987235,0.999948,0.001798,-0.010068,0.000486,1
1.139991283,0.999948,0.001794,-0.010070,0.000487,1
1.144991755,0.999948,0.001794,-0.010070,0.000487,1
1.149987817,0.999948,0.001795,-0.010069,0.000488,1
1.154979110,0.999948,0.001791,-0.010070,0.000489,1
1.159965754,0.999948,0.001792,-0.010069,0.000491,1
1.164947510,0.999948,0.001794,-0.010067,0.000492,1
1.169924855,0.999948,0.001794,-0.010069,0.000493,1
1.174897671,0.999948,0.001794,-0.010070,0.000494,1
1.179865360,0.999948,0.001792,-0.010070,0.000493,1
1.184828401,0.999948,0.001792,-0.010071,0.000495,1
1.189786673,0.999948,0.001793,-0.010074,0.000495,1
1.194829822,0.999948,0.001794,-0.010074,0.000495,1
1.199868202,0.999948,0.001792,-0.010073,0.000495,1
1.204901934,0.999948,0.001790,-0.010073,0.000494,1
1.209930778,0.999948,0.001793,-0.010074,0.000496,1
1.214954734,0.999948,0.001795,-0.010074,0.000497,1
1.219973922,0.999948,0.001795,-0.010072,0.000497,1
1.224988103,0.999948,0.001798,-0.010072,0.000497,1
1.229997516,0.999948,0.001798,-0.010070,0.000496,1
1.235002875,0.999948,0.001797,-0.010068,0.000497,1
1.240003347,0.999948,0.001795,-0.010067,0.000498,1
1.244998932,0.999948,0.001795,-0.010068,0.000499,1
1.249989629,0.999948,0.001795,-0.010068,0.000497,1
1.254975438,0.999948,0.001795,-0.010067,0.000495,1
1.259956479,0.999948,0.001795,-0.010067,0.000496,1
1.264932871,0.999948,0.001795,-0.010066,0.000498,1
1.269904137,0.999948,0.001795,-0.010066,0.000500,1
1.274870753,0.999948,0.001795,-0.010066,0.000499,1
1.279832602,0.999948,0.001797,-0.010064,0.000498,1
1.284789801,0.999948,0.001797,-0.010064,0.000496,1
1.289833426,0.999948,0.001798,-0.010067,0.000496,1
1.294872284,0.999948,0.001798,-0.010066,0.000496,1
1.299906611,0.999948,0.001798,-0.010063,0.000494,1
1.304936647,0.999948,0.001798,-0.010061,0.000492,1
1.309962034,0.999948,0.001797,-0.010063,0.000491,1
1.314982891,0.999948,0.001795,-0.010062,0.000492,1
1.319998980,0.999948,0.001796,-0.010061,0.000493,1
1.325010180,0.999948,0.001797,-0.010059,0.000495,1
1.330016971,0.999948,0.001797,-0.010058,0.000492,1
1.335019231,0.999948,0.001796,-0.010058,0.000488,1
1.340016842,0.999948,0.001796,-0.010059,0.000489,1
1.345009685,0.999948,0.001796,-0.010062,0.000489,1
1.349999070,0.999948,0.001797,-0.010060,0.000485,1
1.354983687,0.999948,0.001796,-0.010059,0.000484,1
1.359963894,0.999948,0.001798,-0.010060,0.000484,1
1.364938974,0.999948,0.001797,-0.010061,0.000482,1
1.369909525,0.999948,0.001797,-0.010060,0.000483,1
1.374875188,0.999948,0.001796,-0.010060,0.000482,1
1.379836202,0.999948,0.001797,-0.010061,0.000481,1
1.384880185,0.999948,0.001797,-0.010060,0.000483,1
1.389919281,0.999948,0.001796,-0.010059,0.000481,1
1.394953489,0.999948,0.001797,-0.010059,0.000482,1
1.399983048,0.999948,0.001797,-0.010061,0.000483,1
1.405008078,0.999948,0.001795,-0.010062,0.000481,1
1.410028338,0.999948,0.001797,-0.010062,0.000481,1
1.415043831,0.999948,0.001796,-0.010063,0.000481,1
1.420054317,0.999948,0.001792,-0.010064,0.000480,1
1.425059795,0.999948,0.001790,-0.010067,0.000478,1
1.430060744,0.999948,0.001791,-0.010066,0.000476,1
1.435056686,0.999948,0.001791,-0.010067,0.000478,1
1.440047860,0.999948,0.001793,-0.010069,0.000477,1
1.445034027,0.999948,0.001792,-0.010071,0.000476,1
1.450015545,0.999948,0.001792,-0.010072,0.000475,1
1.454992414,0.999948,0.001790,-0.010073,0.000476,1
1.459964395,0.999948,0.001792,-0.010073,0.000475,1
1.464933395,0.999948,0.001793,-0.010073,0.000476,1
1.469897509,0.999948,0.001792,-0.010074,0.000475,1
1.474856973,0.999948,0.001792,-0.010075,0.000477,1
1.479900956,0.999948,0.001794,-0.010074,0.000477,1
1.484940290,0.999947,0.001793,-0.010076,0.000479,1
1.489974737,0.999947,0.001792,-0.010077,0.000477,1
1.495004892,0.999947,0.001793,-0.010078,0.000478,1
1.500030518,0.999947,0.001790,-0.010080,0.000475,1
1.505051374,0.999947,0.001790,-0.010079,0.000476,1
1.510067463,0.999947,0.001793,-0.010077,0.000475,1
1.515079141,0.999947,0.001795,-0.010081,0.000476,1
1.520086288,0.999947,0.001796,-0.010083,0.000477,1
1.525088787,0.999947,0.001795,-0.010085,0.000477,1
1.530086398,0.999947,0.001796,-0.010082,0.000477,1
1.535079479,0.999947,0.001798,-0.010081,0.000477,1
1.540067554,0.999947,0.001799,-0.010082,0.000476,1
1.545051694,0.999947,0.001800,-0.010083,0.000477,1
1.550030828,0.999947,0.001801,-0.010084,0.000476,1
1.555005670,0.999947,0.001802,-0.010082,0.000476,1
1.559975386,0.999947,0.001802,-0.010083,0.000477,1
1.564940572,0.999947,0.001803,-0.010083,0.000479,1
1.569901109,0.999947,0.001802,-0.010082,0.000477,1
1.574856400,0.999947,0.001802,-0.010081,0.000477,1
1.579896331,0.999947,0.001801,-0.010083,0.000476,1
1.584931374,0.999947,0.001800,-0.010084,0.000477,1
1.589961529,0.999947,0.001800,-0.010084,0.000478,1
1.594987035,0.999947,0.001800,-0.010084,0.000478,1
1.600007653,0.999947,0.001796,-0.010081,0.000477,1
1.605023503,0.999947,0.001797,-0.010083,0.000477,1
1.610034466,0.999947,0.001797,-0.010082,0.000476,1
1.615040541,0.999947,0.001800,-0.010083,0.000477,1
1.620041966,0.999947,0.001798,-0.010084,0.000478,1
1.625039339,0.999947,0.001795,-0.010084,0.000478,1
1.630032182,0.999947,0.001795,-0.010083,0.000476,1
1.635019779,0.999947,0.001796,-0.010082,0.000476,1
1.640002847,0.999947,0.001795,-0.010081,0.000478,1
1.644980788,0.999947,0.001795,-0.010083,0.000479,1
1.649954319,0.999947,0.001794,-0.010081,0.000479,1
1.654922724,0.999947,0.001790,-0.010082,0.000477,1
1.659886599,0.999947,0.001791,-0.010082,0.000477,1
1.664845586,0.999947,0.001792,-0.010081,0.000475,1
1.669799685,0.999947,0.001793,-0.010082,0.000475,1
1.674839854,0.999947,0.001792,-0.010084,0.000476,1
1.679875374,0.999947,0.001792,-0.010085,0.000475,1
1.684906244,0.999947,0.001792,-0.010085,0.000475,1
1.689932585,0.999947,0.001793,-0.010083,0.000476,1
1.694954276,0.999947,0.001792,-0.010083,0.000477,1
1.699971318,0.999947,0.001794,-0.010085,0.000477,1
1.704983592,0.999947,0.001795,-0.010082,0.000477,1
1.709990859,0.999947,0.001795,-0.010083,0.000476,1
1.714993715,0.999947,0.001798,-0.010085,0.000476,1
1.719991803,0.999947,0.001800,-0.010086,0.000476,1
1.724985361,0.999947,0.001798,-0.010087,0.000477,1
1.729974031,0.999947,0.001798,-0.010087,0.000477,1
1.734958053,0.999947,0.001799,-0.010087,0.000477,1
1.739937305,0.999947,0.001800,-0.010087,0.000476,1
1.744915247,0.999947,0.001802,-0.010086,0.000474,1
1.749888301,0.999947,0.001802,-0.010087,0.000475,1
1.754856467,0.999947,0.001803,-0.010087,0.000474,1
1.759819984,0.999947,0.001804,-0.010085,0.000473,1
1.764778733,0.999947,0.001806,-0.010083,0.000474,1
1.769819379,0.999947,0.001807,-0.010083,0.000473,1
1.774855137,0.999947,0.001809,-0.010084,0.000473,1
1.779886365,0.999947,0.001808,-0.010085,0.000472,1
1.784912586,0.999947,0.001808,-0.010085,0.000471,1
1.789934278,0.999947,0.001807,-0.010085,0.000471,1
1.794951439,0.999947,0.001808,-0.010084,0.000472,1
1.799963593,0.999947,0.001808,-0.010086,0.000472,1
1.804970980,0.999947,0.001809,-0.010090,0.000471,1
1.809973478,0.999947,0.001809,-0.010090,0.000470,1
1.814971089,0.999947,0.001808,-0.010090,0.000469,1
1.819963932,0.999947,0.001809,-0.010089,0.000469,1
1.824951768,0.999947,0.001808,-0.010089,0.000468,1
1.829935670,0.999947,0.001810,-0.010091,0.000468,1
1.834914565,0.999947,0.001812,-0.010089,0.000468,1
1.839888692,0.999947,0.001811,-0.010090,0.000467,1
1.844858170,0.999947,0.001810,-0.010090,0.000465,1
1.849822998,0.999947,0.001810,-0.010089,0.000465,1
1.854787588,0.999947,0.001810,-0.010090,0.000467,1
1.859747052,0.999947,0.001807,-0.010089,0.000466,1
1.864787936,0.999947,0.001805,-0.010091,0.000467,1
1.869824052,0.999947,0.001806,-0.010094,0.000466,1
1.874855638,0.999947,0.001806,-0.010093,0.000466,1
1.879882455,0.999947,0.001807,-0.010092,0.000464,1
1.884904504,0.999947,0.001804,-0.010094,0.000465,1
1.889921784,0.999947,0.001804,-0.010095,0.000464,1
1.894934297,0.999947,0.001803,-0.010095,0.000464,1
1.899941921,0.999947,0.001802,-0.010095,0.000465,1
1.904945612,0.999947,0.001805,-0.010093,0.000468,1
1.909944534,0.999947,0.001803,-0.010093,0.000469,1
1.914938927,0.999947,0.001802,-0.010095,0.000468,1
1.919928312,0.999947,0.001801,-0.010093,0.000468,1
1.924913168,0.999947,0.001802,-0.010093,0.000468,1
1.929893374,0.999947,0.001800,-0.010092,0.000469,1
1.934869051,0.999947,0.001802,-0.010091,0.000470,1
1.939839721,0.999947,0.001802,-0.010090,0.000470,1
1.944805861,0.999947,0.001804,-0.010090,0.000472,1
1.949767470,0.999947,0.001805,-0.010090,0.000470,1
1.954724550,0.999947,0.001806,-0.010088,0.000470,1
1.959766269,0.999947,0.001807,-0.010086,0.000470,1
1.964803100,0.999947,0.001808,-0.010088,0.000470,1
1.969835520,0.999947,0.001806,-0.010088,0.000470,1
1.974863648,0.999947,0.001808,-0.010087,0.000469,1
1.979886889,0.999947,0.001808,-0.010088,0.000468,1
1.984905720,0.999947,0.001809,-0.010087,0.000468,1
1.989920020,0.999947,0.001811,-0.010087,0.000468,1
1.994929433,0.999947,0.001813,-0.010085,0.000469,1
1.999934673,0.999947,0.001812,-0.010086,0.000467,1
2.004935503,0.999947,0.001813,-0.010085,0.000467,1
2.009932756,0.999947,0.001812,-0.010083,0.000468,1
2.014925241,0.999947,0.001812,-0.010083,0.000467,1
2.019913435,0.999947,0.001809,-0.010083,0.000467,1
2.024896860,0.999947,0.001808,-0.010082,0.000466,1
2.029875517,0.999947,0.001807,-0.010081,0.000466,1
2.034849644,0.999947,0.001805,-0.010081,0.000467,1
2.039819241,0.999947,0.001803,-0.010081,0.000467,1
2.044784307,0.999947,0.001803,-0.010081,0.000466,1
2.049744606,0.999947,0.001805,-0.010083,0.000465,1
2.054786444,0.999947,0.001804,-0.010083,0.000465,1
2.059823990,0.999947,0.001805,-0.010083,0.000464,1
2.064856291,0.999947,0.001802,-0.010082,0.000463,1
2.069884062,0.999947,0.001801,-0.010083,0.000463,1
2.074908018,0.999947,0.001803,-0.010081,0.000462,1
2.079926729,0.999947,0.001805,-0.010080,0.000462,1
2.084941387,0.999947,0.001805,-0.010080,0.000462,1
2.089951277,0.999947,0.001805,-0.010079,0.000463,1
2.094956636,0.999947,0.001806,-0.010082,0.000462,1
2.099956989,0.999947,0.001803,-0.010083,0.000463,1
2.104953051,0.999947,0.001802,-0.010083,0.000463,1
2.109944344,0.999947,0.001800,-0.010084,0.000462,1
2.114930868,0.999947,0.001799,-0.010084,0.000462,1
2.119912863,0.999947,0.001798,-0.010086,0.000462,1
2.124890327,0.999947,0.001799,-0.010087,0.000462,1
2.129865408,0.999947,0.001799,-0.010088,0.000464,1
2.134836197,0.999947,0.001800,-0.010089,0.000461,1
2.139802217,0.999947,0.001800,-0.010090,0.000460,1
2.144763708,0.999947,0.001797,-0.010089,0.000461,1
2.149805784,0.999947,0.001796,-0.010090,0.000462,1
2.154843330,0.999947,0.001795,-0.010089,0.000463,1
2.159876347,0.999947,0.001797,-0.010090,0.000464,1
2.164904594,0.999947,0.001798,-0.010089,0.000463,1
2.169928074,0.999947,0.001797,-0.010088,0.000461,1
2.174947023,0.999947,0.001798,-0.010088,0.000461,1
2.179961205,0.999947,0.001798,-0.010088,0.000462,1
2.184970140,0.999947,0.001800,-0.010089,0.000463,1
2.189975739,0.999947,0.001799,-0.010090,0.000461,1
2.194976568,0.999947,0.001798,-0.010091,0.000462,1
2.199972630,0.999947,0.001799,-0.010092,0.000464,1
2.204964161,0.999947,0.001799,-0.010092,0.000465,1
2.209950686,0.999947,0.001797,-0.010090,0.000464,1
2.214933157,0.999947,0.001795,-0.010089,0.000464,1
2.219910860,0.999947,0.001794,-0.010087,0.000465,1
2.224884033,0.999947,0.001794,-0.010085,0.000467,1
2.229852438,0.999947,0.001794,-0.010084,0.000469,1
2.234816074,0.999947,0.001794,-0.010085,0.000470,1
2.239775658,0.999947,0.001794,-0.010086,0.000473,1
2.244818211,0.999947,0.001793,-0.010085,0.000473,1
2.249855995,0.999947,0.001791,-0.010086,0.000472,1
2.254888773,0.999947,0.001791,-0.010085,0.000472,1
2.259916544,0.999947,0.001791,-0.010082,0.000474,1
2.264940023,0.999947,0.001788,-0.010079,0.000475,1
2.269958735,0.999947,0.001789,-0.010080,0.000474,1
2.274972439,0.999947,0.001789,-0.010080,0.000474,1
2.279981375,0.999947,0.001789,-0.010081,0.000475,1
2.284985304,0.999947,0.001790,-0.010081,0.000474,1
2.289984703,0.999947,0.001790,-0.010080,0.000474,1
2.294979334,0.999947,0.001789,-0.010078,0.000474,1
2.299968958,0.999947,0.001790,-0.010077,0.000475,1
2.304953814,0.999947,0.001791,-0.010078,0.000479,1
2.309933901,0.999947,0.001792,-0.010076,0.000481,1
2.314908981,0.999948,0.001791,-0.010075,0.000482,1
2.319879532,0.999948,0.001790,-0.010075,0.000484,1
2.324845314,0.999948,0.001790,-0.010075,0.000483,1
2.329809427,0.999948,0.001788,-0.010076,0.000483,1
2.334769249,0.999947,0.001788,-0.010077,0.000482,1
2.339811802,0.999948,0.001784,-0.010076,0.000482,1
2.344850063,0.999948,0.001783,-0.010075,0.000482,1
2.349883556,0.999948,0.001783,-0.010075,0.000480,1
2.354912758,0.999948,0.001783,-0.010077,0.000480,1
2.359937429,0.999947,0.001783,-0.010078,0.000481,1
2.364957333,0.999947,0.001785,-0.010080,0.000481,1
2.369972467,0.999947,0.001786,-0.010077,0.000479,1
2.374982834,0.999948,0.001784,-0.010075,0.000478,1
2.379988432,0.999948,0.001784,-0.010075,0.000480,1
2.384989738,0.999948,0.001784,-0.010073,0.000480,1
2.389986038,0.999948,0.001783,-0.010072,0.000482,1
2.394977808,0.999948,0.001782,-0.010072,0.000479,1
2.399964571,0.999948,0.001781,-0.010073,0.000480,1
2.404947042,0.999948,0.001782,-0.010072,0.000479,1
2.409926176,0.999948,0.001779,-0.010073,0.000478,1
2.414900780,0.999948,0.001779,-0.010073,0.000480,1
2.419870377,0.999948,0.001779,-0.010071,0.000480,1
2.424835682,0.999948,0.001779,-0.010074,0.000480,1
2.429795980,0.999948,0.001780,-0.010076,0.000481,1
2.434839249,0.999948,0.001780,-0.010076,0.000479,1
2.439877987,0.999948,0.001777,-0.010075,0.000477,1
2.444911957,0.999948,0.001778,-0.010075,0.000476,1
2.449941397,0.999948,0.001778,-0.010074,0.000477,1
2.454966307,0.999948,0.001778,-0.010074,0.000477,1
2.459986687,0.999948,0.001778,-0.010074,0.000475,1
2.465002298,0.999948,0.001780,-0.010074,0.000477,1
2.470013142,0.999948,0.001780,-0.010074,0.000476,1
2.475019693,0.999948,0.001781,-0.010076,0.000477,1
2.480022430,0.999948,0.001782,-0.010076,0.000476,1
2.485020638,0.999948,0.001782,-0.010077,0.000476,1
2.490013838,0.999947,0.001783,-0.010078,0.000475,1
2.495002985,0.999947,0.001784,-0.010080,0.000477,1
2.499986887,0.999947,0.001785,-0.010078,0.000476,1
2.504966974,0.999948,0.001786,-0.010077,0.000475,1
2.509942293,0.999948,0.001786,-0.010077,0.000474,1
2.514912844,0.999948,0.001786,-0.010076,0.000475,1
2.519878864,0.999948,0.001788,-0.010076,0.000475,1
2.524840117,0.999948,0.001787,-0.010076,0.000475,1
2.529883623,0.999948,0.001787,-0.010074,0.000473,1
2.534922600,0.999948,0.001786,-0.010072,0.000471,1
2.539957285,0.999948,0.001786,-0.010072,0.000470,1
2.544987202,0.999948,0.001787,-0.010072,0.000471,1
2.550012112,0.999948,0.001787,-0.010073,0.000472,1
2.555032492,0.999948,0.001787,-0.010076,0.000471,1
2.560048103,0.999948,0.001785,-0.010076,0.000470,1
2.565058708,0.999948,0.001784,-0.010076,0.000471,1
2.570065260,0.999948,0.001783,-0.010075,0.000473,1
2.575066328,0.999948,0.001785,-0.010074,0.000475,1
2.580062866,0.999948,0.001784,-0.010074,0.000474,1
2.585054398,0.999948,0.001783,-0.010071,0.000472,1
2.590041399,0.999948,0.001784,-0.010070,0.000472,1
2.595026731,0.999948,0.001787,-0.010071,0.000470,1
2.600007772,0.999948,0.001788,-0.010072,0.000471,1
2.604983807,0.999948,0.001787,-0.010072,0.000472,1
2.609955549,0.999948,0.001787,-0.010070,0.000472,1
2.614922523,0.999948,0.001787,-0.010071,0.000472,1
2.619884729,0.999948,0.001788,-0.010071,0.000473,1
2.624928713,0.999948,0.001792,-0.010070,0.000472,1
2.629967928,0.999948,0.001791,-0.010070,0.000473,1
2.635002136,0.999948,0.001790,-0.010071,0.000473,1
2.640032291,0.999948,0.001788,-0.010073,0.000473,1
2.645057440,0.999948,0.001786,-0.010073,0.000472,1
2.650078297,0.999948,0.001786,-0.010072,0.000472,1
2.655094385,0.999948,0.001788,-0.010074,0.000473,1
2.660105467,0.999948,0.001790,-0.010075,0.000473,1
2.665112257,0.999948,0.001791,-0.010074,0.000474,1
2.670114279,0.999948,0.001790,-0.010074,0.000476,1
2.675111532,0.999948,0.001789,-0.010074,0.000475,1
2.680106163,0.999948,0.001790,-0.010073,0.000476,1
2.685096502,0.999948,0.001788,-0.010074,0.000476,1
2.690082073,0.999948,0.001788,-0.010071,0.000476,1
2.695063114,0.999948,0.001786,-0.010070,0.000477,1
2.700039387,0.999948,0.001785,-0.010073,0.000478,1
2.705011129,0.999948,0.001787,-0.010073,0.000477,1
2.709978342,0.999948,0.001786,-0.010074,0.000477,1
2.714941263,0.999948,0.001785,-0.010075,0.000475,1
2.719985247,0.999948,0.001786,-0.010073,0.000474,1
2.725024700,0.999948,0.001785,-0.010073,0.000474,1
2.730059624,0.999948,0.001783,-0.010074,0.000471,1
2.735090017,0.999948,0.001784,-0.010074,0.000472,1
2.740115643,0.999948,0.001785,-0.010074,0.000472,1
2.745136976,0.999948,0.001784,-0.010073,0.000472,1
2.750153303,0.999948,0.001783,-0.010076,0.000472,1
2.755164862,0.999948,0.001784,-0.010075,0.000472,1
2.760172129,0.999948,0.001782,-0.010074,0.000472,1
2.765174866,0.999948,0.001783,-0.010073,0.000474,1
2.770172596,0.999948,0.001785,-0.010071,0.000473,1
2.775166035,0.999948,0.001786,-0.010071,0.000473,1
2.780154467,0.999948,0.001785,-0.010071,0.000472,1
2.785140753,0.999948,0.001783,-0.010071,0.000471,1
2.790122271,0.999948,0.001782,-0.010072,0.000471,1
2.795099497,0.999948,0.001782,-0.010070,0.000472,1
2.800071716,0.999948,0.001782,-0.010070,0.000472,1
2.805039644,0.999948,0.001782,-0.010071,0.000473,1
2.810003042,0.999948,0.001783,-0.010071,0.000475,1
2.814961672,0.999948,0.001782,-0.010071,0.000474,1
2.820001602,0.999948,0.001783,-0.010072,0.000473,1
2.825036764,0.999948,0.001783,-0.010071,0.000473,1
2.830067396,0.999948,0.001784,-0.010071,0.000472,1
2.835093498,0.999948,0.001785,-0.010074,0.000472,1
2.840114832,0.999948,0.001787,-0.010074,0.000472,1
2.845132828,0.999948,0.001785,-0.010074,0.000472,1
2.850146294,0.999948,0.001784,-0.010072,0.000472,1
2.855154991,0.999948,0.001785,-0.010073,0.000472,1
2.860159159,0.999948,0.001784,-0.010071,0.000473,1
2.865158558,0.999948,0.001783,-0.010071,0.000472,1
2.870153427,0.999948,0.001783,-0.010069,0.000471,1
2.875143766,0.999948,0.001782,-0.010069,0.000471,1
2.880129576,0.999948,0.001782,-0.010069,0.000471,1
2.885110617,0.999948,0.001783,-0.010069,0.000471,1
2.890086889,0.999948,0.001783,-0.010068,0.000473,1
2.895058393,0.999948,0.001782,-0.010070,0.000473,1
2.900026083,0.999948,0.001781,-0.010071,0.000472,1
2.904989004,0.999948,0.001781,-0.010069,0.000473,1
2.909947157,0.999948,0.001781,-0.010068,0.000474,1
2.914987326,0.999948,0.001782,-0.010069,0.000474,1
2.920022964,0.999948,0.001780,-0.010071,0.000475,1
2.925053835,0.999948,0.001780,-0.010070,0.000474,1
2.930080414,0.999948,0.001781,-0.010069,0.000475,1
2.935102224,0.999948,0.001782,-0.010069,0.000474,1
2.940119028,0.999948,0.001783,-0.010070,0.000475,1
2.945132971,0.999948,0.001786,-0.010070,0.000473,1
2.950142145,0.999948,0.001786,-0.010069,0.000472,1
2.955147028,0.999948,0.001787,-0.010070,0.000471,1
2.960146904,0.999948,0.001785,-0.010069,0.000470,1
2.965142250,0.999948,0.001786,-0.010069,0.000469,1
2.970133305,0.999948,0.001785,-0.010071,0.000469,1
2.975119352,0.999948,0.001786,-0.010069,0.000469,1
2.980100870,0.999948,0.001785,-0.010065,0.000469,1
2.985077858,0.999948,0.001783,-0.010066,0.000470,1
2.990049839,0.999948,0.001784,-0.010067,0.000470,1
2.995018005,0.999948,0.001783,-0.010065,0.000471,1
2.999981403,0.999948,0.001783,-0.010066,0.000472,1
3.004940033,0.999948,0.001783,-0.010068,0.000472,1
3.009980440,0.999948,0.001784,-0.010067,0.000472,1
3.015015841,0.999948,0.001782,-0.010065,0.000472,1
3.020047188,0.999948,0.001780,-0.010064,0.000471,1
3.025073767,0.999948,0.001782,-0.010063,0.000472,1
3.030095577,0.999948,0.001781,-0.010062,0.000470,1
3.035112619,0.999948,0.001780,-0.010063,0.000471,1
3.040125132,0.999948,0.001779,-0.010063,0.000470,1
3.045132875,0.999948,0.001777,-0.010063,0.000472,1
3.050136089,0.999948,0.001776,-0.010062,0.000471,1
3.055134535,0.999948,0.001776,-0.010062,0.000470,1
3.060130119,0.999948,0.001777,-0.010062,0.000470,1
3.065121174,0.999948,0.001779,-0.010062,0.000470,1
3.070107937,0.999948,0.001778,-0.010063,0.000469,1
3.075089931,0.999948,0.001780,-0.010061,0.000469,1
3.080067396,0.999948,0.001781,-0.010062,0.000469,1
3.085040092,0.999948,0.001782,-0.010063,0.000469,1
3.090008497,0.999948,0.001783,-0.010062,0.000467,1
3.094972134,0.999948,0.001783,-0.010062,0.000468,1
3.099931240,0.999948,0.001787,-0.010062,0.000470,1
3.104971886,0.999948,0.001785,-0.010064,0.000469,1
3.110008240,0.999948,0.001785,-0.010065,0.000467,1
3.115040064,0.999948,0.001783,-0.010066,0.000468,1
3.120067120,0.999948,0.001781,-0.010068,0.000469,1
3.125089645,0.999948,0.001782,-0.010069,0.000471,1
3.130108356,0.999948,0.001783,-0.010069,0.000470,1
3.135123014,0.999948,0.001784,-0.010068,0.000471,1
3.140132666,0.999948,0.001785,-0.010070,0.000472,1
3.145137548,0.999948,0.001782,-0.010069,0.000472,1
3.150138140,0.999948,0.001779,-0.010067,0.000470,1
3.155133724,0.999948,0.001777,-0.010066,0.000470,1
3.160125017,0.999948,0.001776,-0.010066,0.000470,1
3.165111303,0.999948,0.001778,-0.010066,0.000468,1
3.170093298,0.999948,0.001780,-0.010067,0.000467,1
3.175070524,0.999948,0.001781,-0.010065,0.000468,1
3.180042982,0.999948,0.001781,-0.010065,0.000467,1
3.185011387,0.999948,0.001782,-0.010067,0.000468,1
3.189975262,0.999948,0.001783,-0.010071,0.000468,1
3.194934607,0.999948,0.001782,-0.010070,0.000468,1
3.199975967,0.999948,0.001783,-0.010067,0.000470,1
3.205013037,0.999948,0.001785,-0.010066,0.000469,1
3.210045338,0.999948,0.001784,-0.010065,0.000469,1
3.215073109,0.999948,0.001783,-0.010066,0.000467,1
3.220096350,0.999948,0.001785,-0.010068,0.000467,1
3.225114584,0.999948,0.001785,-0.010068,0.000465,1
3.230129957,0.999948,0.001786,-0.010069,0.000465,1
3.235140562,0.999948,0.001787,-0.010069,0.000465,1
3.240146637,0.999948,0.001787,-0.010069,0.000465,1
3.245148182,0.999948,0.001785,-0.010071,0.000465,1
3.250144958,0.999948,0.001785,-0.010073,0.000466,1
3.255137444,0.999948,0.001787,-0.010073,0.000467,1
3.260125160,0.999948,0.001786,-0.010072,0.000468,1
3.265108109,0.999948,0.001790,-0.010069,0.000468,1
3.270086288,0.999948,0.001791,-0.010070,0.000466,1
3.275059938,0.999948,0.001789,-0.010071,0.000467,1
3.280028820,0.999948,0.001788,-0.010069,0.000467,1
3.284993887,0.999948,0.001787,-0.010071,0.000467,1
3.289953947,0.999948,0.001786,-0.010071,0.000466,1
3.294995785,0.999948,0.001787,-0.010073,0.000466,1
3.300032854,0.999948,0.001789,-0.010074,0.000467,1
3.305065393,0.999948,0.001789,-0.010075,0.000468,1
3.310093403,0.999948,0.001789,-0.010075,0.000469,1
3.315116882,0.999948,0.001788,-0.010074,0.000469,1
3.320135832,0.999948,0.001789,-0.010075,0.000469,1
3.325150490,0.999948,0.001787,-0.010075,0.000470,1
3.330160379,0.999948,0.001785,-0.010075,0.000471,1
3.335165739,0.999948,0.001784,-0.010075,0.000470,1
3.340166330,0.999948,0.001783,-0.010075,0.000471,1
3.345162868,0.999948,0.001781,-0.010072,0.000470,1
3.350155115,0.999948,0.001780,-0.010073,0.000471,1
3.355142593,0.999948,0.001781,-0.010071,0.000472,1
3.360125780,0.999948,0.001783,-0.010070,0.000472,1
3.365103960,0.999948,0.001782,-0.010070,0.000472,1
3.370077610,0.999948,0.001781,-0.010066,0.000472,1
3.375046968,0.999948,0.001783,-0.010066,0.000473,1
3.380011559,0.999948,0.001784,-0.010066,0.000474,1
3.384971380,0.999948,0.001783,-0.010064,0.000473,1
3.390013456,0.999948,0.001780,-0.010064,0.000471,1
3.395051003,0.999948,0.001779,-0.010064,0.000471,1
3.400084019,0.999948,0.001781,-0.010063,0.000471,1
3.405112505,0.999948,0.001780,-0.010060,0.000470,1
3.410136223,0.999948,0.001779,-0.010059,0.000470,1
3.415155411,0.999948,0.001780,-0.010058,0.000471,1
3.420170069,0.999948,0.001780,-0.010060,0.000470,1
3.425179958,0.999948,0.001781,-0.010060,0.000468,1
3.430186272,0.999948,0.001782,-0.010060,0.000470,1
3.435188055,0.999948,0.001783,-0.010056,0.000468,1
3.440185070,0.999948,0.001782,-0.010055,0.000468,1
3.445177555,0.999948,0.001780,-0.010056,0.000466,1
3.450165510,0.999948,0.001781,-0.010057,0.000466,1
3.455148697,0.999948,0.001781,-0.010052,0.000467,1
3.460127831,0.999948,0.001782,-0.010051,0.000468,1
3.465101719,0.999948,0.001781,-0.010052,0.000468,1
3.470071554,0.999948,0.001783,-0.010052,0.000467,1
3.475036860,0.999948,0.001783,-0.010051,0.000466,1
3.479997396,0.999948,0.001784,-0.010053,0.000465,1
3.485039949,0.999948,0.001784,-0.010054,0.000464,1
3.490077496,0.999948,0.001786,-0.010054,0.000463,1
3.495110512,0.999948,0.001785,-0.010052,0.000462,1
3.500138998,0.999948,0.001784,-0.010052,0.000462,1
3.505162716,0.999948,0.001787,-0.010054,0.000462,1
3.510182142,0.999948,0.001785,-0.010054,0.000461,1
3.515196562,0.999948,0.001785,-0.010052,0.000461,1
3.520206451,0.999948,0.001787,-0.010053,0.000462,1
3.525211573,0.999948,0.001785,-0.010052,0.000461,1
3.530212164,0.999948,0.001786,-0.010053,0.000462,1
3.535207987,0.999948,0.001785,-0.010054,0.000462,1
3.540198803,0.999948,0.001784,-0.010057,0.000462,1
3.545187235,0.999948,0.001786,-0.010057,0.000462,1
3.550170898,0.999948,0.001784,-0.010056,0.000461,1
3.555150032,0.999948,0.001784,-0.010057,0.000463,1
3.560124159,0.999948,0.001785,-0.010056,0.000462,1
3.565093517,0.999948,0.001785,-0.010057,0.000462,1
3.570058584,0.999948,0.001784,-0.010056,0.000462,1
3.575018644,0.999948,0.001783,-0.010056,0.000463,1
3.580061436,0.999948,0.001783,-0.010055,0.000462,1
3.585099459,0.999948,0.001783,-0.010054,0.000462,1
3.590132713,0.999948,0.001784,-0.010056,0.000463,1
3.595161676,0.999948,0.001785,-0.010057,0.000464,1
3.600186348,0.999948,0.001784,-0.010059,0.000464,1
3.605206490,0.999948,0.001782,-0.010059,0.000463,1
3.610222101,0.999948,0.001783,-0.010060,0.000461,1
3.615232944,0.999948,0.001784,-0.010062,0.000462,1
3.620239258,0.999948,0.001786,-0.010061,0.000463,1
3.625241041,0.999948,0.001785,-0.010060,0.000462,1
3.630238056,0.999948,0.001787,-0.010059,0.000462,1
3.635230541,0.999948,0.001788,-0.010060,0.000462,1
3.640218019,0.999948,0.001786,-0.010059,0.000461,1
3.645201206,0.999948,0.001786,-0.010059,0.000462,1
3.650180340,0.999948,0.001786,-0.010058,0.000462,1
3.655154943,0.999948,0.001787,-0.010057,0.000463,1
3.660125017,0.999948,0.001786,-0.010057,0.000462,1
3.665090084,0.999948,0.001784,-0.010056,0.000461,1
3.670050859,0.999948,0.001787,-0.010058,0.000462,1
3.675093412,0.999948,0.001787,-0.010057,0.000462,1
3.680131912,0.999948,0.001785,-0.010059,0.000462,1
3.685165405,0.999948,0.001788,-0.010061,0.000462,1
3.690194607,0.999948,0.001789,-0.010062,0.000462,1
3.695219517,0.999948,0.001793,-0.010061,0.000463,1
3.700239658,0.999948,0.001794,-0.010062,0.000463,1
3.705255270,0.999948,0.001795,-0.010064,0.000463,1
3.710265875,0.999948,0.001795,-0.010064,0.000465,1
3.715271950,0.999948,0.001795,-0.010063,0.000466,1
3.720273733,0.999948,0.001796,-0.010062,0.000466,1
3.725270510,0.999948,0.001794,-0.010062,0.000467,1
3.730262756,0.999948,0.001795,-0.010063,0.000467,1
3.735253334,0.999948,0.001794,-0.010062,0.000468,1
3.740239143,0.999948,0.001794,-0.010061,0.000468,1
3.745220184,0.999948,0.001796,-0.010063,0.000469,1
3.750196457,0.999948,0.001797,-0.010065,0.000469,1
3.755167961,0.999948,0.001797,-0.010063,0.000469,1
3.760135174,0.999948,0.001797,-0.010065,0.000470,1
3.765097618,0.999948,0.001796,-0.010062,0.000468,1
3.770140886,0.999948,0.001797,-0.010063,0.000467,1
3.775179625,0.999948,0.001797,-0.010062,0.000464,1
3.780213594,0.999948,0.001796,-0.010063,0.000466,1
3.785243034,0.999948,0.001796,-0.010063,0.000466,1
3.790267944,0.999948,0.001796,-0.010064,0.000465,1
3.795288324,0.999948,0.001794,-0.010066,0.000466,1
3.800303936,0.999948,0.001793,-0.010065,0.000468,1
3.805314779,0.999948,0.001794,-0.010065,0.000467,1
3.810321093,0.999948,0.001796,-0.010063,0.000469,1
3.815322876,0.999948,0.001794,-0.010062,0.000470,1
3.820319653,0.999948,0.001794,-0.010065,0.000471,1
3.825311661,0.999948,0.001796,-0.010067,0.000472,1
3.830299139,0.999948,0.001796,-0.010069,0.000471,1
3.835282087,0.999948,0.001796,-0.010068,0.000472,1
3.840263844,0.999948,0.001796,-0.010067,0.000472,1
3.845241070,0.999948,0.001795,-0.010068,0.000473,1
3.850213528,0.999948,0.001794,-0.010069,0.000474,1
3.855181456,0.999948,0.001794,-0.010068,0.000473,1
3.860144615,0.999948,0.001793,-0.010067,0.000473,1
3.865188122,0.999948,0.001793,-0.010065,0.000474,1
3.870226860,0.999948,0.001794,-0.010065,0.000473,1
3.875261545,0.999948,0.001794,-0.010067,0.000474,1
3.880291224,0.999948,0.001792,-0.010066,0.000474,1
3.885316372,0.999948,0.001793,-0.010067,0.000475,1
3.890336990,0.999948,0.001794,-0.010065,0.000476,1
3.895352840,0.999948,0.001792,-0.010066,0.000477,1
3.900363684,0.999948,0.001791,-0.010065,0.000475,1
3.905371666,0.999948,0.001792,-0.010067,0.000477,1
3.910374641,0.999948,0.001791,-0.010067,0.000477,1
3.915373087,0.999948,0.001790,-0.010068,0.000475,1
3.920366764,0.999948,0.001790,-0.010069,0.000476,1
3.925356150,0.999948,0.001788,-0.010070,0.000476,1
3.930340528,0.999948,0.001790,-0.010069,0.000475,1
3.935320854,0.999948,0.001793,-0.010066,0.000474,1
3.940296173,0.999948,0.001795,-0.010064,0.000474,1
3.945266962,0.999948,0.001796,-0.010065,0.000473,1
3.950232744,0.999948,0.001794,-0.010062,0.000475,1
3.955194473,0.999948,0.001796,-0.010063,0.000476,1
3.960238218,0.999948,0.001797,-0.010064,0.000476,1
3.965277672,0.999948,0.001796,-0.010065,0.000476,1
3.970312119,0.999948,0.001794,-0.010065,0.000478,1
3.975342512,0.999948,0.001794,-0.010065,0.000477,1
3.980368137,0.999948,0.001794,-0.010066,0.000480,1
3.985388994,0.999948,0.001794,-0.010068,0.000480,1
3.990405321,0.999948,0.001796,-0.010069,0.000478,1
3.995416880,0.999948,0.001797,-0.010069,0.000478,1
4.000423908,0.999948,0.001798,-0.010067,0.000480,1
4.005425930,0.999948,0.001800,-0.010070,0.000479,1
4.010423183,0.999948,0.001798,-0.010069,0.000478,1
4.015415668,0.999948,0.001799,-0.010068,0.000478,1
4.020403862,0.999948,0.001798,-0.010068,0.000476,1
4.025390148,0.999948,0.001796,-0.010068,0.000475,1
4.030372143,0.999948,0.001795,-0.010066,0.000476,1
4.035349846,0.999948,0.001795,-0.010065,0.000477,1
4.040322781,0.999948,0.001794,-0.010064,0.000479,1
4.045290947,0.999948,0.001793,-0.010064,0.000478,1
4.050254345,0.999948,0.001793,-0.010066,0.000478,1
4.055213451,0.999948,0.001792,-0.010066,0.000477,1
4.060253143,0.999948,0.001793,-0.010065,0.000477,1
4.065287590,0.999948,0.001793,-0.010066,0.000477,1
4.070317745,0.999948,0.001793,-0.010067,0.000478,1
4.075343132,0.999948,0.001793,-0.010067,0.000479,1
4.080363750,0.999948,0.001791,-0.010068,0.000480,1
4.085379124,0.999948,0.001788,-0.010066,0.000480,1
4.090391636,0.999948,0.001787,-0.010066,0.000481,1
4.095399380,0.999948,0.001785,-0.010066,0.000481,1
4.100402355,0.999948,0.001784,-0.010064,0.000480,1
4.105400562,0.999948,0.001783,-0.010063,0.000481,1
4.110394001,0.999948,0.001783,-0.010065,0.000482,1
4.115383148,0.999948,0.001783,-0.010064,0.000482,1
4.120367527,0.999948,0.001784,-0.010065,0.000482,1
4.125346661,0.999948,0.001784,-0.010063,0.000481,1
4.130321503,0.999948,0.001782,-0.010062,0.000478,1
4.135292053,0.999948,0.001782,-0.010061,0.000478,1
4.140257359,0.999948,0.001781,-0.010061,0.000478,1
4.145218372,0.999948,0.001781,-0.010060,0.000479,1
4.150174618,0.999948,0.001782,-0.010061,0.000481,1
4.155214787,0.999948,0.001782,-0.010058,0.000480,1
4.160249710,0.999948,0.001779,-0.010058,0.000480,1
4.165280342,0.999948,0.001777,-0.010055,0.000480,1
4.170306683,0.999948,0.001778,-0.010058,0.000481,1
4.175328732,0.999948,0.001777,-0.010058,0.000479,1
4.180346012,0.999948,0.001778,-0.010056,0.000480,1
4.185359001,0.999948,0.001779,-0.010055,0.000481,1
4.190367222,0.999948,0.001780,-0.010057,0.000480,1
4.195370674,0.999948,0.001780,-0.010055,0.000481,1
4.200369835,0.999948,0.001779,-0.010056,0.000481,1
4.205363750,0.999948,0.001776,-0.010056,0.000481,1
4.210353374,0.999948,0.001777,-0.010056,0.000480,1
4.215338707,0.999948,0.001777,-0.010055,0.000481,1
4.220318794,0.999948,0.001777,-0.010053,0.000481,1
4.225294113,0.999948,0.001777,-0.010050,0.000482,1
4.230266094,0.999948,0.001776,-0.010051,0.000482,1
4.235232830,0.999948,0.001777,-0.010053,0.000482,1
4.240195274,0.999948,0.001776,-0.010055,0.000482,1
4.245152950,0.999948,0.001776,-0.010054,0.000483,1
4.250192642,0.999948,0.001778,-0.010053,0.000483,1
4.255228043,0.999948,0.001781,-0.010054,0.000484,1
4.260258675,0.999948,0.001779,-0.010053,0.000484,1
4.265285015,0.999948,0.001777,-0.010053,0.000485,1
4.270307064,0.999948,0.001777,-0.010053,0.000485,1
4.275324821,0.999948,0.001779,-0.010052,0.000486,1
4.280337811,0.999948,0.001780,-0.010051,0.000487,1
4.285346508,0.999948,0.001782,-0.010048,0.000486,1
4.290349960,0.999948,0.001783,-0.010051,0.000487,1
4.295349121,0.999948,0.001785,-0.010052,0.000487,1
4.300344467,0.999948,0.001784,-0.010052,0.000486,1
4.305334091,0.999948,0.001784,-0.010052,0.000485,1
4.310319424,0.999948,0.001782,-0.010053,0.000486,1
4.315299988,0.999948,0.001780,-0.010052,0.000486,1
4.320275784,0.999948,0.001780,-0.010052,0.000486,1
4.325247765,0.999948,0.001782,-0.010051,0.000488,1
4.330214977,0.999948,0.001780,-0.010053,0.000487,1
4.335177898,0.999948,0.001781,-0.010052,0.000487,1
4.340137959,0.999948,0.001782,-0.010051,0.000487,1
4.345178127,0.999948,0.001782,-0.010051,0.000487,1
4.350213528,0.999948,0.001782,-0.010049,0.000486,1
4.355245113,0.999948,0.001781,-0.010050,0.000486,1
4.360271454,0.999948,0.001782,-0.010051,0.000487,1
4.365293503,0.999948,0.001782,-0.010051,0.000488,1
4.370311260,0.999948,0.001783,-0.010050,0.000486,1
4.375323772,0.999948,0.001784,-0.010051,0.000485,1
4.380331993,0.999948,0.001781,-0.010051,0.000485,1
4.385335445,0.999948,0.001779,-0.010050,0.000486,1
4.390334129,0.999948,0.001779,-0.010051,0.000486,1
4.395328522,0.999948,0.001781,-0.010051,0.000486,1
4.400318623,0.999948,0.001782,-0.010052,0.000487,1
4.405304432,0.999948,0.001781,-0.010050,0.000486,1
4.410284996,0.999948,0.001780,-0.010051,0.000486,1
4.415261745,0.999948,0.001778,-0.010050,0.000486,1
4.420233250,0.999948,0.001780,-0.010050,0.000487,1
4.425199986,0.999948,0.001779,-0.010050,0.000486,1
4.430162430,0.999948,0.001778,-0.010049,0.000486,1
4.435120106,0.999948,0.001778,-0.010050,0.000486,1
4.440161228,0.999948,0.001779,-0.010050,0.000488,1
4.445197105,0.999948,0.001781,-0.010049,0.000490,1
4.450229645,0.999948,0.001780,-0.010048,0.000488,1
4.455256939,0.999948,0.001778,-0.010050,0.000487,1
4.460279942,0.999948,0.001779,-0.010048,0.000485,1
4.465298653,0.999948,0.001777,-0.010046,0.000484,1
4.470312119,0.999948,0.001780,-0.010049,0.000483,1
4.475320339,0.999948,0.001780,-0.010050,0.000483,1
4.480323792,0.999948,0.001779,-0.010051,0.000484,1
4.485322952,0.999948,0.001778,-0.010050,0.000485,1
4.490316868,0.999948,0.001778,-0.010050,0.000484,1
4.495305538,0.999948,0.001781,-0.010052,0.000482,1
4.500289917,0.999948,0.001780,-0.010053,0.000482,1
4.505269051,0.999948,0.001780,-0.010053,0.000483,1
4.510243893,0.999948,0.001781,-0.010053,0.000482,1
4.515214443,0.999948,0.001782,-0.010054,0.000482,1
4.520179749,0.999948,0.001781,-0.010056,0.000483,1
4.525142193,0.999948,0.001782,-0.010057,0.000482,1
4.530099392,0.999948,0.001783,-0.010055,0.000480,1
4.535140991,0.999948,0.001784,-0.010055,0.000481,1
4.540177822,0.999948,0.001785,-0.010053,0.000481,1
4.545210361,0.999948,0.001783,-0.010052,0.000481,1
4.550239086,0.999948,0.001786,-0.010052,0.000481,1
4.555263042,0.999948,0.001786,-0.010051,0.000480,1
4.560282707,0.999948,0.001784,-0.010051,0.000479,1
4.565297127,0.999948,0.001782,-0.010052,0.000478,1
4.570307255,0.999948,0.001780,-0.010051,0.000478,1
4.575313091,0.999948,0.001781,-0.010052,0.000479,1
4.580313206,0.999948,0.001781,-0.010048,0.000480,1
4.585309505,0.999948,0.001782,-0.010048,0.000479,1
4.590303421,0.999948,0.001782,-0.010047,0.000479,1
4.595292091,0.999948,0.001784,-0.010046,0.000479,1
4.600275993,0.999948,0.001783,-0.010047,0.000480,1
4.605255604,0.999948,0.001781,-0.010047,0.000479,1
4.610230446,0.999948,0.001781,-0.010046,0.000478,1
4.615200043,0.999948,0.001781,-0.010045,0.000478,1
4.620166302,0.999948,0.001780,-0.010045,0.000477,1
4.625126839,0.999948,0.001779,-0.010044,0.000475,1
4.630168438,0.999948,0.001778,-0.010044,0.000473,1
4.635206223,0.999948,0.001776,-0.010045,0.000473,1
4.640238762,0.999948,0.001776,-0.010045,0.000473,1
4.645266533,0.999948,0.001778,-0.010045,0.000475,1
4.650290489,0.999948,0.001779,-0.010045,0.000473,1
4.655309677,0.999948,0.001782,-0.010043,0.000473,1
4.660325527,0.999948,0.001779,-0.010041,0.000475,1
4.665335178,0.999948,0.001780,-0.010042,0.000474,1
4.670341015,0.999948,0.001781,-0.010044,0.000472,1
4.675342560,0.999948,0.001780,-0.010048,0.000471,1
4.680338383,0.999948,0.001780,-0.010048,0.000473,1
4.685330391,0.999948,0.001782,-0.010048,0.000472,1
4.690317631,0.999948,0.001781,-0.010045,0.000473,1
4.695300579,0.999948,0.001779,-0.010047,0.000472,1
4.700279713,0.999948,0.001779,-0.010047,0.000471,1
4.705253601,0.999948,0.001780,-0.010047,0.000473,1
4.710222721,0.999948,0.001778,-0.010046,0.000475,1
4.715187550,0.999948,0.001779,-0.010047,0.000477,1
4.720148087,0.999948,0.001781,-0.010047,0.000476,1
4.725190163,0.999948,0.001781,-0.010045,0.000476,1
4.730227947,0.999948,0.001779,-0.010046,0.000476,1
4.735260487,0.999948,0.001779,-0.010045,0.000478,1
4.740289688,0.999948,0.001779,-0.010045,0.000480,1
4.745313168,0.999948,0.001776,-0.010043,0.000478,1
4.750332832,0.999948,0.001775,-0.010041,0.000478,1
4.755348206,0.999948,0.001776,-0.010043,0.000481,1
4.760357857,0.999948,0.001776,-0.010044,0.000482,1
4.765363216,0.999948,0.001774,-0.010047,0.000482,1
4.770364285,0.999948,0.001776,-0.010045,0.000482,1
4.775361061,0.999948,0.001778,-0.010046,0.000483,1
4.780352592,0.999948,0.001778,-0.010046,0.000481,1
4.785339355,0.999948,0.001778,-0.010045,0.000482,1
4.790322304,0.999948,0.001779,-0.010044,0.000481,1
4.795300007,0.999948,0.001780,-0.010043,0.000481,1
4.800273895,0.999948,0.001778,-0.010041,0.000479,1
4.805245876,0.999948,0.001780,-0.010042,0.000479,1
4.810213566,0.999948,0.001781,-0.010042,0.000479,1
4.815175533,0.999948,0.001780,-0.010040,0.000481,1
4.820218563,0.999948,0.001780,-0.010041,0.000481,1
4.825256348,0.999948,0.001781,-0.010042,0.000480,1
4.830289841,0.999948,0.001781,-0.010043,0.000479,1
4.835318089,0.999948,0.001780,-0.010042,0.000480,1
4.840342522,0.999948,0.001781,-0.010041,0.000481,1
4.845361233,0.999948,0.001782,-0.010040,0.000482,1
4.850376129,0.999948,0.001782,-0.010040,0.000480,1
4.855386257,0.999948,0.001785,-0.010041,0.000480,1
4.860391617,0.999948,0.001784,-0.010041,0.000483,1
4.865392685,0.999948,0.001786,-0.010039,0.000482,1
4.870388031,0.999948,0.001785,-0.010039,0.000482,1
4.875380039,0.999948,0.001784,-0.010039,0.000482,1
4.880367756,0.999948,0.001784,-0.010041,0.000482,1
4.885350227,0.999948,0.001784,-0.010042,0.000481,1
4.890328407,0.999948,0.001786,-0.010042,0.000480,1
4.895302296,0.999948,0.001785,-0.010043,0.000481,1
4.900270939,0.999948,0.001784,-0.010042,0.000482,1
4.905234814,0.999948,0.001784,-0.010042,0.000481,1
4.910194874,0.999948,0.001782,-0.010044,0.000480,1
4.915237427,0.999948,0.001782,-0.010043,0.000478,1
4.920275688,0.999948,0.001780,-0.010044,0.000477,1
4.925308704,0.999948,0.001779,-0.010045,0.000476,1
4.930337906,0.999948,0.001779,-0.010045,0.000477,1
4.935362339,0.999948,0.001779,-0.010043,0.000478,1
4.940382004,0.999948,0.001780,-0.010042,0.000479,1
4.945397854,0.999948,0.001779,-0.010042,0.000479,1
4.950407982,0.999948,0.001779,-0.010042,0.000478,1
4.955413342,0.999948,0.001781,-0.010044,0.000479,1
4.960414886,0.999948,0.001783,-0.010042,0.000480,1
4.965410709,0.999948,0.001784,-0.010042,0.000482,1
4.970402718,0.999948,0.001783,-0.010044,0.000481,1
4.975389481,0.999948,0.001782,-0.010045,0.000483,1
4.980371952,0.999948,0.001782,-0.010046,0.000483,1
4.985350132,0.999948,0.001782,-0.010044,0.000482,1
4.990326881,0.999948,0.001782,-0.010042,0.000481,1
4.995298386,0.999948,0.001780,-0.010043,0.000480,1
5.000265598,0.999948,0.001781,-0.010042,0.000481,1
5.005228043,0.999948,0.001782,-0.010041,0.000480,1
5.010271072,0.999948,0.001783,-0.010037,0.000480,1
5.015309334,0.999948,0.001782,-0.010036,0.000480,1
5.020343304,0.999948,0.001783,-0.010035,0.000480,1
5.025372505,0.999948,0.001784,-0.010035,0.000481,1
5.030396938,0.999948,0.001784,-0.010034,0.000481,1
5.035417080,0.999948,0.001786,-0.010034,0.000482,1
5.040431976,0.999948,0.001786,-0.010034,0.000481,1
5.045442581,0.999948,0.001785,-0.010036,0.000482,1
5.050447941,0.999948,0.001785,-0.010036,0.000481,1
5.055448532,0.999948,0.001784,-0.010037,0.000481,1
5.060444832,0.999948,0.001783,-0.010037,0.000479,1
5.065436363,0.999948,0.001784,-0.010034,0.000478,1
5.070423126,0.999948,0.001786,-0.010032,0.000479,1
5.075404644,0.999948,0.001786,-0.010030,0.000478,1
5.080386162,0.999948,0.001788,-0.010029,0.000477,1
5.085361958,0.999948,0.001789,-0.010029,0.000477,1
5.090333462,0.999948,0.001789,-0.010029,0.000477,1
5.095301151,0.999948,0.001790,-0.010029,0.000478,1
5.100263596,0.999948,0.001792,-0.010029,0.000478,1
5.105306625,0.999948,0.001793,-0.010029,0.000478,1
5.110344887,0.999948,0.001791,-0.010029,0.000477,1
5.115378857,0.999948,0.001791,-0.010030,0.000478,1
5.120408535,0.999948,0.001791,-0.010029,0.000478,1
5.125433445,0.999948,0.001791,-0.010029,0.000477,1
5.130453110,0.999948,0.001792,-0.010029,0.000475,1
5.135468483,0.999948,0.001792,-0.010029,0.000475,1
5.140479565,0.999948,0.001791,-0.010029,0.000475,1
5.145485401,0.999948,0.001789,-0.010029,0.000475,1
5.150486946,0.999948,0.001787,-0.010024,0.000475,1
5.155483723,0.999948,0.001789,-0.010025,0.000474,1
5.160476208,0.999948,0.001790,-0.010026,0.000475,1
5.165463448,0.999948,0.001793,-0.010024,0.000475,1
5.170446396,0.999948,0.001794,-0.010022,0.000477,1
5.175425053,0.999948,0.001797,-0.010022,0.000478,1
5.180401802,0.999948,0.001797,-0.010025,0.000477,1
5.185373306,0.999948,0.001797,-0.010026,0.000477,1
5.190340042,0.999948,0.001797,-0.010025,0.000477,1
5.195302963,0.999948,0.001797,-0.010022,0.000477,1
5.200345993,0.999948,0.001795,-0.010022,0.000476,1
5.205385208,0.999948,0.001797,-0.010026,0.000476,1
5.210420132,0.999948,0.001797,-0.010027,0.000477,1
5.215450287,0.999948,0.001797,-0.010028,0.000477,1
5.220475674,0.999948,0.001798,-0.010029,0.000477,1
5.225496769,0.999948,0.001798,-0.010028,0.000477,1
5.230512142,0.999948,0.001799,-0.010028,0.000477,1
5.235524654,0.999948,0.001801,-0.010027,0.000476,1
5.240531921,0.999948,0.001801,-0.010027,0.000477,1
5.245535374,0.999948,0.001801,-0.010027,0.000478,1
5.250534058,0.999948,0.001802,-0.010025,0.000477,1
5.255527496,0.999948,0.001802,-0.010021,0.000478,1
5.260516167,0.999948,0.001802,-0.010021,0.000478,1
5.265501022,0.999948,0.001799,-0.010019,0.000478,1
5.270481110,0.999948,0.001800,-0.010020,0.000477,1
5.275455952,0.999948,0.001802,-0.010021,0.000476,1
5.280426025,0.999948,0.001802,-0.010022,0.000476,1
5.285391808,0.999948,0.001803,-0.010023,0.000477,1
5.290353775,0.999948,0.001804,-0.010025,0.000476,1
5.295310020,0.999948,0.001804,-0.010023,0.000476,1
5.300348759,0.999948,0.001802,-0.010023,0.000475,1
5.305384159,0.999948,0.001802,-0.010024,0.000476,1
5.310413361,0.999948,0.001802,-0.010022,0.000477,1
5.315438747,0.999948,0.001801,-0.010021,0.000478,1
5.320459366,0.999948,0.001801,-0.010023,0.000479,1
5.325474739,0.999948,0.001800,-0.010021,0.000478,1
5.330485821,0.999948,0.001802,-0.010019,0.000479,1
5.335491657,0.999948,0.001802,-0.010019,0.000479,1
5.340492725,0.999948,0.001800,-0.010019,0.000480,1
5.345489502,0.999948,0.001801,-0.010019,0.000478,1
5.350481033,0.999948,0.001797,-0.010022,0.000477,1
5.355467796,0.999948,0.001796,-0.010020,0.000478,1
5.360449314,0.999948,0.001796,-0.010019,0.000477,1
5.365426540,0.999948,0.001798,-0.010021,0.000477,1
5.370398521,0.999948,0.001797,-0.010020,0.000478,1
5.375366211,0.999948,0.001797,-0.010018,0.000480,1
5.380329609,0.999948,0.001795,-0.010017,0.000480,1
5.385288715,0.999948,0.001795,-0.010018,0.000481,1
5.390243053,0.999948,0.001795,-0.010020,0.000481,1
5.395282745,0.999948,0.001795,-0.010021,0.000480,1
5.400318146,0.999948,0.001795,-0.010022,0.000479,1
5.405347824,0.999948,0.001793,-0.010020,0.000480,1
5.410373688,0.999948,0.001792,-0.010021,0.000481,1
5.415394306,0.999948,0.001790,-0.010020,0.000481,1
5.420411110,0.999948,0.001788,-0.010019,0.000479,1
5.425421715,0.999948,0.001786,-0.010020,0.000480,1
5.430428505,0.999948,0.001787,-0.010021,0.000480,1
5.435430050,0.999948,0.001786,-0.010024,0.000480,1
5.440426350,0.999948,0.001785,-0.010022,0.000479,1
5.445418358,0.999948,0.001786,-0.010023,0.000480,1
5.450405598,0.999948,0.001788,-0.010022,0.000480,1
5.455387592,0.999948,0.001787,-0.010020,0.000479,1
5.460364819,0.999948,0.001786,-0.010018,0.000478,1
5.465337753,0.999948,0.001787,-0.010019,0.000478,1
5.470305920,0.999948,0.001786,-0.010019,0.000479,1
5.475270748,0.999948,0.001786,-0.010020,0.000477,1
5.480230808,0.999948,0.001787,-0.010021,0.000477,1
5.485186100,0.999948,0.001787,-0.010024,0.000479,1
5.490226269,0.999948,0.001788,-0.010025,0.000480,1
5.495261192,0.999948,0.001789,-0.010024,0.000479,1
5.500292301,0.999948,0.001789,-0.010027,0.000480,1
5.505318165,0.999948,0.001790,-0.010027,0.000481,1
5.510339737,0.999948,0.001791,-0.010026,0.000481,1
5.515357018,0.999948,0.001792,-0.010025,0.000483,1
5.520369530,0.999948,0.001792,-0.010025,0.000483,1
5.525378227,0.999948,0.001794,-0.010024,0.000482,1
5.530381203,0.999948,0.001794,-0.010024,0.000482,1
5.535379410,0.999948,0.001794,-0.010023,0.000482,1
5.540373802,0.999948,0.001795,-0.010023,0.000483,1
5.545363903,0.999948,0.001797,-0.010022,0.000485,1
5.550349236,0.999948,0.001797,-0.010023,0.000486,1
5.555330276,0.999948,0.001797,-0.010023,0.000486,1
5.560306549,0.999948,0.001797,-0.010022,0.000487,1
5.565278053,0.999948,0.001796,-0.010022,0.000488,1
5.570244789,0.999948,0.001795,-0.010023,0.000490,1
5.575206757,0.999948,0.001796,-0.010021,0.000489,1
5.580164909,0.999948,0.001796,-0.010022,0.000489,1
5.585205078,0.999948,0.001796,-0.010021,0.000488,1
5.590240955,0.999948,0.001794,-0.010019,0.000489,1
5.595271587,0.999948,0.001792,-0.010017,0.000489,1
5.600297928,0.999948,0.001793,-0.010017,0.000487,1
5.605319500,0.999948,0.001794,-0.010019,0.000489,1
5.610337257,0.999948,0.001790,-0.010018,0.000488,1
5.615348816,0.999948,0.001790,-0.010017,0.000486,1
5.620356083,0.999948,0.001790,-0.010015,0.000485,1
5.625359058,0.999948,0.001791,-0.010013,0.000486,1
5.630356312,0.999948,0.001792,-0.010012,0.000487,1
5.635349274,0.999948,0.001791,-0.010010,0.000487,1
5.640336990,0.999948,0.001790,-0.010010,0.000488,1
5.645320415,0.999948,0.001789,-0.010011,0.000487,1
5.650298595,0.999948,0.001791,-0.010013,0.000487,1
5.655272007,0.999948,0.001790,-0.010012,0.000488,1
5.660241127,0.999948,0.001790,-0.010012,0.000487,1
5.665204048,0.999948,0.001788,-0.010012,0.000485,1
5.670163631,0.999948,0.001788,-0.010014,0.000487,1
5.675117493,0.999948,0.001787,-0.010014,0.000486,1
5.680158615,0.999948,0.001786,-0.010014,0.000486,1
5.685195923,0.999948,0.001784,-0.010012,0.000483,1
5.690227509,0.999948,0.001784,-0.010013,0.000483,1
5.695255756,0.999948,0.001785,-0.010013,0.000484,1
5.700278282,0.999948,0.001787,-0.010015,0.000484,1
5.705297470,0.999948,0.001788,-0.010013,0.000482,1
5.710311413,0.999948,0.001787,-0.010012,0.000483,1
5.715321064,0.999948,0.001789,-0.010013,0.000484,1
5.720325947,0.999948,0.001787,-0.010013,0.000485,1
5.725326538,0.999948,0.001786,-0.010013,0.000487,1
5.730321884,0.999948,0.001787,-0.010016,0.000487,1
5.735312939,0.999948,0.001788,-0.010016,0.000488,1
5.740299225,0.999948,0.001789,-0.010019,0.000488,1
5.745281219,0.999948,0.001791,-0.010021,0.000488,1
5.750257492,0.999948,0.001788,-0.010021,0.000490,1
5.755231857,0.999948,0.001788,-0.010024,0.000491,1
5.760201454,0.999948,0.001790,-0.010025,0.000491,1
5.765166283,0.999948,0.001791,-0.010024,0.000489,1
5.770126343,0.999948,0.001792,-0.010023,0.000490,1
5.775167942,0.999948,0.001793,-0.010024,0.000491,1
5.780204773,0.999948,0.001795,-0.010022,0.000491,1
5.785237312,0.999948,0.001795,-0.010021,0.000490,1
5.790264606,0.999948,0.001797,-0.010020,0.000489,1
5.795288086,0.999948,0.001797,-0.010019,0.000488,1
5.800307274,0.999948,0.001798,-0.010020,0.000489,1
5.805321217,0.999948,0.001802,-0.010021,0.000489,1
5.810330391,0.999948,0.001803,-0.010022,0.000489,1
5.815335274,0.999948,0.001803,-0.010025,0.000489,1
5.820334911,0.999948,0.001802,-0.010025,0.000490,1
5.825330734,0.999948,0.001803,-0.010026,0.000490,1
5.830321312,0.999948,0.001801,-0.010026,0.000491,1
5.835307121,0.999948,0.001798,-0.010027,0.000491,1
5.840287685,0.999948,0.001798,-0.010026,0.000490,1
5.845264435,0.999948,0.001797,-0.010027,0.000489,1
5.850236893,0.999948,0.001797,-0.010024,0.000490,1
5.855204582,0.999948,0.001796,-0.010022,0.000490,1
5.860166550,0.999948,0.001795,-0.010023,0.000490,1
5.865124702,0.999948,0.001793,-0.010024,0.000491,1
5.870167255,0.999948,0.001794,-0.010023,0.000491,1
5.875204086,0.999948,0.001795,-0.010024,0.000493,1
5.880237103,0.999948,0.001796,-0.010026,0.000491,1
5.885264874,0.999948,0.001797,-0.010027,0.000491,1
5.890288353,0.999948,0.001796,-0.010026,0.000491,1
5.895307064,0.999948,0.001794,-0.010025,0.000491,1
5.900321960,0.999948,0.001793,-0.010027,0.000490,1
5.905331612,0.999948,0.001792,-0.010028,0.000489,1
5.910336971,0.999948,0.001791,-0.010028,0.000487,1
5.915337563,0.999948,0.001790,-0.010028,0.000487,1
5.920333385,0.999948,0.001791,-0.010026,0.000488,1
5.925325394,0.999948,0.001792,-0.010026,0.000488,1
5.930312634,0.999948,0.001792,-0.010027,0.000487,1
5.935295582,0.999948,0.001793,-0.010028,0.000487,1
5.940274239,0.999948,0.001793,-0.010030,0.000487,1
5.945247173,0.999948,0.001794,-0.010031,0.000487,1
5.950216293,0.999948,0.001793,-0.010031,0.000487,1
5.955181122,0.999948,0.001795,-0.010032,0.000485,1
5.960140705,0.999948,0.001796,-0.010033,0.000484,1
5.965182781,0.999948,0.001796,-0.010034,0.000484,1
5.970221043,0.999948,0.001796,-0.010036,0.000485,1
5.975254059,0.999948,0.001796,-0.010035,0.000487,1
5.980282784,0.999948,0.001796,-0.010035,0.000487,1
5.985307217,0.999948,0.001797,-0.010034,0.000487,1
5.990326405,0.999948,0.001797,-0.010034,0.000486,1
5.995341778,0.999948,0.001799,-0.010034,0.000485,1
6.000351906,0.999948,0.001797,-0.010034,0.000485,1
6.005357742,0.999948,0.001796,-0.010034,0.000485,1
6.010358810,0.999948,0.001796,-0.010034,0.000484,1
6.015355110,0.999948,0.001795,-0.010035,0.000487,1
6.020347118,0.999948,0.001798,-0.010036,0.000486,1
6.025335789,0.999948,0.001796,-0.010036,0.000487,1
6.030319691,0.999948,0.001797,-0.010035,0.000487,1
6.035299301,0.999948,0.001797,-0.010035,0.000487,1
6.040273190,0.999948,0.001799,-0.010035,0.000487,1
6.045243263,0.999948,0.001799,-0.010038,0.000485,1
6.050207615,0.999948,0.001800,-0.010035,0.000485,1
6.055168152,0.999948,0.001797,-0.010036,0.000486,1
6.060210228,0.999948,0.001797,-0.010036,0.000487,1
6.065248489,0.999948,0.001797,-0.010036,0.000487,1
6.070281029,0.999948,0.001797,-0.010033,0.000486,1
6.075309753,0.999948,0.001794,-0.010033,0.000486,1
6.080333233,0.999948,0.001795,-0.010032,0.000485,1
6.085352421,0.999948,0.001795,-0.010036,0.000487,1
6.090366364,0.999948,0.001795,-0.010038,0.000488,1
6.095376492,0.999948,0.001794,-0.010036,0.000489,1
6.100381851,0.999948,0.001793,-0.010034,0.000488,1
6.105381966,0.999948,0.001794,-0.010036,0.000488,1
6.110377789,0.999948,0.001794,-0.010037,0.000487,1
6.115368843,0.999948,0.001794,-0.010038,0.000487,1
6.120354652,0.999948,0.001794,-0.010039,0.000485,1
6.125336647,0.999948,0.001794,-0.010038,0.000485,1
6.130313396,0.999948,0.001793,-0.010040,0.000487,1
6.135285378,0.999948,0.001795,-0.010041,0.000488,1
6.140252590,0.999948,0.001795,-0.010042,0.000490,1
6.145215511,0.999948,0.001794,-0.010045,0.000489,1
6.150174141,0.999948,0.001794,-0.010046,0.000491,1
6.155216694,0.999948,0.001794,-0.010045,0.000491,1
6.160254955,0.999948,0.001792,-0.010045,0.000491,1
6.165288925,0.999948,0.001791,-0.010046,0.000490,1
6.170317650,0.999948,0.001790,-0.010045,0.000488,1
6.175342560,0.999948,0.001791,-0.010045,0.000487,1
6.180362225,0.999948,0.001790,-0.010047,0.000488,1
6.185376644,0.999948,0.001790,-0.010049,0.000488,1
6.190386772,0.999948,0.001793,-0.010047,0.000487,1
6.195391655,0.999948,0.001795,-0.010046,0.000486,1
6.200391769,0.999948,0.001796,-0.010044,0.000487,1
6.205387592,0.999948,0.001798,-0.010044,0.000487,1
6.210381031,0.999948,0.001799,-0.010042,0.000487,1
6.215369701,0.999948,0.001801,-0.010042,0.000489,1
6.220354080,0.999948,0.001802,-0.010045,0.000489,1
6.225333214,0.999948,0.001802,-0.010047,0.000490,1
6.230308533,0.999948,0.001803,-0.010047,0.000491,1
6.235278130,0.999948,0.001803,-0.010046,0.000492,1
6.240244389,0.999948,0.001802,-0.010047,0.000492,1
6.245204926,0.999948,0.001803,-0.010049,0.000492,1
6.250247955,0.999948,0.001803,-0.010047,0.000493,1
6.255286694,0.999948,0.001803,-0.010046,0.000492,1
6.260320187,0.999948,0.001804,-0.010045,0.000493,1
6.265348911,0.999948,0.001801,-0.010045,0.000491,1
6.270373821,0.999948,0.001800,-0.010045,0.000489,1
6.275393009,0.999948,0.001801,-0.010044,0.000491,1
6.280407906,0.999948,0.001803,-0.010040,0.000488,1
6.285418034,0.999948,0.001802,-0.010039,0.000488,1
6.290423393,0.999948,0.001803,-0.010040,0.000490,1
6.295423985,0.999948,0.001801,-0.010041,0.000490,1
6.300418854,0.999948,0.001802,-0.010040,0.000490,1
6.305410862,0.999948,0.001804,-0.010039,0.000489,1
6.310398102,0.999948,0.001806,-0.010036,0.000491,1
6.315379620,0.999948,0.001806,-0.010036,0.000491,1
6.320356846,0.999948,0.001805,-0.010037,0.000490,1
6.325329304,0.999948,0.001805,-0.010036,0.000490,1
6.330297470,0.999948,0.001804,-0.010036,0.000492,1
6.335260391,0.999948,0.001804,-0.010037,0.000494,1
6.340220928,0.999948,0.001805,-0.010036,0.000494,1
6.345264435,0.999948,0.001805,-0.010035,0.000495,1
6.350303173,0.999948,0.001801,-0.010033,0.000495,1
6.355337143,0.999948,0.001799,-0.010032,0.000495,1
6.360367298,0.999948,0.001801,-0.010032,0.000494,1
6.365391254,0.999948,0.001802,-0.010032,0.000494,1
6.370411396,0.999948,0.001802,-0.010030,0.000493,1
6.375425816,0.999948,0.001803,-0.010031,0.000495,1
6.380436420,0.999948,0.001802,-0.010032,0.000496,1
6.385441780,0.999948,0.001801,-0.010032,0.000495,1
6.390441895,0.999948,0.001799,-0.010032,0.000493,1
6.395437717,0.999948,0.001801,-0.010030,0.000494,1
6.400427818,0.999948,0.001801,-0.010029,0.000496,1
6.405415535,0.999948,0.001799,-0.010028,0.000495,1
6.410397530,0.999948,0.001798,-0.010030,0.000494,1
6.415375233,0.999948,0.001799,-0.010031,0.000495,1
6.420347691,0.999948,0.001799,-0.010031,0.000494,1
6.425316334,0.999948,0.001799,-0.010031,0.000494,1
6.430279732,0.999948,0.001798,-0.010031,0.000494,1
6.435237885,0.999948,0.001802,-0.010029,0.000496,1
6.440280914,0.999948,0.001805,-0.010028,0.000494,1
6.445320129,0.999948,0.001806,-0.010029,0.000492,1
6.450355053,0.999948,0.001806,-0.010029,0.000490,1
6.455386162,0.999948,0.001805,-0.010029,0.000491,1
6.460411549,0.999948,0.001805,-0.010028,0.000491,1
6.465432644,0.999948,0.001804,-0.010026,0.000491,1
6.470448971,0.999948,0.001803,-0.010026,0.000492,1
6.475460529,0.999948,0.001803,-0.010024,0.000491,1
6.480467796,0.999948,0.001804,-0.010023,0.000491,1
6.485471725,0.999948,0.001805,-0.010022,0.000490,1
6.490471363,0.999948,0.001804,-0.010022,0.000489,1
6.495466709,0.999948,0.001803,-0.010023,0.000488,1
6.500456333,0.999948,0.001803,-0.010024,0.000489,1
6.505442142,0.999948,0.001805,-0.010023,0.000489,1
6.510423660,0.999948,0.001806,-0.010023,0.000490,1
6.515399456,0.999948,0.001806,-0.010025,0.000490,1
6.520371914,0.999948,0.001808,-0.010024,0.000489,1
6.525338650,0.999948,0.001807,-0.010025,0.000487,1
6.530301094,0.999948,0.001807,-0.010026,0.000487,1
6.535259247,0.999948,0.001807,-0.010027,0.000487,1
6.540298462,0.999948,0.001808,-0.010024,0.000485,1
6.545332909,0.999948,0.001809,-0.010023,0.000485,1
6.550362587,0.999948,0.001808,-0.010025,0.000483,1
6.555387974,0.999948,0.001807,-0.010027,0.000484,1
6.560408115,0.999948,0.001808,-0.010028,0.000485,1
6.565423489,0.999948,0.001811,-0.010028,0.000484,1
6.570434570,0.999948,0.001811,-0.010029,0.000482,1
6.575440884,0.999948,0.001812,-0.010027,0.000482,1
6.580442905,0.999948,0.001810,-0.010026,0.000483,1
6.585440159,0.999948,0.001809,-0.010025,0.000485,1
6.590432167,0.999948,0.001807,-0.010025,0.000484,1
6.595420361,0.999948,0.001806,-0.010026,0.000484,1
6.600402832,0.999948,0.001808,-0.010025,0.000484,1
6.605381489,0.999948,0.001806,-0.010026,0.000482,1
6.610355377,0.999948,0.001807,-0.010026,0.000482,1
6.615324020,0.999948,0.001812,-0.010024,0.000481,1
6.620288849,0.999948,0.001811,-0.010023,0.000479,1
6.625250340,0.999948,0.001810,-0.010025,0.000478,1
6.630206585,0.999948,0.001811,-0.010024,0.000479,1
6.635245800,0.999948,0.001811,-0.010024,0.000479,1
6.640281200,0.999948,0.001813,-0.010023,0.000481,1
6.645311356,0.999948,0.001816,-0.010023,0.000480,1
6.650337696,0.999948,0.001817,-0.010023,0.000480,1
6.655359268,0.999948,0.001817,-0.010023,0.000480,1
6.660377026,0.999948,0.001818,-0.010024,0.000481,1
6.665390015,0.999948,0.001817,-0.010023,0.000482,1
6.670398235,0.999948,0.001818,-0.010021,0.000481,1
6.675402641,0.999948,0.001818,-0.010022,0.000482,1
6.680401802,0.999948,0.001816,-0.010021,0.000481,1
6.685397148,0.999948,0.001817,-0.010019,0.000481,1
6.690386772,0.999948,0.001820,-0.010019,0.000482,1
6.695372581,0.999948,0.001821,-0.010019,0.000483,1
6.700354099,0.999948,0.001821,-0.010018,0.000481,1
6.705330372,0.999948,0.001822,-0.010015,0.000485,1
6.710302353,0.999948,0.001825,-0.010015,0.000486,1
6.715272427,0.999948,0.001823,-0.010014,0.000483,1
6.720237732,0.999948,0.001824,-0.010015,0.000485,1
6.725198746,0.999948,0.001822,-0.010017,0.000488,1
6.730238914,0.999948,0.001822,-0.010019,0.000488,1
6.735273838,0.999948,0.001822,-0.010018,0.000489,1
6.740304947,0.999948,0.001820,-0.010022,0.000487,1
6.745331287,0.999948,0.001820,-0.010020,0.000487,1
6.750352859,0.999948,0.001820,-0.010020,0.000488,1
6.755370617,0.999948,0.001820,-0.010021,0.000487,1
6.760383606,0.999948,0.001819,-0.010022,0.000486,1
6.765391827,0.999948,0.001818,-0.010025,0.000485,1
6.770395279,0.999948,0.001818,-0.010024,0.000483,1
6.775394440,0.999948,0.001820,-0.010023,0.000483,1
6.780387878,0.999948,0.001819,-0.010023,0.000484,1
6.785377502,0.999948,0.001820,-0.010021,0.000485,1
6.790360928,0.999948,0.001822,-0.010021,0.000483,1
6.795341015,0.999948,0.001821,-0.010021,0.000484,1
6.800314903,0.999948,0.001824,-0.010021,0.000486,1
6.805284977,0.999948,0.001825,-0.010020,0.000486,1
6.810249329,0.999948,0.001827,-0.010020,0.000486,1
6.815209389,0.999948,0.001827,-0.010020,0.000485,1
6.820165157,0.999948,0.001825,-0.010022,0.000485,1
6.825205326,0.999948,0.001826,-0.010019,0.000484,1
6.830240726,0.999948,0.001825,-0.010020,0.000482,1
6.835272312,0.999948,0.001824,-0.010019,0.000484,1
6.840298653,0.999948,0.001824,-0.010018,0.000486,1
6.845320225,0.999948,0.001824,-0.010017,0.000486,1
6.850337982,0.999948,0.001823,-0.010014,0.000485,1
6.855350971,0.999948,0.001823,-0.010015,0.000486,1
6.860359669,0.999948,0.001825,-0.010014,0.000486,1
6.865363598,0.999948,0.001823,-0.010014,0.000487,1
6.870363235,0.999948,0.001822,-0.010012,0.000484,1
6.875357151,0.999948,0.001821,-0.010011,0.000485,1
6.880347729,0.999948,0.001825,-0.010010,0.000483,1
6.885333061,0.999948,0.001821,-0.010011,0.000484,1
6.890313625,0.999948,0.001822,-0.010010,0.000486,1
6.895289421,0.999948,0.001819,-0.010010,0.000485,1
6.900260925,0.999948,0.001818,-0.010010,0.000486,1
6.905227661,0.999948,0.001817,-0.010011,0.000485,1
6.910190105,0.999948,0.001817,-0.010011,0.000484,1
6.915147781,0.999948,0.001818,-0.010013,0.000483,1
6.920188904,0.999948,0.001818,-0.010014,0.000484,1
6.925224781,0.999948,0.001818,-0.010014,0.000484,1
6.930256844,0.999948,0.001819,-0.010015,0.000483,1
6.935283661,0.999948,0.001817,-0.010015,0.000482,1
6.940306664,0.999948,0.001817,-0.010015,0.000484,1
6.945323944,0.999948,0.001820,-0.010016,0.000485,1
6.950336456,0.999948,0.001820,-0.010014,0.000485,1
6.955344677,0.999948,0.001818,-0.010013,0.000484,1
6.960348129,0.999948,0.001815,-0.010014,0.000482,1
6.965349197,0.999948,0.001815,-0.010012,0.000484,1
6.970345497,0.999948,0.001813,-0.010013,0.000483,1
6.975337505,0.999948,0.001812,-0.010013,0.000483,1
6.980324268,0.999948,0.001814,-0.010012,0.000482,1
6.985306263,0.999948,0.001814,-0.010012,0.000480,1
6.990284443,0.999948,0.001816,-0.010010,0.000481,1
6.995257378,0.999948,0.001816,-0.010010,0.000481,1
7.000226021,0.999948,0.001814,-0.010012,0.000481,1
7.005190372,0.999948,0.001816,-0.010010,0.000480,1
7.010149479,0.999948,0.001817,-0.010011,0.000483,1
7.015190601,0.999948,0.001816,-0.010010,0.000484,1
7.020226955,0.999948,0.001815,-0.010009,0.000484,1
7.025259495,0.999948,0.001813,-0.010006,0.000487,1
7.030287266,0.999948,0.001813,-0.010005,0.000486,1
7.035310745,0.999948,0.001813,-0.010002,0.000487,1
7.040329933,0.999948,0.001812,-0.010002,0.000487,1
7.045343399,0.999948,0.001811,-0.010002,0.000488,1
7.050353050,0.999948,0.001812,-0.010001,0.000489,1
7.055357933,0.999948,0.001812,-0.010003,0.000490,1
7.060358524,0.999948,0.001808,-0.010002,0.000490,1
7.065354347,0.999948,0.001808,-0.010003,0.000491,1
7.070345879,0.999948,0.001807,-0.010002,0.000491,1
7.075332165,0.999948,0.001806,-0.010000,0.000490,1
7.080315113,0.999948,0.001808,-0.010004,0.000489,1
7.085294724,0.999948,0.001807,-0.010003,0.000491,1
7.090270519,0.999948,0.001808,-0.010000,0.000493,1
7.095241547,0.999948,0.001807,-0.009999,0.000493,1
7.100208282,0.999948,0.001809,-0.009999,0.000492,1
7.105170250,0.999948,0.001811,-0.009997,0.000491,1
7.110212803,0.999948,0.001812,-0.009995,0.000491,1
7.115249634,0.999948,0.001813,-0.009995,0.000490,1
7.120282173,0.999948,0.001814,-0.009994,0.000489,1
7.125310421,0.999948,0.001814,-0.009993,0.000491,1
7.130334377,0.999948,0.001816,-0.009990,0.000490,1
7.135353565,0.999948,0.001814,-0.009992,0.000490,1
7.140367985,0.999948,0.001815,-0.009993,0.000491,1
7.145377636,0.999948,0.001817,-0.009994,0.000490,1
7.150382996,0.999948,0.001818,-0.009995,0.000490,1
7.155383110,0.999948,0.001817,-0.009995,0.000489,1
7.160379410,0.999948,0.001817,-0.009996,0.000489,1
7.165370941,0.999948,0.001815,-0.009995,0.000488,1
7.170357227,0.999948,0.001817,-0.009994,0.000487,1
7.175341606,0.999948,0.001816,-0.009996,0.000486,1
7.180320740,0.999948,0.001817,-0.009997,0.000489,1
7.185296059,0.999948,0.001816,-0.009998,0.000488,1
7.190265656,0.999948,0.001819,-0.009998,0.000486,1
7.195231915,0.999948,0.001818,-0.009998,0.000488,1
7.200192451,0.999948,0.001817,-0.009997,0.000487,1
7.205234528,0.999948,0.001820,-0.009997,0.000486,1
7.210272312,0.999948,0.001824,-0.009996,0.000485,1
7.215304852,0.999948,0.001823,-0.009995,0.000484,1
7.220333576,0.999948,0.001822,-0.009996,0.000484,1
7.225358009,0.999948,0.001825,-0.009994,0.000484,1
7.230377197,0.999948,0.001824,-0.009994,0.000482,1
7.235392094,0.999948,0.001826,-0.009994,0.000483,1
7.240401745,0.999948,0.001826,-0.009994,0.000482,1
7.245406628,0.999948,0.001824,-0.009995,0.000483,1
7.250406742,0.999948,0.001824,-0.009998,0.000485,1
7.255402565,0.999948,0.001825,-0.009998,0.000483,1
7.260392666,0.999948,0.001825,-0.009998,0.000482,1
7.265378475,0.999948,0.001826,-0.009998,0.000482,1
7.270359039,0.999948,0.001824,-0.009997,0.000483,1
7.275335312,0.999948,0.001824,-0.009997,0.000485,1
7.280306339,0.999948,0.001823,-0.009996,0.000484,1
7.285272598,0.999948,0.001823,-0.009996,0.000484,1
7.290234566,0.999948,0.001823,-0.009996,0.000484,1
7.295193672,0.999948,0.001825,-0.009995,0.000485,1
7.300236225,0.999948,0.001827,-0.009995,0.000486,1
7.305274010,0.999948,0.001828,-0.009997,0.000484,1
7.310307026,0.999948,0.001829,-0.009996,0.000482,1
7.315335751,0.999948,0.001829,-0.009994,0.000481,1
7.320359707,0.999948,0.001829,-0.009994,0.000480,1
7.325378895,0.999948,0.001829,-0.009995,0.000479,1
7.330394268,0.999948,0.001830,-0.009995,0.000480,1
7.335404396,0.999948,0.001829,-0.009996,0.000481,1
7.340409756,0.999948,0.001828,-0.009998,0.000480,1
7.345411301,0.999948,0.001827,-0.009997,0.000479,1
7.350407124,0.999948,0.001829,-0.010001,0.000481,1
7.355398655,0.999948,0.001831,-0.010002,0.000480,1
7.360385418,0.999948,0.001834,-0.010001,0.000478,1
7.365367889,0.999948,0.001833,-0.010002,0.000479,1
7.370347500,0.999948,0.001833,-0.010000,0.000478,1
7.375322342,0.999948,0.001834,-0.010003,0.000478,1
7.380292416,0.999948,0.001833,-0.010004,0.000479,1
7.385258198,0.999948,0.001836,-0.010004,0.000479,1
7.390218258,0.999948,0.001834,-0.010001,0.000477,1
7.395261288,0.999948,0.001836,-0.009999,0.000477,1
7.400299549,0.999948,0.001836,-0.009999,0.000477,1
7.405333042,0.999948,0.001833,-0.009998,0.000477,1
7.410361767,0.999948,0.001834,-0.009998,0.000477,1
7.415386200,0.999948,0.001833,-0.009997,0.000478,1
7.420405865,0.999948,0.001831,-0.009999,0.000476,1
7.425420761,0.999948,0.001830,-0.009999,0.000475,1
7.430432320,0.999948,0.001830,-0.009997,0.000474,1
7.435439110,0.999948,0.001831,-0.009996,0.000474,1
7.440441132,0.999948,0.001829,-0.009995,0.000474,1
7.445438862,0.999948,0.001829,-0.009993,0.000474,1
7.450431824,0.999948,0.001828,-0.009993,0.000473,1
7.455420494,0.999948,0.001829,-0.009991,0.000473,1
7.460404396,0.999948,0.001829,-0.009992,0.000476,1
7.465383053,0.999948,0.001830,-0.009992,0.000476,1
7.470357418,0.999948,0.001829,-0.009989,0.000475,1
7.475327015,0.999948,0.001829,-0.009987,0.000477,1
7.480292320,0.999948,0.001827,-0.009986,0.000477,1
7.485253811,0.999948,0.001830,-0.009986,0.000477,1
7.490296364,0.999948,0.001831,-0.009985,0.000477,1
7.495335102,0.999948,0.001831,-0.009983,0.000477,1
7.500368595,0.999948,0.001833,-0.009984,0.000475,1
7.505397797,0.999948,0.001833,-0.009982,0.000476,1
7.510422707,0.999948,0.001834,-0.009981,0.000477,1
7.515442371,0.999948,0.001834,-0.009984,0.000478,1
7.520457745,0.999948,0.001835,-0.009982,0.000478,1
7.525469303,0.999948,0.001834,-0.009980,0.000476,1
7.530475616,0.999948,0.001835,-0.009977,0.000477,1
7.535476685,0.999948,0.001835,-0.009976,0.000478,1
7.540473938,0.999948,0.001835,-0.009977,0.000478,1
7.545466900,0.999948,0.001837,-0.009977,0.000477,1
7.550455570,0.999948,0.001835,-0.009978,0.000475,1
7.555439472,0.999948,0.001835,-0.009975,0.000476,1
7.560418606,0.999948,0.001836,-0.009975,0.000475,1
7.565393925,0.999948,0.001834,-0.009975,0.000477,1
7.570363522,0.999948,0.001836,-0.009974,0.000477,1
7.575329304,0.999948,0.001833,-0.009975,0.000478,1
7.580289841,0.999948,0.001832,-0.009975,0.000478,1
7.585333347,0.999948,0.001833,-0.009974,0.000479,1
7.590371132,0.999949,0.001834,-0.009973,0.000479,1
7.595405102,0.999948,0.001834,-0.009976,0.000480,1
7.600434303,0.999948,0.001833,-0.009977,0.000481,1
7.605457783,0.999948,0.001832,-0.009977,0.000481,1
7.610477448,0.999948,0.001833,-0.009978,0.000479,1
7.615491867,0.999948,0.001836,-0.009978,0.000479,1
7.620501995,0.999948,0.001833,-0.009978,0.000475,1
7.625506878,0.999948,0.001832,-0.009978,0.000472,1
7.630506992,0.999948,0.001832,-0.009977,0.000475,1
7.635502815,0.999948,0.001831,-0.009977,0.000476,1
7.640492916,0.999948,0.001828,-0.009980,0.000477,1
7.645480156,0.999948,0.001827,-0.009979,0.000476,1
7.650461197,0.999948,0.001830,-0.009978,0.000476,1
7.655438423,0.999948,0.001829,-0.009980,0.000474,1
7.660410404,0.999948,0.001830,-0.009980,0.000476,1
7.665377140,0.999948,0.001830,-0.009982,0.000477,1
7.670340061,0.999948,0.001831,-0.009982,0.000478,1
7.675297737,0.999948,0.001830,-0.009982,0.000475,1
7.680342197,0.999948,0.001831,-0.009980,0.000474,1
7.685380936,0.999948,0.001830,-0.009979,0.000471,1
7.690415382,0.999948,0.001830,-0.009978,0.000473,1
7.695445538,0.999948,0.001829,-0.009977,0.000474,1
7.700470924,0.999948,0.001828,-0.009978,0.000473,1
7.705491543,0.999948,0.001831,-0.009975,0.000471,1
7.710506916,0.999949,0.001831,-0.009973,0.000471,1
7.715518475,0.999949,0.001830,-0.009971,0.000473,1
7.720524788,0.999949,0.001828,-0.009968,0.000474,1
7.725525856,0.999949,0.001829,-0.009967,0.000474,1
7.730523109,0.999949,0.001828,-0.009966,0.000471,1
7.735515594,0.999949,0.001830,-0.009967,0.000472,1
7.740502834,0.999949,0.001830,-0.009969,0.000475,1
7.745485783,0.999949,0.001831,-0.009970,0.000475,1
7.750464439,0.999949,0.001831,-0.009969,0.000476,1
7.755437851,0.999949,0.001830,-0.009968,0.000478,1
7.760409832,0.999949,0.001829,-0.009970,0.000477,1
7.765376091,0.999949,0.001827,-0.009972,0.000478,1
7.770338535,0.999949,0.001828,-0.009972,0.000479,1
7.775295258,0.999949,0.001830,-0.009973,0.000479,1
7.780334473,0.999948,0.001829,-0.009974,0.000478,1
7.785369396,0.999948,0.001830,-0.009974,0.000477,1
7.790399551,0.999948,0.001831,-0.009974,0.000477,1
7.795424461,0.999948,0.001833,-0.009975,0.000475,1
7.800445080,0.999949,0.001833,-0.009973,0.000475,1
7.805460453,0.999948,0.001832,-0.009974,0.000477,1
7.810472965,0.999948,0.001832,-0.009974,0.000478,1
7.815480232,0.999948,0.001831,-0.009974,0.000478,1
7.820483685,0.999949,0.001829,-0.009974,0.000478,1
7.825481892,0.999949,0.001827,-0.009974,0.000478,1
7.830475807,0.999948,0.001827,-0.009974,0.000479,1
7.835464478,0.999949,0.001826,-0.009974,0.000478,1
7.840449333,0.999948,0.001829,-0.009975,0.000477,1
7.845429420,0.999948,0.001832,-0.009974,0.000477,1
7.850404739,0.999949,0.001830,-0.009972,0.000475,1
7.855375290,0.999949,0.001830,-0.009974,0.000474,1
7.860342979,0.999948,0.001830,-0.009974,0.000475,1
7.865304470,0.999948,0.001832,-0.009977,0.000475,1
7.870262146,0.999948,0.001830,-0.009978,0.000474,1
7.875301361,0.999948,0.001829,-0.009977,0.000474,1
7.880336761,0.999948,0.001828,-0.009976,0.000474,1
7.885367393,0.999948,0.001827,-0.009975,0.000474,1
7.890393257,0.999948,0.001827,-0.009975,0.000472,1
7.895414352,0.999948,0.001827,-0.009975,0.000472,1
7.900430202,0.999948,0.001827,-0.009976,0.000475,1
7.905443668,0.999948,0.001826,-0.009977,0.000475,1
7.910452843,0.999948,0.001825,-0.009976,0.000474,1
7.915456295,0.999948,0.001825,-0.009978,0.000474,1
7.920455456,0.999948,0.001825,-0.009975,0.000475,1
7.925450802,0.999949,0.001824,-0.009974,0.000475,1
7.930440903,0.999948,0.001825,-0.009975,0.000475,1
7.935426712,0.999949,0.001823,-0.009973,0.000475,1
7.940407276,0.999949,0.001824,-0.009971,0.000473,1
7.945383549,0.999949,0.001826,-0.009971,0.000472,1
7.950355053,0.999949,0.001825,-0.009969,0.000474,1
7.955321789,0.999949,0.001826,-0.009969,0.000473,1
7.960284710,0.999949,0.001826,-0.009969,0.000472,1
7.965242863,0.999949,0.001826,-0.009968,0.000470,1
7.970283031,0.999949,0.001828,-0.009967,0.000470,1
7.975318432,0.999949,0.001828,-0.009967,0.000469,1
7.980349541,0.999949,0.001828,-0.009967,0.000470,1
7.985376358,0.999949,0.001827,-0.009969,0.000471,1
7.990397930,0.999949,0.001825,-0.009969,0.000471,1
7.995414734,0.999949,0.001825,-0.009968,0.000472,1
8.000428200,0.999949,0.001825,-0.009968,0.000471,1
8.005437851,0.999949,0.001826,-0.009970,0.000472,1
8.010441780,0.999949,0.001828,-0.009970,0.000472,1
8.015441895,0.999949,0.001828,-0.009970,0.000471,1
8.020437241,0.999949,0.001829,-0.009968,0.000473,1
8.025428772,0.999949,0.001827,-0.009966,0.000474,1
8.030414581,0.999949,0.001828,-0.009966,0.000474,1
8.035395622,0.999949,0.001827,-0.009966,0.000474,1
8.040372849,0.999949,0.001827,-0.009967,0.000475,1
8.045344353,0.999949,0.001827,-0.009967,0.000475,1
8.050312996,0.999949,0.001828,-0.009967,0.000476,1
8.055276871,0.999949,0.001829,-0.009967,0.000476,1
8.060235023,0.999949,0.001828,-0.009968,0.000476,1
8.065276146,0.999949,0.001823,-0.009965,0.000475,1
8.070311546,0.999949,0.001823,-0.009962,0.000475,1
8.075343132,0.999949,0.001823,-0.009963,0.000476,1
8.080369949,0.999949,0.001822,-0.009960,0.000477,1
8.085391998,0.999949,0.001822,-0.009959,0.000478,1
8.090410233,0.999949,0.001824,-0.009960,0.000480,1
8.095422745,0.999949,0.001824,-0.009959,0.000479,1
8.100431442,0.999949,0.001823,-0.009957,0.000478,1
8.105435371,0.999949,0.001822,-0.009958,0.000478,1
8.110434532,0.999949,0.001821,-0.009959,0.000478,1
8.115428925,0.999949,0.001821,-0.009959,0.000476,1
8.120419502,0.999949,0.001821,-0.009958,0.000477,1
8.125405312,0.999949,0.001819,-0.009958,0.000476,1
8.130386353,0.999949,0.001821,-0.009961,0.000478,1
8.135361671,0.999949,0.001820,-0.009962,0.000481,1
8.140334129,0.999949,0.001821,-0.009962,0.000480,1
8.145301819,0.999949,0.001821,-0.009962,0.000478,1
8.150266647,0.999949,0.001825,-0.009961,0.000479,1
8.155226707,0.999949,0.001827,-0.009960,0.000479,1
8.160267830,0.999949,0.001828,-0.009962,0.000479,1
8.165304184,0.999949,0.001827,-0.009959,0.000477,1
8.170336723,0.999949,0.001826,-0.009958,0.000476,1
8.175363541,0.999949,0.001826,-0.009959,0.000476,1
8.180385590,0.999949,0.001827,-0.009959,0.000477,1
8.185403824,0.999949,0.001826,-0.009960,0.000478,1
8.190418243,0.999949,0.001831,-0.009959,0.000477,1
8.195426941,0.999949,0.001831,-0.009961,0.000476,1
8.200431824,0.999949,0.001831,-0.009962,0.000476,1
8.205432892,0.999949,0.001832,-0.009964,0.000478,1
8.210428238,0.999949,0.001831,-0.009964,0.000478,1
8.215419769,0.999949,0.001833,-0.009964,0.000478,1
8.220406532,0.999949,0.001833,-0.009964,0.000475,1
8.225388527,0.999949,0.001833,-0.009963,0.000474,1
8.230364799,0.999949,0.001832,-0.009964,0.000472,1
8.235337257,0.999949,0.001833,-0.009964,0.000474,1
8.240305901,0.999949,0.001833,-0.009964,0.000474,1
8.245269775,0.999949,0.001832,-0.009963,0.000473,1
8.250227928,0.999949,0.001831,-0.009962,0.000473,1
8.255269051,0.999949,0.001832,-0.009962,0.000472,1
8.260306358,0.999949,0.001834,-0.009962,0.000472,1
8.265337944,0.999949,0.001834,-0.009961,0.000474,1
8.270366669,0.999949,0.001835,-0.009959,0.000473,1
8.275389671,0.999949,0.001834,-0.009958,0.000473,1
8.280408859,0.999949,0.001834,-0.009957,0.000473,1
8.285422325,0.999949,0.001834,-0.009958,0.000474,1
8.290431976,0.999949,0.001836,-0.009959,0.000475,1
8.295436859,0.999949,0.001836,-0.009959,0.000473,1
8.300437927,0.999949,0.001836,-0.009961,0.000473,1
8.305433273,0.999949,0.001837,-0.009962,0.000473,1
8.310423851,0.999949,0.001838,-0.009962,0.000472,1
8.315410614,0.999949,0.001839,-0.009962,0.000473,1
8.320392609,0.999949,0.001840,-0.009965,0.000473,1
8.325368881,0.999949,0.001838,-0.009964,0.000472,1
8.330344200,0.999949,0.001836,-0.009961,0.000470,1
8.335315704,0.999949,0.001835,-0.009963,0.000471,1
8.340281487,0.999949,0.001836,-0.009964,0.000471,1
8.345243454,0.999949,0.001837,-0.009963,0.000471,1
8.350285530,0.999949,0.001836,-0.009962,0.000471,1
8.355322838,0.999949,0.001834,-0.009963,0.000473,1
8.360354424,0.999949,0.001834,-0.009966,0.000474,1
8.365383148,0.999949,0.001832,-0.009966,0.000473,1
8.370407104,0.999949,0.001834,-0.009967,0.000472,1
8.375426292,0.999949,0.001835,-0.009966,0.000473,1
8.380440712,0.999949,0.001834,-0.009967,0.000472,1
8.385450363,0.999949,0.001835,-0.009967,0.000473,1
8.390455246,0.999949,0.001834,-0.009969,0.000472,1
8.395455360,0.999949,0.001833,-0.009972,0.000473,1
8.400451660,0.999949,0.001834,-0.009973,0.000471,1
8.405442238,0.999949,0.001835,-0.009972,0.000469,1
8.410429001,0.999948,0.001835,-0.009973,0.000470,1
8.415410042,0.999948,0.001835,-0.009974,0.000469,1
8.420387268,0.999948,0.001836,-0.009974,0.000470,1
8.425359726,0.999948,0.001838,-0.009973,0.000471,1
8.430327415,0.999948,0.001840,-0.009975,0.000470,1
8.435290337,0.999948,0.001842,-0.009976,0.000471,1
8.440248489,0.999948,0.001844,-0.009975,0.000472,1
8.445290565,0.999948,0.001848,-0.009974,0.000474,1
8.450327873,0.999948,0.001847,-0.009974,0.000473,1
8.455360413,0.999948,0.001849,-0.009974,0.000472,1
8.460388184,0.999948,0.001848,-0.009975,0.000473,1
8.465411186,0.999948,0.001847,-0.009973,0.000473,1
8.470429420,0.999948,0.001846,-0.009973,0.000474,1
8.475442886,0.999948,0.001845,-0.009973,0.000475,1
8.480452538,0.999948,0.001847,-0.009973,0.000474,1
8.485456467,0.999948,0.001846,-0.009975,0.000473,1
8.490457535,0.999948,0.001844,-0.009976,0.000474,1
8.495451927,0.999948,0.001845,-0.009978,0.000475,1
8.500442505,0.999948,0.001844,-0.009977,0.000474,1
8.505428314,0.999948,0.001844,-0.009976,0.000476,1
8.510408401,0.999948,0.001844,-0.009975,0.000477,1
8.515385628,0.999948,0.001846,-0.009974,0.000479,1
8.520357132,0.999948,0.001846,-0.009974,0.000478,1
8.525323868,0.999948,0.001844,-0.009974,0.000479,1
8.530285835,0.999949,0.001843,-0.009971,0.000481,1
8.535243988,0.999948,0.001844,-0.009971,0.000480,1
8.540286064,0.999948,0.001845,-0.009972,0.000478,1
8.545323372,0.999949,0.001845,-0.009970,0.000479,1
8.550355911,0.999948,0.001845,-0.009972,0.000479,1
8.555384636,0.999949,0.001847,-0.009971,0.000479,1
8.560407639,0.999949,0.001846,-0.009970,0.000479,1
8.565425873,0.999949,0.001850,-0.009969,0.000480,1
8.570440292,0.999949,0.001852,-0.009967,0.000481,1
8.575450897,0.999949,0.001855,-0.009967,0.000481,1
8.580457687,0.999949,0.001855,-0.009969,0.000480,1
8.585458755,0.999948,0.001852,-0.009971,0.000479,1
8.590455055,0.999948,0.001852,-0.009971,0.000479,1
8.595446587,0.999948,0.001852,-0.009970,0.000480,1
8.600434303,0.999948,0.001852,-0.009971,0.000481,1
8.605417252,0.999948,0.001853,-0.009972,0.000480,1
8.610396385,0.999948,0.001853,-0.009971,0.000479,1
8.615369797,0.999948,0.001850,-0.009971,0.000480,1
8.620339394,0.999948,0.001850,-0.009972,0.000478,1
8.625303268,0.999949,0.001850,-0.009970,0.000478,1
8.630264282,0.999948,0.001851,-0.009970,0.000479,1
8.635306358,0.999949,0.001850,-0.009969,0.000479,1
8.640343666,0.999948,0.001850,-0.009971,0.000479,1
8.645378113,0.999948,0.001852,-0.009971,0.000478,1
8.650407791,0.999948,0.001852,-0.009971,0.000477,1
8.655432701,0.999948,0.001852,-0.009972,0.000478,1
8.660451889,0.999948,0.001853,-0.009973,0.000477,1
8.665468216,0.999948,0.001854,-0.009975,0.000478,1
8.670477867,0.999948,0.001855,-0.009974,0.000478,1
8.675484657,0.999948,0.001854,-0.009972,0.000480,1
8.680487633,0.999948,0.001852,-0.009972,0.000480,1
8.685485840,0.999948,0.001852,-0.009975,0.000480,1
8.690479279,0.999948,0.001850,-0.009972,0.000481,1
8.695467949,0.999949,0.001849,-0.009969,0.000480,1
8.700452805,0.999949,0.001846,-0.009968,0.000479,1
8.705431938,0.999949,0.001846,-0.009968,0.000481,1
8.710406303,0.999949,0.001845,-0.009968,0.000479,1
8.715376854,0.999949,0.001845,-0.009968,0.000480,1
8.720340729,0.999949,0.001845,-0.009967,0.000482,1
8.725300789,0.999949,0.001846,-0.009965,0.000482,1
8.730344772,0.999949,0.001847,-0.009967,0.000481,1
8.735382080,0.999949,0.001847,-0.009969,0.000482,1
8.740416527,0.999949,0.001847,-0.009968,0.000481,1
8.745445251,0.999949,0.001848,-0.009970,0.000482,1
8.750470161,0.999948,0.001848,-0.009971,0.000482,1
8.755489349,0.999948,0.001848,-0.009971,0.000482,1
8.760505676,0.999949,0.001847,-0.009970,0.000483,1
8.765515327,0.999949,0.001846,-0.009970,0.000483,1
8.770522118,0.999949,0.001846,-0.009968,0.000481,1
8.775524139,0.999949,0.001847,-0.009967,0.000480,1
8.780520439,0.999949,0.001848,-0.009968,0.000481,1
8.785512924,0.999949,0.001847,-0.009967,0.000482,1
8.790500641,0.999949,0.001848,-0.009968,0.000481,1
8.795486450,0.999949,0.001851,-0.009968,0.000480,1
8.800468445,0.999949,0.001851,-0.009967,0.000479,1
8.805444717,0.999949,0.001849,-0.009967,0.000478,1
8.810416222,0.999949,0.001850,-0.009965,0.000479,1
8.815383911,0.999949,0.001851,-0.009967,0.000480,1
8.820345879,0.999949,0.001849,-0.009969,0.000481,1
8.825388908,0.999948,0.001847,-0.009972,0.000481,1
8.830427170,0.999948,0.001845,-0.009973,0.000481,1
8.835462570,0.999948,0.001842,-0.009972,0.000481,1
8.840491295,0.999948,0.001843,-0.009975,0.000481,1
8.845517159,0.999948,0.001845,-0.009977,0.000479,1
8.850536346,0.999948,0.001845,-0.009979,0.000482,1
8.855551720,0.999948,0.001846,-0.009980,0.000483,1
8.860563278,0.999948,0.001846,-0.009978,0.000485,1
8.865571022,0.999948,0.001844,-0.009977,0.000484,1
8.870573997,0.999948,0.001845,-0.009978,0.000485,1
8.875573158,0.999948,0.001847,-0.009980,0.000485,1
8.880566597,0.999948,0.001846,-0.009980,0.000486,1
8.885555267,0.999948,0.001845,-0.009982,0.000485,1
8.890540123,0.999948,0.001845,-0.009985,0.000485,1
8.895521164,0.999948,0.001844,-0.009984,0.000484,1
8.900495529,0.999948,0.001845,-0.009985,0.000483,1
8.905466080,0.999948,0.001845,-0.009985,0.000485,1
8.910431862,0.999948,0.001844,-0.009984,0.000485,1
8.915394783,0.999948,0.001846,-0.009983,0.000486,1
8.920437813,0.999948,0.001845,-0.009984,0.000486,1
8.925477028,0.999948,0.001844,-0.009982,0.000484,1
8.930510521,0.999948,0.001845,-0.009985,0.000483,1
8.935541153,0.999948,0.001845,-0.009983,0.000481,1
8.940565109,0.999948,0.001843,-0.009984,0.000482,1
8.945586205,0.999948,0.001845,-0.009985,0.000482,1
8.950601578,0.999948,0.001845,-0.009986,0.000480,1
8.955613136,0.999948,0.001846,-0.009986,0.000479,1
8.960621834,0.999948,0.001847,-0.009984,0.000478,1
8.965623856,0.999948,0.001848,-0.009984,0.000478,1
8.970623016,0.999948,0.001850,-0.009981,0.000479,1
8.975617409,0.999948,0.001849,-0.009980,0.000477,1
8.980606079,0.999948,0.001849,-0.009982,0.000478,1
8.985590935,0.999948,0.001847,-0.009982,0.000478,1
8.990570068,0.999948,0.001848,-0.009984,0.000478,1
8.995546341,0.999948,0.001849,-0.009986,0.000477,1
9.000517845,0.999948,0.001850,-0.009984,0.000477,1
9.005482674,0.999948,0.001852,-0.009984,0.000478,1
9.010444641,0.999948,0.001854,-0.009983,0.000477,1
9.015402794,0.999948,0.001855,-0.009982,0.000478,1
9.020440102,0.999948,0.001856,-0.009982,0.000477,1
9.025475502,0.999948,0.001857,-0.009981,0.000478,1
9.030505180,0.999948,0.001859,-0.009979,0.000478,1
9.035530090,0.999948,0.001859,-0.009981,0.000479,1
9.040551186,0.999948,0.001859,-0.009978,0.000480,1
9.045567513,0.999948,0.001860,-0.009977,0.000482,1
9.050578117,0.999948,0.001860,-0.009977,0.000481,1
9.055583954,0.999948,0.001860,-0.009977,0.000481,1
9.060586929,0.999948,0.001861,-0.009978,0.000480,1
9.065583229,0.999948,0.001860,-0.009979,0.000479,1
9.070575714,0.999948,0.001860,-0.009979,0.000479,1
9.075564384,0.999948,0.001857,-0.009979,0.000480,1
9.080547333,0.999948,0.001856,-0.009979,0.000481,1
9.085526466,0.999948,0.001859,-0.009981,0.000483,1
9.090498924,0.999948,0.001861,-0.009981,0.000484,1
9.095467567,0.999948,0.001859,-0.009981,0.000484,1
9.100432396,0.999948,0.001859,-0.009981,0.000485,1
9.105392456,0.999948,0.001861,-0.009979,0.000485,1
9.110347748,0.999948,0.001859,-0.009979,0.000484,1
9.115386963,0.999948,0.001860,-0.009978,0.000485,1
9.120422363,0.999948,0.001861,-0.009980,0.000484,1
9.125452042,0.999948,0.001861,-0.009978,0.000484,1
9.130477905,0.999948,0.001858,-0.009980,0.000487,1
9.135497093,0.999948,0.001858,-0.009982,0.000487,1
9.140514374,0.999948,0.001856,-0.009983,0.000488,1
9.145525932,0.999948,0.001858,-0.009988,0.000489,1
9.150533676,0.999948,0.001858,-0.009989,0.000487,1
9.155536652,0.999948,0.001858,-0.009988,0.000486,1
9.160533905,0.999948,0.001857,-0.009988,0.000486,1
9.165528297,0.999948,0.001858,-0.009988,0.000488,1
9.170516968,0.999948,0.001858,-0.009987,0.000488,1
9.175500870,0.999948,0.001857,-0.009985,0.000487,1
9.180479050,0.999948,0.001858,-0.009984,0.000488,1
9.185454369,0.999948,0.001857,-0.009981,0.000488,1
9.190424919,0.999948,0.001856,-0.009980,0.000490,1
9.195388794,0.999948,0.001853,-0.009981,0.000490,1
9.200349808,0.999948,0.001850,-0.009981,0.000490,1
9.205306053,0.999948,0.001851,-0.009983,0.000490,1
9.210346222,0.999948,0.001851,-0.009983,0.000488,1
9.215381622,0.999948,0.001852,-0.009983,0.000487,1
9.220412254,0.999948,0.001852,-0.009983,0.000490,1
9.225438118,0.999948,0.001852,-0.009984,0.000490,1
9.230460167,0.999948,0.001851,-0.009986,0.000488,1
9.235477448,0.999948,0.001850,-0.009985,0.000487,1
9.240489960,0.999948,0.001850,-0.009983,0.000486,1
9.245497704,0.999948,0.001853,-0.009982,0.000486,1
9.250500679,0.999948,0.001852,-0.009983,0.000487,1
9.255499840,0.999948,0.001851,-0.009983,0.000487,1
9.260494232,0.999948,0.001852,-0.009983,0.000488,1
9.265483856,0.999948,0.001853,-0.009982,0.000489,1
9.270468712,0.999948,0.001855,-0.009981,0.000489,1
9.275447845,0.999948,0.001857,-0.009978,0.000488,1
9.280424118,0.999948,0.001859,-0.009977,0.000489,1
9.285395622,0.999948,0.001857,-0.009979,0.000487,1
9.290361404,0.999948,0.001855,-0.009979,0.000485,1
9.295324326,0.999948,0.001854,-0.009977,0.000488,1
9.300281525,0.999948,0.001853,-0.009977,0.000489,1
9.305322647,0.999948,0.001854,-0.009978,0.000488,1
9.310359001,0.999948,0.001855,-0.009976,0.000491,1
9.315389633,0.999948,0.001855,-0.009974,0.000490,1
9.320416451,0.999948,0.001854,-0.009974,0.000489,1
9.325438499,0.999948,0.001855,-0.009973,0.000491,1
9.330456734,0.999948,0.001854,-0.009973,0.000491,1
9.335470200,0.999948,0.001852,-0.009972,0.000489,1
9.340478897,0.999949,0.001849,-0.009969,0.000489,1
9.345482826,0.999949,0.001850,-0.009968,0.000490,1
9.350481987,0.999949,0.001849,-0.009968,0.000489,1
9.355477333,0.999948,0.001851,-0.009970,0.000489,1
9.360467911,0.999949,0.001851,-0.009966,0.000489,1
9.365452766,0.999949,0.001849,-0.009966,0.000488,1
9.370433807,0.999949,0.001850,-0.009965,0.000488,1
9.375410080,0.999949,0.001849,-0.009965,0.000488,1
9.380382538,0.999949,0.001847,-0.009965,0.000487,1
9.385349274,0.999949,0.001846,-0.009966,0.000488,1
9.390312195,0.999949,0.001844,-0.009964,0.000488,1
9.395270348,0.999949,0.001844,-0.009965,0.000487,1
9.400311470,0.999949,0.001843,-0.009965,0.000487,1
9.405347824,0.999949,0.001844,-0.009968,0.000487,1
9.410379410,0.999949,0.001842,-0.009969,0.000488,1
9.415407181,0.999949,0.001844,-0.009970,0.000488,1
9.420430183,0.999949,0.001846,-0.009970,0.000489,1
9.425449371,0.999949,0.001846,-0.009968,0.000489,1
9.430463791,0.999949,0.001847,-0.009968,0.000489,1
9.435472488,0.999949,0.001849,-0.009968,0.000488,1
9.440477371,0.999949,0.001848,-0.009969,0.000491,1
9.445477486,0.999948,0.001849,-0.009970,0.000492,1
9.450473785,0.999949,0.001850,-0.009968,0.000491,1
9.455464363,0.999949,0.001851,-0.009968,0.000490,1
9.460451126,0.999949,0.001850,-0.009966,0.000489,1
9.465433121,0.999949,0.001850,-0.009967,0.000490,1
9.470409393,0.999949,0.001851,-0.009962,0.000490,1
9.475381851,0.999949,0.001850,-0.009963,0.000491,1
9.480350494,0.999949,0.001849,-0.009962,0.000490,1
9.485314369,0.999949,0.001849,-0.009962,0.000490,1
9.490274429,0.999949,0.001848,-0.009964,0.000491,1
9.495315552,0.999949,0.001847,-0.009963,0.000490,1
9.500351906,0.999949,0.001847,-0.009963,0.000488,1
9.505384445,0.999949,0.001846,-0.009963,0.000488,1
9.510411263,0.999949,0.001844,-0.009962,0.000489,1
9.515435219,0.999949,0.001842,-0.009959,0.000491,1
9.520453453,0.999949,0.001842,-0.009960,0.000492,1
9.525467873,0.999949,0.001840,-0.009960,0.000491,1
9.530477524,0.999949,0.001841,-0.009957,0.000492,1
9.535481453,0.999949,0.001842,-0.009957,0.000491,1
9.540483475,0.999949,0.001839,-0.009958,0.000492,1
9.545477867,0.999949,0.001841,-0.009959,0.000492,1
9.550469398,0.999949,0.001842,-0.009957,0.000492,1
9.555454254,0.999949,0.001841,-0.009958,0.000493,1
9.560435295,0.999949,0.001839,-0.009956,0.000492,1
9.565412521,0.999949,0.001840,-0.009958,0.000494,1
9.570384979,0.999949,0.001841,-0.009956,0.000494,1
9.575352669,0.999949,0.001840,-0.009957,0.000495,1
9.580314636,0.999949,0.001842,-0.009955,0.000495,1
9.585272789,0.999949,0.001843,-0.009953,0.000495,1
9.590313911,0.999949,0.001844,-0.009954,0.000495,1
9.595351219,0.999949,0.001844,-0.009955,0.000495,1
9.600382805,0.999949,0.001842,-0.009955,0.000492,1
9.605410576,0.999949,0.001842,-0.009953,0.000491,1
9.610434532,0.999949,0.001841,-0.009951,0.000492,1
9.615454674,0.999949,0.001843,-0.009952,0.000493,1
9.620468140,0.999949,0.001844,-0.009953,0.000493,1
9.625476837,0.999949,0.001846,-0.009955,0.000494,1
9.630482674,0.999949,0.001845,-0.009955,0.000494,1
9.635482788,0.999949,0.001842,-0.009955,0.000494,1
9.640479088,0.999949,0.001843,-0.009955,0.000494,1
9.645469666,0.999949,0.001844,-0.009956,0.000492,1
9.650455475,0.999949,0.001845,-0.009955,0.000492,1
9.655436516,0.999949,0.001846,-0.009955,0.000491,1
9.660413742,0.999949,0.001847,-0.009956,0.000491,1
9.665386200,0.999949,0.001848,-0.009960,0.000492,1
9.670353889,0.999949,0.001848,-0.009963,0.000493,1
9.675316811,0.999949,0.001848,-0.009961,0.000494,1
9.680275917,0.999949,0.001850,-0.009961,0.000495,1
9.685317993,0.999949,0.001849,-0.009962,0.000493,1
9.690354347,0.999949,0.001851,-0.009962,0.000491,1
9.695387840,0.999949,0.001851,-0.009964,0.000492,1
9.700415611,0.999949,0.001851,-0.009965,0.000492,1
9.705439568,0.999949,0.001851,-0.009966,0.000492,1
9.710458755,0.999949,0.001851,-0.009966,0.000491,1
9.715474129,0.999949,0.001852,-0.009966,0.000490,1
9.720484734,0.999949,0.001851,-0.009966,0.000491,1
9.725490570,0.999949,0.001853,-0.009965,0.000492,1
9.730491638,0.999949,0.001852,-0.009968,0.000492,1
9.735487938,0.999948,0.001853,-0.009969,0.000492,1
9.740479469,0.999948,0.001856,-0.009969,0.000490,1
9.745466232,0.999948,0.001857,-0.009969,0.000490,1
9.750448227,0.999948,0.001859,-0.009968,0.000491,1
9.755426407,0.999948,0.001859,-0.009970,0.000492,1
9.760400772,0.999948,0.001861,-0.009968,0.000492,1
9.765368462,0.999948,0.001860,-0.009968,0.000491,1
9.770333290,0.999948,0.001860,-0.009969,0.000489,1
9.775295258,0.999948,0.001859,-0.009970,0.000489,1
9.780337334,0.999948,0.001859,-0.009970,0.000489,1
9.785375595,0.999948,0.001860,-0.009970,0.000491,1
9.790409088,0.999949,0.001861,-0.009967,0.000490,1
9.795437813,0.999949,0.001861,-0.009965,0.000492,1
9.800462723,0.999949,0.001861,-0.009964,0.000492,1
9.805481911,0.999949,0.001863,-0.009964,0.000492,1
9.810496330,0.999949,0.001861,-0.009962,0.000491,1
9.815506935,0.999949,0.001860,-0.009961,0.000491,1
9.820511818,0.999949,0.001859,-0.009962,0.000488,1
9.825512886,0.999949,0.001859,-0.009963,0.000488,1
9.830508232,0.999949,0.001859,-0.009963,0.000489,1
9.835499763,0.999949,0.001859,-0.009958,0.000491,1
9.840486526,0.999949,0.001860,-0.009957,0.000492,1
9.845468521,0.999949,0.001860,-0.009956,0.000492,1
9.850445747,0.999949,0.001861,-0.009957,0.000488,1
9.855418205,0.999949,0.001860,-0.009956,0.000488,1
9.860386848,0.999949,0.001860,-0.009958,0.000490,1
9.865349770,0.999949,0.001859,-0.009956,0.000491,1
9.870309830,0.999949,0.001858,-0.009955,0.000489,1
9.875351906,0.999949,0.001859,-0.009957,0.000490,1
9.880389214,0.999949,0.001860,-0.009956,0.000489,1
9.885422707,0.999949,0.001859,-0.009955,0.000490,1
9.890451431,0.999949,0.001860,-0.009955,0.000491,1
9.895476341,0.999949,0.001860,-0.009953,0.000491,1
9.900495529,0.999949,0.001858,-0.009953,0.000487,1
9.905509949,0.999949,0.001856,-0.009953,0.000487,1
9.910521507,0.999949,0.001856,-0.009953,0.000489,1
9.915527344,0.999949,0.001857,-0.009955,0.000489,1
9.920528412,0.999949,0.001856,-0.009954,0.000488,1
9.925525665,0.999949,0.001854,-0.009955,0.000489,1
9.930517197,0.999949,0.001854,-0.009954,0.000489,1
9.935505867,0.999949,0.001855,-0.009953,0.000488,1
9.940487862,0.999949,0.001853,-0.009955,0.000489,1
9.945468903,0.999949,0.001852,-0.009953,0.000490,1
9.950446129,0.999949,0.001851,-0.009954,0.000489,1
9.955419540,0.999949,0.001853,-0.009956,0.000489,1
9.960386276,0.999949,0.001855,-0.009956,0.000490,1
9.965350151,0.999949,0.001854,-0.009956,0.000490,1
9.970393181,0.999949,0.001855,-0.009957,0.000489,1
9.975431442,0.999949,0.001854,-0.009957,0.000489,1
9.980464935,0.999949,0.001855,-0.009959,0.000488,1
9.985493660,0.999949,0.001857,-0.009961,0.000490,1
9.990518570,0.999949,0.001858,-0.009961,0.000490,1
9.995538712,0.999949,0.001858,-0.009962,0.000490,1
10.000554085,0.999949,0.001860,-0.009963,0.000490,1
10.005564690,0.999949,0.001861,-0.009963,0.000490,1
10.010570526,0.999949,0.001859,-0.009964,0.000489,1
10.015571594,0.999949,0.001859,-0.009966,0.000487,1
10.020568848,0.999948,0.001861,-0.009968,0.000486,1
10.025561333,0.999949,0.001862,-0.009967,0.000486,1
10.030550957,0.999948,0.001860,-0.009968,0.000487,1
10.035535812,0.999948,0.001861,-0.009969,0.000488,1
10.040515900,0.999949,0.001862,-0.009967,0.000488,1
10.045491219,0.999948,0.001862,-0.009968,0.000489,1
10.050461769,0.999948,0.001860,-0.009969,0.000488,1
10.055428505,0.999948,0.001861,-0.009970,0.000487,1
10.060390472,0.999948,0.001859,-0.009969,0.000487,1
10.065433502,0.999948,0.001857,-0.009970,0.000488,1
10.070472717,0.999948,0.001858,-0.009971,0.000488,1
10.075507164,0.999948,0.001860,-0.009968,0.000488,1
10.080534935,0.999949,0.001859,-0.009967,0.000487,1
10.085559845,0.999948,0.001861,-0.009971,0.000487,1
10.090579987,0.999948,0.001862,-0.009971,0.000488,1
10.095595360,0.999948,0.001861,-0.009972,0.000486,1
10.100606918,0.999948,0.001861,-0.009974,0.000486,1
10.105613708,0.999948,0.001862,-0.009977,0.000487,1
10.110614777,0.999948,0.001860,-0.009979,0.000488,1
10.115612030,0.999948,0.001860,-0.009978,0.000489,1
10.120603561,0.999948,0.001861,-0.009979,0.000489,1
10.125590324,0.999948,0.001861,-0.009979,0.000488,1
10.130573273,0.999948,0.001860,-0.009978,0.000489,1
10.135552406,0.999948,0.001861,-0.009978,0.000490,1
10.140525818,0.999948,0.001860,-0.009977,0.000486,1
10.145495415,0.999948,0.001859,-0.009976,0.000485,1
10.150458336,0.999948,0.001859,-0.009976,0.000484,1
10.155417442,0.999948,0.001860,-0.009976,0.000485,1
10.160461426,0.999948,0.001859,-0.009977,0.000483,1
10.165499687,0.999948,0.001860,-0.009977,0.000483,1
10.170535088,0.999948,0.001857,-0.009980,0.000482,1
10.175563812,0.999948,0.001854,-0.009982,0.000485,1
10.180589676,0.999948,0.001854,-0.009984,0.000485,1
10.185608864,0.999948,0.001853,-0.009981,0.000483,1
10.190625191,0.999948,0.001853,-0.009984,0.000484,1
10.195634842,0.999948,0.001853,-0.009985,0.000482,1
10.200641632,0.999948,0.001850,-0.009985,0.000479,1
10.205642700,0.999948,0.001850,-0.009984,0.000480,1
10.210639000,0.999948,0.001850,-0.009984,0.000479,1
10.215632439,0.999948,0.001848,-0.009984,0.000480,1
10.220622063,0.999948,0.001848,-0.009983,0.000481,1
10.225605965,0.999948,0.001851,-0.009984,0.000481,1
10.230585098,0.999948,0.001851,-0.009985,0.000483,1
10.235561371,0.999948,0.001851,-0.009983,0.000485,1
10.240531921,0.999948,0.001851,-0.009986,0.000486,1
10.245496750,0.999948,0.001852,-0.009985,0.000485,1
10.250458717,0.999948,0.001852,-0.009983,0.000484,1
10.255414963,0.999948,0.001854,-0.009982,0.000484,1
10.260454178,0.999948,0.001854,-0.009981,0.000483,1
10.265489578,0.999948,0.001854,-0.009980,0.000482,1
10.270519257,0.999948,0.001856,-0.009980,0.000481,1
10.275543213,0.999948,0.001855,-0.009982,0.000480,1
10.280563354,0.999948,0.001857,-0.009985,0.000478,1
10.285577774,0.999948,0.001855,-0.009986,0.000479,1
10.290589333,0.999948,0.001855,-0.009986,0.000478,1
10.295595169,0.999948,0.001854,-0.009986,0.000480,1
10.300596237,0.999948,0.001856,-0.009986,0.000480,1
10.305592537,0.999948,0.001856,-0.009986,0.000479,1
10.310583115,0.999948,0.001857,-0.009988,0.000480,1
10.315571785,0.999948,0.001858,-0.009988,0.000480,1
10.320555687,0.999948,0.001859,-0.009989,0.000480,1
10.325535774,0.999948,0.001859,-0.009989,0.000481,1
10.330510139,0.999948,0.001858,-0.009989,0.000480,1
10.335480690,0.999948,0.001858,-0.009987,0.000477,1
10.340446472,0.999948,0.001857,-0.009987,0.000477,1
10.345407486,0.999948,0.001859,-0.009986,0.000477,1
10.350364685,0.999948,0.001860,-0.009985,0.000474,1
10.355403900,0.999948,0.001857,-0.009986,0.000474,1
10.360438347,0.999948,0.001857,-0.009989,0.000477,1
10.365468979,0.999948,0.001858,-0.009988,0.000477,1
10.370494843,0.999948,0.001854,-0.009988,0.000477,1
10.375515938,0.999948,0.001853,-0.009989,0.000477,1
10.380532265,0.999948,0.001852,-0.009990,0.000477,1
10.385544777,0.999948,0.001852,-0.009991,0.000478,1
10.390552521,0.999948,0.001853,-0.009992,0.000478,1
10.395555496,0.999948,0.001854,-0.009991,0.000477,1
10.400554657,0.999948,0.001856,-0.009991,0.000477,1
10.405548096,0.999948,0.001856,-0.009993,0.000477,1
10.410536766,0.999948,0.001853,-0.009993,0.000478,1
10.415521622,0.999948,0.001855,-0.009995,0.000478,1
10.420501709,0.999948,0.001853,-0.009993,0.000477,1
10.425477028,0.999948,0.001853,-0.009993,0.000476,1
10.430448532,0.999948,0.001854,-0.009993,0.000476,1
10.435418129,0.999948,0.001855,-0.009993,0.000476,1
10.440382004,0.999948,0.001856,-0.009994,0.000477,1
10.445342064,0.999948,0.001857,-0.009992,0.000478,1
10.450382233,0.999948,0.001859,-0.009990,0.000477,1
10.455416679,0.999948,0.001859,-0.009990,0.000477,1
10.460447311,0.999948,0.001861,-0.009991,0.000478,1
10.465474129,0.999948,0.001861,-0.009993,0.000479,1
10.470496178,0.999948,0.001861,-0.009994,0.000478,1
10.475512505,0.999948,0.001862,-0.009992,0.000478,1
10.480525017,0.999948,0.001862,-0.009992,0.000477,1
10.485533714,0.999948,0.001862,-0.009992,0.000476,1
10.490536690,0.999948,0.001864,-0.009994,0.000476,1
10.495534897,0.999948,0.001864,-0.009993,0.000474,1
10.500529289,0.999948,0.001864,-0.009994,0.000472,1
10.505518913,0.999948,0.001866,-0.009994,0.000471,1
10.510503769,0.999948,0.001869,-0.009994,0.000471,1
10.515483856,0.999948,0.001870,-0.009994,0.000471,1
10.520459175,0.999948,0.001869,-0.009996,0.000472,1
10.525429726,0.999948,0.001868,-0.009993,0.000470,1
10.530396461,0.999948,0.001867,-0.009992,0.000470,1
10.535358429,0.999948,0.001868,-0.009991,0.000469,1
10.540317535,0.999948,0.001870,-0.009993,0.000469,1
10.545357704,0.999948,0.001871,-0.009992,0.000470,1
10.550394058,0.999948,0.001870,-0.009993,0.000472,1
10.555424690,0.999948,0.001869,-0.009994,0.000471,1
10.560451508,0.999948,0.001869,-0.009995,0.000472,1
10.565473557,0.999948,0.001869,-0.009996,0.000473,1
10.570489883,0.999948,0.001866,-0.009995,0.000474,1
10.575503349,0.999948,0.001867,-0.009995,0.000473,1
10.580511093,0.999948,0.001866,-0.009995,0.000473,1
10.585514069,0.999948,0.001867,-0.009995,0.000475,1
10.590513229,0.999948,0.001866,-0.009997,0.000476,1
10.595509529,0.999948,0.001865,-0.009995,0.000476,1
10.600500107,0.999948,0.001865,-0.009995,0.000478,1
10.605486870,0.999948,0.001865,-0.009996,0.000477,1
10.610469818,0.999948,0.001865,-0.009995,0.000478,1
10.615447998,0.999948,0.001865,-0.009996,0.000479,1
10.620420456,0.999948,0.001862,-0.009996,0.000480,1
10.625388145,0.999948,0.001861,-0.009995,0.000480,1
10.630352974,0.999948,0.001860,-0.009994,0.000478,1
10.635312080,0.999948,0.001860,-0.009995,0.000477,1
10.640353203,0.999948,0.001862,-0.009995,0.000479,1
10.645389557,0.999948,0.001860,-0.009996,0.000480,1
10.650421143,0.999948,0.001858,-0.009996,0.000480,1
10.655447006,0.999948,0.001858,-0.009998,0.000481,1
10.660470009,0.999948,0.001858,-0.009998,0.000481,1
10.665487289,0.999948,0.001858,-0.009999,0.000484,1
10.670500755,0.999948,0.001858,-0.010000,0.000483,1
10.675511360,0.999948,0.001860,-0.010000,0.000484,1
10.680516243,0.999948,0.001859,-0.009999,0.000485,1
10.685518265,0.999948,0.001861,-0.009996,0.000486,1
10.690513611,0.999948,0.001859,-0.009997,0.000485,1
10.695506096,0.999948,0.001860,-0.009996,0.000485,1
10.700492859,0.999948,0.001859,-0.009999,0.000484,1
10.705475807,0.999948,0.001860,-0.009999,0.000485,1
10.710453033,0.999948,0.001859,-0.010000,0.000485,1
10.715426445,0.999948,0.001858,-0.010000,0.000484,1
10.720395088,0.999948,0.001860,-0.010002,0.000483,1
10.725358963,0.999948,0.001860,-0.010003,0.000482,1
10.730319023,0.999948,0.001861,-0.010003,0.000484,1
10.735360146,0.999948,0.001863,-0.010003,0.000483,1
10.740396500,0.999948,0.001863,-0.010002,0.000482,1
10.745428085,0.999948,0.001862,-0.010002,0.000481,1
10.750455856,0.999948,0.001865,-0.010001,0.000481,1
10.755478859,0.999948,0.001866,-0.010001,0.000482,1
10.760497093,0.999948,0.001865,-0.010001,0.000481,1
10.765510559,0.999948,0.001864,-0.009999,0.000482,1
10.770519257,0.999948,0.001864,-0.009999,0.000483,1
10.775523186,0.999948,0.001868,-0.009998,0.000482,1
10.780522346,0.999948,0.001871,-0.009999,0.000480,1
10.785517693,0.999948,0.001870,-0.009998,0.000481,1
10.790508270,0.999948,0.001870,-0.009996,0.000483,1
10.795493126,0.999948,0.001870,-0.009995,0.000482,1
10.800474167,0.999948,0.001871,-0.009995,0.000482,1
10.805450439,0.999948,0.001869,-0.009996,0.000482,1
10.810422897,0.999948,0.001871,-0.009997,0.000481,1
10.815389633,0.999948,0.001870,-0.010000,0.000479,1
10.820352554,0.999948,0.001868,-0.010001,0.000482,1
10.825309753,0.999948,0.001869,-0.010000,0.000482,1
10.830352783,0.999948,0.001868,-0.009999,0.000481,1
10.835389137,0.999948,0.001867,-0.009997,0.000481,1
10.840422630,0.999948,0.001866,-0.009996,0.000482,1
10.845450401,0.999948,0.001866,-0.009998,0.000485,1
10.850474358,0.999948,0.001868,-0.009996,0.000485,1
10.855492592,0.999948,0.001868,-0.009995,0.000485,1
10.860506058,0.999948,0.001865,-0.009995,0.000484,1
10.865515709,0.999948,0.001864,-0.009996,0.000485,1
10.870519638,0.999948,0.001863,-0.009997,0.000486,1
10.875520706,0.999948,0.001863,-0.009996,0.000486,1
10.880516052,0.999948,0.001861,-0.009995,0.000485,1
10.885506630,0.999948,0.001863,-0.009995,0.000484,1
10.890491486,0.999948,0.001860,-0.009996,0.000485,1
10.895473480,0.999948,0.001860,-0.009995,0.000486,1
10.900450706,0.999948,0.001861,-0.009996,0.000486,1
10.905423164,0.999948,0.001861,-0.009999,0.000486,1
10.910389900,0.999948,0.001861,-0.009997,0.000487,1
10.915356636,0.999948,0.001863,-0.009997,0.000488,1
10.920316696,0.999948,0.001861,-0.009998,0.000489,1
10.925358772,0.999948,0.001857,-0.009998,0.000489,1
10.930397034,0.999948,0.001858,-0.009998,0.000490,1
10.935429573,0.999948,0.001859,-0.009999,0.000488,1
10.940457344,0.999948,0.001860,-0.010001,0.000489,1
10.945481300,0.999948,0.001857,-0.010001,0.000490,1
10.950501442,0.999948,0.001859,-0.010001,0.000490,1
10.955515862,0.999948,0.001858,-0.010001,0.000491,1
10.960526466,0.999948,0.001859,-0.010000,0.000491,1
10.965532303,0.999948,0.001859,-0.010000,0.000493,1
10.970532417,0.999948,0.001859,-0.010001,0.000493,1
10.975529671,0.999948,0.001859,-0.009999,0.000493,1
10.980522156,0.999948,0.001858,-0.009997,0.000494,1
10.985508919,0.999948,0.001860,-0.010000,0.000498,1
10.990490913,0.999948,0.001861,-0.009999,0.000497,1
10.995468140,0.999948,0.001862,-0.010001,0.000495,1
11.000442505,0.999948,0.001863,-0.010001,0.000494,1
11.005411148,0.999948,0.001864,-0.010002,0.000495,1
11.010375977,0.999948,0.001861,-0.010001,0.000494,1
11.015335083,0.999948,0.001859,-0.009999,0.000494,1
11.020378113,0.999948,0.001858,-0.009997,0.000495,1
11.025415421,0.999948,0.001859,-0.009997,0.000496,1
11.030447960,0.999948,0.001859,-0.009993,0.000497,1
11.035476685,0.999948,0.001857,-0.009993,0.000496,1
11.040501595,0.999948,0.001856,-0.009994,0.000496,1
11.045521736,0.999948,0.001854,-0.009995,0.000496,1
11.050536156,0.999948,0.001856,-0.009993,0.000496,1
11.055546761,0.999948,0.001856,-0.009993,0.000496,1
11.060551643,0.999948,0.001856,-0.009989,0.000496,1
11.065552711,0.999948,0.001856,-0.009986,0.000495,1
11.070549965,0.999948,0.001855,-0.009986,0.000497,1
11.075540543,0.999948,0.001856,-0.009985,0.000497,1
11.080529213,0.999948,0.001858,-0.009985,0.000498,1
11.085513115,0.999948,0.001858,-0.009984,0.000499,1
11.090493202,0.999948,0.001858,-0.009984,0.000500,1
11.095469475,0.999948,0.001858,-0.009981,0.000499,1
11.100440025,0.999948,0.001860,-0.009981,0.000498,1
11.105405807,0.999948,0.001861,-0.009981,0.000498,1
11.110368729,0.999948,0.001862,-0.009984,0.000496,1
11.115410805,0.999948,0.001863,-0.009986,0.000496,1
11.120448112,0.999948,0.001863,-0.009985,0.000496,1
11.125481606,0.999948,0.001861,-0.009985,0.000495,1
11.130511284,0.999948,0.001858,-0.009985,0.000494,1
11.135535240,0.999948,0.001856,-0.009983,0.000495,1
11.140554428,0.999948,0.001856,-0.009985,0.000497,1
11.145570755,0.999948,0.001857,-0.009986,0.000497,1
11.150580406,0.999948,0.001854,-0.009987,0.000497,1
11.155586243,0.999948,0.001853,-0.009989,0.000495,1
11.160587311,0.999948,0.001852,-0.009988,0.000496,1
11.165583611,0.999948,0.001852,-0.009987,0.000495,1
11.170575142,0.999948,0.001855,-0.009988,0.000495,1
11.175561905,0.999948,0.001857,-0.009988,0.000496,1
11.180546761,0.999948,0.001856,-0.009987,0.000497,1
11.185528755,0.999948,0.001860,-0.009989,0.000498,1
11.190504074,0.999948,0.001858,-0.009989,0.000498,1
11.195475578,0.999948,0.001859,-0.009990,0.000499,1
11.200442314,0.999948,0.001859,-0.009989,0.000498,1
11.205404282,0.999948,0.001858,-0.009991,0.000499,1
11.210448265,0.999948,0.001858,-0.009990,0.000499,1
11.215485573,0.999948,0.001856,-0.009988,0.000499,1
11.220519066,0.999948,0.001855,-0.009988,0.000500,1
11.225548744,0.999948,0.001856,-0.009989,0.000498,1
11.230573654,0.999948,0.001856,-0.009989,0.000499,1
11.235593796,0.999948,0.001855,-0.009988,0.000499,1
11.240610123,0.999948,0.001854,-0.009987,0.000499,1
11.245619774,0.999948,0.001856,-0.009987,0.000499,1
11.250626564,0.999948,0.001855,-0.009986,0.000500,1
11.255627632,0.999948,0.001856,-0.009986,0.000501,1
11.260624886,0.999948,0.001857,-0.009984,0.000501,1
11.265617371,0.999948,0.001857,-0.009984,0.000502,1
11.270605087,0.999948,0.001859,-0.009984,0.000500,1
11.275588036,0.999948,0.001858,-0.009983,0.000499,1
11.280569077,0.999948,0.001857,-0.009983,0.000500,1
11.285547256,0.999948,0.001857,-0.009982,0.000500,1
11.290519714,0.999948,0.001856,-0.009981,0.000500,1
11.295487404,0.999948,0.001856,-0.009979,0.000499,1
11.300450325,0.999948,0.001857,-0.009979,0.000500,1
11.305493355,0.999948,0.001855,-0.009979,0.000501,1
11.310532570,0.999948,0.001852,-0.009977,0.000501,1
11.315567017,0.999948,0.001852,-0.009975,0.000501,1
11.320595741,0.999948,0.001850,-0.009975,0.000501,1
11.325620651,0.999948,0.001848,-0.009976,0.000500,1
11.330640793,0.999948,0.001847,-0.009974,0.000499,1
11.335655212,0.999948,0.001847,-0.009974,0.000500,1
11.340666771,0.999948,0.001845,-0.009974,0.000499,1
11.345674515,0.999948,0.001843,-0.009973,0.000499,1
11.350677490,0.999948,0.001844,-0.009973,0.000500,1
11.355675697,0.999948,0.001843,-0.009973,0.000499,1
11.360670090,0.999949,0.001842,-0.009970,0.000498,1
11.365658760,0.999949,0.001842,-0.009968,0.000499,1
11.370642662,0.999949,0.001843,-0.009969,0.000500,1
11.375621796,0.999949,0.001841,-0.009969,0.000500,1
11.380597115,0.999949,0.001839,-0.009969,0.000500,1
11.385567665,0.999949,0.001838,-0.009968,0.000501,1
11.390533447,0.999949,0.001838,-0.009968,0.000502,1
11.395493507,0.999949,0.001837,-0.009969,0.000504,1
11.400538445,0.999949,0.001837,-0.009969,0.000504,1
11.405575752,0.999949,0.001839,-0.009970,0.000505,1
11.410611153,0.999949,0.001839,-0.009969,0.000506,1
11.415640831,0.999949,0.001838,-0.009970,0.000505,1
11.420665741,0.999948,0.001838,-0.009972,0.000503,1
11.425686836,0.999949,0.001839,-0.009971,0.000503,1
11.430702209,0.999949,0.001839,-0.009970,0.000503,1
11.435713768,0.999949,0.001838,-0.009969,0.000503,1
11.440721512,0.999949,0.001838,-0.009969,0.000504,1
11.445725441,0.999949,0.001839,-0.009969,0.000504,1
11.450724602,0.999949,0.001843,-0.009969,0.000505,1
11.455718040,0.999949,0.001846,-0.009968,0.000505,1
11.460708618,0.999949,0.001845,-0.009969,0.000506,1
11.465692520,0.999949,0.001844,-0.009968,0.000507,1
11.470672607,0.999949,0.001845,-0.009969,0.000508,1
11.475648880,0.999949,0.001844,-0.009969,0.000509,1
11.480619431,0.999948,0.001842,-0.009972,0.000510,1
11.485585213,0.999948,0.001840,-0.009972,0.000511,1
11.490548134,0.999948,0.001840,-0.009972,0.000512,1
11.495505333,0.999948,0.001840,-0.009972,0.000511,1
11.500543594,0.999948,0.001841,-0.009971,0.000511,1
11.505578041,0.999948,0.001841,-0.009972,0.000511,1
11.510607719,0.999948,0.001840,-0.009972,0.000510,1
11.515632629,0.999948,0.001839,-0.009971,0.000514,1
11.520653725,0.999948,0.001838,-0.009973,0.000516,1
11.525669098,0.999948,0.001839,-0.009971,0.000515,1
11.530679703,0.999948,0.001838,-0.009971,0.000515,1
11.535685539,0.999949,0.001837,-0.009970,0.000516,1
11.540686607,0.999949,0.001837,-0.009967,0.000515,1
11.545682907,0.999949,0.001835,-0.009968,0.000513,1
11.550675392,0.999949,0.001834,-0.009967,0.000513,1
11.555662155,0.999949,0.001836,-0.009966,0.000516,1
11.560644150,0.999949,0.001836,-0.009966,0.000517,1
11.565623283,0.999949,0.001835,-0.009963,0.000514,1
11.570596695,0.999949,0.001834,-0.009962,0.000513,1
11.575568199,0.999949,0.001833,-0.009962,0.000515,1
11.580535889,0.999949,0.001834,-0.009962,0.000513,1
11.585497856,0.999949,0.001835,-0.009963,0.000513,1
11.590456009,0.999949,0.001836,-0.009962,0.000514,1
11.595495224,0.999949,0.001834,-0.009961,0.000513,1
11.600530624,0.999949,0.001832,-0.009961,0.000513,1
11.605561256,0.999949,0.001832,-0.009961,0.000513,1
11.610586166,0.999949,0.001831,-0.009960,0.000513,1
11.615608215,0.999949,0.001831,-0.009959,0.000513,1
11.620624542,0.999949,0.001832,-0.009960,0.000515,1
11.625636101,0.999949,0.001831,-0.009961,0.000515,1
11.630642891,0.999949,0.001828,-0.009961,0.000515,1
11.635646820,0.999949,0.001829,-0.009962,0.000513,1
11.640643120,0.999949,0.001828,-0.009961,0.000512,1
11.645636559,0.999949,0.001827,-0.009959,0.000512,1
11.650625229,0.999949,0.001827,-0.009960,0.000511,1
11.655611992,0.999949,0.001827,-0.009961,0.000510,1
11.660593987,0.999949,0.001827,-0.009960,0.000510,1
11.665572166,0.999949,0.001827,-0.009960,0.000510,1
11.670544624,0.999949,0.001827,-0.009959,0.000511,1
11.675513268,0.999949,0.001827,-0.009961,0.000512,1
11.680476189,0.999949,0.001828,-0.009962,0.000512,1
11.685435295,0.999949,0.001830,-0.009964,0.000514,1
11.690474510,0.999949,0.001832,-0.009963,0.000514,1
11.695509911,0.999949,0.001832,-0.009963,0.000514,1
11.700540543,0.999949,0.001831,-0.009963,0.000515,1
11.705567360,0.999949,0.001829,-0.009963,0.000515,1
11.710587502,0.999949,0.001830,-0.009963,0.000516,1
11.715604782,0.999949,0.001832,-0.009963,0.000517,1
11.720618248,0.999949,0.001829,-0.009962,0.000518,1
11.725626945,0.999949,0.001831,-0.009961,0.000517,1
11.730631828,0.999949,0.001830,-0.009962,0.000518,1
11.735631943,0.999949,0.001832,-0.009966,0.000519,1
11.740627289,0.999949,0.001831,-0.009966,0.000521,1
11.745616913,0.999949,0.001832,-0.009964,0.000521,1
11.750602722,0.999949,0.001833,-0.009964,0.000520,1
11.755584717,0.999949,0.001832,-0.009963,0.000518,1
11.760560989,0.999949,0.001831,-0.009963,0.000520,1
11.765533447,0.999949,0.001831,-0.009967,0.000520,1
11.770501137,0.999949,0.001828,-0.009968,0.000520,1
11.775464058,0.999949,0.001830,-0.009968,0.000519,1
11.780424118,0.999949,0.001830,-0.009968,0.000520,1
11.785463333,0.999949,0.001831,-0.009969,0.000522,1
11.790499687,0.999949,0.001830,-0.009968,0.000521,1
11.795530319,0.999949,0.001830,-0.009968,0.000521,1
11.800556183,0.999949,0.001832,-0.009965,0.000522,1
11.805578232,0.999949,0.001833,-0.009965,0.000519,1
11.810595512,0.999949,0.001832,-0.009965,0.000520,1
11.815608025,0.999949,0.001833,-0.009967,0.000519,1
11.820616722,0.999949,0.001834,-0.009967,0.000519,1
11.825620651,0.999949,0.001831,-0.009967,0.000520,1
11.830620766,0.999949,0.001830,-0.009966,0.000519,1
11.835616112,0.999949,0.001833,-0.009966,0.000519,1
11.840607643,0.999949,0.001831,-0.009962,0.000519,1
11.845593452,0.999949,0.001831,-0.009960,0.000520,1
11.850574493,0.999949,0.001831,-0.009960,0.000521,1
11.855551720,0.999949,0.001832,-0.009962,0.000523,1
11.860523224,0.999949,0.001833,-0.009963,0.000523,1
11.865489960,0.999949,0.001833,-0.009964,0.000523,1
11.870453835,0.999949,0.001834,-0.009965,0.000524,1
11.875411987,0.999949,0.001834,-0.009966,0.000522,1
11.880453110,0.999949,0.001831,-0.009967,0.000522,1
11.885489464,0.999949,0.001832,-0.009969,0.000521,1
11.890521049,0.999949,0.001831,-0.009970,0.000521,1
11.895547867,0.999949,0.001830,-0.009970,0.000520,1
11.900570869,0.999949,0.001828,-0.009969,0.000518,1
11.905589104,0.999949,0.001828,-0.009970,0.000519,1
11.910601616,0.999948,0.001826,-0.009974,0.000519,1
11.915610313,0.999948,0.001827,-0.009974,0.000519,1
11.920613289,0.999948,0.001826,-0.009973,0.000518,1
11.925612450,0.999949,0.001826,-0.009972,0.000517,1
11.930606842,0.999948,0.001828,-0.009972,0.000518,1
11.935596466,0.999949,0.001826,-0.009972,0.000518,1
11.940581322,0.999949,0.001824,-0.009972,0.000521,1
11.945562363,0.999949,0.001823,-0.009971,0.000519,1
11.950536728,0.999949,0.001823,-0.009970,0.000519,1
11.955511093,0.999949,0.001821,-0.009970,0.000518,1
11.960481644,0.999949,0.001821,-0.009970,0.000517,1
11.965446472,0.999949,0.001821,-0.009969,0.000518,1
11.970406532,0.999949,0.001823,-0.009969,0.000519,1
11.975447655,0.999949,0.001824,-0.009966,0.000518,1
11.980484962,0.999949,0.001824,-0.009965,0.000517,1
11.985515594,0.999949,0.001824,-0.009966,0.000518,1
11.990542412,0.999949,0.001826,-0.009966,0.000519,1
11.995566368,0.999949,0.001825,-0.009968,0.000519,1
12.000583649,0.999949,0.001825,-0.009969,0.000521,1
12.005597115,0.999949,0.001824,-0.009967,0.000520,1
12.010606766,0.999949,0.001824,-0.009967,0.000522,1
12.015610695,0.999949,0.001824,-0.009965,0.000521,1
12.020610809,0.999949,0.001822,-0.009967,0.000521,1
12.025606155,0.999949,0.001822,-0.009969,0.000521,1
12.030595779,0.999949,0.001823,-0.009970,0.000521,1
12.035581589,0.999949,0.001824,-0.009970,0.000520,1
12.040562630,0.999949,0.001826,-0.009972,0.000518,1
12.045538902,0.999949,0.001824,-0.009972,0.000518,1
12.050510406,0.999949,0.001822,-0.009973,0.000517,1
12.055478096,0.999948,0.001822,-0.009974,0.000518,1
12.060441017,0.999948,0.001823,-0.009973,0.000518,1
12.065399170,0.999949,0.001822,-0.009971,0.000519,1
12.070440292,0.999949,0.001822,-0.009972,0.000519,1
12.075476646,0.999949,0.001826,-0.009972,0.000519,1
12.080509186,0.999949,0.001828,-0.009972,0.000518,1
12.085536957,0.999949,0.001828,-0.009969,0.000517,1
12.090560913,0.999949,0.001827,-0.009969,0.000517,1
12.095580101,0.999949,0.001829,-0.009969,0.000519,1
12.100594521,0.999949,0.001827,-0.009968,0.000518,1
12.105605125,0.999949,0.001827,-0.009966,0.000517,1
12.110610008,0.999949,0.001829,-0.009969,0.000516,1
12.115611076,0.999949,0.001831,-0.009970,0.000514,1
12.120606422,0.999949,0.001830,-0.009971,0.000514,1
12.125597954,0.999949,0.001832,-0.009972,0.000514,1
12.130584717,0.999948,0.001832,-0.009974,0.000515,1
12.135567665,0.999948,0.001829,-0.009976,0.000514,1
12.140543938,0.999948,0.001828,-0.009975,0.000513,1
12.145517349,0.999948,0.001829,-0.009976,0.000514,1
12.150485992,0.999948,0.001826,-0.009977,0.000513,1
12.155448914,0.999948,0.001827,-0.009977,0.000514,1
12.160409927,0.999948,0.001827,-0.009979,0.000513,1
12.165451050,0.999948,0.001830,-0.009982,0.000515,1
12.170487404,0.999948,0.001829,-0.009983,0.000514,1
12.175520897,0.999948,0.001828,-0.009983,0.000515,1
12.180548668,0.999948,0.001826,-0.009981,0.000513,1
12.185573578,0.999948,0.001826,-0.009981,0.000513,1
12.190592766,0.999948,0.001827,-0.009979,0.000512,1
12.195607185,0.999948,0.001828,-0.009978,0.000511,1
12.200617790,0.999948,0.001829,-0.009978,0.000512,1
12.205623627,0.999948,0.001827,-0.009976,0.000512,1
12.210624695,0.999948,0.001830,-0.009976,0.000515,1
12.215620995,0.999948,0.001831,-0.009974,0.000514,1
12.220611572,0.999948,0.001831,-0.009975,0.000514,1
12.225598335,0.999948,0.001832,-0.009974,0.000515,1
12.230581284,0.999949,0.001831,-0.009972,0.000514,1
12.235558510,0.999949,0.001831,-0.009971,0.000514,1
12.240531921,0.999948,0.001834,-0.009972,0.000511,1
12.245500565,0.999949,0.001832,-0.009971,0.000510,1
12.250464439,0.999949,0.001830,-0.009970,0.000510,1
12.255424500,0.999948,0.001830,-0.009973,0.000511,1
12.260466576,0.999948,0.001831,-0.009974,0.000510,1
12.265503883,0.999948,0.001831,-0.009977,0.000509,1
12.270536423,0.999948,0.001830,-0.009975,0.000511,1
12.275565147,0.999948,0.001829,-0.009974,0.000511,1
12.280590057,0.999948,0.001829,-0.009975,0.000511,1
12.285610199,0.999948,0.001828,-0.009976,0.000512,1
12.290624619,0.999948,0.001830,-0.009974,0.000513,1
12.295635223,0.999948,0.001830,-0.009975,0.000513,1
12.300640106,0.999948,0.001829,-0.009976,0.000513,1
12.305641174,0.999948,0.001828,-0.009977,0.000513,1
12.310637474,0.999948,0.001829,-0.009978,0.000513,1
12.315629959,0.999948,0.001828,-0.009978,0.000513,1
12.320616722,0.999948,0.001829,-0.009978,0.000512,1
12.325599670,0.999948,0.001830,-0.009977,0.000513,1
12.330579758,0.999948,0.001831,-0.009976,0.000513,1
12.335556030,0.999948,0.001831,-0.009977,0.000514,1
12.340527534,0.999948,0.001833,-0.009975,0.000513,1
12.345493317,0.999948,0.001832,-0.009977,0.000512,1
12.350456238,0.999948,0.001831,-0.009974,0.000510,1
12.355498314,0.999948,0.001831,-0.009973,0.000510,1
12.360534668,0.999948,0.001829,-0.009974,0.000509,1
12.365568161,0.999948,0.001827,-0.009975,0.000509,1
12.370595932,0.999948,0.001828,-0.009974,0.000508,1
12.375619888,0.999948,0.001827,-0.009973,0.000510,1
12.380637169,0.999948,0.001827,-0.009975,0.000510,1
12.385651588,0.999948,0.001829,-0.009973,0.000511,1
12.390660286,0.999949,0.001826,-0.009972,0.000512,1
12.395665169,0.999948,0.001827,-0.009973,0.000512,1
12.400664330,0.999949,0.001827,-0.009972,0.000513,1
12.405658722,0.999948,0.001829,-0.009973,0.000514,1
12.410648346,0.999948,0.001828,-0.009974,0.000513,1
12.415633202,0.999949,0.001829,-0.009972,0.000513,1
12.420613289,0.999949,0.001829,-0.009970,0.000514,1
12.425588608,0.999949,0.001829,-0.009970,0.000513,1
12.430559158,0.999949,0.001827,-0.009967,0.000513,1
12.435524940,0.999949,0.001826,-0.009967,0.000513,1
12.440485954,0.999949,0.001827,-0.009966,0.000514,1
12.445442200,0.999949,0.001826,-0.009969,0.000513,1
12.450484276,0.999949,0.001825,-0.009968,0.000514,1
12.455522537,0.999949,0.001826,-0.009969,0.000514,1
12.460556030,0.999949,0.001827,-0.009972,0.000515,1
12.465584755,0.999948,0.001827,-0.009973,0.000515,1
12.470609665,0.999948,0.001828,-0.009973,0.000515,1
12.475629807,0.999948,0.001825,-0.009974,0.000516,1
12.480645180,0.999948,0.001825,-0.009974,0.000516,1
12.485654831,0.999948,0.001823,-0.009975,0.000517,1
12.490659714,0.999948,0.001825,-0.009974,0.000516,1
12.495660782,0.999948,0.001826,-0.009974,0.000516,1
12.500658035,0.999948,0.001828,-0.009975,0.000517,1
12.505649567,0.999948,0.001827,-0.009975,0.000515,1
12.510636330,0.999948,0.001825,-0.009976,0.000517,1
12.515621185,0.999948,0.001825,-0.009977,0.000516,1
12.520601273,0.999948,0.001827,-0.009977,0.000515,1
12.525577545,0.999948,0.001829,-0.009979,0.000516,1
12.530548096,0.999948,0.001830,-0.009979,0.000517,1
12.535513878,0.999948,0.001830,-0.009980,0.000516,1
12.540476799,0.999948,0.001830,-0.009981,0.000517,1
12.545519829,0.999948,0.001829,-0.009980,0.000517,1
12.550559044,0.999948,0.001827,-0.009980,0.000515,1
12.555592537,0.999948,0.001829,-0.009983,0.000512,1
12.560621262,0.999948,0.001829,-0.009985,0.000513,1
12.565647125,0.999948,0.001829,-0.009986,0.000514,1
12.570667267,0.999948,0.001828,-0.009986,0.000513,1
12.575682640,0.999948,0.001829,-0.009986,0.000511,1
12.580694199,0.999948,0.001825,-0.009986,0.000513,1
12.585700035,0.999948,0.001826,-0.009984,0.000512,1
12.590703964,0.999948,0.001826,-0.009984,0.000513,1
12.595702171,0.999948,0.001826,-0.009983,0.000513,1
12.600694656,0.999948,0.001827,-0.009983,0.000513,1
12.605683327,0.999948,0.001828,-0.009985,0.000513,1
12.610668182,0.999948,0.001828,-0.009985,0.000513,1
12.615647316,0.999948,0.001827,-0.009987,0.000512,1
12.620621681,0.999948,0.001827,-0.009990,0.000510,1
12.625592232,0.999948,0.001827,-0.009991,0.000508,1
12.630558014,0.999948,0.001827,-0.009992,0.000508,1
12.635519028,0.999948,0.001823,-0.009994,0.000508,1
12.640563011,0.999948,0.001821,-0.009993,0.000507,1
12.645601273,0.999948,0.001820,-0.009993,0.000504,1
12.650636673,0.999948,0.001821,-0.009995,0.000505,1
12.655666351,0.999948,0.001820,-0.009995,0.000506,1
12.660691261,0.999948,0.001820,-0.009995,0.000507,1
12.665711403,0.999948,0.001819,-0.009997,0.000507,1
12.670726776,0.999948,0.001816,-0.009996,0.000506,1
12.675739288,0.999948,0.001819,-0.009995,0.000508,1
12.680747032,0.999948,0.001820,-0.009993,0.000509,1
12.685750008,0.999948,0.001821,-0.009995,0.000510,1
12.690748215,0.999948,0.001819,-0.009996,0.000509,1
12.695742607,0.999948,0.001817,-0.009997,0.000510,1
12.700731277,0.999948,0.001816,-0.009997,0.000509,1
12.705715179,0.999948,0.001817,-0.009996,0.000511,1
12.710695267,0.999948,0.001817,-0.009993,0.000511,1
12.715669632,0.999948,0.001818,-0.009992,0.000511,1
12.720640182,0.999948,0.001816,-0.009991,0.000512,1
12.725605011,0.999948,0.001815,-0.009991,0.000512,1
12.730566978,0.999948,0.001816,-0.009992,0.000512,1
12.735524178,0.999948,0.001817,-0.009990,0.000512,1
12.740563393,0.999948,0.001819,-0.009989,0.000513,1
12.745596886,0.999948,0.001822,-0.009988,0.000514,1
12.750626564,0.999948,0.001824,-0.009985,0.000513,1
12.755652428,0.999948,0.001825,-0.009985,0.000513,1
12.760674477,0.999948,0.001824,-0.009984,0.000514,1
12.765689850,0.999948,0.001826,-0.009985,0.000516,1
12.770702362,0.999948,0.001827,-0.009983,0.000516,1
12.775710106,0.999948,0.001829,-0.009985,0.000515,1
12.780712128,0.999948,0.001831,-0.009983,0.000515,1
12.785710335,0.999948,0.001830,-0.009981,0.000515,1
12.790702820,0.999948,0.001830,-0.009982,0.000514,1
12.795692444,0.999948,0.001828,-0.009981,0.000514,1
12.800675392,0.999948,0.001829,-0.009980,0.000515,1
12.805655479,0.999948,0.001831,-0.009979,0.000514,1
12.810629845,0.999948,0.001832,-0.009978,0.000513,1
12.815602303,0.999948,0.001833,-0.009977,0.000513,1
12.820569992,0.999948,0.001833,-0.009977,0.000514,1
12.825533867,0.999948,0.001831,-0.009977,0.000516,1
12.830492973,0.999948,0.001832,-0.009978,0.000516,1
12.835530281,0.999948,0.001830,-0.009980,0.000516,1
12.840565681,0.999948,0.001830,-0.009979,0.000518,1
12.845595360,0.999948,0.001829,-0.009979,0.000519,1
12.850620270,0.999948,0.001830,-0.009978,0.000518,1
12.855642319,0.999948,0.001834,-0.009978,0.000518,1
12.860657692,0.999948,0.001835,-0.009977,0.000519,1
12.865670204,0.999948,0.001833,-0.009977,0.000519,1
12.870676041,0.999948,0.001832,-0.009980,0.000520,1
12.875679970,0.999948,0.001834,-0.009982,0.000520,1
12.880677223,0.999948,0.001833,-0.009981,0.000520,1
12.885669708,0.999948,0.001831,-0.009981,0.000522,1
12.890658379,0.999948,0.001830,-0.009982,0.000522,1
12.895642281,0.999948,0.001831,-0.009982,0.000522,1
12.900622368,0.999948,0.001831,-0.009981,0.000521,1
12.905596733,0.999948,0.001832,-0.009981,0.000521,1
12.910567284,0.999948,0.001830,-0.009982,0.000522,1
12.915533066,0.999948,0.001830,-0.009983,0.000521,1
12.920493126,0.999948,0.001830,-0.009984,0.000522,1
12.925449371,0.999948,0.001832,-0.009983,0.000524,1
12.930489540,0.999948,0.001832,-0.009984,0.000526,1
12.935523987,0.999948,0.001833,-0.009983,0.000526,1
12.940555573,0.999948,0.001835,-0.009982,0.000525,1
12.945581436,0.999948,0.001835,-0.009985,0.000527,1
12.950601578,0.999948,0.001838,-0.009982,0.000526,1
12.955617905,0.999948,0.001837,-0.009983,0.000526,1
12.960629463,0.999948,0.001837,-0.009984,0.000525,1
12.965638161,0.999948,0.001837,-0.009985,0.000524,1
12.970642090,0.999948,0.001839,-0.009983,0.000524,1
12.975641251,0.999948,0.001838,-0.009984,0.000525,1
12.980635643,0.999948,0.001838,-0.009984,0.000526,1
12.985626221,0.999948,0.001837,-0.009984,0.000525,1
12.990611076,0.999948,0.001838,-0.009985,0.000526,1
12.995592117,0.999948,0.001839,-0.009986,0.000526,1
13.000568390,0.999948,0.001837,-0.009987,0.000526,1
13.005539894,0.999948,0.001837,-0.009987,0.000525,1
13.010507584,0.999948,0.001836,-0.009985,0.000526,1
13.015468597,0.999948,0.001838,-0.009984,0.000526,1
13.020427704,0.999948,0.001840,-0.009983,0.000528,1
13.025468826,0.999948,0.001841,-0.009984,0.000527,1
13.030503273,0.999948,0.001841,-0.009983,0.000527,1
13.035533905,0.999948,0.001843,-0.009985,0.000526,1
13.040560722,0.999948,0.001842,-0.009983,0.000527,1
13.045583725,0.999948,0.001843,-0.009981,0.000529,1
13.050600052,0.999948,0.001843,-0.009982,0.000529,1
13.055613518,0.999948,0.001844,-0.009983,0.000529,1
13.060622215,0.999948,0.001846,-0.009983,0.000529,1
13.065625191,0.999948,0.001849,-0.009982,0.000528,1
13.070624352,0.999948,0.001849,-0.009980,0.000528,1
13.075618744,0.999948,0.001851,-0.009980,0.000529,1
13.080608368,0.999948,0.001849,-0.009981,0.000529,1
13.085593224,0.999948,0.001847,-0.009981,0.000529,1
13.090573311,0.999948,0.001848,-0.009982,0.000530,1
13.095549583,0.999948,0.001847,-0.009980,0.000531,1
13.100524902,0.999948,0.001846,-0.009978,0.000531,1
13.105493546,0.999948,0.001845,-0.009978,0.000531,1
13.110460281,0.999948,0.001848,-0.009978,0.000531,1
13.115420341,0.999948,0.001849,-0.009978,0.000531,1
13.120461464,0.999948,0.001848,-0.009979,0.000534,1
13.125497818,0.999948,0.001847,-0.009979,0.000533,1
13.130529404,0.999948,0.001849,-0.009979,0.000533,1
13.135556221,0.999948,0.001849,-0.009978,0.000535,1
13.140578270,0.999948,0.001848,-0.009979,0.000535,1
13.145596504,0.999948,0.001848,-0.009977,0.000535,1
13.150609970,0.999948,0.001848,-0.009977,0.000534,1
13.155618668,0.999948,0.001850,-0.009976,0.000534,1
13.160623550,0.999948,0.001849,-0.009976,0.000534,1
13.165623665,0.999948,0.001846,-0.009975,0.000533,1
13.170617104,0.999948,0.001848,-0.009975,0.000533,1
13.175607681,0.999948,0.001849,-0.009976,0.000533,1
13.180593491,0.999948,0.001849,-0.009977,0.000533,1
13.185573578,0.999948,0.001849,-0.009979,0.000533,1
13.190549850,0.999948,0.001849,-0.009978,0.000531,1
13.195522308,0.999948,0.001850,-0.009977,0.000531,1
13.200488091,0.999948,0.001849,-0.009978,0.000530,1
13.205451012,0.999948,0.001848,-0.009979,0.000531,1
13.210409164,0.999948,0.001847,-0.009981,0.000531,1
13.215450287,0.999948,0.001848,-0.009979,0.000533,1
13.220487595,0.999948,0.001849,-0.009978,0.000531,1
13.225519180,0.999948,0.001847,-0.009980,0.000532,1
13.230545998,0.999948,0.001849,-0.009979,0.000532,1
13.235569000,0.999948,0.001849,-0.009980,0.000533,1
13.240587234,0.999948,0.001849,-0.009980,0.000536,1
13.245601654,0.999948,0.001849,-0.009978,0.000536,1
13.250611305,0.999948,0.001848,-0.009974,0.000536,1
13.255614281,0.999948,0.001849,-0.009972,0.000537,1
13.260615349,0.999948,0.001848,-0.009973,0.000538,1
13.265610695,0.999948,0.001851,-0.009974,0.000536,1
13.270601273,0.999948,0.001853,-0.009976,0.000535,1
13.275588036,0.999948,0.001855,-0.009976,0.000535,1
13.280569077,0.999948,0.001856,-0.009977,0.000537,1
13.285546303,0.999948,0.001856,-0.009975,0.000538,1
13.290518761,0.999948,0.001855,-0.009973,0.000536,1
13.295487404,0.999948,0.001854,-0.009973,0.000537,1
13.300450325,0.999948,0.001856,-0.009977,0.000537,1
13.305408478,0.999948,0.001859,-0.009975,0.000538,1
13.310450554,0.999948,0.001859,-0.009976,0.000539,1
13.315487862,0.999948,0.001859,-0.009979,0.000539,1
13.320519447,0.999948,0.001860,-0.009982,0.000540,1
13.325547218,0.999948,0.001858,-0.009981,0.000540,1
13.330571175,0.999948,0.001860,-0.009981,0.000539,1
13.335590363,0.999948,0.001861,-0.009980,0.000537,1
13.340603828,0.999948,0.001862,-0.009980,0.000538,1
13.345612526,0.999948,0.001862,-0.009978,0.000538,1
13.350618362,0.999948,0.001861,-0.009978,0.000538,1
13.355618477,0.999948,0.001862,-0.009976,0.000538,1
13.360613823,0.999948,0.001858,-0.009976,0.000535,1
13.365604401,0.999948,0.001857,-0.009978,0.000535,1
13.370592117,0.999948,0.001860,-0.009979,0.000536,1
13.375576019,0.999948,0.001860,-0.009981,0.000536,1
13.380555153,0.999948,0.001860,-0.009980,0.000537,1
13.385529518,0.999948,0.001860,-0.009980,0.000536,1
13.390498161,0.999948,0.001859,-0.009981,0.000537,1
13.395462990,0.999948,0.001858,-0.009981,0.000535,1
13.400424004,0.999948,0.001861,-0.009980,0.000535,1
13.405465126,0.999948,0.001859,-0.009980,0.000535,1
13.410502434,0.999948,0.001860,-0.009978,0.000536,1
13.415535927,0.999948,0.001860,-0.009978,0.000536,1
13.420564651,0.999948,0.001861,-0.009981,0.000537,1
13.425588608,0.999948,0.001860,-0.009981,0.000537,1
13.430607796,0.999948,0.001861,-0.009982,0.000537,1
13.435622215,0.999948,0.001861,-0.009983,0.000537,1
13.440632820,0.999948,0.001863,-0.009983,0.000538,1
13.445637703,0.999948,0.001862,-0.009985,0.000536,1
13.450639725,0.999948,0.001863,-0.009983,0.000538,1
13.455635071,0.999948,0.001864,-0.009983,0.000536,1
13.460627556,0.999948,0.001866,-0.009983,0.000536,1
13.465614319,0.999948,0.001865,-0.009985,0.000538,1
13.470597267,0.999948,0.001867,-0.009984,0.000539,1
13.475574493,0.999948,0.001867,-0.009985,0.000540,1
13.480547905,0.999948,0.001864,-0.009985,0.000542,1
13.485516548,0.999948,0.001864,-0.009986,0.000544,1
13.490481377,0.999948,0.001864,-0.009985,0.000544,1
13.495440483,0.999948,0.001863,-0.009986,0.000545,1
13.500482559,0.999948,0.001864,-0.009987,0.000544,1
13.505519867,0.999948,0.001865,-0.009989,0.000545,1
13.510553360,0.999948,0.001865,-0.009990,0.000546,1
13.515581131,0.999948,0.001866,-0.009989,0.000547,1
13.520605087,0.999948,0.001867,-0.009988,0.000549,1
13.525625229,0.999948,0.001864,-0.009990,0.000548,1
13.530638695,0.999948,0.001865,-0.009993,0.000549,1
13.535648346,0.999948,0.001865,-0.009994,0.000550,1
13.540654182,0.999948,0.001866,-0.009993,0.000551,1
13.545654297,0.999948,0.001868,-0.009991,0.000553,1
13.550649643,0.999948,0.001866,-0.009992,0.000553,1
13.555640221,0.999948,0.001865,-0.009994,0.000553,1
13.560626984,0.999948,0.001867,-0.009995,0.000553,1
13.565608025,0.999948,0.001867,-0.009994,0.000555,1
13.570586205,0.999948,0.001869,-0.009994,0.000553,1
13.575559616,0.999948,0.001869,-0.009996,0.000553,1
13.580527306,0.999948,0.001867,-0.009999,0.000552,1
13.585491180,0.999948,0.001870,-0.009999,0.000553,1
13.590449333,0.999948,0.001868,-0.009997,0.000552,1
13.595492363,0.999948,0.001868,-0.009995,0.000552,1
13.600529671,0.999948,0.001868,-0.009993,0.000551,1
13.605562210,0.999948,0.001869,-0.009991,0.000553,1
13.610591888,0.999948,0.001871,-0.009992,0.000553,1
13.615615845,0.999948,0.001872,-0.009991,0.000553,1
13.620635986,0.999948,0.001872,-0.009990,0.000554,1
13.625650406,0.999948,0.001870,-0.009989,0.000554,1
13.630661011,0.999948,0.001867,-0.009988,0.000556,1
13.635665894,0.999948,0.001869,-0.009987,0.000554,1
13.640666008,0.999948,0.001869,-0.009985,0.000555,1
13.645664215,0.999948,0.001867,-0.009984,0.000556,1
13.650656700,0.999948,0.001866,-0.009984,0.000557,1
13.655644417,0.999948,0.001865,-0.009983,0.000558,1
13.660628319,0.999948,0.001869,-0.009982,0.000559,1
13.665606499,0.999948,0.001870,-0.009984,0.000560,1
13.670579910,0.999948,0.001872,-0.009984,0.000560,1
13.675549507,0.999948,0.001872,-0.009986,0.000560,1
13.680514336,0.999948,0.001873,-0.009988,0.000560,1
13.685473442,0.999948,0.001874,-0.009990,0.000560,1
13.690516472,0.999948,0.001873,-0.009989,0.000560,1
13.695554733,0.999948,0.001877,-0.009988,0.000560,1
13.700587273,0.999948,0.001878,-0.009987,0.000561,1
13.705615997,0.999948,0.001878,-0.009988,0.000559,1
13.710639954,0.999948,0.001878,-0.009988,0.000557,1
13.715660095,0.999948,0.001879,-0.009987,0.000556,1
13.720675468,0.999948,0.001880,-0.009989,0.000557,1
13.725686073,0.999948,0.001879,-0.009989,0.000558,1
13.730692863,0.999948,0.001879,-0.009989,0.000559,1
13.735693932,0.999948,0.001880,-0.009987,0.000558,1
13.740691185,0.999948,0.001881,-0.009985,0.000558,1
13.745684624,0.999948,0.001878,-0.009985,0.000558,1
13.750671387,0.999948,0.001879,-0.009983,0.000557,1
13.755654335,0.999948,0.001878,-0.009984,0.000557,1
13.760632515,0.999948,0.001876,-0.009987,0.000556,1
13.765607834,0.999948,0.001876,-0.009986,0.000555,1
13.770576477,0.999948,0.001876,-0.009987,0.000555,1
13.775542259,0.999948,0.001874,-0.009987,0.000554,1
13.780502319,0.999948,0.001873,-0.009987,0.000555,1
13.785544395,0.999948,0.001872,-0.009985,0.000556,1
13.790582657,0.999948,0.001871,-0.009985,0.000554,1
13.795617104,0.999948,0.001870,-0.009985,0.000554,1
13.800646782,0.999948,0.001870,-0.009984,0.000554,1
13.805670738,0.999948,0.001869,-0.009984,0.000554,1
13.810690880,0.999948,0.001870,-0.009982,0.000555,1
13.815705299,0.999948,0.001871,-0.009983,0.000556,1
13.820716858,0.999948,0.001871,-0.009983,0.000555,1
13.825723648,0.999948,0.001871,-0.009983,0.000552,1
13.830725670,0.999948,0.001870,-0.009983,0.000552,1
13.835722923,0.999948,0.001868,-0.009983,0.000552,1
13.840714455,0.999948,0.001870,-0.009979,0.000552,1
13.845703125,0.999948,0.001871,-0.009981,0.000551,1
13.850686073,0.999948,0.001870,-0.009981,0.000551,1
13.855664253,0.999948,0.001870,-0.009982,0.000552,1
13.860637665,0.999948,0.001872,-0.009982,0.000550,1
13.865607262,0.999948,0.001873,-0.009984,0.000551,1
13.870571136,0.999948,0.001873,-0.009983,0.000549,1
13.875532150,0.999948,0.001875,-0.009982,0.000551,1
13.880575180,0.999948,0.001873,-0.009983,0.000549,1
13.885614395,0.999948,0.001870,-0.009982,0.000550,1
13.890647888,0.999948,0.001868,-0.009985,0.000549,1
13.895677567,0.999948,0.001868,-0.009985,0.000547,1
13.900702477,0.999948,0.001868,-0.009988,0.000547,1
13.905723572,0.999948,0.001870,-0.009991,0.000545,1
13.910738945,0.999948,0.001871,-0.009992,0.000547,1
13.915749550,0.999948,0.001874,-0.009996,0.000548,1
13.920756340,0.999948,0.001875,-0.009997,0.000548,1
13.925759315,0.999948,0.001876,-0.009994,0.000548,1
13.930757523,0.999948,0.001875,-0.009994,0.000549,1
13.935750961,0.999948,0.001874,-0.009995,0.000549,1
13.940738678,0.999948,0.001876,-0.009994,0.000547,1
13.945722580,0.999948,0.001875,-0.009994,0.000547,1
13.950702667,0.999948,0.001875,-0.009994,0.000547,1
13.955677032,0.999948,0.001873,-0.009992,0.000546,1
13.960646629,0.999948,0.001872,-0.009992,0.000547,1
13.965612411,0.999948,0.001871,-0.009992,0.000546,1
13.970572472,0.999948,0.001871,-0.009993,0.000544,1
13.975528717,0.999948,0.001870,-0.009994,0.000544,1
13.980567932,0.999948,0.001867,-0.009996,0.000544,1
13.985601425,0.999948,0.001864,-0.009996,0.000543,1
13.990631104,0.999948,0.001863,-0.009996,0.000544,1
13.995656967,0.999948,0.001862,-0.009996,0.000544,1
14.000677109,0.999948,0.001860,-0.009996,0.000545,1
14.005692482,0.999948,0.001861,-0.009999,0.000545,1
14.010703087,0.999948,0.001860,-0.009997,0.000545,1
14.015708923,0.999948,0.001860,-0.009998,0.000543,1
14.020712852,0.999948,0.001857,-0.010000,0.000542,1
14.025711060,0.999948,0.001858,-0.009999,0.000541,1
14.030704498,0.999948,0.001857,-0.009998,0.000542,1
14.035693169,0.999948,0.001858,-0.009997,0.000541,1
14.040678024,0.999948,0.001858,-0.009999,0.000542,1
14.045657158,0.999948,0.001858,-0.009999,0.000542,1
14.050632477,0.999948,0.001859,-0.010000,0.000542,1
14.055603027,0.999948,0.001858,-0.010001,0.000541,1
14.060568810,0.999948,0.001859,-0.010001,0.000543,1
14.065528870,0.999948,0.001859,-0.010001,0.000542,1
14.070485115,0.999948,0.001858,-0.010000,0.000541,1
14.075525284,0.999948,0.001858,-0.010002,0.000540,1
14.080559731,0.999948,0.001859,-0.010003,0.000539,1
14.085590363,0.999948,0.001859,-0.010004,0.000538,1
14.090616226,0.999948,0.001859,-0.010005,0.000539,1
14.095638275,0.999948,0.001860,-0.010004,0.000538,1
14.100655556,0.999948,0.001858,-0.010004,0.000538,1
14.105667114,0.999948,0.001853,-0.010005,0.000539,1
14.110674858,0.999948,0.001854,-0.010008,0.000538,1
14.115677834,0.999948,0.001855,-0.010011,0.000539,1
14.120676041,0.999948,0.001858,-0.010012,0.000538,1
14.125670433,0.999948,0.001858,-0.010011,0.000539,1
14.130658150,0.999948,0.001859,-0.010011,0.000539,1
14.135642052,0.999948,0.001859,-0.010011,0.000541,1
14.140622139,0.999948,0.001858,-0.010011,0.000541,1
14.145596504,0.999948,0.001858,-0.010011,0.000543,1
14.150566101,0.999948,0.001859,-0.010010,0.000543,1
14.155531883,0.999948,0.001858,-0.010011,0.000542,1
14.160492897,0.999948,0.001859,-0.010013,0.000540,1
14.165449142,0.999948,0.001858,-0.010014,0.000540,1
14.170488358,0.999948,0.001857,-0.010016,0.000541,1
14.175523758,0.999948,0.001858,-0.010015,0.000540,1
14.180553436,0.999948,0.001856,-0.010018,0.000540,1
14.185580254,0.999948,0.001854,-0.010019,0.000539,1
14.190602303,0.999948,0.001854,-0.010017,0.000540,1
14.195618629,0.999948,0.001854,-0.010017,0.000539,1
14.200631142,0.999948,0.001855,-0.010018,0.000538,1
14.205638885,0.999948,0.001855,-0.010019,0.000539,1
14.210641861,0.999948,0.001856,-0.010018,0.000537,1
14.215641022,0.999948,0.001856,-0.010017,0.000538,1
14.220635414,0.999948,0.001853,-0.010017,0.000538,1
14.225624084,0.999948,0.001852,-0.010017,0.000539,1
14.230608940,0.999948,0.001852,-0.010017,0.000537,1
14.235589027,0.999948,0.001854,-0.010014,0.000536,1
14.240565300,0.999948,0.001852,-0.010015,0.000536,1
14.245535851,0.999948,0.001853,-0.010014,0.000537,1
14.250503540,0.999948,0.001854,-0.010014,0.000537,1
14.255465508,0.999948,0.001854,-0.010017,0.000538,1
14.260423660,0.999948,0.001856,-0.010019,0.000537,1
14.265463829,0.999948,0.001859,-0.010019,0.000538,1
14.270499229,0.999948,0.001862,-0.010019,0.000538,1
14.275529861,0.999948,0.001864,-0.010020,0.000538,1
14.280556679,0.999948,0.001864,-0.010018,0.000538,1
14.285576820,0.999948,0.001867,-0.010017,0.000539,1
14.290594101,0.999948,0.001866,-0.010018,0.000537,1
14.295605659,0.999948,0.001865,-0.010020,0.000536,1
14.300611496,0.999948,0.001865,-0.010019,0.000536,1
14.305612564,0.999948,0.001865,-0.010017,0.000535,1
14.310609818,0.999948,0.001864,-0.010017,0.000534,1
14.315602303,0.999948,0.001866,-0.010013,0.000536,1
14.320589066,0.999948,0.001868,-0.010012,0.000535,1
14.325573921,0.999948,0.001867,-0.010012,0.000534,1
14.330554008,0.999948,0.001867,-0.010012,0.000534,1
14.335531235,0.999948,0.001869,-0.010012,0.000535,1
14.340501785,0.999948,0.001869,-0.010014,0.000536,1
14.345467567,0.999948,0.001867,-0.010014,0.000537,1
14.350429535,0.999948,0.001868,-0.010014,0.000538,1
14.355385780,0.999948,0.001869,-0.010012,0.000537,1
14.360426903,0.999948,0.001871,-0.010012,0.000535,1
14.365462303,0.999948,0.001871,-0.010011,0.000535,1
14.370494843,0.999948,0.001872,-0.010009,0.000534,1
14.375522614,0.999948,0.001874,-0.010011,0.000534,1
14.380544662,0.999948,0.001874,-0.010013,0.000533,1
14.385563850,0.999948,0.001873,-0.010015,0.000536,1
14.390577316,0.999948,0.001874,-0.010014,0.000537,1
14.395586967,0.999948,0.001872,-0.010016,0.000536,1
14.400591850,0.999948,0.001872,-0.010016,0.000537,1
14.405591965,0.999948,0.001873,-0.010014,0.000537,1
14.410587311,0.999948,0.001873,-0.010014,0.000536,1
14.415578842,0.999948,0.001873,-0.010014,0.000537,1
14.420565605,0.999948,0.001871,-0.010012,0.000536,1
14.425547600,0.999948,0.001870,-0.010012,0.000536,1
14.430525780,0.999948,0.001872,-0.010014,0.000536,1
14.435498238,0.999948,0.001872,-0.010015,0.000535,1
14.440466881,0.999948,0.001874,-0.010015,0.000535,1
14.445429802,0.999948,0.001873,-0.010018,0.000536,1
14.450388908,0.999948,0.001874,-0.010018,0.000536,1
14.455430031,0.999948,0.001873,-0.010020,0.000535,1
14.460467339,0.999948,0.001871,-0.010021,0.000536,1
14.465497971,0.999948,0.001871,-0.010021,0.000535,1
14.470525742,0.999948,0.001869,-0.010023,0.000538,1
14.475548744,0.999948,0.001871,-0.010022,0.000536,1
14.480567932,0.999948,0.001870,-0.010022,0.000537,1
14.485581398,0.999948,0.001872,-0.010021,0.000537,1
14.490591049,0.999948,0.001872,-0.010019,0.000537,1
14.495595932,0.999948,0.001875,-0.010020,0.000536,1
14.500596046,0.999948,0.001876,-0.010021,0.000536,1
14.505590439,0.999948,0.001879,-0.010020,0.000535,1
14.510581970,0.999948,0.001879,-0.010016,0.000536,1
14.515567780,0.999948,0.001880,-0.010015,0.000537,1
14.520548820,0.999948,0.001881,-0.010013,0.000537,1
14.525525093,0.999948,0.001882,-0.010014,0.000538,1
14.530496597,0.999948,0.001882,-0.010013,0.000536,1
14.535464287,0.999948,0.001884,-0.010016,0.000537,1
14.540427208,0.999948,0.001887,-0.010017,0.000539,1
14.545384407,0.999948,0.001889,-0.010016,0.000539,1
14.550426483,0.999948,0.001888,-0.010016,0.000541,1
14.555463791,0.999948,0.001887,-0.010016,0.000542,1
14.560495377,0.999948,0.001885,-0.010017,0.000542,1
14.565523148,0.999948,0.001887,-0.010016,0.000543,1
14.570547104,0.999948,0.001885,-0.010015,0.000543,1
14.575567245,0.999948,0.001887,-0.010014,0.000542,1
14.580581665,0.999948,0.001886,-0.010013,0.000541,1
14.585590363,0.999948,0.001887,-0.010013,0.000541,1
14.590596199,0.999948,0.001886,-0.010010,0.000541,1
14.595597267,0.999948,0.001886,-0.010009,0.000541,1
14.600593567,0.999948,0.001885,-0.010011,0.000543,1
14.605584145,0.999948,0.001886,-0.010010,0.000543,1
14.610570908,0.999948,0.001886,-0.010009,0.000543,1
14.615552902,0.999948,0.001885,-0.010011,0.000544,1
14.620531082,0.999948,0.001887,-0.010013,0.000546,1
14.625503540,0.999948,0.001886,-0.010017,0.000544,1
14.630471230,0.999948,0.001887,-0.010019,0.000543,1
14.635436058,0.999948,0.001888,-0.010019,0.000542,1
14.640394211,0.999948,0.001886,-0.010020,0.000541,1
14.645436287,0.999948,0.001885,-0.010019,0.000541,1
14.650474548,0.999948,0.001882,-0.010020,0.000542,1
14.655506134,0.999948,0.001884,-0.010019,0.000543,1
14.660533905,0.999948,0.001885,-0.010019,0.000542,1
14.665557861,0.999948,0.001883,-0.010018,0.000542,1
14.670578003,0.999948,0.001883,-0.010018,0.000543,1
14.675593376,0.999948,0.001881,-0.010019,0.000544,1
14.680603027,0.999948,0.001881,-0.010020,0.000545,1
14.685607910,0.999948,0.001882,-0.010021,0.000545,1
14.690608978,0.999948,0.001881,-0.010020,0.000543,1
14.695604324,0.999948,0.001883,-0.010019,0.000544,1
14.700595856,0.999948,0.001882,-0.010019,0.000546,1
14.705583572,0.999948,0.001881,-0.010018,0.000545,1
14.710564613,0.999948,0.001877,-0.010017,0.000546,1
14.715543747,0.999948,0.001880,-0.010017,0.000546,1
14.720517159,0.999948,0.001881,-0.010016,0.000546,1
14.725485802,0.999948,0.001879,-0.010014,0.000546,1
14.730449677,0.999948,0.001878,-0.010013,0.000547,1
14.735408783,0.999948,0.001877,-0.010011,0.000547,1
14.740450859,0.999948,0.001876,-0.010010,0.000546,1
14.745489120,0.999948,0.001877,-0.010010,0.000546,1
14.750522614,0.999948,0.001877,-0.010010,0.000546,1
14.755551338,0.999948,0.001877,-0.010011,0.000547,1
14.760575294,0.999948,0.001876,-0.010011,0.000548,1
14.765594482,0.999948,0.001875,-0.010009,0.000548,1
14.770609856,0.999948,0.001875,-0.010006,0.000548,1
14.775620461,0.999948,0.001875,-0.010005,0.000550,1
14.780626297,0.999948,0.001875,-0.010004,0.000552,1
14.785627365,0.999948,0.001873,-0.010003,0.000551,1
14.790623665,0.999948,0.001870,-0.010004,0.000553,1
14.795615196,0.999948,0.001870,-0.010003,0.000552,1
14.800601959,0.999948,0.001872,-0.010002,0.000551,1
14.805584908,0.999948,0.001871,-0.010003,0.000553,1
14.810562134,0.999948,0.001871,-0.010003,0.000553,1
14.815536499,0.999948,0.001870,-0.010001,0.000552,1
14.820508957,0.999948,0.001872,-0.010000,0.000553,1
14.825475693,0.999948,0.001871,-0.009997,0.000553,1
14.830439568,0.999948,0.001872,-0.009997,0.000553,1
14.835481644,0.999948,0.001872,-0.009996,0.000554,1
14.840518951,0.999948,0.001872,-0.009994,0.000555,1
14.845552444,0.999948,0.001871,-0.009994,0.000554,1
14.850580215,0.999948,0.001872,-0.009993,0.000555,1
14.855605125,0.999948,0.001875,-0.009992,0.000555,1
14.860625267,0.999948,0.001877,-0.009992,0.000554,1
14.865639687,0.999948,0.001878,-0.009990,0.000553,1
14.870650291,0.999948,0.001878,-0.009986,0.000555,1
14.875655174,0.999948,0.001878,-0.009984,0.000554,1
14.880656242,0.999948,0.001878,-0.009982,0.000553,1
14.885652542,0.999948,0.001881,-0.009983,0.000554,1
14.890644073,0.999948,0.001881,-0.009984,0.000553,1
14.895631790,0.999948,0.001881,-0.009984,0.000552,1
14.900612831,0.999948,0.001883,-0.009984,0.000552,1
14.905593872,0.999948,0.001883,-0.009982,0.000552,1
14.910570145,0.999948,0.001882,-0.009981,0.000552,1
14.915541649,0.999948,0.001882,-0.009980,0.000553,1
14.920509338,0.999948,0.001881,-0.009980,0.000552,1
14.925470352,0.999948,0.001882,-0.009980,0.000553,1
14.930514336,0.999948,0.001883,-0.009981,0.000553,1
14.935551643,0.999948,0.001883,-0.009982,0.000551,1
14.940586090,0.999948,0.001881,-0.009981,0.000549,1
14.945615768,0.999948,0.001880,-0.009980,0.000548,1
14.950639725,0.999948,0.001879,-0.009980,0.000548,1
14.955658913,0.999948,0.001878,-0.009981,0.000548,1
14.960675240,0.999948,0.001878,-0.009982,0.000548,1
14.965685844,0.999948,0.001880,-0.009983,0.000547,1
14.970693588,0.999948,0.001880,-0.009984,0.000547,1
14.975695610,0.999948,0.001879,-0.009984,0.000546,1
14.980692863,0.999948,0.001880,-0.009983,0.000545,1
14.985686302,0.999948,0.001882,-0.009985,0.000544,1
14.990674973,0.999948,0.001881,-0.009984,0.000543,1
14.995658875,0.999948,0.001881,-0.009985,0.000544,1
15.000637054,0.999948,0.001880,-0.009986,0.000542,1
15.005612373,0.999948,0.001879,-0.009984,0.000542,1
15.010581970,0.999948,0.001878,-0.009984,0.000541,1
15.015546799,0.999948,0.001880,-0.009983,0.000541,1
15.020507812,0.999948,0.001880,-0.009983,0.000540,1
15.025551796,0.999948,0.001878,-0.009984,0.000539,1
15.030589104,0.999948,0.001878,-0.009985,0.000537,1
15.035623550,0.999948,0.001876,-0.009987,0.000538,1
15.040652275,0.999948,0.001876,-0.009986,0.000537,1
15.045677185,0.999948,0.001876,-0.009986,0.000537,1
15.050696373,0.999948,0.001875,-0.009985,0.000535,1
15.055712700,0.999948,0.001876,-0.009986,0.000534,1
15.060723305,0.999948,0.001878,-0.009986,0.000532,1
15.065730095,0.999948,0.001879,-0.009986,0.000531,1
15.070731163,0.999948,0.001881,-0.009986,0.000532,1
15.075728416,0.999948,0.001881,-0.009987,0.000533,1
15.080719948,0.999948,0.001880,-0.009987,0.000533,1
15.085708618,0.999948,0.001880,-0.009989,0.000531,1
15.090694427,0.999948,0.001881,-0.009990,0.000531,1
15.095675468,0.999948,0.001881,-0.009992,0.000531,1
15.100652695,0.999948,0.001881,-0.009992,0.000531,1
15.105625153,0.999948,0.001881,-0.009991,0.000529,1
15.110592842,0.999948,0.001881,-0.009992,0.000526,1
15.115555763,0.999948,0.001879,-0.009992,0.000527,1
15.120598793,0.999948,0.001876,-0.009991,0.000528,1
15.125637054,0.999948,0.001876,-0.009992,0.000528,1
15.130671501,0.999948,0.001876,-0.009992,0.000527,1
15.135700226,0.999948,0.001877,-0.009992,0.000525,1
15.140725136,0.999948,0.001876,-0.009992,0.000525,1
15.145745277,0.999948,0.001876,-0.009990,0.000525,1
15.150761604,0.999948,0.001877,-0.009988,0.000526,1
15.155773163,0.999948,0.001877,-0.009987,0.000528,1
15.160779953,0.999948,0.001876,-0.009987,0.000529,1
15.165781975,0.999948,0.001872,-0.009987,0.000528,1
15.170779228,0.999948,0.001870,-0.009987,0.000527,1
15.175771713,0.999948,0.001871,-0.009987,0.000528,1
15.180760384,0.999948,0.001871,-0.009990,0.000529,1
15.185744286,0.999948,0.001874,-0.009990,0.000529,1
15.190722466,0.999948,0.001873,-0.009989,0.000528,1
15.195696831,0.999948,0.001873,-0.009991,0.000529,1
15.200666428,0.999948,0.001874,-0.009991,0.000529,1
15.205632210,0.999948,0.001873,-0.009992,0.000529,1
15.210592270,0.999948,0.001873,-0.009991,0.000529,1
15.215552330,0.999948,0.001873,-0.009992,0.000528,1
15.220590591,0.999948,0.001874,-0.009994,0.000527,1
15.225625992,0.999948,0.001874,-0.009994,0.000527,1
15.230655670,0.999948,0.001875,-0.009995,0.000527,1
15.235680580,0.999948,0.001873,-0.009992,0.000527,1
15.240700722,0.999948,0.001873,-0.009991,0.000527,1
15.245717049,0.999948,0.001872,-0.009992,0.000528,1
15.250728607,0.999948,0.001871,-0.009992,0.000526,1
15.255736351,0.999948,0.001870,-0.009990,0.000525,1
15.260739326,0.999948,0.001868,-0.009992,0.000525,1
15.265737534,0.999948,0.001869,-0.009993,0.000524,1
15.270731926,0.999948,0.001869,-0.009993,0.000525,1
15.275720596,0.999948,0.001870,-0.009992,0.000526,1
15.280704498,0.999948,0.001869,-0.009989,0.000526,1
15.285684586,0.999948,0.001871,-0.009986,0.000527,1
15.290659904,0.999948,0.001874,-0.009984,0.000526,1
15.295630455,0.999948,0.001875,-0.009985,0.000524,1
15.300595284,0.999948,0.001873,-0.009984,0.000525,1
15.305558205,0.999948,0.001873,-0.009983,0.000525,1
15.310515404,0.999948,0.001872,-0.009978,0.000524,1
15.315554619,0.999948,0.001875,-0.009978,0.000525,1
15.320589066,0.999948,0.001876,-0.009978,0.000524,1
15.325618744,0.999948,0.001874,-0.009976,0.000526,1
15.330643654,0.999948,0.001875,-0.009977,0.000527,1
15.335664749,0.999948,0.001875,-0.009980,0.000527,1
15.340681076,0.999948,0.001875,-0.009979,0.000528,1
15.345691681,0.999948,0.001875,-0.009978,0.000526,1
15.350697517,0.999948,0.001874,-0.009978,0.000526,1
15.355699539,0.999948,0.001873,-0.009977,0.000525,1
15.360697746,0.999948,0.001872,-0.009976,0.000523,1
15.365691185,0.999948,0.001871,-0.009975,0.000523,1
15.370679855,0.999948,0.001872,-0.009979,0.000523,1
15.375664711,0.999948,0.001874,-0.009981,0.000523,1
15.380644798,0.999948,0.001871,-0.009984,0.000523,1
15.385620117,0.999948,0.001871,-0.009985,0.000522,1
15.390590668,0.999948,0.001872,-0.009986,0.000520,1
15.395557404,0.999948,0.001871,-0.009986,0.000520,1
15.400518417,0.999948,0.001871,-0.009985,0.000519,1
15.405475616,0.999948,0.001874,-0.009985,0.000519,1
15.410514832,0.999948,0.001874,-0.009985,0.000520,1
15.415550232,0.999948,0.001875,-0.009984,0.000519,1
15.420579910,0.999948,0.001875,-0.009982,0.000520,1
15.425605774,0.999948,0.001877,-0.009982,0.000519,1
15.430625916,0.999948,0.001877,-0.009979,0.000520,1
15.435642242,0.999948,0.001876,-0.009980,0.000521,1
15.440651894,0.999948,0.001876,-0.009981,0.000521,1
15.445658684,0.999948,0.001877,-0.009980,0.000520,1
15.450659752,0.999948,0.001875,-0.009979,0.000520,1
15.455656052,0.999948,0.001878,-0.009980,0.000520,1
15.460647583,0.999948,0.001879,-0.009980,0.000519,1
15.465633392,0.999948,0.001880,-0.009977,0.000518,1
15.470616341,0.999948,0.001879,-0.009976,0.000517,1
15.475593567,0.999948,0.001879,-0.009976,0.000514,1
15.480566025,0.999948,0.001880,-0.009976,0.000514,1
15.485532761,0.999948,0.001880,-0.009978,0.000516,1
15.490496635,0.999948,0.001879,-0.009978,0.000515,1
15.495453835,0.999948,0.001880,-0.009978,0.000514,1
15.500407219,0.999948,0.001880,-0.009975,0.000513,1
15.505447388,0.999948,0.001880,-0.009975,0.000512,1
15.510481834,0.999948,0.001878,-0.009974,0.000513,1
15.515512466,0.999948,0.001878,-0.009976,0.000512,1
15.520538330,0.999948,0.001879,-0.009978,0.000513,1
15.525558472,0.999948,0.001879,-0.009980,0.000512,1
15.530574799,0.999948,0.001878,-0.009980,0.000511,1
15.535585403,0.999948,0.001876,-0.009980,0.000511,1
15.540591240,0.999948,0.001878,-0.009981,0.000512,1
15.545593262,0.999948,0.001876,-0.009980,0.000512,1
15.550590515,0.999948,0.001878,-0.009977,0.000511,1
15.555583954,0.999948,0.001878,-0.009975,0.000509,1
15.560571671,0.999948,0.001879,-0.009974,0.000507,1
15.565555573,0.999948,0.001881,-0.009975,0.000508,1
15.570534706,0.999948,0.001879,-0.009976,0.000507,1
15.575507164,0.999948,0.001879,-0.009975,0.000508,1
15.580476761,0.999948,0.001879,-0.009975,0.000508,1
15.585439682,0.999948,0.001877,-0.009976,0.000508,1
15.590399742,0.999948,0.001878,-0.009976,0.000509,1
15.595354080,0.999948,0.001879,-0.009974,0.000509,1
15.600394249,0.999948,0.001878,-0.009973,0.000509,1
15.605430603,0.999948,0.001877,-0.009975,0.000511,1
15.610462189,0.999948,0.001876,-0.009974,0.000512,1
15.615488052,0.999948,0.001875,-0.009974,0.000513,1
15.620510101,0.999948,0.001875,-0.009976,0.000514,1
15.625526428,0.999948,0.001876,-0.009976,0.000514,1
15.630538940,0.999948,0.001877,-0.009976,0.000515,1
15.635544777,0.999948,0.001877,-0.009975,0.000515,1
15.640548706,0.999948,0.001878,-0.009972,0.000515,1
15.645546913,0.999948,0.001876,-0.009973,0.000515,1
15.650539398,0.999948,0.001873,-0.009977,0.000514,1
15.655528069,0.999948,0.001872,-0.009976,0.000516,1
15.660511971,0.999948,0.001871,-0.009975,0.000516,1
15.665491104,0.999948,0.001872,-0.009975,0.000516,1
15.670464516,0.999948,0.001871,-0.009976,0.000516,1
15.675434113,0.999948,0.001870,-0.009979,0.000514,1
15.680397987,0.999948,0.001870,-0.009980,0.000516,1
15.685357094,0.999948,0.001870,-0.009982,0.000516,1
15.690311432,0.999948,0.001869,-0.009980,0.000518,1
15.695353508,0.999948,0.001869,-0.009979,0.000517,1
15.700390816,0.999948,0.001870,-0.009979,0.000517,1
15.705422401,0.999948,0.001867,-0.009982,0.000517,1
15.710451126,0.999948,0.001867,-0.009982,0.000518,1
15.715474129,0.999948,0.001866,-0.009981,0.000518,1
15.720494270,0.999948,0.001864,-0.009983,0.000518,1
15.725508690,0.999948,0.001862,-0.009983,0.000520,1
15.730518341,0.999948,0.001863,-0.009983,0.000520,1
15.735523224,0.999948,0.001863,-0.009984,0.000521,1
15.740524292,0.999948,0.001862,-0.009982,0.000523,1
15.745521545,0.999948,0.001862,-0.009982,0.000521,1
15.750514984,0.999948,0.001862,-0.009982,0.000520,1
15.755502701,0.999948,0.001862,-0.009981,0.000521,1
15.760486603,0.999948,0.001862,-0.009979,0.000521,1
15.765464783,0.999948,0.001863,-0.009978,0.000520,1
15.770438194,0.999948,0.001861,-0.009979,0.000521,1
15.775407791,0.999948,0.001861,-0.009980,0.000521,1
15.780372620,0.999948,0.001862,-0.009977,0.000522,1
15.785332680,0.999948,0.001864,-0.009976,0.000523,1
15.790374756,0.999948,0.001862,-0.009977,0.000523,1
15.795411110,0.999948,0.001862,-0.009977,0.000523,1
15.800442696,0.999948,0.001863,-0.009976,0.000524,1
15.805470467,0.999948,0.001863,-0.009976,0.000523,1
15.810493469,0.999948,0.001863,-0.009974,0.000522,1
15.815510750,0.999948,0.001866,-0.009974,0.000522,1
15.820524216,0.999948,0.001867,-0.009974,0.000524,1
15.825532913,0.999948,0.001868,-0.009973,0.000525,1
15.830535889,0.999948,0.001867,-0.009973,0.000525,1
15.835535049,0.999948,0.001867,-0.009972,0.000524,1
15.840529442,0.999948,0.001865,-0.009973,0.000522,1
15.845518112,0.999948,0.001866,-0.009974,0.000523,1
15.850502968,0.999948,0.001867,-0.009976,0.000523,1
15.855483055,0.999948,0.001866,-0.009975,0.000523,1
15.860457420,0.999948,0.001865,-0.009976,0.000521,1
15.865427017,0.999948,0.001866,-0.009977,0.000522,1
15.870391846,0.999948,0.001865,-0.009977,0.000522,1
15.875352859,0.999948,0.001865,-0.009977,0.000521,1
15.880308151,0.999948,0.001864,-0.009978,0.000520,1
15.885350227,0.999948,0.001863,-0.009979,0.000520,1
15.890386581,0.999948,0.001863,-0.009979,0.000521,1
15.895419121,0.999948,0.001861,-0.009978,0.000523,1
15.900446892,0.999948,0.001859,-0.009979,0.000523,1
15.905467987,0.999948,0.001855,-0.009978,0.000522,1
15.910487175,0.999948,0.001855,-0.009978,0.000523,1
15.915499687,0.999948,0.001855,-0.009976,0.000523,1
15.920507431,0.999948,0.001856,-0.009977,0.000524,1
15.925511360,0.999948,0.001854,-0.009976,0.000525,1
15.930509567,0.999948,0.001852,-0.009979,0.000527,1
15.935503006,0.999948,0.001852,-0.009980,0.000528,1
15.940492630,0.999948,0.001851,-0.009982,0.000530,1
15.945476532,0.999948,0.001851,-0.009983,0.000530,1
15.950454712,0.999948,0.001850,-0.009980,0.000527,1
15.955429077,0.999948,0.001850,-0.009981,0.000527,1
15.960399628,0.999948,0.001847,-0.009977,0.000527,1
15.965364456,0.999948,0.001847,-0.009978,0.000529,1
15.970324516,0.999948,0.001847,-0.009976,0.000530,1
15.975278854,0.999948,0.001846,-0.009977,0.000527,1
15.980320930,0.999948,0.001843,-0.009977,0.000526,1
15.985359192,0.999948,0.001845,-0.009981,0.000527,1
15.990391731,0.999948,0.001846,-0.009982,0.000528,1
15.995420456,0.999948,0.001846,-0.009983,0.000529,1
16.000444412,0.999948,0.001849,-0.009984,0.000529,1
16.005464554,0.999948,0.001848,-0.009985,0.000528,1
16.010478973,0.999948,0.001850,-0.009984,0.000527,1
16.015487671,0.999948,0.001851,-0.009984,0.000527,1
16.020494461,0.999948,0.001850,-0.009982,0.000528,1
16.025497437,0.999948,0.001850,-0.009981,0.000528,1
16.030494690,0.999948,0.001849,-0.009981,0.000528,1
16.035486221,0.999948,0.001851,-0.009979,0.000529,1
16.040473938,0.999948,0.001853,-0.009976,0.000529,1
16.045457840,0.999948,0.001852,-0.009975,0.000528,1
16.050436020,0.999948,0.001852,-0.009975,0.000527,1
16.055410385,0.999948,0.001851,-0.009977,0.000529,1
16.060380936,0.999948,0.001850,-0.009978,0.000529,1
16.065345764,0.999948,0.001846,-0.009979,0.000528,1
16.070304871,0.999948,0.001845,-0.009979,0.000528,1
16.075347900,0.999948,0.001845,-0.009976,0.000528,1
16.080385208,0.999948,0.001848,-0.009978,0.000529,1
16.085420609,0.999948,0.001852,-0.009980,0.000531,1
16.090448380,0.999948,0.001853,-0.009983,0.000534,1
16.095472336,0.999948,0.001855,-0.009982,0.000536,1
16.100492477,0.999948,0.001839,-0.009988,0.000537,1
16.105506897,0.999948,0.001847,-0.009992,0.000531,1
16.110517502,0.999948,0.001823,-0.009996,0.000522,1
16.115524292,0.999948,0.001819,-0.009992,0.000530,1
16.120525360,0.999948,0.001858,-0.010005,0.000508,1
16.125522614,0.999948,0.001847,-0.010001,0.000520,1
16.130514145,0.999948,0.001824,-0.009987,0.000504,1
16.135503769,0.999949,0.001816,-0.009969,0.000494,1
16.140487671,0.999949,0.001827,-0.009958,0.000498,1
16.145465851,0.999949,0.001812,-0.009971,0.000504,1
16.150440216,0.999949,0.001843,-0.009957,0.000517,1
16.155410767,0.999949,0.001823,-0.009966,0.000560,1
16.160375595,0.999948,0.001876,-0.009972,0.000589,1
16.165336609,0.999948,0.001844,-0.009983,0.000617,1
16.170379639,0.999949,0.001792,-0.009930,0.000670,1
16.175416946,0.999948,0.001871,-0.009966,0.000671,1
16.180450439,0.999949,0.001860,-0.009918,0.000707,1
16.185480118,0.999949,0.001840,-0.009874,0.000755,1
16.190502167,0.999948,0.001893,-0.009945,0.000795,1
16.195522308,0.999949,0.001906,-0.009934,0.000835,1
16.200536728,0.999949,0.001791,-0.009923,0.000851,1
16.205545425,0.999949,0.001861,-0.009909,0.000888,1
16.210550308,0.999949,0.001910,-0.009917,0.000895,1
16.215549469,0.999949,0.001772,-0.009924,0.000907,1
16.220546722,0.999949,0.001828,-0.009922,0.000925,1
16.225538254,0.999949,0.001925,-0.009907,0.000907,1
16.230524063,0.999948,0.001866,-0.009993,0.000904,1
16.235506058,0.999948,0.001781,-0.009978,0.000933,1
16.240484238,0.999948,0.001837,-0.009951,0.000929,1
16.245456696,0.999948,0.001877,-0.010017,0.000892,1
16.250423431,0.999948,0.001793,-0.009978,0.000875,1
16.255388260,0.999948,0.001802,-0.009997,0.000852,1
16.260345459,0.999948,0.001773,-0.009993,0.000857,1
16.265388489,0.999947,0.001784,-0.010115,0.000843,1
16.270427704,0.999946,0.001765,-0.010228,0.000855,1
16.275459290,0.999946,0.001635,-0.010176,0.000936,1
16.280488968,0.999946,0.001811,-0.010180,0.000942,1
16.285512924,0.999944,0.001865,-0.010337,0.000916,1
16.290533066,0.999944,0.001801,-0.010382,0.000980,1
16.295547485,0.999945,0.001687,-0.010310,0.000991,1
16.300558090,0.999945,0.001694,-0.010332,0.001027,1
16.305562973,0.999944,0.001697,-0.010380,0.001047,1
16.310562134,0.999945,0.001696,-0.010340,0.001078,1
16.315559387,0.999945,0.001716,-0.010253,0.001119,1
16.320549011,0.999945,0.001716,-0.010268,0.001121,1
16.325534821,0.999945,0.001744,-0.010293,0.001172,1
16.330516815,0.999944,0.001709,-0.010346,0.001265,1
16.335491180,0.999944,0.001725,-0.010394,0.001333,1
16.340463638,0.999944,0.001774,-0.010362,0.001380,1
16.345430374,0.999944,0.001715,-0.010372,0.001416,1
16.350391388,0.999943,0.001679,-0.010398,0.001468,1
16.355348587,0.999944,0.001696,-0.010346,0.001538,1
16.360393524,0.999944,0.001730,-0.010323,0.001570,1
16.365430832,0.999944,0.001675,-0.010320,0.001627,1
16.370466232,0.999944,0.001667,-0.010352,0.001674,1
16.375495911,0.999943,0.001743,-0.010414,0.001698,1
16.380519867,0.999943,0.001854,-0.010378,0.001696,1
16.385541916,0.999943,0.001973,-0.010344,0.001636,1
16.390558243,0.999944,0.002012,-0.010302,0.001585,1
16.395568848,0.999944,0.002020,-0.010296,0.001509,1
16.400575638,0.999944,0.002057,-0.010273,0.001454,1
16.405580521,0.999943,0.002016,-0.010387,0.001418,1
16.410579681,0.999943,0.001914,-0.010424,0.001420,1
16.415571213,0.999943,0.001932,-0.010405,0.001408,1
16.420562744,0.999942,0.002065,-0.010450,0.001342,1
16.425546646,0.999941,0.002099,-0.010542,0.001289,1
16.430524826,0.999942,0.001908,-0.010496,0.001296,1
16.435501099,0.999943,0.002077,-0.010417,0.001262,1
16.440471649,0.999941,0.002218,-0.010580,0.001174,1
16.445436478,0.999942,0.001928,-0.010542,0.001185,1
16.450397491,0.999943,0.001904,-0.010426,0.001211,1
16.455354691,0.999942,0.001968,-0.010487,0.001107,1
16.460393906,0.999943,0.002034,-0.010436,0.001035,1
16.465427399,0.999944,0.002050,-0.010345,0.000944,1
16.470457077,0.999944,0.001926,-0.010375,0.000928,1
16.475482941,0.999943,0.001947,-0.010457,0.000870,1
16.480503082,0.999944,0.001987,-0.010368,0.000779,1
16.485517502,0.999943,0.001931,-0.010436,0.000712,1
16.490530014,0.999942,0.001893,-0.010565,0.000683,1
16.495536804,0.999943,0.001933,-0.010476,0.000629,1
16.500537872,0.999943,0.001973,-0.010514,0.000512,1
16.505535126,0.999942,0.001873,-0.010608,0.000418,1
16.510526657,0.999943,0.001784,-0.010558,0.000356,1
16.515514374,0.999943,0.001851,-0.010542,0.000265,1
16.520496368,0.999942,0.001835,-0.010626,0.000161,1
16.525476456,0.999943,0.001767,-0.010559,0.000122,1
16.530450821,0.999943,0.001800,-0.010525,0.000015,1
16.535419464,0.999943,0.001783,-0.010560,-0.000114,1
16.540384293,0.999943,0.001773,-0.010491,-0.000209,1
16.545345306,0.999943,0.001702,-0.010550,-0.000311,1
16.550300598,0.999943,0.001663,-0.010586,-0.000360,1
16.555339813,0.999943,0.001690,-0.010543,-0.000440,1
16.560373306,0.999942,0.001679,-0.010598,-0.000518,1
16.565402985,0.999941,0.001552,-0.010692,-0.000558,1
16.570428848,0.999942,0.001535,-0.010647,-0.000614,1
16.575448990,0.999942,0.001631,-0.010609,-0.000703,1
16.580465317,0.999941,0.001610,-0.010725,-0.000783,1
16.585475922,0.999941,0.001436,-0.010707,-0.000784,1
16.590480804,0.999942,0.001456,-0.010632,-0.000824,1
16.595481873,0.999941,0.001646,-0.010664,-0.000968,1
16.600477219,0.999942,0.001682,-0.010580,-0.001036,1
16.605468750,0.999942,0.001590,-0.010609,-0.001083,1
16.610456467,0.999941,0.001348,-0.010703,-0.001082,1
16.615436554,0.999942,0.001458,-0.010617,-0.001117,1
16.620414734,0.999942,0.001593,-0.010568,-0.001279,1
16.625387192,0.999941,0.001659,-0.010689,-0.001285,1
16.630353928,0.999941,0.001609,-0.010713,-0.001274,1
16.635316849,0.999940,0.001310,-0.010781,-0.001285,1
16.640275955,0.999941,0.001472,-0.010667,-0.001303,1
16.645229340,0.999942,0.001584,-0.010577,-0.001434,1
16.650268555,0.999940,0.001549,-0.010726,-0.001412,1
16.655303955,0.999939,0.001362,-0.010843,-0.001351,1
16.660335541,0.999941,0.001207,-0.010678,-0.001350,1
16.665361404,0.999943,0.001378,-0.010463,-0.001366,1
16.670383453,0.999941,0.001302,-0.010706,-0.001387,1
16.675399780,0.999940,0.001181,-0.010824,-0.001276,1
16.680412292,0.999944,0.001254,-0.010458,-0.001229,1
16.685420990,0.999942,0.001422,-0.010639,-0.001314,1
16.690423965,0.999940,0.001182,-0.010859,-0.001229,1
16.695423126,0.999944,0.001140,-0.010418,-0.001106,1
16.700418472,0.999941,0.001273,-0.010706,-0.001219,1
16.705408096,0.999941,0.001384,-0.010676,-0.001146,1
16.710393906,0.999944,0.001500,-0.010429,-0.001129,1
16.715375900,0.999943,0.001670,-0.010511,-0.001095,1
16.720352173,0.999941,0.001467,-0.010741,-0.001065,1
16.725324631,0.999944,0.001371,-0.010430,-0.000997,1
16.730291367,0.999944,0.001557,-0.010447,-0.000969,1
16.735254288,0.999942,0.001513,-0.010626,-0.000885,1
16.740213394,0.999944,0.001663,-0.010419,-0.000682,1
16.745252609,0.999944,0.001659,-0.010444,-0.000662,1
16.750288010,0.999943,0.001741,-0.010511,-0.000625,1
16.755319595,0.999945,0.001739,-0.010312,-0.000473,1
16.760345459,0.999944,0.002038,-0.010354,-0.000415,1
16.765365601,0.999942,0.002066,-0.010567,-0.000346,1
16.770383835,0.999946,0.001965,-0.010219,-0.000141,1
16.775396347,0.999945,0.002162,-0.010271,-0.000078,1
16.780405045,0.999944,0.002315,-0.010282,0.000029,1
16.785409927,0.999945,0.002206,-0.010224,0.000071,1
16.790409088,0.999947,0.002305,-0.010060,0.000188,1
16.795402527,0.999945,0.002454,-0.010240,0.000251,1
16.800394058,0.999945,0.002511,-0.010199,0.000360,1
16.805377960,0.999946,0.002584,-0.010074,0.000455,1
16.810358047,0.999945,0.002804,-0.010125,0.000500,1
16.815336227,0.999945,0.002782,-0.010140,0.000564,1
16.820306778,0.999946,0.002723,-0.010045,0.000655,1
16.825273514,0.999945,0.002893,-0.010058,0.000728,1
16.830236435,0.999945,0.002865,-0.010095,0.000775,1
16.835193634,0.999946,0.002885,-0.009908,0.000871,1
16.840234756,0.999946,0.003022,-0.009890,0.000933,1
16.845270157,0.999944,0.003089,-0.010048,0.000972,1
16.850303650,0.999946,0.002963,-0.009848,0.001110,1
16.855331421,0.999947,0.003178,-0.009771,0.001162,1
16.860353470,0.999944,0.003268,-0.009988,0.001166,1
16.865371704,0.999947,0.003017,-0.009743,0.001308,1
16.870386124,0.999947,0.003182,-0.009710,0.001330,1
16.875396729,0.999946,0.003384,-0.009753,0.001382,1
16.880401611,0.999947,0.003297,-0.009652,0.001416,1
16.885400772,0.999946,0.003314,-0.009771,0.001472,1
16.890398026,0.999947,0.003175,-0.009649,0.001587,1
16.895389557,0.999947,0.003364,-0.009587,0.001625,1
16.900375366,0.999944,0.003455,-0.009831,0.001595,1
16.905355453,0.999946,0.003427,-0.009639,0.001709,1
16.910333633,0.999946,0.003757,-0.009529,0.001719,1
16.915306091,0.999943,0.004102,-0.009757,0.001657,1
16.920274734,0.999945,0.003959,-0.009583,0.001690,1
16.925237656,0.999946,0.003785,-0.009552,0.001643,1
16.930196762,0.999945,0.003701,-0.009634,0.001703,1
16.935237885,0.999945,0.003498,-0.009769,0.001689,1
16.940275192,0.999948,0.003754,-0.009312,0.001874,1
16.945306778,0.999946,0.004253,-0.009362,0.001733,1
16.950336456,0.999940,0.004458,-0.009914,0.001634,1
16.955358505,0.999943,0.004317,-0.009632,0.001654,1
16.960378647,0.999944,0.004327,-0.009503,0.001625,1
16.965393066,0.999940,0.004549,-0.009819,0.001651,1
16.970403671,0.999944,0.004283,-0.009466,0.001768,1
16.975408554,0.999945,0.004319,-0.009418,0.001784,1
16.980407715,0.999941,0.004705,-0.009597,0.001786,1
16.985404968,0.999943,0.004727,-0.009409,0.001717,1
16.990394592,0.999942,0.004806,-0.009473,0.001685,1
16.995380402,0.999941,0.004860,-0.009516,0.001768,1
17.000362396,0.999942,0.004877,-0.009472,0.001780,1
17.005338669,0.999942,0.004833,-0.009510,0.001775,1
17.010311127,0.999942,0.004795,-0.009499,0.001885,1
17.015277863,0.999942,0.004904,-0.009421,0.001969,1
17.020240784,0.999942,0.004996,-0.009387,0.001975,1
17.025197983,0.999942,0.005016,-0.009301,0.001982,1
17.030239105,0.999942,0.005069,-0.009291,0.001951,1
17.035274506,0.999942,0.005097,-0.009329,0.001989,1
17.040307999,0.999942,0.005023,-0.009292,0.002073,1
17.045335770,0.999942,0.005036,-0.009240,0.002160,1
17.050359726,0.999942,0.005124,-0.009226,0.002247,1
17.055377960,0.999942,0.005148,-0.009224,0.002308,1
17.060392380,0.999942,0.005120,-0.009217,0.002383,1
17.065401077,0.999942,0.005126,-0.009200,0.002431,1
17.070405960,0.999941,0.005112,-0.009212,0.002464,1
17.075405121,0.999941,0.005107,-0.009198,0.002537,1
17.080400467,0.999942,0.005107,-0.009165,0.002619,1
17.085391998,0.999941,0.005152,-0.009153,0.002719,1
17.090377808,0.999941,0.005181,-0.009156,0.002808,1
17.095357895,0.999941,0.005174,-0.009152,0.002878,1
17.100337982,0.999940,0.005166,-0.009157,0.002944,1
17.105312347,0.999940,0.005148,-0.009157,0.003010,1
17.110282898,0.999940,0.005147,-0.009169,0.003108,1
17.115247726,0.999939,0.005137,-0.009183,0.003233,1
17.120208740,0.999939,0.005105,-0.009179,0.003369,1
17.125249863,0.999939,0.005097,-0.009184,0.003499,1
17.130287170,0.999938,0.005087,-0.009195,0.003620,1
17.135320663,0.999938,0.005073,-0.009220,0.003739,1
17.140348434,0.999937,0.005054,-0.009215,0.003862,1
17.145370483,0.999937,0.005057,-0.009213,0.003998,1
17.150388718,0.999936,0.005086,-0.009206,0.004131,1
17.155403137,0.999936,0.005064,-0.009193,0.004266,1
17.160411835,0.999935,0.005008,-0.009194,0.004410,1
17.165416718,0.999935,0.004966,-0.009199,0.004546,1
17.170415878,0.999934,0.004980,-0.009215,0.004660,1
17.175411224,0.999933,0.004980,-0.009242,0.004778,1
17.180404663,0.999933,0.004948,-0.009271,0.004905,1
17.185390472,0.999932,0.004947,-0.009271,0.005037,1
17.190370560,0.999932,0.004931,-0.009269,0.005162,1
17.195348740,0.999931,0.004930,-0.009305,0.005281,1
17.200321198,0.999930,0.004896,-0.009301,0.005418,1
17.205289841,0.999930,0.004809,-0.009307,0.005549,1
17.210250854,0.999929,0.004749,-0.009308,0.005675,1
17.215209961,0.999929,0.004750,-0.009300,0.005796,1
17.220251083,0.999928,0.004714,-0.009342,0.005943,1
17.225290298,0.999927,0.004695,-0.009352,0.006119,1
17.230323792,0.999925,0.004744,-0.009338,0.006267,1
17.235351562,0.999924,0.004720,-0.009381,0.006407,1
17.240375519,0.999924,0.004583,-0.009333,0.006564,1
17.245395660,0.999924,0.004617,-0.009323,0.006685,1
17.250410080,0.999922,0.004642,-0.009391,0.006826,1
17.255420685,0.999921,0.004536,-0.009392,0.006993,1
17.260427475,0.999921,0.004484,-0.009346,0.007152,1
17.265428543,0.999919,0.004567,-0.009365,0.007296,1
17.270423889,0.999918,0.004572,-0.009414,0.007428,1
17.275417328,0.999917,0.004554,-0.009370,0.007579,1
17.280403137,0.999916,0.004640,-0.009374,0.007701,1
17.285387039,0.999914,0.004675,-0.009431,0.007814,1
17.290363312,0.999913,0.004613,-0.009419,0.007964,1
17.295337677,0.999912,0.004585,-0.009474,0.008109,1
17.300306320,0.999911,0.004644,-0.009454,0.008246,1
17.305267334,0.999909,0.004792,-0.009401,0.008372,1
17.310228348,0.999906,0.004899,-0.009529,0.008499,1
17.315271378,0.999905,0.004831,-0.009602,0.008666,1
17.320308685,0.999905,0.004796,-0.009489,0.008825,1
17.325342178,0.999903,0.004960,-0.009496,0.008901,1
17.330369949,0.999901,0.005029,-0.009533,0.009020,1
17.335395813,0.999900,0.005067,-0.009471,0.009197,1
17.340415955,0.999898,0.005170,-0.009492,0.009323,1
17.345430374,0.999897,0.005143,-0.009488,0.009474,1
17.350440979,0.999896,0.005074,-0.009492,0.009596,1
17.355445862,0.999894,0.005106,-0.009506,0.009747,1
17.360446930,0.999893,0.005010,-0.009490,0.009927,1
17.365446091,0.999892,0.004912,-0.009485,0.010121,1
17.370439529,0.999891,0.004894,-0.009356,0.010282,1
17.375429153,0.999889,0.004854,-0.009425,0.010428,1
17.380413055,0.999886,0.004766,-0.009548,0.010673,1
17.385391235,0.999885,0.004627,-0.009435,0.010966,1
17.390367508,0.999883,0.004659,-0.009404,0.011170,1
17.395334244,0.999880,0.004804,-0.009394,0.011338,1
17.400300980,0.999877,0.004938,-0.009363,0.011559,1
17.405261993,0.999875,0.004796,-0.009433,0.011769,1
17.410303116,0.999874,0.004485,-0.009377,0.011996,1
17.415342331,0.999873,0.004552,-0.009263,0.012179,1
17.420375824,0.999870,0.004569,-0.009291,0.012357,1
17.425405502,0.999865,0.004678,-0.009430,0.012597,1
17.430429459,0.999862,0.004856,-0.009384,0.012826,1
17.435449600,0.999860,0.004635,-0.009443,0.013000,1
17.440464020,0.999857,0.004702,-0.009483,0.013175,1
17.445474625,0.999855,0.004844,-0.009381,0.013325,1
17.450479507,0.999853,0.004787,-0.009524,0.013440,1
17.455480576,0.999849,0.004823,-0.009625,0.013627,1
17.460477829,0.999849,0.004835,-0.009402,0.013794,1
17.465469360,0.999846,0.004906,-0.009549,0.013877,1
17.470455170,0.999844,0.004894,-0.009602,0.014013,1
17.475439072,0.999845,0.004868,-0.009386,0.014107,1
17.480417252,0.999842,0.005004,-0.009472,0.014183,1
17.485391617,0.999838,0.005109,-0.009633,0.014313,1
17.490360260,0.999837,0.004933,-0.009641,0.014474,1
17.495325089,0.999836,0.004733,-0.009519,0.014649,1
17.500284195,0.999837,0.004854,-0.009308,0.014691,1
17.505329132,0.999833,0.005161,-0.009524,0.014693,1
17.510366440,0.999829,0.005136,-0.009801,0.014825,1
17.515399933,0.999829,0.004789,-0.009605,0.015041,1
17.520429611,0.999829,0.004973,-0.009363,0.015161,1
17.525453568,0.999827,0.005254,-0.009573,0.015050,1
17.530471802,0.999827,0.005059,-0.009660,0.015095,1
17.535486221,0.999826,0.004768,-0.009549,0.015303,1
17.540494919,0.999825,0.004893,-0.009422,0.015415,1
17.545497894,0.999824,0.005120,-0.009455,0.015375,1
17.550498962,0.999823,0.005208,-0.009624,0.015290,1
17.555492401,0.999824,0.004978,-0.009587,0.015311,1
17.560483932,0.999823,0.004972,-0.009533,0.015419,1
17.565467834,0.999825,0.005141,-0.009433,0.015346,1
17.570449829,0.999824,0.005145,-0.009605,0.015243,1
17.575426102,0.999824,0.004941,-0.009703,0.015269,1
17.580398560,0.999826,0.004947,-0.009484,0.015252,1
17.585365295,0.999827,0.005214,-0.009551,0.015089,1
17.590328217,0.999826,0.005314,-0.009690,0.015029,1
17.595285416,0.999829,0.005081,-0.009527,0.015013,1
17.600328445,0.999828,0.005265,-0.009632,0.014971,1
17.605367661,0.999827,0.005259,-0.009671,0.014964,1
17.610401154,0.999829,0.005192,-0.009557,0.014931,1
17.615430832,0.999828,0.005324,-0.009680,0.014905,1
17.620456696,0.999827,0.005220,-0.009746,0.014945,1
17.625478745,0.999829,0.005188,-0.009562,0.014930,1
17.630495071,0.999829,0.005525,-0.009576,0.014824,1
17.635505676,0.999830,0.005288,-0.009702,0.014760,1
17.640510559,0.999831,0.004968,-0.009576,0.014868,1
17.645515442,0.999833,0.005231,-0.009356,0.014808,1
17.650512695,0.999832,0.005477,-0.009604,0.014631,1
17.655504227,0.999833,0.005176,-0.009687,0.014616,1
17.660493851,0.999834,0.005004,-0.009488,0.014703,1
17.665475845,0.999833,0.005401,-0.009587,0.014584,1
17.670455933,0.999834,0.005223,-0.009779,0.014448,1
17.675430298,0.999836,0.004885,-0.009654,0.014511,1
17.680398941,0.999838,0.005139,-0.009419,0.014470,1
17.685365677,0.999836,0.005623,-0.009585,0.014274,1
17.690324783,0.999838,0.005365,-0.009836,0.014091,1
17.695278168,0.999843,0.005001,-0.009403,0.014164,1
17.700319290,0.999842,0.005407,-0.009400,0.014053,1
17.705352783,0.999842,0.005652,-0.009660,0.013833,1
17.710382462,0.999846,0.005240,-0.009548,0.013757,1
17.715408325,0.999847,0.005370,-0.009400,0.013751,1
17.720428467,0.999847,0.005484,-0.009526,0.013590,1
17.725444794,0.999851,0.005336,-0.009370,0.013457,1
17.730453491,0.999851,0.005714,-0.009416,0.013275,1
17.735462189,0.999851,0.005746,-0.009701,0.013053,1
17.740463257,0.999853,0.005432,-0.009711,0.013072,1
17.745462418,0.999857,0.005357,-0.009370,0.013045,1
17.750455856,0.999859,0.005489,-0.009356,0.012808,1
17.755443573,0.999858,0.005669,-0.009674,0.012586,1
17.760427475,0.999861,0.005384,-0.009570,0.012512,1
17.765407562,0.999864,0.005370,-0.009376,0.012455,1
17.770381927,0.999864,0.005590,-0.009542,0.012260,1
17.775350571,0.999867,0.005531,-0.009484,0.012089,1
17.780313492,0.999869,0.005477,-0.009459,0.011943,1
17.785274506,0.999869,0.005634,-0.009532,0.011807,1
17.790229797,0.999872,0.005539,-0.009428,0.011688,1
17.795270920,0.999875,0.005355,-0.009382,0.011556,1
17.800306320,0.999877,0.005403,-0.009385,0.011362,1
17.805335999,0.999877,0.005460,-0.009519,0.011170,1
17.810361862,0.999879,0.005334,-0.009549,0.011049,1
17.815383911,0.999881,0.005402,-0.009426,0.010949,1
17.820400238,0.999881,0.005538,-0.009520,0.010763,1
17.825412750,0.999883,0.005406,-0.009564,0.010609,1
17.830423355,0.999888,0.005207,-0.009341,0.010436,1
17.835426331,0.999890,0.005423,-0.009299,0.010212,1
17.840425491,0.999892,0.005423,-0.009372,0.009979,1
17.845420837,0.999894,0.005126,-0.009413,0.009870,1
17.850408554,0.999896,0.005228,-0.009260,0.009700,1
17.855396271,0.999897,0.005374,-0.009349,0.009442,1
17.860376358,0.999898,0.005354,-0.009459,0.009264,1
17.865352631,0.999901,0.005115,-0.009407,0.009116,1
17.870323181,0.999904,0.004992,-0.009355,0.008961,1
17.875291824,0.999905,0.005156,-0.009388,0.008716,1
17.880254745,0.999907,0.005074,-0.009494,0.008411,1
17.885211945,0.999909,0.004811,-0.009451,0.008305,1
17.890253067,0.999911,0.004862,-0.009386,0.008141,1
17.895288467,0.999912,0.004985,-0.009408,0.007905,1
17.900318146,0.999915,0.004876,-0.009372,0.007684,1
17.905344009,0.999916,0.004833,-0.009420,0.007450,1
17.910366058,0.999919,0.004563,-0.009377,0.007299,1
17.915384293,0.999922,0.004410,-0.009237,0.007174,1
17.920394897,0.999923,0.004636,-0.009249,0.006843,1
17.925401688,0.999922,0.004623,-0.009483,0.006622,1
17.930406570,0.999924,0.004180,-0.009583,0.006580,1
17.935405731,0.999929,0.004028,-0.009202,0.006483,1
17.940397263,0.999928,0.004354,-0.009297,0.006159,1
17.945386887,0.999927,0.004207,-0.009665,0.005904,1
17.950372696,0.999932,0.003771,-0.009383,0.005849,1
17.955352783,0.999934,0.003795,-0.009258,0.005710,1
17.960327148,0.999935,0.003818,-0.009315,0.005415,1
17.965297699,0.999937,0.003737,-0.009259,0.005165,1
17.970264435,0.999935,0.003806,-0.009485,0.004968,1
17.975225449,0.999937,0.003590,-0.009470,0.004805,1
17.980182648,0.999941,0.003272,-0.009179,0.004702,1
17.985221863,0.999943,0.003546,-0.009085,0.004400,1
17.990259171,0.999939,0.003722,-0.009621,0.004015,1
17.995288849,0.999941,0.003439,-0.009529,0.003902,1
18.000316620,0.999945,0.003234,-0.009251,0.003747,1
18.005338669,0.999946,0.003543,-0.009155,0.003478,1
18.010354996,0.999945,0.003553,-0.009363,0.003163,1
18.015369415,0.999948,0.003229,-0.009243,0.002985,1
18.020376205,0.999948,0.003311,-0.009247,0.002761,1
18.025381088,0.999948,0.003234,-0.009336,0.002591,1
18.030380249,0.999949,0.003244,-0.009281,0.002388,1
18.035375595,0.999949,0.003176,-0.009288,0.002180,1
18.040365219,0.999950,0.003080,-0.009305,0.002011,1
18.045349121,0.999951,0.002943,-0.009260,0.001808,1
18.050331116,0.999951,0.003135,-0.009242,0.001611,1
18.055307388,0.999952,0.002959,-0.009187,0.001421,1
18.060279846,0.999954,0.002969,-0.009087,0.001242,1
18.065246582,0.999952,0.003083,-0.009215,0.001002,1
18.070207596,0.999953,0.002849,-0.009220,0.000839,1
18.075168610,0.999955,0.002709,-0.009074,0.000730,1
18.080211639,0.999955,0.002854,-0.009006,0.000525,1
18.085247040,0.999955,0.002868,-0.009081,0.000288,1
18.090278625,0.999955,0.002754,-0.009126,0.000125,1
18.095306396,0.999955,0.002701,-0.009118,0.000031,1
18.100328445,0.999955,0.002798,-0.009098,-0.000124,1
18.105346680,0.999954,0.002796,-0.009221,-0.000333,1
18.110359192,0.999955,0.002708,-0.009136,-0.000460,1
18.115365982,0.999955,0.002706,-0.009072,-0.000617,1
18.120372772,0.999953,0.002892,-0.009174,-0.000784,1
18.125371933,0.999954,0.002862,-0.009102,-0.000948,1
18.130369186,0.999955,0.002694,-0.009027,-0.001142,1
18.135358810,0.999954,0.002903,-0.009037,-0.001310,1
18.140344620,0.999953,0.003038,-0.009099,-0.001544,1
18.145326614,0.999953,0.002843,-0.009100,-0.001667,1
18.150302887,0.999954,0.002798,-0.009057,-0.001759,1
18.155275345,0.999953,0.002855,-0.009075,-0.001932,1
18.160243988,0.999952,0.002945,-0.009125,-0.002119,1
18.165206909,0.999951,0.002929,-0.009204,-0.002316,1
18.170166016,0.999951,0.002871,-0.009157,-0.002408,1
18.175205231,0.999950,0.003021,-0.009180,-0.002578,1
18.180242538,0.999949,0.003031,-0.009231,-0.002800,1
18.185276031,0.999949,0.003002,-0.009243,-0.002923,1
18.190301895,0.999949,0.002898,-0.009133,-0.003074,1
18.195325851,0.999949,0.003135,-0.008993,-0.003274,1
18.200342178,0.999946,0.003408,-0.009199,-0.003537,1
18.205356598,0.999944,0.003452,-0.009315,-0.003739,1
18.210365295,0.999945,0.003291,-0.009168,-0.003819,1
18.215370178,0.999946,0.003372,-0.009020,-0.003975,1
18.220369339,0.999943,0.003681,-0.009109,-0.004294,1
18.225366592,0.999940,0.003810,-0.009283,-0.004488,1
18.230358124,0.999937,0.003950,-0.009456,-0.004606,1
18.235342026,0.999939,0.003660,-0.009309,-0.004706,1
18.240325928,0.999943,0.003344,-0.008957,-0.004813,1
18.245302200,0.999939,0.003557,-0.009149,-0.005125,1
18.250274658,0.999934,0.003487,-0.009511,-0.005367,1
18.255241394,0.999936,0.003391,-0.009433,-0.005299,1
18.260206223,0.999938,0.003354,-0.009215,-0.005321,1
18.265163422,0.999938,0.003487,-0.009011,-0.005501,1
18.270206451,0.999934,0.003791,-0.009193,-0.005785,1
18.275241852,0.999928,0.004092,-0.009486,-0.006066,1
18.280275345,0.999931,0.003510,-0.009405,-0.006183,1
18.285301208,0.999936,0.003204,-0.008940,-0.006120,1
18.290325165,0.999932,0.003843,-0.008934,-0.006382,1
18.295343399,0.999925,0.004057,-0.009280,-0.006834,1
18.300355911,0.999922,0.004118,-0.009564,-0.006962,1
18.305366516,0.999919,0.004460,-0.009582,-0.007131,1
18.310369492,0.999913,0.004458,-0.009943,-0.007448,1
18.315368652,0.999909,0.004464,-0.010213,-0.007645,1
18.320363998,0.999905,0.004530,-0.010340,-0.007931,1
18.325351715,0.999897,0.004589,-0.010813,-0.008221,1
18.330337524,0.999890,0.004517,-0.011294,-0.008491,1
18.335317612,0.999884,0.004317,-0.011720,-0.008701,1
18.340295792,0.999875,0.004136,-0.012400,-0.008898,1
18.345270157,0.999863,0.003911,-0.013156,-0.009232,1
18.350234985,0.999854,0.003466,-0.013796,-0.009515,1
18.355199814,0.999874,0.003200,-0.011806,-0.010077,1
18.360158920,0.999885,0.000374,-0.011302,-0.010117,1
18.365200043,0.999861,0.004299,-0.012855,-0.009672,1
18.370239258,0.999795,0.004273,-0.016695,-0.010598,1
18.375270844,0.999786,0.003358,-0.017059,-0.011200,1
18.380298615,0.999797,0.004097,-0.015911,-0.011626,1
18.385322571,0.999833,0.003386,-0.012771,-0.012608,1
18.390340805,0.999825,0.003252,-0.012759,-0.013309,1
18.395355225,0.999804,0.004880,-0.013926,-0.013204,1
18.400363922,0.999796,0.005452,-0.014163,-0.013313,1
18.405372620,0.999779,0.003685,-0.015336,-0.013912,1
18.410373688,0.999810,0.004653,-0.013095,-0.013687,1
18.415370941,0.999793,0.004979,-0.013633,-0.014267,1
18.420360565,0.999770,0.005082,-0.014945,-0.014509,1
18.425350189,0.999794,0.004212,-0.013427,-0.014642,1
18.430332184,0.999790,0.003788,-0.013544,-0.014877,1
18.435312271,0.999775,0.004704,-0.014212,-0.015051,1
18.440284729,0.999783,0.004472,-0.013514,-0.015206,1
18.445255280,0.999769,0.004709,-0.014191,-0.015467,1
18.450218201,0.999766,0.004297,-0.014234,-0.015681,1
18.455177307,0.999783,0.004029,-0.013029,-0.015747,1
18.460220337,0.999773,0.004339,-0.013253,-0.016130,1
18.465257645,0.999747,0.005208,-0.014337,-0.016503,1
18.470291138,0.999747,0.004817,-0.014354,-0.016619,1
18.475318909,0.999752,0.004288,-0.014173,-0.016638,1
18.480342865,0.999761,0.004105,-0.013572,-0.016668,1
18.485363007,0.999758,0.004495,-0.013164,-0.017025,1
18.490377426,0.999732,0.005061,-0.014193,-0.017580,1
18.495389938,0.999734,0.004358,-0.014105,-0.017695,1
18.500394821,0.999747,0.004080,-0.013329,-0.017662,1
18.505395889,0.999737,0.004718,-0.013543,-0.017912,1
18.510393143,0.999715,0.004749,-0.014630,-0.018280,1
18.515384674,0.999733,0.004050,-0.013731,-0.018124,1
18.520370483,0.999740,0.004230,-0.012881,-0.018327,1
18.525354385,0.999719,0.004825,-0.013651,-0.018766,1
18.530332565,0.999707,0.004671,-0.014317,-0.018968,1
18.535305023,0.999717,0.004584,-0.013722,-0.018869,1
18.540273666,0.999714,0.004638,-0.013588,-0.019138,1
18.545236588,0.999699,0.005239,-0.014037,-0.019437,1
18.550193787,0.999697,0.004818,-0.013907,-0.019709,1
18.555238724,0.999704,0.004635,-0.013547,-0.019647,1
18.560276031,0.999695,0.004671,-0.013845,-0.019907,1
18.565307617,0.999693,0.004289,-0.013892,-0.020067,1
18.570339203,0.999691,0.004225,-0.013939,-0.020150,1
18.575361252,0.999687,0.004486,-0.014016,-0.020245,1
18.580381393,0.999683,0.004447,-0.014098,-0.020402,1
18.585397720,0.999687,0.004034,-0.013843,-0.020436,1
18.590408325,0.999687,0.003990,-0.013586,-0.020620,1
18.595413208,0.999678,0.003960,-0.013969,-0.020817,1
18.600416183,0.999678,0.003764,-0.014109,-0.020769,1
18.605411530,0.999679,0.003597,-0.013987,-0.020798,1
18.610404968,0.999680,0.003253,-0.014081,-0.020784,1
18.615392685,0.999679,0.003188,-0.013977,-0.020895,1
18.620376587,0.999675,0.003082,-0.014046,-0.021050,1
18.625356674,0.999665,0.003092,-0.014654,-0.021091,1
18.630331039,0.999666,0.002717,-0.014774,-0.021032,1
18.635301590,0.999677,0.002585,-0.014180,-0.020920,1
18.640266418,0.999674,0.002841,-0.014171,-0.021055,1
18.645227432,0.999660,0.003058,-0.014858,-0.021195,1
18.650272369,0.999659,0.002887,-0.014964,-0.021202,1
18.655309677,0.999666,0.002411,-0.014660,-0.021154,1
18.660341263,0.999665,0.002467,-0.014750,-0.021113,1
18.665370941,0.999662,0.002544,-0.014868,-0.021167,1
18.670396805,0.999662,0.002369,-0.014903,-0.021186,1
18.675416946,0.999666,0.002456,-0.014715,-0.021096,1
18.680433273,0.999660,0.002728,-0.014869,-0.021256,1
18.685441971,0.999651,0.002460,-0.015370,-0.021357,1
18.690446854,0.999670,0.001686,-0.014586,-0.021058,1
18.695447922,0.999677,0.001922,-0.014044,-0.021107,1
18.700443268,0.999659,0.002616,-0.014676,-0.021423,1
18.705436707,0.999654,0.001965,-0.015181,-0.021373,1
18.710420609,0.999675,0.001379,-0.014342,-0.021012,1
18.715404510,0.999673,0.001617,-0.014366,-0.021073,1
18.720380783,0.999659,0.001918,-0.014939,-0.021331,1
18.725353241,0.999664,0.001624,-0.014695,-0.021296,1
18.730319977,0.999667,0.001496,-0.014595,-0.021206,1
18.735282898,0.999665,0.001965,-0.014776,-0.021159,1
18.740243912,0.999664,0.001646,-0.014733,-0.021256,1
18.745286942,0.999664,0.001512,-0.014698,-0.021306,1
18.750324249,0.999665,0.001568,-0.014568,-0.021326,1
18.755359650,0.999662,0.001662,-0.014690,-0.021386,1
18.760389328,0.999655,0.001837,-0.015028,-0.021479,1
18.765415192,0.999657,0.001611,-0.014847,-0.021495,1
18.770433426,0.999659,0.001816,-0.014837,-0.021394,1
18.775449753,0.999657,0.002051,-0.014884,-0.021456,1
18.780460358,0.999650,0.002158,-0.015044,-0.021653,1
18.785467148,0.999651,0.001832,-0.015185,-0.021542,1
18.790470123,0.999656,0.001673,-0.015003,-0.021448,1
18.795467377,0.999654,0.001890,-0.015069,-0.021469,1
18.800457001,0.999650,0.001586,-0.015392,-0.021443,1
18.805446625,0.999658,0.001476,-0.015091,-0.021323,1
18.810428619,0.999659,0.001762,-0.015017,-0.021314,1
18.815406799,0.999650,0.002326,-0.015458,-0.021362,1
18.820381165,0.999650,0.002202,-0.015312,-0.021439,1
18.825349808,0.999656,0.002328,-0.015085,-0.021321,1
18.830312729,0.999651,0.002476,-0.015367,-0.021352,1
18.835273743,0.999651,0.002526,-0.015326,-0.021348,1
18.840318680,0.999655,0.002485,-0.015050,-0.021394,1
18.845355988,0.999659,0.002428,-0.014947,-0.021261,1
18.850389481,0.999658,0.002593,-0.015146,-0.021142,1
18.855419159,0.999651,0.002625,-0.015701,-0.021063,1
18.860445023,0.999653,0.002634,-0.015950,-0.020778,1
18.865467072,0.999666,0.002314,-0.015499,-0.020553,1
18.870483398,0.999677,0.002404,-0.015008,-0.020362,1
18.875494003,0.999675,0.002433,-0.015096,-0.020385,1
18.880498886,0.999670,0.002842,-0.015390,-0.020349,1
18.885503769,0.999669,0.002826,-0.015600,-0.020278,1
18.890501022,0.999677,0.002613,-0.015421,-0.020010,1
18.895492554,0.999679,0.002800,-0.015454,-0.019864,1
18.900480270,0.999676,0.002839,-0.015512,-0.019968,1
18.905464172,0.999683,0.002739,-0.015255,-0.019825,1
18.910444260,0.999685,0.002895,-0.015163,-0.019774,1
18.915416718,0.999682,0.003024,-0.015499,-0.019676,1
18.920387268,0.999684,0.002816,-0.015641,-0.019455,1
18.925350189,0.999691,0.002606,-0.015457,-0.019283,1
18.930313110,0.999694,0.002911,-0.015218,-0.019268,1
18.935270309,0.999686,0.003161,-0.015655,-0.019325,1
18.940309525,0.999683,0.003130,-0.016075,-0.019136,1
18.945343018,0.999689,0.003068,-0.016020,-0.018870,1
18.950372696,0.999694,0.003379,-0.015883,-0.018681,1
18.955398560,0.999689,0.003693,-0.015995,-0.018768,1
18.960418701,0.999688,0.003790,-0.016032,-0.018796,1
18.965436935,0.999693,0.003418,-0.015970,-0.018614,1
18.970447540,0.999695,0.003399,-0.015967,-0.018550,1
18.975452423,0.999695,0.003509,-0.015867,-0.018621,1
18.980457306,0.999691,0.003750,-0.016146,-0.018521,1
18.985452652,0.999695,0.003364,-0.016124,-0.018422,1
18.990446091,0.999710,0.003358,-0.015450,-0.018145,1
18.995433807,0.999700,0.003561,-0.015816,-0.018335,1
19.000415802,0.999689,0.003510,-0.016544,-0.018336,1
19.005392075,0.999697,0.003476,-0.016382,-0.018032,1
19.010368347,0.999701,0.003720,-0.016143,-0.017958,1
19.015335083,0.999693,0.003893,-0.016574,-0.018012,1
19.020298004,0.999700,0.003767,-0.016244,-0.017935,1
19.025259018,0.999705,0.004013,-0.015886,-0.017925,1
19.030212402,0.999701,0.004101,-0.016017,-0.018030,1
19.035253525,0.999699,0.003922,-0.016180,-0.018032,1
19.040288925,0.999703,0.003824,-0.015976,-0.018018,1
19.045318604,0.999703,0.003889,-0.016133,-0.017839,1
19.050344467,0.999699,0.003792,-0.016389,-0.017844,1
19.055364609,0.999704,0.003750,-0.016185,-0.017775,1
19.060380936,0.999702,0.003879,-0.016283,-0.017744,1
19.065395355,0.999703,0.004130,-0.016153,-0.017749,1
19.070402145,0.999701,0.004263,-0.016278,-0.017729,1
19.075405121,0.999695,0.003982,-0.016641,-0.017796,1
19.080402374,0.999704,0.003823,-0.016207,-0.017716,1
19.085397720,0.999707,0.004089,-0.016011,-0.017695,1
19.090387344,0.999700,0.004399,-0.016204,-0.017813,1
19.095371246,0.999700,0.004013,-0.016295,-0.017857,1
19.100353241,0.999702,0.004066,-0.016393,-0.017635,1
19.105327606,0.999703,0.003894,-0.016400,-0.017630,1
19.110298157,0.999704,0.003788,-0.016359,-0.017617,1
19.115266800,0.999706,0.003919,-0.016146,-0.017661,1
19.120225906,0.999703,0.003759,-0.016303,-0.017720,1
19.125185013,0.999700,0.003859,-0.016553,-0.017644,1
19.130224228,0.999702,0.003917,-0.016412,-0.017652,1
19.135257721,0.999705,0.003652,-0.016163,-0.017755,1
19.140291214,0.999705,0.003670,-0.016187,-0.017728,1
19.145317078,0.999700,0.003847,-0.016442,-0.017762,1
19.150337219,0.999703,0.003593,-0.016182,-0.017861,1
19.155353546,0.999704,0.003567,-0.016190,-0.017800,1
19.160364151,0.999700,0.003588,-0.016418,-0.017828,1
19.165370941,0.999700,0.003496,-0.016468,-0.017807,1
19.170373917,0.999699,0.003537,-0.016437,-0.017885,1
19.175369263,0.999698,0.003637,-0.016317,-0.017990,1
19.180360794,0.999694,0.003598,-0.016553,-0.018036,1
19.185348511,0.999692,0.003536,-0.016696,-0.018040,1
19.190330505,0.999693,0.003157,-0.016712,-0.018027,1
19.195308685,0.999696,0.003205,-0.016533,-0.018016,1
19.200281143,0.999694,0.003240,-0.016462,-0.018153,1
19.205249786,0.999689,0.003145,-0.016757,-0.018183,1
19.210210800,0.999694,0.003074,-0.016625,-0.018049,1
19.215173721,0.999697,0.003027,-0.016415,-0.018102,1
19.220129013,0.999694,0.002659,-0.016586,-0.018154,1
19.225170135,0.999696,0.002539,-0.016627,-0.018053,1
19.230205536,0.999696,0.002409,-0.016500,-0.018148,1
19.235237122,0.999698,0.002392,-0.016532,-0.018004,1
19.240262985,0.999691,0.002394,-0.016998,-0.017973,1
19.245285034,0.999698,0.002075,-0.016697,-0.017933,1
19.250303268,0.999703,0.002172,-0.016457,-0.017852,1
19.255315781,0.999696,0.002511,-0.016706,-0.017977,1
19.260326385,0.999693,0.002081,-0.016808,-0.018083,1
19.265329361,0.999696,0.002061,-0.016768,-0.017946,1
19.270330429,0.999695,0.001908,-0.016839,-0.017988,1
19.275325775,0.999697,0.002016,-0.016692,-0.017963,1
19.280317307,0.999698,0.001809,-0.016492,-0.018104,1
19.285303116,0.999691,0.001838,-0.016947,-0.018089,1
19.290287018,0.999693,0.001467,-0.016875,-0.018059,1
19.295263290,0.999699,0.001301,-0.016613,-0.018003,1
19.300235748,0.999692,0.001669,-0.016831,-0.018184,1
19.305202484,0.999690,0.001224,-0.016905,-0.018218,1
19.310165405,0.999694,0.000958,-0.016810,-0.018118,1
19.315124512,0.999694,0.000976,-0.016804,-0.018150,1
19.320165634,0.999691,0.000973,-0.016888,-0.018205,1
19.325202942,0.999693,0.001052,-0.016746,-0.018256,1
19.330234528,0.999690,0.000918,-0.016944,-0.018247,1
19.335262299,0.999692,0.000732,-0.016880,-0.018159,1
19.340284348,0.999696,0.000730,-0.016602,-0.018195,1
19.345304489,0.999695,0.001038,-0.016524,-0.018349,1
19.350317001,0.999689,0.001088,-0.016704,-0.018477,1
19.355325699,0.999692,0.000872,-0.016537,-0.018464,1
19.360332489,0.999691,0.000724,-0.016660,-0.018458,1
19.365333557,0.999691,0.000677,-0.016562,-0.018524,1
19.370328903,0.999687,0.000714,-0.016693,-0.018631,1
19.375320435,0.999690,0.000616,-0.016520,-0.018615,1
19.380308151,0.999684,0.000970,-0.016870,-0.018611,1
19.385290146,0.999685,0.000899,-0.016768,-0.018673,1
19.390270233,0.999684,0.000793,-0.016743,-0.018740,1
19.395242691,0.999677,0.000766,-0.017027,-0.018853,1
19.400213242,0.999676,0.000733,-0.017046,-0.018912,1
19.405176163,0.999672,0.000542,-0.017218,-0.018943,1
19.410137177,0.999674,0.000456,-0.017087,-0.018955,1
19.415176392,0.999673,0.000756,-0.017069,-0.019012,1
19.420213699,0.999670,0.000896,-0.017092,-0.019144,1
19.425245285,0.999664,0.000987,-0.017242,-0.019328,1
19.430273056,0.999666,0.000550,-0.017057,-0.019385,1
19.435295105,0.999670,0.001184,-0.016979,-0.019265,1
19.440309525,0.999668,0.001647,-0.016616,-0.019608,1
19.445322037,0.999663,0.002100,-0.016473,-0.019937,1
19.450330734,0.999656,0.001890,-0.017011,-0.019859,1
19.455335617,0.999647,0.001448,-0.017526,-0.019897,1
19.460334778,0.999653,0.001548,-0.017117,-0.019939,1
19.465328217,0.999646,0.002205,-0.017061,-0.020293,1
19.470319748,0.999638,0.001758,-0.017200,-0.020597,1
19.475303650,0.999643,0.001553,-0.017196,-0.020406,1
19.480283737,0.999643,0.002061,-0.017019,-0.020474,1
19.485258102,0.999636,0.002126,-0.016933,-0.020885,1
19.490228653,0.999635,0.001644,-0.016746,-0.021149,1
19.495195389,0.999629,0.001530,-0.017023,-0.021189,1
19.500154495,0.999634,0.001582,-0.016763,-0.021152,1
19.505109787,0.999633,0.001508,-0.016505,-0.021413,1
19.510150909,0.999638,0.001559,-0.015996,-0.021591,1
19.515190125,0.999624,0.001513,-0.016723,-0.021685,1
19.520221710,0.999623,0.001396,-0.016870,-0.021599,1
19.525249481,0.999623,0.001572,-0.016703,-0.021745,1
19.530273438,0.999621,0.001520,-0.016440,-0.022014,1
19.535289764,0.999617,0.001570,-0.016593,-0.022100,1
19.540306091,0.999607,0.001755,-0.017157,-0.022116,1
19.545314789,0.999603,0.001452,-0.017324,-0.022182,1
19.550321579,0.999609,0.001453,-0.016987,-0.022157,1
19.555322647,0.999610,0.001694,-0.016675,-0.022331,1
19.560316086,0.999602,0.001640,-0.016806,-0.022587,1
19.565309525,0.999598,0.002040,-0.016968,-0.022632,1
19.570297241,0.999595,0.001939,-0.016822,-0.022857,1
19.575279236,0.999595,0.001649,-0.016722,-0.022972,1
19.580257416,0.999595,0.001756,-0.016716,-0.022979,1
19.585231781,0.999591,0.001647,-0.016809,-0.023086,1
19.590200424,0.999591,0.001606,-0.016751,-0.023134,1
19.595165253,0.999591,0.001714,-0.016554,-0.023267,1
19.600126266,0.999581,0.001753,-0.016884,-0.023444,1
19.605167389,0.999582,0.001514,-0.016859,-0.023443,1
19.610204697,0.999587,0.001679,-0.016513,-0.023479,1
19.615238190,0.999579,0.001814,-0.016516,-0.023792,1
19.620265961,0.999567,0.001746,-0.016976,-0.023973,1
19.625288010,0.999575,0.001326,-0.016557,-0.023976,1
19.630308151,0.999576,0.001589,-0.016562,-0.023915,1
19.635320663,0.999571,0.001729,-0.016477,-0.024137,1
19.640329361,0.999566,0.001533,-0.016462,-0.024369,1
19.645338058,0.999560,0.001722,-0.016738,-0.024433,1
19.650339127,0.999564,0.001647,-0.016422,-0.024480,1
19.655336380,0.999561,0.001574,-0.016479,-0.024553,1
19.660326004,0.999553,0.001409,-0.016782,-0.024710,1
19.665315628,0.999560,0.001625,-0.016344,-0.024706,1
19.670299530,0.999556,0.001795,-0.016224,-0.024932,1
19.675277710,0.999543,0.001685,-0.016677,-0.025137,1
19.680252075,0.999552,0.001380,-0.016119,-0.025197,1
19.685220718,0.999546,0.001650,-0.016175,-0.025378,1
19.690187454,0.999542,0.001683,-0.016183,-0.025534,1
19.695148468,0.999542,0.001411,-0.016085,-0.025598,1
19.700191498,0.999537,0.001530,-0.016246,-0.025686,1
19.705228806,0.999539,0.001638,-0.016147,-0.025677,1
19.710264206,0.999538,0.001607,-0.016079,-0.025748,1
19.715288162,0.999533,0.001565,-0.016247,-0.025818,1
19.720312119,0.999533,0.001770,-0.016196,-0.025845,1
19.725332260,0.999530,0.001874,-0.016116,-0.026015,1
19.730344772,0.999529,0.002025,-0.016027,-0.026074,1
19.735353470,0.999528,0.002370,-0.015917,-0.026160,1
19.740356445,0.999525,0.002615,-0.015753,-0.026362,1
19.745355606,0.999527,0.002863,-0.015482,-0.026420,1
19.750350952,0.999524,0.003403,-0.015309,-0.026576,1
19.755340576,0.999514,0.003778,-0.015451,-0.026805,1
19.760322571,0.999526,0.003374,-0.014774,-0.026803,1
19.765302658,0.999534,0.003767,-0.014035,-0.026840,1
19.770277023,0.999528,0.003993,-0.013912,-0.027110,1
19.775247574,0.999516,0.004463,-0.014341,-0.027241,1
19.780212402,0.999520,0.004277,-0.014040,-0.027274,1
19.785173416,0.999533,0.003356,-0.013303,-0.027300,1
19.790128708,0.999526,0.003585,-0.013543,-0.027405,1
19.795171738,0.999515,0.003582,-0.013849,-0.027676,1
19.800209045,0.999524,0.002843,-0.013634,-0.027532,1
19.805240631,0.999531,0.003100,-0.013378,-0.027354,1
19.810270309,0.999515,0.003992,-0.013711,-0.027661,1
19.815292358,0.999498,0.004114,-0.014163,-0.028030,1
19.820312500,0.999502,0.003515,-0.013943,-0.028072,1
19.825326920,0.999519,0.003313,-0.013130,-0.027909,1
19.830333710,0.999509,0.003346,-0.013506,-0.028082,1
19.835338593,0.999499,0.003559,-0.013458,-0.028412,1
19.840337753,0.999498,0.003259,-0.013221,-0.028592,1
19.845331192,0.999508,0.003183,-0.013306,-0.028221,1
19.850320816,0.999505,0.003481,-0.013464,-0.028238,1
19.855306625,0.999500,0.003423,-0.013309,-0.028466,1
19.860286713,0.999497,0.003119,-0.013644,-0.028463,1
19.865264893,0.999508,0.002794,-0.013363,-0.028226,1
19.870235443,0.999517,0.002897,-0.013050,-0.028059,1
19.875200272,0.999507,0.003358,-0.013529,-0.028122,1
19.880161285,0.999507,0.003311,-0.013679,-0.028071,1
19.885120392,0.999514,0.003395,-0.013350,-0.027953,1
19.890161514,0.999515,0.003113,-0.013163,-0.028040,1
19.895202637,0.999517,0.002841,-0.013094,-0.028034,1
19.900234222,0.999516,0.003074,-0.013144,-0.028040,1
19.905263901,0.999508,0.003184,-0.013639,-0.028058,1
19.910289764,0.999518,0.003008,-0.013573,-0.027754,1
19.915309906,0.999524,0.003159,-0.013264,-0.027675,1
19.920322418,0.999515,0.003285,-0.013693,-0.027767,1
19.925334930,0.999515,0.003116,-0.013764,-0.027757,1
19.930339813,0.999518,0.003341,-0.013718,-0.027641,1
19.935338974,0.999511,0.003599,-0.014004,-0.027720,1
19.940336227,0.999514,0.003664,-0.013773,-0.027737,1
19.945323944,0.999517,0.003929,-0.013507,-0.027719,1
19.950311661,0.999514,0.004012,-0.013600,-0.027771,1
19.955291748,0.999514,0.003957,-0.013656,-0.027751,1
19.960268021,0.999517,0.003760,-0.013520,-0.027714,1
19.965240479,0.999516,0.003654,-0.013874,-0.027612,1
19.970207214,0.999526,0.003443,-0.013637,-0.027382,1
19.975170135,0.999531,0.003520,-0.013554,-0.027242,1
19.980125427,0.999528,0.003734,-0.013604,-0.027277,1
19.985170364,0.999533,0.003991,-0.013322,-0.027226,1
19.990207672,0.999528,0.004109,-0.013737,-0.027171,1
19.995243073,0.999532,0.003819,-0.013698,-0.027080,1
20.000272751,0.999535,0.003855,-0.013719,-0.026946,1
20.005298615,0.999534,0.004146,-0.013914,-0.026870,1
20.010318756,0.999556,0.003680,-0.012963,-0.026588,1
20.015333176,0.999560,0.003891,-0.012695,-0.026523,1
20.020345688,0.999534,0.004722,-0.013970,-0.026716,1
20.025352478,0.999531,0.004384,-0.014564,-0.026590,1
20.030353546,0.999561,0.003865,-0.013575,-0.026059,1
20.035352707,0.999564,0.004096,-0.013246,-0.026078,1
20.040346146,0.999550,0.004714,-0.013663,-0.026275,1
20.045333862,0.999552,0.004904,-0.013584,-0.026227,1
20.050317764,0.999550,0.005120,-0.013807,-0.026146,1
20.055295944,0.999557,0.005052,-0.013797,-0.025879,1
20.060270309,0.999559,0.004832,-0.013635,-0.025923,1
20.065238953,0.999553,0.004885,-0.013838,-0.026058,1
20.070205688,0.999563,0.004692,-0.013478,-0.025895,1
20.075162888,0.999574,0.004733,-0.012943,-0.025712,1
20.080207825,0.999559,0.005299,-0.013806,-0.025750,1
20.085248947,0.999548,0.005297,-0.015033,-0.025494,1
20.090282440,0.999575,0.004853,-0.014070,-0.025046,1
20.095312119,0.999601,0.004699,-0.012483,-0.024899,1
20.100337982,0.999587,0.005430,-0.012865,-0.025133,1
20.105358124,0.999565,0.005851,-0.014196,-0.025195,1
20.110372543,0.999574,0.005355,-0.014566,-0.024711,1
20.115385056,0.999597,0.005584,-0.013834,-0.024166,1
20.120391846,0.999595,0.005867,-0.013645,-0.024258,1
20.125392914,0.999593,0.005597,-0.013867,-0.024299,1
20.130390167,0.999604,0.005516,-0.013457,-0.024080,1
20.135383606,0.999606,0.005962,-0.013283,-0.023981,1
20.140371323,0.999599,0.006291,-0.013867,-0.023861,1
20.145355225,0.999598,0.006342,-0.014150,-0.023731,1
20.150335312,0.999617,0.005930,-0.013609,-0.023350,1
20.155309677,0.999625,0.006124,-0.013420,-0.023076,1
20.160278320,0.999618,0.006656,-0.013544,-0.023149,1
20.165245056,0.999620,0.006296,-0.013837,-0.022987,1
20.170206070,0.999634,0.006015,-0.013911,-0.022389,1
20.175161362,0.999652,0.006013,-0.013081,-0.022088,1
20.180200577,0.999640,0.006724,-0.013530,-0.022153,1
20.185235977,0.999635,0.006665,-0.014104,-0.022045,1
20.190265656,0.999655,0.006157,-0.013763,-0.021526,1
20.195289612,0.999668,0.005945,-0.013535,-0.021119,1
20.200307846,0.999671,0.006059,-0.013533,-0.020908,1
20.205324173,0.999672,0.006345,-0.013430,-0.020862,1
20.210336685,0.999678,0.006213,-0.013472,-0.020565,1
20.215341568,0.999679,0.006555,-0.013843,-0.020185,1
20.220342636,0.999684,0.006828,-0.013574,-0.020023,1
20.225337982,0.999693,0.006281,-0.013342,-0.019896,1
20.230327606,0.999704,0.006310,-0.013040,-0.019564,1
20.235315323,0.999699,0.006797,-0.013242,-0.019492,1
20.240295410,0.999702,0.006325,-0.013740,-0.019181,1
20.245271683,0.999715,0.006172,-0.013584,-0.018659,1
20.250246048,0.999729,0.005903,-0.013038,-0.018378,1
20.255210876,0.999725,0.006143,-0.013389,-0.018223,1
20.260173798,0.999729,0.005798,-0.013606,-0.018005,1
20.265132904,0.999742,0.005612,-0.013412,-0.017467,1
20.270084381,0.999747,0.005474,-0.013411,-0.017218,1
20.275123596,0.999750,0.005646,-0.013424,-0.016964,1
20.280158997,0.999760,0.005298,-0.013412,-0.016502,1
20.285188675,0.999773,0.005096,-0.012912,-0.016183,1
20.290214539,0.999772,0.005217,-0.013068,-0.016052,1
20.295232773,0.999772,0.004773,-0.013590,-0.015769,1
20.300249100,0.999786,0.004544,-0.013133,-0.015335,1
20.305263519,0.999802,0.004662,-0.012192,-0.015017,1
20.310270309,0.999791,0.005151,-0.012877,-0.015016,1
20.315273285,0.999803,0.004240,-0.012676,-0.014654,1
20.320272446,0.999821,0.003932,-0.011797,-0.014240,1
20.325265884,0.999816,0.004346,-0.012339,-0.014063,1
20.330253601,0.999809,0.004220,-0.012963,-0.013972,1
20.335239410,0.999822,0.003846,-0.012566,-0.013544,1
20.340219498,0.999827,0.004044,-0.012515,-0.013158,1
20.345193863,0.999822,0.004225,-0.013018,-0.012969,1
20.350164413,0.999828,0.004073,-0.012794,-0.012799,1
20.355131149,0.999834,0.003963,-0.012513,-0.012596,1
20.360092163,0.999841,0.003518,-0.012490,-0.012263,1
20.365049362,0.999847,0.003431,-0.012135,-0.012123,1
20.370090485,0.999840,0.003941,-0.012469,-0.012212,1
20.375123978,0.999833,0.004085,-0.013213,-0.011941,1
20.380155563,0.999848,0.003734,-0.012690,-0.011398,1
20.385181427,0.999859,0.003608,-0.011950,-0.011209,1
20.390205383,0.999853,0.004094,-0.012385,-0.011156,1
20.395221710,0.999852,0.003605,-0.012713,-0.011000,1
20.400234222,0.999868,0.003154,-0.012080,-0.010435,1
20.405244827,0.999871,0.003384,-0.011877,-0.010226,1
20.410249710,0.999867,0.003908,-0.012205,-0.010093,1
20.415248871,0.999866,0.004416,-0.012187,-0.010016,1
20.420244217,0.999867,0.005154,-0.011916,-0.009883,1
20.425233841,0.999864,0.004677,-0.012505,-0.009654,1
20.430219650,0.999872,0.004406,-0.012251,-0.009258,1
20.435199738,0.999878,0.004504,-0.011991,-0.008994,1
20.440176010,0.999881,0.004636,-0.011707,-0.008901,1
20.445146561,0.999880,0.004831,-0.011785,-0.008762,1
20.450113297,0.999875,0.005269,-0.012089,-0.008760,1
20.455076218,0.999872,0.005211,-0.012444,-0.008563,1
20.460031509,0.999880,0.005138,-0.012087,-0.008171,1
20.465072632,0.999890,0.004960,-0.011395,-0.008135,1
20.470108032,0.999886,0.004918,-0.011710,-0.008115,1
20.475139618,0.999886,0.005120,-0.011902,-0.007733,1
20.480165482,0.999893,0.005018,-0.011470,-0.007560,1
20.485187531,0.999886,0.005255,-0.012106,-0.007386,1
20.490205765,0.999882,0.005200,-0.012614,-0.007113,1
20.495218277,0.999893,0.004752,-0.012078,-0.006721,1
20.500226974,0.999902,0.004693,-0.011468,-0.006493,1
20.505229950,0.999897,0.005160,-0.011643,-0.006604,1
20.510229111,0.999897,0.005088,-0.011821,-0.006401,1
20.515220642,0.999896,0.005144,-0.012054,-0.006078,1
20.520212173,0.999895,0.005861,-0.011859,-0.005908,1
20.525197983,0.999895,0.005384,-0.012137,-0.005736,1
20.530178070,0.999904,0.005340,-0.011554,-0.005461,1
20.535154343,0.999907,0.005509,-0.011192,-0.005474,1
20.540124893,0.999901,0.005559,-0.011787,-0.005381,1
20.545091629,0.999900,0.005423,-0.012034,-0.005080,1
20.550054550,0.999906,0.005414,-0.011661,-0.004767,1
20.555009842,0.999905,0.005296,-0.011828,-0.004614,1
20.560050964,0.999908,0.005275,-0.011658,-0.004411,1
20.565086365,0.999912,0.005522,-0.011228,-0.004371,1
20.570119858,0.999898,0.006009,-0.012156,-0.004452,1
20.575145721,0.999899,0.005797,-0.012283,-0.004091,1
20.580169678,0.999907,0.005601,-0.011838,-0.003882,1
20.585187912,0.999903,0.005819,-0.012087,-0.003761,1
20.590200424,0.999905,0.005787,-0.011965,-0.003595,1
20.595209122,0.999909,0.005986,-0.011585,-0.003575,1
20.600214005,0.999903,0.006223,-0.011995,-0.003464,1
20.605213165,0.999904,0.006119,-0.012014,-0.003341,1
20.610206604,0.999909,0.005783,-0.011727,-0.003224,1
20.615196228,0.999912,0.005807,-0.011526,-0.003023,1
20.620182037,0.999908,0.005885,-0.011884,-0.002999,1
20.625164032,0.999906,0.006144,-0.011909,-0.002841,1
20.630144119,0.999908,0.006244,-0.011690,-0.002743,1
20.635120392,0.999909,0.006444,-0.011604,-0.002593,1
20.640087128,0.999906,0.006409,-0.011836,-0.002495,1
20.645051956,0.999912,0.006281,-0.011411,-0.002519,1
20.650012970,0.999916,0.006265,-0.011151,-0.002276,1
20.655054092,0.999909,0.006510,-0.011571,-0.002379,1
20.660091400,0.999907,0.006457,-0.011827,-0.002230,1
20.665122986,0.999907,0.006562,-0.011791,-0.002000,1
20.670148849,0.999913,0.006451,-0.011302,-0.002030,1
20.675172806,0.999913,0.006839,-0.011048,-0.002067,1
20.680189133,0.999908,0.006705,-0.011550,-0.002309,1
20.685203552,0.999911,0.006538,-0.011393,-0.002192,1
20.690212250,0.999914,0.006826,-0.010990,-0.002188,1
20.695215225,0.999908,0.006750,-0.011555,-0.002285,1
20.700214386,0.999910,0.006794,-0.011351,-0.002127,1
20.705209732,0.999913,0.006995,-0.010973,-0.002194,1
20.710201263,0.999910,0.006840,-0.011300,-0.002371,1
20.715187073,0.999909,0.006724,-0.011430,-0.002407,1
20.720167160,0.999909,0.006804,-0.011428,-0.002446,1
20.725143433,0.999906,0.006755,-0.011675,-0.002414,1
20.730115891,0.999909,0.006719,-0.011463,-0.002519,1
20.735082626,0.999910,0.006549,-0.011412,-0.002712,1
20.740045547,0.999907,0.006645,-0.011604,-0.002765,1
20.745002747,0.999906,0.006708,-0.011605,-0.002813,1
20.750043869,0.999909,0.006475,-0.011492,-0.002944,1
20.755081177,0.999913,0.006225,-0.011296,-0.002946,1
20.760112762,0.999913,0.006295,-0.011191,-0.003053,1
20.765140533,0.999909,0.006147,-0.011578,-0.003223,1
20.770164490,0.999910,0.005944,-0.011593,-0.003205,1
20.775184631,0.999913,0.005848,-0.011381,-0.003228,1
20.780197144,0.999910,0.005838,-0.011630,-0.003267,1
20.785207748,0.999909,0.005784,-0.011720,-0.003383,1
20.790212631,0.999912,0.005562,-0.011524,-0.003366,1
20.795211792,0.999914,0.005383,-0.011441,-0.003449,1
20.800209045,0.999916,0.005254,-0.011291,-0.003652,1
20.805200577,0.999915,0.005105,-0.011382,-0.003829,1
20.810186386,0.999912,0.004652,-0.011774,-0.003929,1
20.815168381,0.999920,0.004619,-0.011147,-0.003794,1
20.820146561,0.999918,0.004680,-0.011252,-0.004039,1
20.825119019,0.999912,0.004521,-0.011718,-0.004209,1
20.830085754,0.999920,0.004260,-0.011206,-0.004114,1
20.835048676,0.999914,0.004648,-0.011455,-0.004286,1
20.840007782,0.999911,0.004217,-0.011843,-0.004404,1
20.845048904,0.999920,0.003911,-0.011197,-0.004277,1
20.850088120,0.999914,0.004595,-0.011383,-0.004602,1
20.855119705,0.999903,0.004466,-0.012225,-0.004894,1
20.860147476,0.999918,0.003809,-0.011325,-0.004602,1
20.865169525,0.999923,0.004204,-0.010719,-0.004728,1
20.870189667,0.999904,0.004872,-0.011887,-0.005221,1
20.875202179,0.999902,0.004187,-0.012269,-0.005309,1
20.880212784,0.999917,0.003983,-0.011199,-0.005029,1
20.885217667,0.999917,0.004178,-0.010997,-0.005284,1
20.890218735,0.999908,0.004323,-0.011551,-0.005651,1
20.895215988,0.999912,0.003607,-0.011386,-0.005728,1
20.900207520,0.999916,0.003554,-0.011102,-0.005673,1
20.905193329,0.999907,0.003928,-0.011660,-0.005928,1
20.910173416,0.999907,0.003569,-0.011632,-0.006109,1
20.915151596,0.999911,0.003284,-0.011443,-0.006089,1
20.920124054,0.999909,0.003585,-0.011406,-0.006224,1
20.925092697,0.999905,0.003524,-0.011568,-0.006584,1
20.930053711,0.999901,0.003664,-0.011782,-0.006760,1
20.935012817,0.999900,0.003721,-0.011826,-0.006815,1
20.940053940,0.999905,0.003517,-0.011440,-0.006866,1
20.945093155,0.999906,0.003504,-0.011179,-0.007159,1
20.950126648,0.999900,0.003700,-0.011337,-0.007558,1
20.955154419,0.999893,0.003865,-0.011814,-0.007759,1
20.960178375,0.999890,0.003875,-0.011978,-0.007798,1
20.965200424,0.999894,0.003583,-0.011761,-0.007849,1
20.970212936,0.999897,0.003486,-0.011446,-0.007938,1
20.975223541,0.999889,0.003865,-0.011728,-0.008379,1
20.980230331,0.999883,0.003839,-0.012017,-0.008644,1
20.985231400,0.999889,0.003335,-0.011741,-0.008577,1
20.990230560,0.999888,0.003277,-0.011704,-0.008697,1
20.995223999,0.999882,0.003571,-0.011901,-0.008990,1
21.000209808,0.999882,0.003375,-0.011852,-0.009210,1
21.005193710,0.999878,0.003641,-0.011942,-0.009429,1
21.010171890,0.999872,0.004116,-0.012119,-0.009630,1
21.015146255,0.999866,0.004404,-0.012267,-0.009918,1
21.020114899,0.999868,0.004033,-0.012066,-0.010121,1
21.025079727,0.999872,0.004175,-0.011517,-0.010245,1
21.030038834,0.999863,0.004470,-0.011721,-0.010811,1
21.035081863,0.999854,0.004414,-0.012099,-0.011233,1
21.040119171,0.999864,0.003780,-0.011490,-0.011168,1
21.045154572,0.999860,0.004041,-0.011504,-0.011433,1
21.050184250,0.999838,0.004267,-0.012637,-0.012086,1
21.055208206,0.999837,0.003616,-0.012850,-0.012130,1
21.060226440,0.999847,0.003852,-0.011937,-0.012159,1
21.065242767,0.999839,0.004061,-0.012027,-0.012691,1
21.070253372,0.999833,0.004084,-0.012079,-0.013083,1
21.075260162,0.999824,0.004428,-0.012305,-0.013458,1
21.080263138,0.999818,0.004175,-0.012501,-0.013799,1
21.085258484,0.999820,0.003802,-0.012320,-0.013908,1
21.090250015,0.999817,0.004319,-0.012109,-0.014184,1
21.095239639,0.999805,0.004285,-0.012514,-0.014640,1
21.100221634,0.999802,0.004329,-0.012647,-0.014764,1
21.105201721,0.999803,0.003964,-0.012397,-0.014978,1
21.110176086,0.999799,0.004188,-0.012428,-0.015184,1
21.115146637,0.999789,0.004598,-0.012680,-0.015521,1
21.120113373,0.999783,0.004186,-0.012835,-0.015850,1
21.125074387,0.999783,0.004335,-0.012587,-0.016001,1
21.130117416,0.999773,0.004743,-0.012831,-0.016358,1
21.135154724,0.999761,0.004613,-0.013317,-0.016698,1
21.140190125,0.999774,0.004246,-0.012502,-0.016645,1
21.145219803,0.999769,0.004813,-0.012299,-0.016966,1
21.150243759,0.999736,0.005341,-0.013745,-0.017643,1
21.155261993,0.999752,0.004194,-0.013034,-0.017575,1
21.160276413,0.999769,0.004087,-0.011871,-0.017423,1
21.165287018,0.999742,0.005030,-0.012977,-0.017961,1
21.170291901,0.999724,0.004716,-0.013767,-0.018420,1
21.175294876,0.999742,0.004543,-0.012709,-0.018264,1
21.180288315,0.999742,0.004737,-0.012308,-0.018477,1
21.185279846,0.999714,0.005305,-0.013559,-0.018976,1
21.190271378,0.999707,0.005043,-0.013858,-0.019212,1
21.195253372,0.999733,0.004581,-0.012112,-0.019118,1
21.200235367,0.999726,0.004665,-0.012098,-0.019510,1
21.205209732,0.999695,0.005449,-0.013416,-0.020013,1
21.210180283,0.999695,0.004952,-0.013453,-0.020131,1
21.215143204,0.999703,0.004813,-0.012955,-0.020072,1
21.220106125,0.999689,0.005266,-0.013374,-0.020389,1
21.225149155,0.999692,0.004869,-0.012857,-0.020659,1
21.230186462,0.999690,0.005060,-0.012363,-0.020999,1
21.235221863,0.999659,0.005861,-0.013607,-0.021518,1
21.240251541,0.999661,0.005279,-0.013668,-0.021522,1
21.245275497,0.999676,0.004892,-0.012671,-0.021521,1
21.250297546,0.999667,0.005628,-0.012529,-0.021839,1
21.255313873,0.999646,0.005610,-0.013181,-0.022416,1
21.260324478,0.999652,0.005255,-0.012626,-0.022567,1
21.265333176,0.999644,0.005797,-0.012577,-0.022810,1
21.270336151,0.999627,0.005644,-0.013317,-0.023155,1
21.275333405,0.999628,0.005573,-0.013242,-0.023203,1
21.280324936,0.999623,0.005793,-0.012958,-0.023489,1
21.285314560,0.999619,0.005697,-0.012833,-0.023760,1
21.290298462,0.999618,0.005644,-0.012437,-0.024008,1
21.295280457,0.999590,0.006547,-0.013335,-0.024479,1
21.300254822,0.999574,0.006097,-0.014145,-0.024781,1
21.305223465,0.999596,0.005625,-0.012970,-0.024644,1
21.310190201,0.999597,0.005728,-0.012202,-0.024982,1
21.315151215,0.999571,0.006008,-0.013250,-0.025433,1
21.320196152,0.999561,0.005749,-0.013854,-0.025556,1
21.325233459,0.999561,0.005902,-0.013565,-0.025662,1
21.330268860,0.999562,0.005628,-0.013170,-0.025915,1
21.335298538,0.999555,0.005686,-0.013076,-0.026203,1
21.340322495,0.999539,0.005875,-0.013555,-0.026535,1
21.345340729,0.999536,0.005548,-0.013518,-0.026725,1
21.350357056,0.999534,0.005475,-0.013281,-0.026923,1
21.355367661,0.999528,0.005465,-0.013222,-0.027175,1
21.360374451,0.999520,0.005505,-0.013485,-0.027329,1
21.365375519,0.999515,0.005416,-0.013670,-0.027456,1
21.370370865,0.999518,0.004785,-0.013192,-0.027677,1
21.375360489,0.999515,0.005073,-0.012801,-0.027926,1
21.380350113,0.999496,0.005204,-0.013420,-0.028302,1
21.385332108,0.999498,0.004463,-0.013420,-0.028360,1
21.390314102,0.999507,0.004353,-0.012741,-0.028366,1
21.395288467,0.999482,0.004991,-0.013526,-0.028787,1
21.400259018,0.999472,0.004351,-0.014042,-0.028989,1
21.405225754,0.999496,0.003703,-0.012800,-0.028799,1
21.410184860,0.999491,0.004144,-0.012642,-0.028997,1
21.415143967,0.999477,0.003802,-0.012720,-0.029477,1
21.420181274,0.999465,0.003927,-0.012967,-0.029762,1
21.425216675,0.999440,0.004474,-0.014143,-0.029979,1
21.430248260,0.999439,0.003834,-0.014292,-0.030061,1
21.435270309,0.999470,0.003734,-0.011969,-0.030039,1
21.440292358,0.999454,0.003966,-0.011939,-0.030541,1
21.445308685,0.999414,0.004520,-0.013712,-0.031049,1
21.450319290,0.999414,0.003911,-0.013820,-0.031080,1
21.455327988,0.999435,0.003548,-0.012690,-0.030910,1
21.460330963,0.999417,0.003754,-0.013157,-0.031266,1
21.465328217,0.999403,0.003966,-0.013599,-0.031527,1
21.470319748,0.999411,0.003319,-0.013173,-0.031502,1
21.475309372,0.999407,0.003425,-0.013326,-0.031576,1
21.480293274,0.999394,0.003870,-0.013406,-0.031887,1
21.485271454,0.999387,0.003841,-0.013421,-0.032103,1
21.490245819,0.999396,0.003404,-0.013157,-0.031986,1
21.495216370,0.999402,0.003079,-0.012770,-0.031990,1
21.500183105,0.999386,0.002949,-0.013446,-0.032210,1
21.505142212,0.999373,0.002964,-0.014049,-0.032356,1
21.510099411,0.999381,0.002538,-0.013527,-0.032384,1
21.515138626,0.999392,0.002388,-0.012841,-0.032313,1
21.520175934,0.999403,0.002211,-0.011876,-0.032360,1
21.525205612,0.999376,0.003087,-0.012298,-0.032964,1
21.530231476,0.999352,0.003681,-0.012946,-0.033376,1
21.535251617,0.999357,0.003893,-0.012987,-0.033189,1
21.540267944,0.999355,0.004186,-0.013005,-0.033216,1
21.545278549,0.999343,0.004372,-0.013236,-0.033444,1
21.550287247,0.999340,0.004514,-0.013061,-0.033588,1
21.555290222,0.999339,0.004290,-0.012696,-0.033803,1
21.560287476,0.999340,0.004435,-0.012319,-0.033879,1
21.565280914,0.999344,0.003854,-0.011909,-0.033993,1
21.570268631,0.999330,0.004190,-0.012274,-0.034228,1
21.575252533,0.999299,0.004131,-0.013877,-0.034535,1
21.580230713,0.999310,0.003828,-0.013733,-0.034293,1
21.585205078,0.999322,0.003943,-0.012925,-0.034255,1
21.590175629,0.999320,0.003853,-0.012523,-0.034455,1
21.595140457,0.999308,0.004159,-0.012798,-0.034686,1
21.600101471,0.999288,0.004875,-0.013564,-0.034856,1
21.605062485,0.999296,0.004507,-0.013641,-0.034652,1
21.610103607,0.999317,0.003998,-0.012772,-0.034453,1
21.615137100,0.999301,0.004827,-0.012977,-0.034716,1
21.620168686,0.999281,0.005003,-0.013703,-0.034995,1
21.625194550,0.999296,0.004483,-0.013135,-0.034843,1
21.630214691,0.999300,0.004780,-0.012852,-0.034814,1
21.635231018,0.999285,0.005077,-0.013231,-0.035049,1
21.640243530,0.999300,0.004275,-0.012584,-0.034960,1
21.645250320,0.999303,0.004301,-0.012406,-0.034957,1
21.650251389,0.999282,0.004566,-0.013390,-0.035150,1
21.655248642,0.999283,0.004286,-0.013426,-0.035135,1
21.660240173,0.999292,0.004564,-0.012785,-0.035094,1
21.665225983,0.999283,0.004957,-0.013019,-0.035192,1
21.670211792,0.999290,0.004434,-0.012245,-0.035343,1
21.675188065,0.999292,0.004104,-0.011865,-0.035464,1
21.680160522,0.999273,0.004580,-0.012883,-0.035586,1
21.685129166,0.999260,0.004743,-0.013785,-0.035596,1
21.690093994,0.999271,0.004918,-0.013211,-0.035481,1
21.695051193,0.999269,0.004737,-0.013123,-0.035598,1
21.700006485,0.999269,0.004609,-0.012544,-0.035811,1
21.705047607,0.999256,0.004695,-0.012526,-0.036160,1
21.710081100,0.999246,0.004938,-0.013374,-0.036127,1
21.715114594,0.999241,0.004670,-0.013785,-0.036122,1
21.720140457,0.999256,0.004744,-0.013128,-0.035949,1
21.725160599,0.999248,0.005182,-0.013205,-0.036093,1
21.730178833,0.999246,0.005043,-0.012946,-0.036265,1
21.735191345,0.999251,0.004568,-0.012463,-0.036337,1
21.740200043,0.999236,0.005185,-0.013172,-0.036416,1
21.745201111,0.999225,0.005040,-0.013890,-0.036495,1
21.750200272,0.999244,0.005124,-0.013337,-0.036159,1
21.755195618,0.999250,0.005363,-0.012929,-0.036111,1
21.760185242,0.999240,0.005531,-0.012964,-0.036343,1
21.765169144,0.999233,0.005679,-0.012976,-0.036502,1
21.770149231,0.999237,0.005404,-0.012876,-0.036471,1
21.775127411,0.999245,0.005480,-0.012636,-0.036336,1
21.780097961,0.999241,0.005813,-0.012725,-0.036369,1
21.785062790,0.999233,0.005876,-0.013381,-0.036336,1
21.790027618,0.999244,0.005846,-0.013274,-0.036063,1
21.794986725,0.999252,0.005706,-0.012913,-0.035996,1
21.800027847,0.999256,0.005840,-0.012831,-0.035898,1
21.805063248,0.999258,0.005925,-0.012733,-0.035872,1
21.810096741,0.999255,0.006271,-0.013010,-0.035798,1
21.815124512,0.999260,0.006099,-0.013149,-0.035616,1
21.820146561,0.999267,0.006011,-0.013106,-0.035457,1
21.825164795,0.999273,0.005974,-0.012794,-0.035405,1
21.830179214,0.999267,0.006694,-0.012873,-0.035419,1
21.835186005,0.999264,0.006746,-0.013159,-0.035382,1
21.840190887,0.999281,0.006373,-0.012741,-0.035147,1
21.845190048,0.999287,0.006543,-0.012466,-0.035023,1
21.850185394,0.999270,0.007218,-0.013160,-0.035143,1
21.855176926,0.999280,0.006926,-0.012985,-0.034968,1
21.860160828,0.999292,0.006807,-0.012727,-0.034749,1
21.865142822,0.999287,0.007302,-0.012943,-0.034705,1
21.870119095,0.999290,0.007142,-0.013170,-0.034579,1
21.875089645,0.999304,0.007085,-0.012831,-0.034288,1
21.880056381,0.999309,0.007442,-0.012591,-0.034158,1
21.885017395,0.999303,0.007661,-0.012971,-0.034163,1
21.889974594,0.999309,0.007589,-0.012940,-0.034009,1
21.895015717,0.999323,0.007271,-0.012445,-0.033843,1
21.900053024,0.999321,0.007496,-0.012936,-0.033666,1
21.905084610,0.999323,0.007625,-0.013239,-0.033475,1
21.910112381,0.999336,0.007532,-0.013085,-0.033161,1
21.915136337,0.999343,0.007676,-0.013115,-0.032893,1
21.920156479,0.999356,0.007705,-0.012708,-0.032654,1
21.925168991,0.999362,0.007530,-0.012519,-0.032598,1
21.930177689,0.999359,0.007841,-0.012737,-0.032526,1
21.935184479,0.999371,0.007571,-0.012718,-0.032235,1
21.940185547,0.999382,0.007351,-0.012644,-0.031948,1
21.945180893,0.999390,0.007389,-0.012615,-0.031727,1
21.950172424,0.999396,0.007481,-0.012692,-0.031467,1
21.955160141,0.999405,0.007354,-0.012752,-0.031206,1
21.960142136,0.999413,0.007437,-0.012662,-0.030950,1
21.965120316,0.999426,0.007116,-0.012484,-0.030692,1
21.970094681,0.999432,0.007091,-0.012587,-0.030459,1
21.975063324,0.999438,0.006978,-0.012469,-0.030323,1
21.980026245,0.999439,0.006979,-0.012776,-0.030178,1
21.984985352,0.999448,0.006822,-0.013030,-0.029793,1
21.990026474,0.999475,0.006312,-0.012120,-0.029376,1
21.995065689,0.999487,0.006427,-0.011550,-0.029166,1
22.000097275,0.999465,0.006745,-0.012851,-0.029309,1
22.005125046,0.999476,0.006367,-0.013282,-0.028839,1
22.010150909,0.999502,0.005983,-0.012604,-0.028319,1
22.015169144,0.999508,0.006125,-0.012398,-0.028141,1
22.020183563,0.999508,0.006350,-0.012496,-0.028070,1
22.025194168,0.999508,0.006520,-0.012704,-0.027933,1
22.030197144,0.999524,0.005865,-0.012478,-0.027582,1
22.035198212,0.999538,0.005918,-0.012137,-0.027232,1
22.040191650,0.999533,0.006105,-0.012428,-0.027230,1
22.045181274,0.999540,0.005892,-0.012738,-0.026886,1
22.050167084,0.999551,0.005997,-0.012779,-0.026433,1
22.055147171,0.999556,0.005903,-0.012762,-0.026273,1
22.060123444,0.999571,0.005408,-0.012404,-0.025977,1
22.065093994,0.999577,0.005680,-0.012277,-0.025751,1
22.070060730,0.999573,0.006008,-0.012741,-0.025610,1
22.075021744,0.999582,0.005602,-0.012902,-0.025270,1
22.079977036,0.999600,0.005454,-0.012281,-0.024865,1
22.085020065,0.999600,0.005588,-0.012551,-0.024717,1
22.090057373,0.999601,0.005583,-0.012916,-0.024474,1
22.095088959,0.999621,0.005281,-0.012226,-0.024091,1
22.100116730,0.999622,0.005351,-0.012572,-0.023861,1
22.105140686,0.999623,0.005705,-0.012961,-0.023540,1
22.110160828,0.999636,0.005490,-0.012627,-0.023199,1
22.115177155,0.999647,0.005109,-0.012466,-0.022905,1
22.120185852,0.999652,0.005223,-0.012459,-0.022676,1
22.125190735,0.999650,0.005530,-0.012671,-0.022534,1
22.130191803,0.999656,0.005384,-0.012838,-0.022243,1
22.135187149,0.999666,0.005580,-0.012773,-0.021771,1
22.140178680,0.999672,0.005450,-0.012796,-0.021524,1
22.145164490,0.999677,0.005353,-0.012872,-0.021265,1
22.150148392,0.999679,0.005568,-0.012892,-0.021090,1
22.155124664,0.999684,0.005492,-0.012938,-0.020840,1
22.160099030,0.999689,0.005734,-0.012981,-0.020501,1
22.165067673,0.999691,0.005588,-0.013097,-0.020357,1
22.170030594,0.999699,0.005422,-0.013092,-0.020027,1
22.174989700,0.999704,0.005649,-0.012908,-0.019825,1
22.180032730,0.999702,0.005716,-0.013202,-0.019737,1
22.185070038,0.999727,0.004721,-0.012461,-0.019200,1
22.190101624,0.999732,0.004851,-0.012352,-0.018988,1
22.195131302,0.999713,0.005187,-0.013821,-0.018866,1
22.200153351,0.999723,0.005030,-0.013955,-0.018274,1
22.205171585,0.999747,0.004778,-0.012858,-0.017853,1
22.210187912,0.999749,0.004923,-0.012668,-0.017834,1
22.215196609,0.999741,0.005456,-0.013208,-0.017707,1
22.220201492,0.999741,0.005583,-0.013369,-0.017571,1
22.225202560,0.999757,0.004795,-0.012958,-0.017168,1
22.230197906,0.999763,0.005310,-0.012668,-0.016894,1
22.235191345,0.999758,0.005714,-0.012821,-0.016924,1
22.240179062,0.999748,0.005909,-0.013622,-0.016824,1
22.245161057,0.999763,0.005314,-0.013341,-0.016354,1
22.250139236,0.999775,0.005135,-0.012927,-0.015996,1
22.255111694,0.999770,0.005811,-0.013259,-0.015855,1
22.260080338,0.999765,0.006210,-0.013486,-0.015819,1
22.265047073,0.999780,0.005429,-0.013124,-0.015436,1
22.270008087,0.999788,0.005667,-0.012909,-0.014996,1
22.275049210,0.999777,0.006354,-0.013419,-0.015048,1
22.280088425,0.999771,0.006677,-0.013807,-0.014955,1
22.285120010,0.999778,0.006111,-0.013904,-0.014623,1
22.290149689,0.999798,0.005716,-0.013148,-0.014079,1
22.295173645,0.999798,0.005937,-0.013254,-0.013869,1
22.300191879,0.999794,0.006344,-0.013408,-0.013853,1
22.305206299,0.999796,0.006373,-0.013504,-0.013627,1
22.310214996,0.999801,0.005920,-0.013649,-0.013293,1
22.315221786,0.999807,0.005802,-0.013791,-0.012765,1
22.320220947,0.999813,0.006250,-0.013394,-0.012505,1
22.325214386,0.999816,0.006407,-0.013048,-0.012518,1
22.330205917,0.999818,0.006520,-0.013161,-0.012215,1
22.335191727,0.999813,0.006431,-0.013926,-0.011762,1
22.340171814,0.999823,0.006457,-0.013480,-0.011452,1
22.345148087,0.999818,0.007399,-0.013394,-0.011354,1
22.350118637,0.999815,0.007260,-0.013763,-0.011280,1
22.355085373,0.999839,0.005717,-0.013140,-0.010776,1
22.360048294,0.999857,0.005965,-0.012169,-0.010119,1
22.365003586,0.999833,0.007246,-0.013350,-0.010176,1
22.370048523,0.999814,0.006685,-0.014950,-0.010148,1
22.375085831,0.999839,0.006481,-0.013902,-0.009355,1
22.380119324,0.999850,0.006787,-0.013093,-0.009050,1
22.385147095,0.999837,0.007192,-0.013823,-0.009110,1
22.390171051,0.999844,0.007279,-0.013373,-0.008924,1
22.395191193,0.999857,0.006745,-0.012802,-0.008766,1
22.400205612,0.999859,0.006749,-0.012834,-0.008414,1
22.405214310,0.999850,0.007150,-0.013500,-0.008106,1
22.410219193,0.999848,0.006796,-0.013982,-0.007884,1
22.415218353,0.999867,0.006081,-0.013295,-0.007226,1
22.420213699,0.999875,0.006365,-0.012633,-0.007010,1
22.425203323,0.999862,0.006912,-0.013323,-0.007131,1
22.430189133,0.999845,0.007049,-0.014550,-0.006903,1
22.435167313,0.999871,0.006531,-0.013209,-0.006404,1
22.440147400,0.999898,0.005517,-0.011689,-0.006019,1
22.445117950,0.999869,0.006639,-0.013418,-0.006111,1
22.450086594,0.999850,0.006305,-0.014943,-0.006073,1
22.455047607,0.999874,0.005406,-0.013933,-0.005299,1
22.460006714,0.999898,0.005361,-0.012279,-0.004898,1
22.465047836,0.999893,0.005529,-0.012533,-0.005089,1
22.470088959,0.999878,0.005591,-0.013625,-0.005115,1
22.475122452,0.999879,0.005154,-0.013978,-0.004541,1
22.480152130,0.999895,0.004650,-0.013081,-0.004085,1
22.485176086,0.999896,0.004705,-0.013018,-0.003987,1
22.490196228,0.999891,0.005086,-0.013330,-0.003823,1
22.495210648,0.999880,0.004810,-0.014226,-0.003679,1
22.500221252,0.999898,0.004965,-0.013028,-0.003046,1
22.505226135,0.999911,0.005494,-0.011691,-0.003347,1
22.510227203,0.999887,0.006557,-0.013032,-0.003582,1
22.515222549,0.999868,0.006884,-0.014336,-0.003255,1
22.520214081,0.999897,0.005853,-0.012825,-0.002793,1
22.525199890,0.999918,0.005612,-0.011196,-0.002680,1
22.530183792,0.999901,0.006015,-0.012388,-0.002755,1
22.535160065,0.999892,0.005822,-0.013234,-0.002627,1
22.540132523,0.999889,0.005550,-0.013619,-0.002262,1
22.545101166,0.999896,0.005253,-0.013255,-0.001931,1
22.550065994,0.999907,0.005103,-0.012521,-0.001929,1
22.555023193,0.999913,0.005358,-0.011891,-0.001945,1
22.560068130,0.999906,0.005424,-0.012477,-0.001909,1
22.565105438,0.999893,0.005247,-0.013574,-0.001661,1
22.570140839,0.999909,0.004633,-0.012648,-0.001208,1
22.575172424,0.999909,0.004526,-0.012625,-0.001126,1
22.580194473,0.999899,0.005261,-0.013138,-0.000968,1
22.585216522,0.999906,0.004609,-0.012908,-0.000690,1
22.590232849,0.999910,0.004308,-0.012679,-0.000355,1
22.595241547,0.999915,0.004562,-0.012222,-0.000368,1
22.600250244,0.999909,0.005231,-0.012455,-0.000428,1
22.605249405,0.999896,0.005961,-0.013136,-0.000339,1
22.610244751,0.999906,0.004983,-0.012781,-0.000185,1
22.615236282,0.999922,0.004491,-0.011680,0.000227,1
22.620225906,0.999913,0.005326,-0.012079,0.000237,1
22.625205994,0.999900,0.005857,-0.012900,0.000149,1
22.630184174,0.999900,0.004853,-0.013254,0.000493,1
22.635156631,0.999911,0.004972,-0.012309,0.000984,1
22.640123367,0.999910,0.006011,-0.011961,0.000904,1
22.645088196,0.999891,0.006397,-0.013270,0.000634,1
22.650047302,0.999896,0.005507,-0.013333,0.000898,1
22.655000687,0.999908,0.005198,-0.012464,0.001484,1
22.660037994,0.999900,0.005776,-0.012864,0.001459,1
22.665075302,0.999904,0.005686,-0.012516,0.001553,1
22.670104980,0.999906,0.005456,-0.012429,0.001706,1
22.675130844,0.999895,0.005557,-0.013254,0.001973,1
22.680149078,0.999897,0.005391,-0.013111,0.002410,1
22.685167313,0.999899,0.005345,-0.012950,0.002469,1
22.690179825,0.999892,0.006123,-0.013135,0.002612,1
22.695184708,0.999895,0.005524,-0.013035,0.002932,1
22.700187683,0.999907,0.005104,-0.012234,0.003317,1
22.705184937,0.999897,0.006157,-0.012585,0.003224,1
22.710178375,0.999887,0.006236,-0.013310,0.003275,1
22.715164185,0.999889,0.006357,-0.012978,0.003715,1
22.720148087,0.999893,0.006713,-0.012452,0.003837,1
22.725128174,0.999885,0.006639,-0.013083,0.003856,1
22.730102539,0.999886,0.006614,-0.012918,0.004254,1
22.735071182,0.999884,0.006972,-0.012811,0.004453,1
22.740036011,0.999870,0.007390,-0.013531,0.004663,1
22.744995117,0.999872,0.007225,-0.013352,0.005014,1
22.749952316,0.999884,0.007093,-0.012435,0.005211,1
22.754989624,0.999874,0.007178,-0.013179,0.005216,1
22.760026932,0.999872,0.006597,-0.013479,0.005625,1
22.765056610,0.999877,0.006496,-0.013044,0.005862,1
22.770082474,0.999869,0.006920,-0.013402,0.005958,1
22.775100708,0.999868,0.006937,-0.013382,0.006134,1
22.780118942,0.999875,0.007283,-0.012489,0.006416,1
22.785129547,0.999867,0.007607,-0.012969,0.006308,1
22.790136337,0.999852,0.007569,-0.014058,0.006444,1
22.795139313,0.999859,0.007445,-0.013467,0.006757,1
22.800136566,0.999861,0.007892,-0.013001,0.006835,1
22.805130005,0.999848,0.008261,-0.013696,0.006952,1
22.810115814,0.999854,0.007921,-0.013305,0.007182,1
22.815099716,0.999859,0.007986,-0.012811,0.007334,1
22.820077896,0.999847,0.008284,-0.013530,0.007404,1
22.825052261,0.999842,0.007955,-0.013995,0.007526,1
22.830020905,0.999850,0.008145,-0.013142,0.007859,1
22.834985733,0.999845,0.008067,-0.013480,0.007941,1
22.839944839,0.999844,0.007910,-0.013552,0.008086,1
22.844900131,0.999847,0.007969,-0.013207,0.008287,1
22.849939346,0.999840,0.008044,-0.013609,0.008348,1
22.854974747,0.999838,0.008059,-0.013645,0.008559,1
22.860004425,0.999843,0.008186,-0.013091,0.008699,1
22.865030289,0.999838,0.008417,-0.013361,0.008623,1
22.870052338,0.999842,0.007950,-0.013293,0.008777,1
22.875068665,0.999847,0.007396,-0.013048,0.008983,1
22.880079269,0.999839,0.007804,-0.013311,0.009131,1
22.885087967,0.999828,0.007837,-0.014014,0.009234,1
22.890089035,0.999833,0.007534,-0.013597,0.009596,1
22.895088196,0.999835,0.007481,-0.013376,0.009759,1
22.900079727,0.999828,0.007770,-0.013686,0.009816,1
22.905069351,0.999829,0.007249,-0.013888,0.009817,1
22.910055161,0.999833,0.006991,-0.013462,0.010174,1
22.915033340,0.999832,0.007151,-0.013448,0.010171,1
22.920007706,0.999830,0.007150,-0.013504,0.010321,1
22.924976349,0.999825,0.007261,-0.013605,0.010557,1
22.929941177,0.999825,0.007135,-0.013634,0.010615,1
22.934900284,0.999829,0.006599,-0.013423,0.010829,1
22.939857483,0.999832,0.006340,-0.013171,0.011036,1
22.944896698,0.999827,0.006720,-0.013330,0.011115,1
22.949934006,0.999822,0.006791,-0.013538,0.011249,1
22.954963684,0.999816,0.006845,-0.013805,0.011401,1
22.959991455,0.999824,0.006393,-0.013265,0.011625,1
22.965009689,0.999829,0.006097,-0.012844,0.011812,1
22.970027924,0.999817,0.006690,-0.013515,0.011758,1
22.975040436,0.999811,0.006423,-0.014050,0.011783,1
22.980047226,0.999811,0.005835,-0.013786,0.012369,1
22.985048294,0.999816,0.005986,-0.013165,0.012584,1
22.990047455,0.999804,0.006810,-0.013734,0.012523,1
22.995040894,0.999807,0.006028,-0.013846,0.012583,1
23.000028610,0.999819,0.005648,-0.012715,0.012984,1
23.005014420,0.999812,0.006326,-0.012990,0.012953,1
23.009992599,0.999792,0.006151,-0.014544,0.012914,1
23.014966965,0.999798,0.005615,-0.013837,0.013484,1
23.019937515,0.999809,0.005224,-0.012731,0.013858,1
23.024902344,0.999793,0.005569,-0.013865,0.013784,1
23.029861450,0.999784,0.005702,-0.014308,0.013963,1
23.034818649,0.999793,0.005073,-0.013576,0.014282,1
23.039857864,0.999795,0.004957,-0.013041,0.014667,1
23.044895172,0.999786,0.005588,-0.013576,0.014584,1
23.049928665,0.999775,0.005414,-0.014328,0.014645,1
23.054956436,0.999768,0.005232,-0.014257,0.015242,1
23.059978485,0.999776,0.005146,-0.013467,0.015524,1
23.064998627,0.999776,0.005681,-0.013266,0.015461,1
23.070011139,0.999769,0.006035,-0.013611,0.015487,1
23.075021744,0.999765,0.005742,-0.013764,0.015720,1
23.080026627,0.999764,0.005334,-0.013582,0.016087,1
23.085027695,0.999754,0.005470,-0.014005,0.016309,1
23.090023041,0.999746,0.005637,-0.014270,0.016519,1
23.095012665,0.999742,0.005844,-0.014134,0.016778,1
23.100000381,0.999736,0.005855,-0.014145,0.017160,1
23.104982376,0.999738,0.005894,-0.013569,0.017466,1
23.109960556,0.999741,0.006028,-0.013248,0.017480,1
23.114933014,0.999719,0.006680,-0.014487,0.017532,1
23.119899750,0.999710,0.006373,-0.014678,0.018021,1
23.124864578,0.999724,0.005708,-0.013215,0.018552,1
23.129825592,0.999728,0.006018,-0.012934,0.018465,1
23.134866714,0.999712,0.006291,-0.013916,0.018523,1
23.139904022,0.999697,0.005688,-0.014498,0.019050,1
23.144935608,0.999700,0.005624,-0.013551,0.019634,1
23.149961472,0.999684,0.006727,-0.014147,0.019636,1
23.154985428,0.999674,0.006726,-0.014694,0.019759,1
23.160001755,0.999683,0.006050,-0.013765,0.020215,1
23.165016174,0.999687,0.005988,-0.013205,0.020404,1
23.170022964,0.999676,0.006589,-0.013561,0.020486,1
23.175027847,0.999667,0.006879,-0.014051,0.020501,1
23.180027008,0.999662,0.006886,-0.013980,0.020805,1
23.185022354,0.999652,0.006972,-0.014209,0.021113,1
23.190011978,0.999659,0.006617,-0.013336,0.021467,1
23.194999695,0.999657,0.006920,-0.013395,0.021416,1
23.199977875,0.999632,0.007374,-0.014841,0.021497,1
23.204954147,0.999615,0.006968,-0.015134,0.022209,1
23.209924698,0.999622,0.006827,-0.014044,0.022643,1
23.214891434,0.999627,0.007186,-0.013490,0.022642,1
23.219850540,0.999627,0.007393,-0.013426,0.022584,1
23.224807739,0.999618,0.007443,-0.014273,0.022478,1
23.229848862,0.999595,0.007927,-0.014958,0.022894,1
23.234888077,0.999598,0.007417,-0.014619,0.023135,1
23.239919662,0.999600,0.007688,-0.013889,0.023427,1
23.244947433,0.999599,0.008127,-0.013790,0.023342,1
23.249969482,0.999590,0.007858,-0.014649,0.023328,1
23.254989624,0.999589,0.006955,-0.014212,0.023908,1
23.260002136,0.999583,0.007708,-0.013628,0.024243,1
23.265008926,0.999574,0.008345,-0.014288,0.024050,1
23.270015717,0.999562,0.008032,-0.015166,0.024109,1
23.275014877,0.999558,0.008093,-0.014478,0.024655,1
23.280006409,0.999559,0.007857,-0.014442,0.024716,1
23.284997940,0.999558,0.007832,-0.014525,0.024737,1
23.289981842,0.999571,0.007512,-0.013229,0.025022,1
23.294961929,0.999547,0.008329,-0.014609,0.024965,1
23.299936295,0.999530,0.008078,-0.015435,0.025213,1
23.304906845,0.999534,0.007618,-0.014864,0.025536,1
23.309873581,0.999541,0.007594,-0.014407,0.025563,1
23.314832687,0.999542,0.007808,-0.014254,0.025517,1
23.319789886,0.999551,0.007296,-0.013943,0.025486,1
23.324831009,0.999547,0.007197,-0.013903,0.025697,1
23.329870224,0.999523,0.007617,-0.015333,0.025700,1
23.334901810,0.999516,0.007372,-0.015535,0.025927,1
23.339931488,0.999528,0.006957,-0.014590,0.026117,1
23.344955444,0.999549,0.006672,-0.013339,0.026060,1
23.349975586,0.999536,0.007242,-0.014159,0.025981,1
23.354990005,0.999529,0.007868,-0.014456,0.025920,1
23.360002518,0.999524,0.008410,-0.014438,0.025935,1
23.365007401,0.999512,0.008524,-0.014962,0.026046,1
23.370008469,0.999520,0.007615,-0.014918,0.026080,1
23.375005722,0.999521,0.007831,-0.014409,0.026247,1
23.379999161,0.999521,0.008906,-0.014449,0.025889,1
23.384988785,0.999548,0.007471,-0.013828,0.025630,1
23.389974594,0.999544,0.006601,-0.013507,0.026175,1
23.394952774,0.999516,0.007763,-0.014896,0.026165,1
23.399927139,0.999516,0.007724,-0.015581,0.025797,1
23.404899597,0.999545,0.006319,-0.014236,0.025813,1
23.409866333,0.999570,0.006187,-0.012356,0.025847,1
23.414829254,0.999556,0.007339,-0.013486,0.025516,1
23.419870377,0.999531,0.007364,-0.015672,0.025267,1
23.424909592,0.999548,0.006324,-0.014320,0.025666,1
23.429943085,0.999575,0.005807,-0.012236,0.025826,1
23.434970856,0.999562,0.006829,-0.013554,0.025395,1
23.439996719,0.999557,0.006646,-0.014397,0.025169,1
23.445018768,0.999557,0.006248,-0.014477,0.025258,1
23.450035095,0.999564,0.006379,-0.013751,0.025327,1
23.455045700,0.999563,0.006420,-0.014298,0.025076,1
23.460052490,0.999576,0.005844,-0.013840,0.024951,1
23.465053558,0.999589,0.005314,-0.012865,0.025056,1
23.470050812,0.999581,0.005823,-0.013818,0.024769,1
23.475046158,0.999570,0.005819,-0.014717,0.024670,1
23.480033875,0.999568,0.006298,-0.014520,0.024748,1
23.485017776,0.999575,0.006259,-0.014275,0.024645,1
23.489995956,0.999587,0.006018,-0.013708,0.024520,1
23.494974136,0.999598,0.006236,-0.013348,0.024230,1
23.499944687,0.999602,0.006304,-0.013564,0.023931,1
23.504913330,0.999600,0.005884,-0.013844,0.023955,1
23.509874344,0.999595,0.006375,-0.013920,0.024004,1
23.514917374,0.999590,0.006232,-0.014386,0.023953,1
23.519954681,0.999594,0.006282,-0.013927,0.024053,1
23.524988174,0.999610,0.005979,-0.013188,0.023872,1
23.530015945,0.999597,0.006994,-0.014213,0.023570,1
23.535041809,0.999587,0.006780,-0.015127,0.023494,1
23.540061951,0.999597,0.006073,-0.014091,0.023892,1
23.545078278,0.999599,0.006693,-0.013965,0.023728,1
23.550088882,0.999610,0.006630,-0.013730,0.023400,1
23.555093765,0.999624,0.005717,-0.012955,0.023496,1
23.560098648,0.999600,0.007083,-0.014332,0.023337,1
23.565093994,0.999593,0.006732,-0.015294,0.023103,1
23.570087433,0.999605,0.006139,-0.014477,0.023278,1
23.575075150,0.999622,0.005920,-0.013321,0.023301,1
23.580057144,0.999618,0.006697,-0.013630,0.023102,1
23.585037231,0.999615,0.007283,-0.014204,0.022681,1
23.590011597,0.999618,0.007329,-0.014047,0.022624,1
23.594982147,0.999611,0.007850,-0.014455,0.022531,1
23.599948883,0.999618,0.007270,-0.014349,0.022458,1
23.604913712,0.999620,0.007387,-0.014138,0.022458,1
23.609956741,0.999626,0.007960,-0.013789,0.022254,1
23.614995956,0.999629,0.008060,-0.014068,0.021897,1
23.620031357,0.999628,0.008271,-0.014063,0.021859,1
23.625061035,0.999635,0.008068,-0.013639,0.021880,1
23.630084991,0.999632,0.008366,-0.013872,0.021781,1
23.635103226,0.999626,0.008570,-0.014452,0.021564,1
23.640119553,0.999641,0.008088,-0.013783,0.021529,1
23.645130157,0.999648,0.008069,-0.013466,0.021393,1
23.650136948,0.999636,0.008322,-0.014549,0.021146,1
23.655138016,0.999636,0.007884,-0.014712,0.021175,1
23.660135269,0.999648,0.008006,-0.013734,0.021259,1
23.665128708,0.999652,0.008749,-0.013689,0.020766,1
23.670118332,0.999649,0.008795,-0.014423,0.020393,1
23.675104141,0.999657,0.008311,-0.014002,0.020511,1
23.680082321,0.999668,0.008239,-0.013507,0.020342,1
23.685058594,0.999664,0.008755,-0.013939,0.020020,1
23.690029144,0.999665,0.008564,-0.014296,0.019779,1
23.694995880,0.999667,0.008196,-0.014253,0.019888,1
23.699956894,0.999664,0.008530,-0.014126,0.020007,1
23.705001831,0.999666,0.008818,-0.014281,0.019644,1
23.710039139,0.999676,0.008419,-0.014125,0.019410,1
23.715074539,0.999683,0.008108,-0.013827,0.019439,1
23.720102310,0.999683,0.008185,-0.014059,0.019208,1
23.725128174,0.999675,0.008356,-0.014796,0.019005,1
23.730146408,0.999680,0.008057,-0.014532,0.019056,1
23.735162735,0.999694,0.007707,-0.013875,0.018995,1
23.740171432,0.999698,0.007849,-0.013689,0.018842,1
23.745178223,0.999699,0.007879,-0.013902,0.018592,1
23.750179291,0.999703,0.007721,-0.013930,0.018453,1
23.755174637,0.999704,0.007788,-0.013844,0.018428,1
23.760166168,0.999701,0.007733,-0.014293,0.018294,1
23.765151978,0.999708,0.006893,-0.014164,0.018312,1
23.770132065,0.999708,0.007028,-0.014007,0.018375,1
23.775108337,0.999698,0.007980,-0.014482,0.018153,1
23.780080795,0.999700,0.007438,-0.014874,0.017979,1
23.785047531,0.999712,0.007108,-0.013937,0.018197,1
23.790010452,0.999723,0.007151,-0.013425,0.017965,1
23.794967651,0.999713,0.007472,-0.014523,0.017536,1
23.800012589,0.999725,0.006136,-0.014076,0.017712,1
23.805053711,0.999728,0.006158,-0.013687,0.017869,1
23.810087204,0.999714,0.007107,-0.014574,0.017593,1
23.815116882,0.999710,0.007020,-0.014976,0.017503,1
23.820142746,0.999730,0.006205,-0.013739,0.017680,1
23.825164795,0.999740,0.006147,-0.013037,0.017664,1
23.830179214,0.999735,0.006849,-0.013826,0.017083,1
23.835189819,0.999734,0.006409,-0.014378,0.016861,1
23.840196609,0.999742,0.006019,-0.013586,0.017158,1
23.845197678,0.999735,0.006369,-0.014126,0.017046,1
23.850194931,0.999734,0.006342,-0.014393,0.016851,1
23.855186462,0.999748,0.005648,-0.013663,0.016873,1
23.860172272,0.999752,0.005890,-0.013434,0.016777,1
23.865156174,0.999747,0.006084,-0.014038,0.016507,1
23.870134354,0.999745,0.005658,-0.014339,0.016484,1
23.875110626,0.999751,0.005314,-0.013937,0.016571,1
23.880081177,0.999753,0.004862,-0.014142,0.016426,1
23.885046005,0.999754,0.005176,-0.014196,0.016253,1
23.890005112,0.999760,0.005405,-0.014043,0.015952,1
23.894962311,0.999755,0.005514,-0.014372,0.015881,1
23.900001526,0.999756,0.005555,-0.014278,0.015895,1
23.905036926,0.999758,0.005608,-0.014323,0.015709,1
23.910066605,0.999756,0.005602,-0.014582,0.015639,1
23.915092468,0.999766,0.005234,-0.014041,0.015613,1
23.920110703,0.999769,0.005947,-0.013818,0.015346,1
23.925127029,0.999769,0.005901,-0.014142,0.015089,1
23.930135727,0.999768,0.005741,-0.014099,0.015233,1
23.935144424,0.999770,0.006005,-0.014104,0.014974,1
23.940145493,0.999769,0.005954,-0.014301,0.014887,1
23.945142746,0.999772,0.006083,-0.014068,0.014862,1
23.950132370,0.999776,0.006414,-0.013930,0.014609,1
23.955120087,0.999773,0.006241,-0.014437,0.014358,1
23.960102081,0.999777,0.005782,-0.014139,0.014548,1
23.965082169,0.999782,0.005959,-0.013883,0.014404,1
23.970054626,0.999777,0.006409,-0.014221,0.014208,1
23.975023270,0.999776,0.006293,-0.014545,0.014048,1
23.979986191,0.999779,0.006142,-0.014375,0.014076,1
23.984945297,0.999780,0.006247,-0.014342,0.013956,1
23.989898682,0.999794,0.005897,-0.013510,0.013973,1
23.994939804,0.999793,0.006069,-0.013696,0.013753,1
23.999973297,0.999770,0.006611,-0.015201,0.013573,1
24.005004883,0.999768,0.006655,-0.015187,0.013738,1
24.010030746,0.999791,0.006317,-0.013891,0.013627,1
24.015050888,0.999802,0.006184,-0.013359,0.013425,1
24.020067215,0.999793,0.006816,-0.013911,0.013224,1
24.025077820,0.999774,0.007271,-0.015122,0.013018,1
24.030084610,0.999783,0.006709,-0.014649,0.013240,1
24.035085678,0.999794,0.006424,-0.013903,0.013293,1
24.040082932,0.999785,0.007193,-0.014465,0.013017,1
24.045076370,0.999793,0.007027,-0.014018,0.012998,1
24.050064087,0.999792,0.007469,-0.013961,0.012889,1
24.055046082,0.999780,0.007933,-0.014681,0.012692,1
24.060022354,0.999782,0.007622,-0.014693,0.012713,1
24.064996719,0.999796,0.007692,-0.013522,0.012895,1
24.069967270,0.999786,0.008258,-0.014183,0.012619,1
24.074932098,0.999772,0.007981,-0.015309,0.012579,1
24.079895020,0.999786,0.007413,-0.014322,0.012972,1
24.084850311,0.999785,0.008345,-0.013806,0.013031,1
24.089891434,0.999768,0.008881,-0.014995,0.012658,1
24.094924927,0.999771,0.008381,-0.014819,0.012927,1
24.099956512,0.999801,0.007807,-0.012727,0.013246,1
24.104982376,0.999792,0.008388,-0.013272,0.012990,1
24.110002518,0.999767,0.009024,-0.014825,0.012837,1
24.115018845,0.999769,0.008097,-0.015109,0.012970,1
24.120031357,0.999785,0.007655,-0.013609,0.013668,1
24.125038147,0.999791,0.007850,-0.013081,0.013613,1
24.130039215,0.999783,0.008177,-0.013877,0.013183,1
24.135036469,0.999772,0.008059,-0.014545,0.013383,1
24.140029907,0.999771,0.008058,-0.014294,0.013769,1
24.145019531,0.999771,0.008017,-0.014363,0.013668,1
24.150001526,0.999772,0.008331,-0.014205,0.013575,1
24.154979706,0.999789,0.007892,-0.013244,0.013597,1
24.159952164,0.999809,0.005492,-0.012315,0.014130,1
24.164920807,0.999776,0.007545,-0.013751,0.014212,1
24.169885635,0.999761,0.006933,-0.015532,0.013752,1
24.174844742,0.999750,0.006443,-0.016144,0.014044,1
24.179798126,0.999772,0.006626,-0.014365,0.014307,1
24.184837341,0.999791,0.006894,-0.013214,0.014009,1
24.189874649,0.999783,0.006866,-0.014174,0.013624,1
24.194906235,0.999806,0.006051,-0.012185,0.014242,1
24.199932098,0.999793,0.006651,-0.012735,0.014431,1
24.204952240,0.999773,0.007447,-0.013848,0.014377,1
24.209968567,0.999760,0.006639,-0.014916,0.014623,1
24.214981079,0.999794,0.006099,-0.012222,0.015039,1
24.219985962,0.999806,0.006057,-0.011472,0.014844,1
24.224988937,0.999781,0.006991,-0.013256,0.014636,1
24.229986191,0.999763,0.006624,-0.014578,0.014721,1
24.234979630,0.999780,0.005799,-0.013037,0.015349,1
24.239967346,0.999788,0.005808,-0.012304,0.015467,1
24.244951248,0.999772,0.006665,-0.013618,0.015008,1
24.249929428,0.999765,0.006603,-0.014179,0.015009,1
24.254901886,0.999775,0.005904,-0.013300,0.015412,1
24.259870529,0.999784,0.005507,-0.012860,0.015340,1
24.264835358,0.999781,0.006185,-0.013178,0.015067,1
24.269794464,0.999785,0.005881,-0.013042,0.015042,1
24.274749756,0.999780,0.005824,-0.012934,0.015424,1
24.279788971,0.999770,0.005960,-0.013767,0.015323,1
24.284828186,0.999774,0.005459,-0.013714,0.015305,1
24.289859772,0.999777,0.005644,-0.013119,0.015535,1
24.294885635,0.999776,0.005842,-0.013133,0.015502,1
24.299909592,0.999786,0.005224,-0.012636,0.015505,1
24.304925919,0.999791,0.005313,-0.012082,0.015595,1
24.309938431,0.999781,0.005648,-0.012853,0.015500,1
24.314945221,0.999773,0.005079,-0.013390,0.015773,1
24.319948196,0.999773,0.005278,-0.012897,0.016089,1
24.324947357,0.999780,0.005507,-0.012391,0.015993,1
24.329940796,0.999771,0.005975,-0.013010,0.015888,1
24.334930420,0.999772,0.005607,-0.013132,0.015860,1
24.339914322,0.999773,0.005573,-0.012817,0.016105,1
24.344896317,0.999770,0.005862,-0.012793,0.016159,1
24.349870682,0.999785,0.005435,-0.011856,0.016091,1
24.354841232,0.999783,0.005714,-0.012128,0.015925,1
24.359804153,0.999762,0.005890,-0.013694,0.015911,1
24.364765167,0.999752,0.006049,-0.013871,0.016310,1
24.369720459,0.999773,0.005891,-0.012243,0.016387,1
24.374763489,0.999788,0.005579,-0.011400,0.016191,1
24.379798889,0.999759,0.006774,-0.013425,0.015980,1
24.384834290,0.999751,0.006485,-0.013931,0.016165,1
24.389862061,0.999768,0.005597,-0.012463,0.016674,1
24.394882202,0.999772,0.006200,-0.012031,0.016488,1
24.399902344,0.999760,0.006946,-0.013077,0.016124,1
24.404918671,0.999762,0.006227,-0.012991,0.016359,1
24.409927368,0.999759,0.006504,-0.012800,0.016600,1
24.414932251,0.999753,0.006654,-0.013343,0.016483,1
24.419931412,0.999753,0.006562,-0.013156,0.016689,1
24.424926758,0.999758,0.006799,-0.012321,0.016889,1
24.429920197,0.999768,0.006549,-0.011840,0.016780,1
24.434907913,0.999756,0.007174,-0.012553,0.016682,1
24.439889908,0.999749,0.007057,-0.013054,0.016779,1
24.444868088,0.999754,0.006730,-0.012647,0.016945,1
24.449840546,0.999750,0.007466,-0.012646,0.016878,1
24.454809189,0.999752,0.007345,-0.012739,0.016736,1
24.459774017,0.999757,0.006645,-0.012353,0.016998,1
24.464735031,0.999767,0.006601,-0.011487,0.017048,1
24.469776154,0.999745,0.008096,-0.012652,0.016838,1
24.474815369,0.999743,0.007549,-0.013282,0.016740,1
24.479848862,0.999750,0.007191,-0.012346,0.017210,1
24.484876633,0.999748,0.007856,-0.012218,0.017097,1
24.489900589,0.999735,0.008046,-0.013584,0.016781,1
24.494918823,0.999734,0.007897,-0.013404,0.017015,1
24.499935150,0.999754,0.007732,-0.011695,0.017193,1
24.504945755,0.999746,0.008199,-0.012485,0.016884,1
24.509952545,0.999731,0.008220,-0.013743,0.016784,1
24.514953613,0.999748,0.007779,-0.012280,0.017129,1
24.519950867,0.999754,0.007904,-0.011842,0.016983,1
24.524944305,0.999726,0.008799,-0.013705,0.016789,1
24.529930115,0.999726,0.008296,-0.013754,0.017012,1
24.534912109,0.999747,0.007458,-0.012143,0.017407,1
24.539892197,0.999754,0.007625,-0.011587,0.017331,1
24.544864655,0.999732,0.008882,-0.013009,0.016947,1
24.549833298,0.999732,0.008274,-0.013374,0.017004,1
24.554796219,0.999737,0.007757,-0.012579,0.017550,1
24.559759140,0.999737,0.008167,-0.012637,0.017297,1
24.564802170,0.999730,0.008294,-0.013382,0.017120,1
24.569839478,0.999743,0.007623,-0.012471,0.017328,1
24.574872971,0.999750,0.007660,-0.011686,0.017432,1
24.579900742,0.999736,0.008239,-0.012875,0.017166,1
24.584924698,0.999731,0.008022,-0.013120,0.017356,1
24.589946747,0.999736,0.007785,-0.012694,0.017488,1
24.594963074,0.999732,0.007655,-0.013199,0.017381,1
24.599973679,0.999724,0.007512,-0.013677,0.017545,1
24.604978561,0.999736,0.007197,-0.012960,0.017570,1
24.609979630,0.999748,0.007092,-0.012115,0.017538,1
24.614976883,0.999736,0.007873,-0.012734,0.017408,1
24.619972229,0.999734,0.007204,-0.013267,0.017450,1
24.624961853,0.999735,0.007003,-0.012814,0.017801,1
24.629943848,0.999735,0.007337,-0.012924,0.017604,1
24.634925842,0.999723,0.007815,-0.013663,0.017499,1
24.639900208,0.999736,0.006878,-0.012932,0.017729,1
24.644870758,0.999744,0.006423,-0.012305,0.017883,1
24.649837494,0.999745,0.006727,-0.012095,0.017855,1
24.654796600,0.999740,0.006830,-0.012726,0.017630,1
24.659841537,0.999723,0.007187,-0.013748,0.017687,1
24.664876938,0.999732,0.006725,-0.013077,0.017886,1
24.669910431,0.999744,0.005809,-0.012292,0.018069,1
24.674938202,0.999737,0.006058,-0.013063,0.017839,1
24.679962158,0.999733,0.006364,-0.013342,0.017757,1
24.684980392,0.999734,0.005964,-0.013139,0.017991,1
24.689996719,0.999732,0.005987,-0.012981,0.018189,1
24.695003510,0.999729,0.006303,-0.013185,0.018113,1
24.700008392,0.999736,0.005883,-0.012849,0.018142,1
24.705007553,0.999740,0.005508,-0.012685,0.018118,1
24.710002899,0.999734,0.006053,-0.013075,0.018036,1
24.714992523,0.999729,0.005875,-0.013495,0.018057,1
24.719976425,0.999738,0.005484,-0.012592,0.018330,1
24.724956512,0.999741,0.005500,-0.012235,0.018393,1
24.729930878,0.999726,0.006131,-0.013399,0.018202,1
24.734901428,0.999722,0.005591,-0.013714,0.018350,1
24.739868164,0.999731,0.004512,-0.012990,0.018700,1
24.744831085,0.999735,0.005135,-0.012313,0.018760,1
24.749788284,0.999733,0.006054,-0.012489,0.018489,1
24.754831314,0.999729,0.005735,-0.013179,0.018293,1
24.759872437,0.999721,0.005315,-0.013406,0.018726,1
24.764904022,0.999719,0.005712,-0.013137,0.018907,1
24.769933701,0.999723,0.005551,-0.013241,0.018643,1
24.774957657,0.999738,0.005330,-0.012072,0.018697,1
24.779973984,0.999735,0.005699,-0.012403,0.018560,1
24.784990311,0.999717,0.005539,-0.013836,0.018555,1
24.789999008,0.999719,0.005610,-0.013077,0.018955,1
24.795001984,0.999719,0.006254,-0.013094,0.018767,1
24.800001144,0.999706,0.006690,-0.013946,0.018667,1
24.804998398,0.999721,0.005785,-0.013042,0.018840,1
24.809988022,0.999730,0.005488,-0.012279,0.018962,1
24.814975739,0.999719,0.006515,-0.012879,0.018828,1
24.819955826,0.999704,0.006565,-0.014249,0.018574,1
24.824932098,0.999717,0.006133,-0.013196,0.018837,1
24.829904556,0.999730,0.005155,-0.012151,0.019131,1
24.834871292,0.999714,0.005991,-0.013118,0.019101,1
24.839832306,0.999698,0.006238,-0.014267,0.018988,1
24.844789505,0.999700,0.006343,-0.013705,0.019274,1
24.849834442,0.999702,0.006115,-0.013528,0.019397,1
24.854871750,0.999703,0.006356,-0.013077,0.019570,1
24.859905243,0.999716,0.006278,-0.012523,0.019263,1
24.864933014,0.999705,0.006795,-0.013428,0.019054,1
24.869956970,0.999699,0.006575,-0.013773,0.019213,1
24.874977112,0.999699,0.006775,-0.013472,0.019335,1
24.879993439,0.999706,0.006992,-0.012712,0.019435,1
24.885002136,0.999702,0.007126,-0.013300,0.019196,1
24.890005112,0.999692,0.007450,-0.013625,0.019383,1
24.895006180,0.999687,0.007409,-0.013852,0.019491,1
24.900001526,0.999689,0.007654,-0.013420,0.019580,1
24.904991150,0.999699,0.007417,-0.012645,0.019680,1
24.909975052,0.999688,0.007740,-0.013519,0.019525,1
24.914958954,0.999678,0.007838,-0.014005,0.019671,1
24.919935226,0.999684,0.007978,-0.013437,0.019712,1
24.924907684,0.999686,0.007947,-0.013489,0.019564,1
24.929874420,0.999694,0.007385,-0.012981,0.019720,1
24.934835434,0.999686,0.007988,-0.013269,0.019706,1
24.939794540,0.999672,0.008391,-0.014185,0.019603,1
24.944835663,0.999671,0.008208,-0.014020,0.019831,1
24.949876785,0.999691,0.007938,-0.012616,0.019910,1
24.954910278,0.999696,0.007876,-0.012430,0.019768,1
24.959938049,0.999677,0.008573,-0.013677,0.019637,1
24.964963913,0.999665,0.008331,-0.014665,0.019620,1
24.969984055,0.999675,0.008406,-0.013573,0.019857,1
24.974996567,0.999707,0.007882,-0.011620,0.019729,1
24.980009079,0.999683,0.008519,-0.013518,0.019482,1
24.985012054,0.999653,0.008895,-0.015227,0.019571,1
24.990013123,0.999674,0.007897,-0.013653,0.020069,1
24.995008469,0.999693,0.007835,-0.012396,0.019984,1
25.000000000,0.999694,0.008032,-0.012655,0.019704,1
25.004985809,0.999680,0.007931,-0.013950,0.019563,1
25.009969711,0.999673,0.007264,-0.014067,0.020101,1
25.014947891,0.999689,0.006902,-0.013181,0.020035,1
25.019920349,0.999694,0.007311,-0.012918,0.019781,1
25.024888992,0.999684,0.007284,-0.013684,0.019771,1
25.029853821,0.999691,0.006403,-0.013038,0.020165,1
25.034811020,0.999691,0.006581,-0.012908,0.020217,1
25.039855957,0.999680,0.007085,-0.013810,0.019961,1
25.044893265,0.999689,0.007051,-0.012870,0.020142,1
25.049930573,0.999707,0.006320,-0.011759,0.020214,1
25.054960251,0.999695,0.006658,-0.012653,0.020130,1
25.059986115,0.999676,0.007044,-0.013823,0.020155,1
25.065006256,0.999687,0.006799,-0.013179,0.020158,1
25.070024490,0.999702,0.006206,-0.012063,0.020290,1
25.075037003,0.999703,0.006178,-0.012257,0.020146,1
25.080045700,0.999695,0.006381,-0.012577,0.020272,1
25.085048676,0.999692,0.005917,-0.013094,0.020224,1
25.090047836,0.999685,0.006246,-0.013153,0.020452,1
25.095043182,0.999684,0.006166,-0.012983,0.020613,1
25.100032806,0.999690,0.006067,-0.012645,0.020592,1
25.105018616,0.999701,0.005770,-0.011936,0.020554,1
25.109998703,0.999702,0.005766,-0.012296,0.020290,1
25.114976883,0.999697,0.005903,-0.012562,0.020350,1
25.119949341,0.999694,0.005643,-0.012490,0.020594,1
25.124917984,0.999698,0.005534,-0.012086,0.020656,1
25.129878998,0.999706,0.005197,-0.011636,0.020637,1
25.134838104,0.999697,0.005550,-0.012332,0.020581,1
25.139877319,0.999685,0.005517,-0.013316,0.020562,1
25.144912720,0.999688,0.004977,-0.012675,0.020931,1
25.149942398,0.999690,0.005272,-0.012115,0.021104,1
25.154968262,0.999700,0.005314,-0.011484,0.020976,1
25.159988403,0.999706,0.004722,-0.011183,0.020969,1
25.165004730,0.999692,0.005518,-0.012002,0.020995,1
25.170015335,0.999674,0.005794,-0.013253,0.021039,1
25.175022125,0.999678,0.005075,-0.012730,0.021350,1
25.180023193,0.999683,0.004646,-0.011976,0.021630,1
25.185020447,0.999680,0.005437,-0.011919,0.021621,1
25.190010071,0.999684,0.005607,-0.011772,0.021504,1
25.194999695,0.999688,0.005649,-0.011726,0.021313,1
25.199979782,0.999690,0.005072,-0.011536,0.021488,1
25.204957962,0.999685,0.004927,-0.011332,0.021868,1
25.209930420,0.999668,0.005398,-0.012680,0.021762,1
25.214899063,0.999653,0.005236,-0.013555,0.021952,1
25.219861984,0.999651,0.005378,-0.012780,0.022475,1
25.224821091,0.999666,0.005812,-0.011556,0.022364,1
25.229774475,0.999673,0.005682,-0.011586,0.022085,1
25.234815598,0.999665,0.006133,-0.011936,0.022115,1
25.239850998,0.999653,0.006298,-0.012553,0.022305,1
25.244880676,0.999640,0.006622,-0.012981,0.022517,1
25.249908447,0.999643,0.006226,-0.012829,0.022574,1
25.254930496,0.999657,0.005297,-0.011425,0.022963,1
25.259948730,0.999656,0.005487,-0.011237,0.023043,1
25.264959335,0.999640,0.006054,-0.012415,0.023005,1
25.269966125,0.999628,0.005607,-0.013217,0.023193,1
25.274971008,0.999626,0.005590,-0.012558,0.023637,1
25.279966354,0.999628,0.006170,-0.012071,0.023666,1
25.284959793,0.999624,0.006563,-0.012573,0.023482,1
25.289947510,0.999636,0.006172,-0.011806,0.023453,1
25.294931412,0.999645,0.006209,-0.011038,0.023460,1
25.299911499,0.999634,0.006663,-0.011846,0.023382,1
25.304883957,0.999624,0.006573,-0.012495,0.023523,1
25.309852600,0.999621,0.006399,-0.011888,0.023977,1
25.314815521,0.999615,0.006526,-0.012198,0.024053,1
25.319776535,0.999620,0.006536,-0.011973,0.023941,1
25.324729919,0.999626,0.006826,-0.011406,0.023887,1
25.329771042,0.999614,0.007474,-0.012144,0.023829,1
25.334806442,0.999612,0.007254,-0.012242,0.023947,1
25.339838028,0.999618,0.007206,-0.011378,0.024119,1
25.344863892,0.999611,0.007749,-0.011962,0.023987,1
25.349885941,0.999611,0.007486,-0.012045,0.024021,1
25.354904175,0.999610,0.007664,-0.011613,0.024226,1
25.359918594,0.999601,0.008009,-0.012357,0.024099,1
25.364927292,0.999595,0.007891,-0.012628,0.024262,1
25.369932175,0.999609,0.007370,-0.011326,0.024470,1
25.374933243,0.999616,0.007729,-0.010628,0.024415,1
25.379928589,0.999598,0.008605,-0.012223,0.024101,1
25.384918213,0.999585,0.008245,-0.012998,0.024365,1
25.389904022,0.999594,0.007290,-0.011860,0.024860,1
25.394886017,0.999594,0.007713,-0.011740,0.024808,1
25.399864197,0.999587,0.008358,-0.012131,0.024658,1
25.404836655,0.999594,0.008042,-0.011986,0.024581,1
25.409803391,0.999609,0.007048,-0.010713,0.024862,1
25.414768219,0.999602,0.007605,-0.011134,0.024791,1
25.419729233,0.999585,0.007979,-0.012560,0.024677,1
25.424768448,0.999579,0.007370,-0.012797,0.024982,1
25.429805756,0.999588,0.007013,-0.011661,0.025253,1
25.434837341,0.999592,0.007494,-0.011373,0.025116,1
25.439863205,0.999596,0.007505,-0.011538,0.024855,1
25.444887161,0.999609,0.006684,-0.010863,0.024872,1
25.449903488,0.999596,0.007237,-0.011593,0.024909,1
25.454916000,0.999577,0.007758,-0.012849,0.024917,1
25.459924698,0.999586,0.006742,-0.012308,0.025105,1
25.464929581,0.999595,0.006539,-0.011161,0.025346,1
25.469928741,0.999598,0.006931,-0.011208,0.025096,1
25.474924088,0.999595,0.007259,-0.011606,0.024949,1
25.479913712,0.999599,0.006981,-0.011569,0.024894,1
25.484899521,0.999601,0.006433,-0.011374,0.025059,1
25.489881516,0.999598,0.006340,-0.011106,0.025304,1
25.494857788,0.999590,0.007259,-0.011566,0.025169,1
25.499830246,0.999580,0.007126,-0.012879,0.024976,1
25.504798889,0.999593,0.005729,-0.011698,0.025391,1
25.509761810,0.999606,0.005505,-0.010052,0.025631,1
25.514719009,0.999591,0.006694,-0.011316,0.025397,1
25.519762039,0.999579,0.006544,-0.012706,0.025235,1
25.524797440,0.999587,0.005141,-0.011753,0.025709,1
25.529830933,0.999589,0.005826,-0.010800,0.025895,1
25.534858704,0.999585,0.006491,-0.011819,0.025455,1
25.539880753,0.999589,0.005680,-0.011633,0.025595,1
25.544900894,0.999593,0.005968,-0.010754,0.025740,1
25.549913406,0.999592,0.006130,-0.011347,0.025477,1
25.554924011,0.999586,0.005391,-0.011752,0.025718,1
25.559926987,0.999593,0.005014,-0.010975,0.025866,1
25.564928055,0.999595,0.004886,-0.010638,0.025930,1
25.569925308,0.999575,0.005342,-0.012264,0.025887,1
25.574916840,0.999574,0.005165,-0.012452,0.025868,1
25.579902649,0.999583,0.005262,-0.011139,0.026102,1
25.584884644,0.999589,0.005290,-0.010806,0.026020,1
25.589860916,0.999597,0.004448,-0.010851,0.025855,1
25.594833374,0.999594,0.004746,-0.010333,0.026136,1
25.599802017,0.999575,0.005605,-0.011956,0.025990,1
25.604763031,0.999562,0.005338,-0.012948,0.026086,1
25.609720230,0.999578,0.004423,-0.011184,0.026423,1
25.614761353,0.999587,0.004604,-0.010410,0.026391,1
25.619800568,0.999581,0.005391,-0.011159,0.026150,1
25.624832153,0.999584,0.005180,-0.011275,0.026027,1
25.629859924,0.999588,0.004293,-0.010794,0.026243,1
25.634881973,0.999578,0.004720,-0.010858,0.026538,1
25.639898300,0.999572,0.005180,-0.011375,0.026438,1
25.644912720,0.999566,0.005123,-0.011945,0.026431,1
25.649921417,0.999566,0.005051,-0.011456,0.026667,1
25.654924393,0.999570,0.005054,-0.010839,0.026776,1
25.659923553,0.999577,0.005151,-0.010731,0.026539,1
25.664916992,0.999568,0.006137,-0.011395,0.026406,1
25.669906616,0.999554,0.006155,-0.012334,0.026479,1
25.674890518,0.999561,0.005513,-0.011040,0.026928,1
25.679870605,0.999576,0.005499,-0.010117,0.026728,1
25.684846878,0.999579,0.005337,-0.010462,0.026546,1
25.689817429,0.999559,0.005506,-0.011512,0.026796,1
25.694786072,0.999537,0.006028,-0.012824,0.026911,1
25.699745178,0.999543,0.005478,-0.012027,0.027180,1
25.704702377,0.999547,0.005682,-0.011536,0.027218,1
25.709743500,0.999562,0.006570,-0.010352,0.026931,1
25.714782715,0.999570,0.006187,-0.010388,0.026730,1
25.719814301,0.999560,0.005845,-0.010720,0.027047,1
25.724842072,0.999545,0.006352,-0.011707,0.027070,1
25.729866028,0.999548,0.006323,-0.011372,0.027090,1
25.734884262,0.999549,0.006159,-0.010804,0.027319,1
25.739896774,0.999562,0.006036,-0.009549,0.027337,1
25.744905472,0.999561,0.006641,-0.010168,0.027031,1
25.749912262,0.999543,0.007504,-0.011868,0.026781,1
25.754911423,0.999539,0.007025,-0.012182,0.026921,1
25.759904861,0.999552,0.006702,-0.010252,0.027308,1
25.764896393,0.999559,0.007257,-0.009922,0.027029,1
25.769884109,0.999551,0.008167,-0.011198,0.026570,1
25.774864197,0.999546,0.007821,-0.011814,0.026583,1
25.779840469,0.999547,0.007729,-0.011125,0.026882,1
25.784811020,0.999554,0.007865,-0.010429,0.026842,1
25.789779663,0.999551,0.008977,-0.010848,0.026435,1
25.794742584,0.999554,0.008457,-0.011466,0.026264,1
25.799699783,0.999557,0.007816,-0.010971,0.026544,1
25.804742813,0.999561,0.008214,-0.009844,0.026720,1
25.809780121,0.999561,0.008835,-0.010731,0.026148,1
25.814813614,0.999545,0.009288,-0.011754,0.026163,1
25.819843292,0.999555,0.008562,-0.011132,0.026333,1
25.824867249,0.999562,0.008225,-0.010570,0.026397,1
25.829887390,0.999561,0.009044,-0.010809,0.026057,1
25.834903717,0.999577,0.008725,-0.010124,0.025846,1
25.839912415,0.999588,0.008235,-0.009459,0.025803,1
25.844921112,0.999580,0.008935,-0.010137,0.025635,1
25.849922180,0.999566,0.008992,-0.011565,0.025562,1
25.854919434,0.999572,0.007813,-0.011312,0.025818,1
25.859910965,0.999583,0.008021,-0.009732,0.025991,1
25.864898682,0.999588,0.008800,-0.009805,0.025519,1
25.869882584,0.999588,0.008486,-0.010810,0.025189,1
25.874862671,0.999581,0.008102,-0.011076,0.025466,1
25.879837036,0.999589,0.007478,-0.010243,0.025715,1
25.884807587,0.999585,0.007573,-0.010736,0.025622,1
25.889772415,0.999588,0.008094,-0.010598,0.025419,1
25.894733429,0.999598,0.007956,-0.010331,0.025172,1
25.899776459,0.999595,0.007938,-0.010518,0.025231,1
25.904813766,0.999604,0.007954,-0.010043,0.025058,1
25.909847260,0.999616,0.007807,-0.009237,0.024925,1
25.914875031,0.999611,0.007746,-0.010124,0.024792,1
25.919900894,0.999608,0.007567,-0.010527,0.024801,1
25.924921036,0.999614,0.007196,-0.009952,0.024908,1
25.929937363,0.999616,0.007250,-0.010317,0.024659,1
25.934947968,0.999619,0.006957,-0.010278,0.024648,1
25.939956665,0.999617,0.007030,-0.010332,0.024692,1
25.944957733,0.999619,0.007159,-0.010497,0.024491,1
25.949954987,0.999628,0.006773,-0.009750,0.024570,1
25.954946518,0.999634,0.006743,-0.009519,0.024424,1
25.959936142,0.999622,0.007419,-0.010706,0.024232,1
25.964918137,0.999623,0.007019,-0.010547,0.024367,1
25.969898224,0.999632,0.006831,-0.009729,0.024383,1
25.974872589,0.999647,0.006249,-0.008677,0.024301,1
25.979843140,0.999643,0.006635,-0.009503,0.024068,1
25.984806061,0.999632,0.006802,-0.010544,0.024071,1
25.989767075,0.999629,0.006396,-0.010546,0.024280,1
25.994812012,0.999645,0.005635,-0.008905,0.024467,1
25.999849319,0.999644,0.006241,-0.009146,0.024276,1
26.004882812,0.999637,0.006972,-0.010124,0.023963,1
26.009910583,0.999650,0.006162,-0.009055,0.024080,1
26.014936447,0.999653,0.005732,-0.008673,0.024208,1
26.019956589,0.999646,0.006277,-0.009612,0.024018,1
26.024972916,0.999637,0.006304,-0.010483,0.024007,1
26.029983521,0.999645,0.005972,-0.009560,0.024160,1
26.034988403,0.999653,0.005814,-0.008991,0.024068,1
26.039989471,0.999652,0.006214,-0.009336,0.023869,1
26.044986725,0.999651,0.006019,-0.009822,0.023768,1
26.049978256,0.999653,0.005701,-0.009630,0.023848,1
26.054965973,0.999653,0.005873,-0.009129,0.023987,1
26.059947968,0.999650,0.006396,-0.010008,0.023629,1
26.064928055,0.999656,0.006063,-0.009675,0.023626,1
26.069902420,0.999651,0.006619,-0.009617,0.023710,1
26.074876785,0.999652,0.006664,-0.010155,0.023413,1
26.079841614,0.999653,0.006516,-0.010034,0.023449,1
26.084802628,0.999658,0.006849,-0.009478,0.023401,1
26.089847565,0.999664,0.006461,-0.009710,0.023170,1
26.094884872,0.999665,0.006297,-0.009556,0.023205,1
26.099918365,0.999668,0.006435,-0.009327,0.023132,1
26.104948044,0.999662,0.006646,-0.010046,0.023036,1
26.109973907,0.999653,0.006534,-0.010465,0.023254,1
26.114994049,0.999660,0.006109,-0.009922,0.023346,1
26.120012283,0.999655,0.006658,-0.010159,0.023298,1
26.125020981,0.999657,0.006826,-0.010000,0.023238,1
26.130027771,0.999664,0.007065,-0.009373,0.023130,1
26.135032654,0.999662,0.007561,-0.009705,0.022922,1
26.140031815,0.999659,0.007666,-0.010273,0.022740,1
26.145023346,0.999664,0.006923,-0.010036,0.022891,1
26.150012970,0.999668,0.006674,-0.009605,0.022961,1
26.154996872,0.999670,0.007154,-0.009422,0.022793,1
26.159978867,0.999669,0.007646,-0.009785,0.022552,1
26.164953232,0.999656,0.008106,-0.010514,0.022601,1
26.169923782,0.999658,0.007557,-0.010307,0.022822,1
26.174890518,0.999662,0.008006,-0.009546,0.022813,1
26.179849625,0.999670,0.008385,-0.009039,0.022550,1
26.184894562,0.999668,0.008259,-0.010130,0.022189,1
26.189931870,0.999659,0.008072,-0.010866,0.022348,1
26.194967270,0.999659,0.008512,-0.009846,0.022654,1
26.199996948,0.999670,0.008490,-0.009753,0.022194,1
26.205022812,0.999669,0.008367,-0.010048,0.022165,1
26.210041046,0.999663,0.008561,-0.010479,0.022155,1
26.215059280,0.999665,0.008100,-0.010632,0.022179,1
26.220067978,0.999667,0.008234,-0.010143,0.022248,1
26.225076675,0.999671,0.008738,-0.009974,0.021963,1
26.230077744,0.999672,0.008426,-0.010295,0.021879,1
26.235074997,0.999676,0.008357,-0.009802,0.021966,1
26.240064621,0.999681,0.008518,-0.009615,0.021737,1
26.245054245,0.999678,0.008577,-0.010379,0.021516,1
26.250038147,0.999675,0.008394,-0.010732,0.021555,1
26.255014420,0.999684,0.007761,-0.009946,0.021737,1
26.259988785,0.999684,0.008266,-0.009935,0.021552,1
26.264957428,0.999690,0.008234,-0.009905,0.021288,1
26.269926071,0.999688,0.008233,-0.010291,0.021206,1
26.274887085,0.999687,0.008081,-0.010698,0.021132,1
26.279932022,0.999684,0.008148,-0.010932,0.021114,1
26.284969330,0.999697,0.007859,-0.009897,0.021134,1
26.290006638,0.999709,0.007622,-0.009376,0.020886,1
26.295036316,0.999697,0.008146,-0.010515,0.020697,1
26.300062180,0.999688,0.008046,-0.011280,0.020789,1
26.305084229,0.999702,0.007107,-0.010369,0.020943,1
26.310098648,0.999712,0.007346,-0.009586,0.020740,1
26.315113068,0.999708,0.007913,-0.010270,0.020410,1
26.320119858,0.999708,0.007317,-0.010842,0.020306,1
26.325122833,0.999714,0.007055,-0.010142,0.020476,1
26.330121994,0.999716,0.007412,-0.010124,0.020250,1
26.335117340,0.999715,0.007354,-0.010714,0.020042,1
26.340106964,0.999725,0.006689,-0.009907,0.020174,1
26.345090866,0.999728,0.006512,-0.010069,0.020010,1
26.350070953,0.999718,0.006780,-0.011075,0.019898,1
26.355047226,0.999719,0.006525,-0.011059,0.019908,1
26.360017776,0.999727,0.006726,-0.010108,0.019941,1
26.364984512,0.999734,0.006983,-0.009971,0.019575,1
26.369945526,0.999744,0.006105,-0.009885,0.019438,1
26.374904633,0.999741,0.006102,-0.009920,0.019544,1
26.379943848,0.999732,0.006646,-0.011074,0.019211,1
26.384977341,0.999733,0.006503,-0.010969,0.019288,1
26.390008926,0.999741,0.006217,-0.010312,0.019297,1
26.395034790,0.999748,0.006241,-0.010094,0.019058,1
26.400056839,0.999752,0.006267,-0.010143,0.018821,1
26.405073166,0.999754,0.006228,-0.010100,0.018719,1
26.410085678,0.999759,0.006111,-0.010047,0.018544,1
26.415092468,0.999753,0.006198,-0.010622,0.018509,1
26.420095444,0.999752,0.005930,-0.010733,0.018600,1
26.425094604,0.999765,0.005096,-0.009674,0.018698,1
26.430088043,0.999754,0.006028,-0.010675,0.018483,1
26.435077667,0.999746,0.006312,-0.011685,0.018213,1
26.440065384,0.999757,0.005823,-0.010649,0.018400,1
26.445047379,0.999780,0.004932,-0.008557,0.018494,1
26.450023651,0.999772,0.005845,-0.009411,0.018280,1
26.454996109,0.999750,0.006342,-0.011725,0.017960,1
26.459964752,0.999749,0.006249,-0.011693,0.018074,1
26.464929581,0.999764,0.005938,-0.010637,0.017997,1
26.469888687,0.999772,0.005448,-0.010329,0.017860,1
26.474927902,0.999777,0.005211,-0.009804,0.017936,1
26.479963303,0.999776,0.005666,-0.009886,0.017858,1
26.484994888,0.999760,0.005901,-0.011317,0.017802,1
26.490020752,0.999750,0.005486,-0.012020,0.018035,1
26.495040894,0.999757,0.005469,-0.010680,0.018468,1
26.500059128,0.999763,0.006097,-0.010083,0.018281,1
26.505073547,0.999768,0.006052,-0.010259,0.017967,1
26.510080338,0.999761,0.006706,-0.010317,0.018072,1
26.515083313,0.999752,0.007235,-0.010860,0.018052,1
26.520082474,0.999747,0.006640,-0.011336,0.018263,1
26.525075912,0.999744,0.006750,-0.010977,0.018605,1
26.530065536,0.999747,0.007272,-0.010387,0.018566,1
26.535051346,0.999755,0.006860,-0.010053,0.018508,1
26.540029526,0.999754,0.006287,-0.010203,0.018659,1
26.545007706,0.999736,0.007100,-0.011241,0.018731,1
26.549982071,0.999724,0.007371,-0.011706,0.018971,1
26.554948807,0.999728,0.006879,-0.011105,0.019331,1
26.559911728,0.999736,0.006638,-0.010242,0.019442,1
26.564870834,0.999733,0.007211,-0.010484,0.019297,1
26.569911957,0.999732,0.007347,-0.010406,0.019326,1
26.574945450,0.999733,0.007070,-0.010416,0.019393,1
26.579977036,0.999722,0.007364,-0.010969,0.019541,1
26.585002899,0.999717,0.007436,-0.010873,0.019803,1
26.590023041,0.999726,0.007569,-0.009709,0.019894,1
26.595039368,0.999717,0.008395,-0.010526,0.019610,1
26.600049973,0.999709,0.008465,-0.010982,0.019742,1
26.605058670,0.999714,0.007881,-0.009986,0.020236,1
26.610059738,0.999717,0.008323,-0.009375,0.020199,1
26.615058899,0.999702,0.009184,-0.010481,0.020064,1
26.620048523,0.999689,0.008793,-0.011643,0.020227,1
26.625038147,0.999696,0.008376,-0.010779,0.020511,1
26.630022049,0.999694,0.009078,-0.010357,0.020530,1
26.635000229,0.999692,0.009493,-0.011158,0.020039,1
26.639974594,0.999701,0.008987,-0.010815,0.020017,1
26.644943237,0.999700,0.008961,-0.010422,0.020263,1
26.649908066,0.999690,0.009551,-0.011040,0.020169,1
26.654867172,0.999698,0.009244,-0.010720,0.020069,1
26.659824371,0.999706,0.009096,-0.010242,0.020000,1
26.664863586,0.999703,0.009235,-0.010402,0.019996,1
26.669898987,0.999706,0.009107,-0.010452,0.019883,1
26.674932480,0.999714,0.009023,-0.010079,0.019739,1
26.679960251,0.999710,0.009099,-0.010415,0.019706,1
26.684980392,0.999704,0.009205,-0.010602,0.019882,1
26.689998627,0.999713,0.008724,-0.010068,0.019900,1
26.695013046,0.999714,0.009040,-0.010167,0.019675,1
26.700021744,0.999713,0.008889,-0.010516,0.019578,1
26.705024719,0.999712,0.008610,-0.010662,0.019720,1
26.710023880,0.999715,0.008388,-0.010343,0.019795,1
26.715019226,0.999711,0.008719,-0.010720,0.019679,1
26.720010757,0.999711,0.008695,-0.010781,0.019646,1
26.724996567,0.999720,0.008393,-0.010076,0.019723,1
26.729980469,0.999726,0.008227,-0.009842,0.019559,1
26.734956741,0.999718,0.008426,-0.010654,0.019458,1
26.739929199,0.999714,0.008260,-0.010992,0.019588,1
26.744897842,0.999722,0.008034,-0.010201,0.019705,1
26.749860764,0.999721,0.008208,-0.010290,0.019636,1
26.754817963,0.999716,0.008426,-0.010671,0.019552,1
26.759860992,0.999725,0.007899,-0.010146,0.019613,1
26.764896393,0.999728,0.007931,-0.009951,0.019537,1
26.769927979,0.999723,0.008147,-0.010499,0.019449,1
26.774953842,0.999717,0.008038,-0.010851,0.019563,1
26.779977798,0.999725,0.007539,-0.010216,0.019717,1
26.784994125,0.999734,0.007366,-0.009407,0.019714,1
26.790006638,0.999733,0.007737,-0.009750,0.019456,1
26.795013428,0.999727,0.007611,-0.010585,0.019391,1
26.800018311,0.999727,0.007216,-0.010341,0.019650,1
26.805017471,0.999736,0.006700,-0.009660,0.019721,1
26.810009003,0.999732,0.007207,-0.009950,0.019598,1
26.814998627,0.999730,0.007179,-0.010457,0.019484,1
26.819980621,0.999729,0.006922,-0.010412,0.019650,1
26.824962616,0.999734,0.006678,-0.009961,0.019686,1
26.829935074,0.999734,0.007018,-0.010040,0.019560,1
26.834905624,0.999733,0.006952,-0.010291,0.019489,1
26.839868546,0.999736,0.006633,-0.010116,0.019531,1
26.844829559,0.999735,0.006737,-0.010084,0.019590,1
26.849786758,0.999735,0.006750,-0.010329,0.019459,1
26.854827881,0.999736,0.006528,-0.010263,0.019501,1
26.859863281,0.999738,0.006519,-0.009689,0.019683,1
26.864898682,0.999738,0.006911,-0.009780,0.019521,1
26.869926453,0.999736,0.006730,-0.010197,0.019441,1
26.874950409,0.999738,0.006120,-0.009972,0.019649,1
26.879966736,0.999738,0.006161,-0.009700,0.019775,1
26.884981155,0.999736,0.006549,-0.009983,0.019617,1
26.889991760,0.999737,0.006517,-0.010004,0.019579,1
26.894994736,0.999733,0.006577,-0.010097,0.019693,1
26.899995804,0.999736,0.006260,-0.009855,0.019783,1
26.904991150,0.999736,0.006528,-0.009712,0.019766,1
26.909982681,0.999739,0.006707,-0.009809,0.019493,1
26.914970398,0.999739,0.006256,-0.009887,0.019607,1
26.919952393,0.999737,0.006486,-0.009797,0.019703,1
26.924928665,0.999736,0.006713,-0.009954,0.019587,1
26.929901123,0.999733,0.006667,-0.010370,0.019564,1
26.934871674,0.999733,0.006744,-0.010063,0.019681,1
26.939838409,0.999735,0.007038,-0.009843,0.019568,1
26.944801331,0.999728,0.007558,-0.010677,0.019330,1
26.949842453,0.999730,0.007191,-0.010546,0.019404,1
26.954881668,0.999740,0.006969,-0.009578,0.019497,1
26.959913254,0.999740,0.007515,-0.009840,0.019129,1
26.964942932,0.999743,0.007046,-0.010170,0.018998,1
26.969966888,0.999741,0.006866,-0.009845,0.019311,1
26.974987030,0.999734,0.007233,-0.010531,0.019203,1
26.979999542,0.999722,0.007419,-0.011354,0.019272,1
26.985012054,0.999725,0.007473,-0.010832,0.019428,1
26.990016937,0.999739,0.007334,-0.009885,0.019227,1
26.995018005,0.999739,0.007584,-0.010091,0.019027,1
27.000013351,0.999735,0.007900,-0.010538,0.018882,1
27.005004883,0.999737,0.007792,-0.010551,0.018837,1
27.009992599,0.999734,0.007849,-0.010549,0.018960,1
27.014974594,0.999739,0.007823,-0.010332,0.018819,1
27.019956589,0.999741,0.008064,-0.010049,0.018743,1
27.024930954,0.999732,0.008536,-0.010826,0.018583,1
27.029903412,0.999730,0.008455,-0.011039,0.018626,1
27.034870148,0.999735,0.008286,-0.010436,0.018791,1
27.039831161,0.999725,0.009256,-0.010711,0.018696,1
27.044874191,0.999727,0.009011,-0.011132,0.018458,1
27.049911499,0.999732,0.008622,-0.010735,0.018612,1
27.054944992,0.999732,0.009145,-0.010520,0.018470,1
27.059974670,0.999727,0.009599,-0.011129,0.018144,1
27.064998627,0.999732,0.009082,-0.011033,0.018208,1
27.070016861,0.999737,0.009067,-0.010420,0.018328,1
27.075033188,0.999735,0.009397,-0.010745,0.018064,1
27.080041885,0.999734,0.009360,-0.010948,0.017992,1
27.085050583,0.999739,0.009203,-0.010684,0.017950,1
27.090051651,0.999736,0.009403,-0.010913,0.017921,1
27.095046997,0.999734,0.009422,-0.011001,0.017950,1
27.100038528,0.999738,0.009326,-0.010964,0.017827,1
27.105026245,0.999738,0.009362,-0.010980,0.017783,1
27.110008240,0.999737,0.009375,-0.011147,0.017711,1
27.114988327,0.999741,0.008760,-0.011430,0.017609,1
27.119964600,0.999743,0.007796,-0.011468,0.017913,1
27.124935150,0.999749,0.007453,-0.011167,0.017930,1
27.129901886,0.999749,0.007687,-0.011018,0.017943,1
27.134862900,0.999747,0.007634,-0.011369,0.017865,1
27.139905930,0.999740,0.006758,-0.012274,0.017969,1
27.144943237,0.999744,0.006467,-0.011508,0.018381,1
27.149974823,0.999750,0.006606,-0.011063,0.018266,1
27.155004501,0.999752,0.006654,-0.010916,0.018209,1
27.160028458,0.999743,0.007143,-0.011239,0.018336,1
27.165048599,0.999740,0.006881,-0.011709,0.018294,1
27.170063019,0.999733,0.007357,-0.011537,0.018596,1
27.175071716,0.999735,0.007301,-0.011486,0.018549,1
27.180076599,0.999733,0.007223,-0.011904,0.018428,1
27.185075760,0.999738,0.007076,-0.011420,0.018552,1
27.190071106,0.999749,0.006843,-0.010536,0.018551,1
27.195060730,0.999743,0.006867,-0.011423,0.018346,1
27.200044632,0.999732,0.006683,-0.012173,0.018522,1
27.205026627,0.999731,0.006594,-0.011930,0.018770,1
27.210002899,0.999742,0.006397,-0.011108,0.018776,1
27.214973450,0.999747,0.006587,-0.010969,0.018514,1
27.219940186,0.999738,0.006967,-0.011814,0.018331,1
27.224899292,0.999730,0.006754,-0.012269,0.018530,1
27.229856491,0.999740,0.006070,-0.011604,0.018687,1
27.234897614,0.999744,0.006104,-0.011001,0.018794,1
27.239938736,0.999737,0.006722,-0.011766,0.018526,1
27.244972229,0.999736,0.006081,-0.012119,0.018554,1
27.250001907,0.999740,0.005788,-0.011388,0.018896,1
27.255025864,0.999739,0.006350,-0.011339,0.018769,1
27.260047913,0.999735,0.006536,-0.011845,0.018626,1
27.265062332,0.999740,0.005946,-0.011453,0.018808,1
27.270074844,0.999740,0.006000,-0.011244,0.018908,1
27.275083542,0.999732,0.006137,-0.011899,0.018887,1
27.280084610,0.999730,0.006249,-0.011740,0.019070,1
27.285083771,0.999737,0.005971,-0.011116,0.019155,1
27.290077209,0.999730,0.006517,-0.011417,0.019180,1
27.295066833,0.999727,0.006518,-0.011709,0.019125,1
27.300048828,0.999733,0.005679,-0.011381,0.019277,1
27.305028915,0.999731,0.006030,-0.011027,0.019502,1
27.310001373,0.999725,0.006571,-0.011442,0.019369,1
27.314971924,0.999718,0.006672,-0.011956,0.019398,1
27.319936752,0.999720,0.006009,-0.011541,0.019762,1
27.324895859,0.999722,0.006221,-0.010910,0.019944,1
27.329938889,0.999719,0.006917,-0.011300,0.019652,1
27.334978104,0.999720,0.006802,-0.011631,0.019461,1
27.340011597,0.999723,0.006215,-0.011180,0.019748,1
27.345039368,0.999718,0.006630,-0.011246,0.019834,1
27.350065231,0.999712,0.007220,-0.011669,0.019666,1
27.355083466,0.999714,0.006928,-0.011881,0.019588,1
27.360097885,0.999715,0.007078,-0.011396,0.019746,1
27.365108490,0.999713,0.007448,-0.011444,0.019694,1
27.370113373,0.999708,0.007874,-0.012001,0.019440,1
27.375112534,0.999713,0.007642,-0.011682,0.019450,1
27.380109787,0.999717,0.007784,-0.011209,0.019501,1
27.385097504,0.999714,0.008278,-0.011719,0.019108,1
27.390085220,0.999715,0.007986,-0.011904,0.019066,1
27.395067215,0.999715,0.008155,-0.011590,0.019192,1
27.400045395,0.999718,0.008132,-0.011711,0.019015,1
27.405019760,0.999711,0.008370,-0.012013,0.019057,1
27.409984589,0.999709,0.008595,-0.012096,0.018997,1
27.414949417,0.999709,0.008739,-0.012147,0.018918,1
27.419908524,0.999710,0.008784,-0.012112,0.018857,1
27.424951553,0.999719,0.008788,-0.011760,0.018628,1
27.429990768,0.999719,0.009084,-0.011835,0.018437,1
27.435024261,0.999720,0.009192,-0.011825,0.018296,1
27.440055847,0.999722,0.009216,-0.011832,0.018215,1
27.445081711,0.999722,0.009231,-0.011906,0.018134,1
27.450101852,0.999724,0.009360,-0.011749,0.018045,1
27.455120087,0.999725,0.009715,-0.011798,0.017815,1
27.460130692,0.999720,0.009903,-0.012158,0.017737,1
27.465137482,0.999729,0.009297,-0.011978,0.017666,1
27.470142365,0.999732,0.009495,-0.011478,0.017704,1
27.475141525,0.999728,0.010156,-0.011942,0.017244,1
27.480134964,0.999729,0.009942,-0.012407,0.017021,1
27.485124588,0.999735,0.009544,-0.012064,0.017128,1
27.490112305,0.999743,0.009602,-0.011499,0.017021,1
27.495092392,0.999738,0.010160,-0.011967,0.016662,1
27.500066757,0.999742,0.009805,-0.012196,0.016456,1
27.505039215,0.999744,0.009726,-0.011999,0.016518,1
27.510005951,0.999750,0.009797,-0.011740,0.016328,1
27.514968872,0.999749,0.009918,-0.012023,0.016115,1
27.520011902,0.999753,0.009591,-0.012088,0.015982,1
27.525051117,0.999755,0.009556,-0.011903,0.016043,1
27.530086517,0.999755,0.009798,-0.012030,0.015808,1
27.535116196,0.999760,0.009367,-0.012130,0.015671,1
27.540142059,0.999758,0.009468,-0.012070,0.015758,1
27.545164108,0.999760,0.009482,-0.012094,0.015631,1
27.550178528,0.999759,0.009132,-0.012381,0.015628,1
27.555192947,0.999764,0.008970,-0.012202,0.015606,1
27.560197830,0.999765,0.009119,-0.012139,0.015496,1
27.565200806,0.999760,0.009154,-0.012603,0.015424,1
27.570199966,0.999768,0.008617,-0.012138,0.015548,1
27.575193405,0.999778,0.008519,-0.011586,0.015395,1
27.580184937,0.999772,0.008766,-0.012304,0.015116,1
27.585168839,0.999770,0.008375,-0.012678,0.015163,1
27.590150833,0.999781,0.008086,-0.011834,0.015270,1
27.595125198,0.999784,0.008206,-0.011773,0.015007,1
27.600097656,0.999780,0.008391,-0.012261,0.014782,1
27.605064392,0.999790,0.007856,-0.011793,0.014802,1
27.610025406,0.999797,0.007802,-0.011442,0.014661,1
27.614984512,0.999790,0.007889,-0.012257,0.014397,1
27.620023727,0.999785,0.007726,-0.012694,0.014472,1
27.625059128,0.999798,0.007485,-0.011703,0.014506,1
27.630088806,0.999811,0.007279,-0.011030,0.014293,1
27.635114670,0.999803,0.007741,-0.011839,0.013888,1
27.640134811,0.999801,0.007603,-0.012349,0.013728,1
27.645151138,0.999807,0.007241,-0.011912,0.013853,1
27.650161743,0.999816,0.006840,-0.011304,0.013878,1
27.655172348,0.999816,0.007152,-0.011524,0.013550,1
27.660175323,0.999812,0.007251,-0.012085,0.013282,1
27.665172577,0.999819,0.006682,-0.011793,0.013352,1
27.670167923,0.999821,0.006672,-0.011664,0.013331,1
27.675153732,0.999822,0.006867,-0.011818,0.013028,1
27.680139542,0.999829,0.006373,-0.011569,0.012928,1
27.685117722,0.999832,0.006406,-0.011494,0.012795,1
27.690092087,0.999832,0.006378,-0.011776,0.012530,1
27.695062637,0.999831,0.006314,-0.012033,0.012403,1
27.700027466,0.999835,0.006126,-0.011878,0.012335,1
27.704988480,0.999840,0.006106,-0.011671,0.012140,1
27.709943771,0.999838,0.006349,-0.011991,0.011856,1
27.714982986,0.999842,0.005843,-0.012034,0.011711,1
27.720018387,0.999849,0.005295,-0.011700,0.011680,1
27.725048065,0.999847,0.005916,-0.011828,0.011435,1
27.730073929,0.999845,0.006016,-0.012353,0.011043,1
27.735094070,0.999841,0.005967,-0.012573,0.011114,1
27.740108490,0.999852,0.005458,-0.012011,0.011034,1
27.745121002,0.999856,0.005567,-0.011862,0.010814,1
27.750127792,0.999852,0.006133,-0.012298,0.010372,1
27.755128860,0.999855,0.005494,-0.012435,0.010266,1
27.760126114,0.999857,0.005547,-0.012110,0.010387,1
27.765119553,0.999857,0.005949,-0.012199,0.010095,1
27.770105362,0.999853,0.005851,-0.012781,0.009788,1
27.775091171,0.999857,0.005651,-0.012585,0.009792,1
27.780069351,0.999864,0.005815,-0.012021,0.009688,1
27.785041809,0.999859,0.006398,-0.012425,0.009273,1
27.790012360,0.999854,0.006430,-0.013029,0.009026,1
27.794977188,0.999867,0.005951,-0.012089,0.009156,1
27.799934387,0.999871,0.006091,-0.011853,0.008946,1
27.804891586,0.999864,0.006517,-0.012530,0.008467,1
27.809930801,0.999871,0.005553,-0.012449,0.008480,1
27.814964294,0.999869,0.005757,-0.012433,0.008597,1
27.819997787,0.999857,0.006067,-0.013364,0.008340,1
27.825023651,0.999854,0.006256,-0.013490,0.008410,1
27.830041885,0.999864,0.006054,-0.012899,0.008307,1
27.835058212,0.999873,0.006141,-0.012294,0.008050,1
27.840068817,0.999868,0.006124,-0.012913,0.007729,1
27.845075607,0.999862,0.005902,-0.013583,0.007572,1
27.850076675,0.999869,0.005251,-0.013230,0.007702,1
27.855073929,0.999869,0.005239,-0.013221,0.007710,1
27.860065460,0.999874,0.005695,-0.012930,0.007278,1
27.865055084,0.999878,0.005821,-0.012708,0.006978,1
27.870037079,0.999865,0.006800,-0.013304,0.006886,1
27.875015259,0.999867,0.006617,-0.013369,0.006645,1
27.879989624,0.999864,0.007065,-0.013379,0.006572,1
27.884958267,0.999862,0.006999,-0.013683,0.006351,1
27.889919281,0.999869,0.006609,-0.013353,0.006395,1
27.894878387,0.999868,0.007293,-0.013075,0.006367,1
27.899831772,0.999878,0.007687,-0.012287,0.005744,1
27.904872894,0.999870,0.008192,-0.012890,0.005238,1
27.909908295,0.999851,0.008711,-0.013952,0.005151,1
27.914939880,0.999857,0.008048,-0.013925,0.005126,1
27.919965744,0.999864,0.008269,-0.013352,0.004993,1
27.924987793,0.999872,0.008117,-0.013010,0.004574,1
27.930006027,0.999873,0.008174,-0.013009,0.004259,1
27.935016632,0.999865,0.008320,-0.013539,0.004083,1
27.940023422,0.999870,0.008055,-0.013357,0.004028,1
27.945026398,0.999871,0.008054,-0.013359,0.003848,1
27.950025558,0.999866,0.008224,-0.013653,0.003597,1
27.955017090,0.999868,0.008104,-0.013670,0.003338,1
27.960008621,0.999876,0.007819,-0.013304,0.003287,1
27.964990616,0.999879,0.007857,-0.013070,0.003206,1
27.969972610,0.999869,0.008145,-0.013708,0.002913,1
27.974946976,0.999865,0.007738,-0.014167,0.002902,1
27.979917526,0.999852,0.007932,-0.014972,0.002938,1
27.984884262,0.999857,0.007275,-0.015044,0.002687,1
27.989843369,0.999860,0.007127,-0.014899,0.002511,1
27.994800568,0.999905,0.005584,-0.012337,0.002483,1
27.999841690,0.999907,0.005559,-0.012105,0.002755,1
28.004880905,0.999847,0.007928,-0.015382,0.002366,1
28.009912491,0.999822,0.006018,-0.017758,0.001895,1
28.014940262,0.999858,0.006559,-0.015327,0.002241,1
28.019962311,0.999897,0.006118,-0.012866,0.001684,1
28.024982452,0.999875,0.006537,-0.014342,0.001142,1
28.029994965,0.999878,0.006515,-0.014151,0.001112,1
28.035003662,0.999884,0.005594,-0.014128,0.001162,1
28.040008545,0.999875,0.005973,-0.014588,0.001185,1
28.045009613,0.999852,0.006802,-0.015796,0.000900,1
28.050006866,0.999855,0.006278,-0.015801,0.000530,1
28.054994583,0.999884,0.005438,-0.014225,0.000721,1
28.059982300,0.999903,0.005315,-0.012816,0.000762,1
28.064962387,0.999877,0.005936,-0.014526,0.000198,1
28.069938660,0.999856,0.006022,-0.015843,-0.000034,1
28.074911118,0.999876,0.005254,-0.014819,0.000195,1
28.079877853,0.999887,0.005030,-0.014142,0.000266,1
28.084840775,0.999880,0.005346,-0.014526,-0.000121,1
28.089796066,0.999869,0.005420,-0.015274,-0.000434,1
28.094839096,0.999875,0.004929,-0.014984,-0.000445,1
28.099874496,0.999884,0.004812,-0.014441,-0.000509,1
28.104907990,0.999881,0.005189,-0.014482,-0.000786,1
28.109933853,0.999884,0.004814,-0.014422,-0.000843,1
28.114957809,0.999885,0.004618,-0.014422,-0.000789,1
28.119976044,0.999883,0.004793,-0.014501,-0.000951,1
28.124988556,0.999874,0.004804,-0.015102,-0.001138,1
28.129997253,0.999878,0.004519,-0.014883,-0.001123,1
28.135000229,0.999890,0.004398,-0.014105,-0.001062,1
28.139999390,0.999885,0.004688,-0.014377,-0.001325,1
28.144992828,0.999879,0.004613,-0.014764,-0.001433,1
28.149980545,0.999883,0.004347,-0.014570,-0.001365,1
28.154966354,0.999889,0.004074,-0.014287,-0.001460,1
28.159946442,0.999885,0.004152,-0.014520,-0.001625,1
28.164918900,0.999886,0.004233,-0.014416,-0.001757,1
28.169889450,0.999891,0.003934,-0.014089,-0.001826,1
28.174856186,0.999887,0.004220,-0.014304,-0.001883,1
28.179817200,0.999890,0.003847,-0.014176,-0.002122,1
28.184772491,0.999894,0.003812,-0.013869,-0.002205,1
28.189815521,0.999896,0.003608,-0.013776,-0.002371,1
28.194852829,0.999890,0.004166,-0.014007,-0.002488,1
28.199884415,0.999897,0.004103,-0.013482,-0.002811,1
28.204912186,0.999886,0.004869,-0.013973,-0.002922,1
28.209936142,0.999872,0.005308,-0.014772,-0.003102,1
28.214956284,0.999875,0.005325,-0.014507,-0.003360,1
28.219968796,0.999879,0.005916,-0.013985,-0.003477,1
28.224979401,0.999885,0.005953,-0.013371,-0.003924,1
28.229984283,0.999871,0.006360,-0.014147,-0.004168,1
28.234983444,0.999861,0.006049,-0.014855,-0.004450,1
28.239978790,0.999864,0.005300,-0.015015,-0.004312,1
28.244966507,0.999870,0.005356,-0.014587,-0.004267,1
28.249952316,0.999857,0.005582,-0.015267,-0.004716,1
28.254932404,0.999858,0.005776,-0.015044,-0.004837,1
28.259906769,0.999869,0.005764,-0.014254,-0.004973,1
28.264877319,0.999872,0.005701,-0.013969,-0.005271,1
28.269844055,0.999866,0.005981,-0.014190,-0.005546,1
28.274805069,0.999862,0.006242,-0.014230,-0.005799,1
28.279762268,0.999861,0.006119,-0.014333,-0.005992,1
28.284805298,0.999856,0.006557,-0.014391,-0.006135,1
28.289842606,0.999853,0.006700,-0.014452,-0.006355,1
28.294874191,0.999867,0.006495,-0.013457,-0.006592,1
28.299905777,0.999862,0.006774,-0.013460,-0.006953,1
28.304927826,0.999827,0.007621,-0.015330,-0.007288,1
28.309947968,0.999843,0.006989,-0.014585,-0.007242,1
28.314964294,0.999860,0.007209,-0.013187,-0.007363,1
28.319974899,0.999840,0.007664,-0.014039,-0.007978,1
28.324981689,0.999826,0.007606,-0.014983,-0.008145,1
28.329982758,0.999839,0.007380,-0.014274,-0.008043,1
28.334980011,0.999840,0.007428,-0.013986,-0.008288,1
28.339969635,0.999835,0.007674,-0.014106,-0.008467,1
28.344959259,0.999834,0.007935,-0.013950,-0.008657,1
28.349941254,0.999825,0.007948,-0.014443,-0.008875,1
28.354923248,0.999821,0.007850,-0.014761,-0.008849,1
28.359899521,0.999821,0.008086,-0.014473,-0.009151,1
28.364871979,0.999833,0.007844,-0.013610,-0.009327,1
28.369838715,0.999827,0.007921,-0.013793,-0.009664,1
28.374799728,0.999821,0.007693,-0.014263,-0.009793,1
28.379844666,0.999810,0.007552,-0.015049,-0.009823,1
28.384881973,0.999812,0.007536,-0.014933,-0.009783,1
28.389917374,0.999826,0.007505,-0.013894,-0.009933,1
28.394945145,0.999829,0.007573,-0.013334,-0.010316,1
28.399971008,0.999816,0.007655,-0.013943,-0.010675,1
28.404989243,0.999804,0.007490,-0.014832,-0.010732,1
28.410003662,0.999810,0.007512,-0.014591,-0.010519,1
28.415014267,0.999821,0.007080,-0.013988,-0.010623,1
28.420017242,0.999822,0.007351,-0.013652,-0.010724,1
28.425020218,0.999812,0.007508,-0.014090,-0.010977,1
28.430013657,0.999800,0.007431,-0.014835,-0.011135,1
28.435005188,0.999803,0.007346,-0.014822,-0.010935,1
28.439992905,0.999807,0.007197,-0.014582,-0.010983,1
28.444972992,0.999814,0.007186,-0.013990,-0.011162,1
28.449949265,0.999797,0.007674,-0.014682,-0.011426,1
28.454919815,0.999795,0.006975,-0.015213,-0.011398,1
28.459886551,0.999808,0.006332,-0.014796,-0.011153,1
28.464849472,0.999812,0.006615,-0.014422,-0.011146,1
28.469806671,0.999803,0.006946,-0.014677,-0.011417,1
28.474849701,0.999810,0.006728,-0.014200,-0.011506,1
28.479887009,0.999816,0.006433,-0.013918,-0.011533,1
28.484920502,0.999804,0.006632,-0.014520,-0.011731,1
28.489948273,0.999812,0.006286,-0.014179,-0.011654,1
28.494972229,0.999817,0.006100,-0.013994,-0.011539,1
28.499992371,0.999806,0.006046,-0.014727,-0.011570,1
28.505006790,0.999800,0.006032,-0.015225,-0.011454,1
28.510015488,0.999820,0.005946,-0.014031,-0.011327,1
28.515020370,0.999818,0.006140,-0.013856,-0.011549,1
28.520021439,0.999811,0.006353,-0.014129,-0.011790,1
28.525014877,0.999812,0.006223,-0.014139,-0.011750,1
28.530006409,0.999808,0.005652,-0.014601,-0.011798,1
28.534992218,0.999817,0.005107,-0.014420,-0.011523,1
28.539974213,0.999822,0.005239,-0.013997,-0.011529,1
28.544948578,0.999810,0.005703,-0.014494,-0.011761,1
28.549921036,0.999809,0.005951,-0.014517,-0.011654,1
28.554889679,0.999812,0.005749,-0.014351,-0.011666,1
28.559850693,0.999816,0.005286,-0.014190,-0.011772,1
28.564811707,0.999822,0.005234,-0.013871,-0.011657,1
28.569854736,0.999814,0.005484,-0.014198,-0.011819,1
28.574893951,0.999805,0.004949,-0.014965,-0.011929,1
28.579927444,0.999819,0.004999,-0.014250,-0.011602,1
28.584957123,0.999825,0.005228,-0.013511,-0.011822,1
28.589982986,0.999811,0.005361,-0.014215,-0.012135,1
28.595005035,0.999805,0.005140,-0.014694,-0.012144,1
28.600021362,0.999813,0.005090,-0.014243,-0.012035,1
28.605031967,0.999809,0.005361,-0.014374,-0.012139,1
28.610040665,0.999804,0.005362,-0.014506,-0.012340,1
28.615043640,0.999805,0.005569,-0.014386,-0.012348,1
28.620040894,0.999799,0.005989,-0.014569,-0.012395,1
28.625034332,0.999806,0.005522,-0.014164,-0.012485,1
28.630022049,0.999803,0.005752,-0.014135,-0.012687,1
28.635004044,0.999783,0.006411,-0.015007,-0.012959,1
28.639986038,0.999784,0.006234,-0.015089,-0.012833,1
28.644958496,0.999808,0.005534,-0.013709,-0.012825,1
28.649927139,0.999817,0.005390,-0.013016,-0.012944,1
28.654890060,0.999783,0.006200,-0.014901,-0.013200,1
28.659851074,0.999757,0.006221,-0.016526,-0.013221,1
28.664896011,0.999787,0.005731,-0.015009,-0.012953,1
28.669933319,0.999798,0.005794,-0.014076,-0.013093,1
28.674966812,0.999785,0.006211,-0.014464,-0.013475,1
28.679996490,0.999779,0.006590,-0.014720,-0.013496,1
28.685022354,0.999781,0.006284,-0.014672,-0.013570,1
28.690042496,0.999789,0.006090,-0.014140,-0.013591,1
28.695058823,0.999783,0.006591,-0.014122,-0.013797,1
28.700069427,0.999761,0.006841,-0.015347,-0.013972,1
28.705078125,0.999763,0.006976,-0.015364,-0.013740,1
28.710081100,0.999779,0.006825,-0.014291,-0.013859,1
28.715078354,0.999775,0.007363,-0.013931,-0.014194,1
28.720069885,0.999762,0.007535,-0.014461,-0.014485,1
28.725059509,0.999756,0.007501,-0.014953,-0.014433,1
28.730045319,0.999765,0.007087,-0.014678,-0.014307,1
28.735023499,0.999753,0.007437,-0.015217,-0.014419,1
28.739997864,0.999753,0.007631,-0.014913,-0.014607,1
28.744968414,0.999770,0.007069,-0.014004,-0.014643,1
28.749935150,0.999764,0.007309,-0.014150,-0.014765,1
28.754894257,0.999730,0.008040,-0.015794,-0.015012,1
28.759939194,0.999730,0.007662,-0.016221,-0.014780,1
28.764978409,0.999755,0.007406,-0.014974,-0.014499,1
28.770013809,0.999767,0.007687,-0.013639,-0.014870,1
28.775043488,0.999753,0.007413,-0.014277,-0.015340,1
28.780069351,0.999742,0.007749,-0.014801,-0.015405,1
28.785087585,0.999739,0.007610,-0.015149,-0.015323,1
28.790105820,0.999738,0.007623,-0.015287,-0.015238,1
28.795118332,0.999741,0.007369,-0.015139,-0.015287,1
28.800123215,0.999753,0.007675,-0.014196,-0.015288,1
28.805126190,0.999751,0.007805,-0.013909,-0.015602,1
28.810123444,0.999740,0.007790,-0.014467,-0.015796,1
28.815116882,0.999741,0.007459,-0.014632,-0.015778,1
28.820102692,0.999748,0.007023,-0.014459,-0.015670,1
28.825088501,0.999732,0.007222,-0.015434,-0.015678,1
28.830068588,0.999731,0.007254,-0.015613,-0.015547,1
28.835042953,0.999742,0.007296,-0.014894,-0.015534,1
28.840013504,0.999741,0.007400,-0.014636,-0.015789,1
28.844978333,0.999733,0.007172,-0.014924,-0.016112,1
28.849939346,0.999751,0.006686,-0.014014,-0.016036,1
28.854894638,0.999741,0.006751,-0.014482,-0.016197,1
28.859931946,0.999710,0.007434,-0.016053,-0.016348,1
28.864969254,0.999737,0.006451,-0.015061,-0.016073,1
28.869998932,0.999773,0.005750,-0.012864,-0.015998,1
28.875024796,0.999752,0.006679,-0.013488,-0.016416,1
28.880044937,0.999711,0.007050,-0.015836,-0.016629,1
28.885059357,0.999717,0.006317,-0.015964,-0.016493,1
28.890071869,0.999754,0.005647,-0.013823,-0.016370,1
28.895076752,0.999758,0.005498,-0.013266,-0.016640,1
28.900077820,0.999731,0.006594,-0.014523,-0.016836,1
28.905075073,0.999734,0.005864,-0.014419,-0.017001,1
28.910068512,0.999752,0.004474,-0.013904,-0.016809,1
28.915054321,0.999737,0.005556,-0.014526,-0.016844,1
28.920034409,0.999721,0.006069,-0.015089,-0.017130,1
28.925014496,0.999741,0.005386,-0.013991,-0.017097,1
28.929986954,0.999756,0.005297,-0.012918,-0.017132,1
28.934953690,0.999729,0.006060,-0.013995,-0.017566,1
28.939914703,0.999720,0.005288,-0.014736,-0.017767,1
28.944873810,0.999749,0.004091,-0.013561,-0.017338,1
28.949827194,0.999737,0.004983,-0.014117,-0.017397,1
28.954868317,0.999716,0.004992,-0.015171,-0.017701,1
28.959901810,0.999730,0.004679,-0.014494,-0.017548,1
28.964933395,0.999743,0.004464,-0.013536,-0.017653,1
28.969957352,0.999720,0.005176,-0.014467,-0.017982,1
28.974979401,0.999715,0.004879,-0.014876,-0.018024,1
28.979993820,0.999722,0.004851,-0.014565,-0.017881,1
28.985006332,0.999715,0.005246,-0.014666,-0.018077,1
28.990013123,0.999725,0.004877,-0.014033,-0.018118,1
28.995014191,0.999740,0.004407,-0.013091,-0.018141,1
29.000011444,0.999722,0.005282,-0.013831,-0.018330,1
29.005002975,0.999694,0.005950,-0.015331,-0.018469,1
29.009988785,0.999709,0.005391,-0.014637,-0.018386,1
29.014972687,0.999748,0.004351,-0.012459,-0.018169,1
29.019950867,0.999743,0.004826,-0.012506,-0.018289,1
29.024923325,0.999710,0.005618,-0.014168,-0.018635,1
29.029890060,0.999716,0.005326,-0.013889,-0.018631,1
29.034854889,0.999733,0.004763,-0.013002,-0.018480,1
29.039812088,0.999742,0.005205,-0.012328,-0.018346,1
29.044767380,0.999732,0.005978,-0.012446,-0.018567,1
29.049806595,0.999715,0.006128,-0.013100,-0.019000,1
29.054841995,0.999714,0.005714,-0.013437,-0.018920,1
29.059873581,0.999728,0.004909,-0.013152,-0.018608,1
29.064901352,0.999753,0.004680,-0.011876,-0.018167,1
29.069921494,0.999724,0.006251,-0.013268,-0.018344,1
29.074939728,0.999706,0.006087,-0.014432,-0.018486,1
29.079954147,0.999726,0.005075,-0.014058,-0.018025,1
29.084960938,0.999751,0.005976,-0.012216,-0.017712,1
29.089963913,0.999736,0.006648,-0.012472,-0.018141,1
29.094961166,0.999723,0.006262,-0.013204,-0.018466,1
29.099956512,0.999730,0.006331,-0.012851,-0.018271,1
29.104944229,0.999726,0.006948,-0.013001,-0.018211,1
29.109930038,0.999717,0.006692,-0.013396,-0.018481,1
29.114908218,0.999734,0.006243,-0.012769,-0.018190,1
29.119884491,0.999729,0.006816,-0.012700,-0.018292,1
29.124853134,0.999713,0.007410,-0.013506,-0.018339,1
29.129821777,0.999718,0.007061,-0.013348,-0.018319,1
29.134784698,0.999724,0.007197,-0.012989,-0.018189,1
29.139741898,0.999722,0.007731,-0.012889,-0.018159,1
29.144784927,0.999712,0.007803,-0.013495,-0.018233,1
29.149820328,0.999721,0.007311,-0.013328,-0.018106,1
29.154851913,0.999721,0.007715,-0.013121,-0.018084,1
29.159877777,0.999707,0.008423,-0.013560,-0.018183,1
29.164901733,0.999709,0.008031,-0.013625,-0.018193,1
29.169919968,0.999724,0.007725,-0.013070,-0.017949,1
29.174934387,0.999719,0.008002,-0.013255,-0.017958,1
29.179943085,0.999707,0.007991,-0.014083,-0.017970,1
29.184947968,0.999722,0.007932,-0.013321,-0.017742,1
29.189947128,0.999734,0.007862,-0.012523,-0.017713,1
29.194942474,0.999711,0.008521,-0.013688,-0.017810,1
29.199934006,0.999720,0.008068,-0.013528,-0.017653,1
29.204919815,0.999735,0.007791,-0.012745,-0.017497,1
29.209903717,0.999737,0.007949,-0.012459,-0.017549,1
29.214881897,0.999716,0.008387,-0.013541,-0.017729,1
29.219854355,0.999733,0.007979,-0.012948,-0.017408,1
29.224824905,0.999740,0.007784,-0.012556,-0.017393,1
29.229789734,0.999735,0.007685,-0.012670,-0.017626,1
29.234746933,0.999729,0.007624,-0.013101,-0.017647,1
29.239789963,0.999729,0.007636,-0.013128,-0.017659,1
29.244825363,0.999740,0.007323,-0.012509,-0.017626,1
29.249856949,0.999728,0.007771,-0.013008,-0.017711,1
29.254884720,0.999717,0.007699,-0.013685,-0.017861,1
29.259906769,0.999729,0.007431,-0.013196,-0.017665,1
29.264925003,0.999740,0.007064,-0.012586,-0.017650,1
29.269937515,0.999729,0.007380,-0.012881,-0.017950,1
29.274950027,0.999721,0.007458,-0.013280,-0.018071,1
29.279954910,0.999732,0.007134,-0.012963,-0.017818,1
29.284955978,0.999731,0.007390,-0.012679,-0.017984,1
29.289953232,0.999725,0.007583,-0.012769,-0.018147,1
29.294944763,0.999727,0.007276,-0.012855,-0.018129,1
29.299930573,0.999733,0.006790,-0.012575,-0.018167,1
29.304914474,0.999733,0.006634,-0.012844,-0.018049,1
29.309890747,0.999733,0.006479,-0.013006,-0.017987,1
29.314865112,0.999740,0.006151,-0.012561,-0.017988,1
29.319833755,0.999749,0.006257,-0.011999,-0.017854,1
29.324796677,0.999734,0.006368,-0.012804,-0.018123,1
29.329755783,0.999731,0.006197,-0.013264,-0.018015,1
29.334798813,0.999744,0.005749,-0.012688,-0.017856,1
29.339834213,0.999738,0.005967,-0.013018,-0.017841,1
29.344865799,0.999738,0.006378,-0.012884,-0.017799,1
29.349893570,0.999758,0.006010,-0.011467,-0.017800,1
29.354915619,0.999749,0.005964,-0.011922,-0.018009,1
29.359933853,0.999733,0.006256,-0.013095,-0.017996,1
29.364946365,0.999735,0.005524,-0.013588,-0.017731,1
29.369955063,0.999755,0.004978,-0.012842,-0.017331,1
29.374959946,0.999764,0.005484,-0.011782,-0.017409,1
29.379957199,0.999768,0.005398,-0.011212,-0.017564,1
29.384950638,0.999755,0.005163,-0.012498,-0.017510,1
29.389938354,0.999748,0.005398,-0.013357,-0.017215,1
29.394924164,0.999754,0.005334,-0.013242,-0.016987,1
29.399902344,0.999760,0.005233,-0.013049,-0.016796,1
29.404876709,0.999779,0.005268,-0.011552,-0.016729,1
29.409847260,0.999780,0.004957,-0.011364,-0.016905,1
29.414812088,0.999763,0.005555,-0.012660,-0.016826,1
29.419771194,0.999770,0.005274,-0.012550,-0.016552,1
29.424726486,0.999775,0.005498,-0.012418,-0.016324,1
29.429767609,0.999778,0.005415,-0.012279,-0.016256,1
29.434806824,0.999790,0.005200,-0.011610,-0.016040,1
29.439840317,0.999782,0.005925,-0.011982,-0.016024,1
29.444868088,0.999771,0.006023,-0.012713,-0.016107,1
29.449892044,0.999783,0.005887,-0.012281,-0.015780,1
29.454912186,0.999784,0.006322,-0.012258,-0.015572,1
29.459924698,0.999780,0.006483,-0.012473,-0.015583,1
29.464935303,0.999799,0.005660,-0.011716,-0.015276,1
29.469940186,0.999803,0.006007,-0.011369,-0.015144,1
29.474939346,0.999778,0.006440,-0.013019,-0.015267,1
29.479934692,0.999781,0.006182,-0.013396,-0.014864,1
29.484924316,0.999803,0.005964,-0.012210,-0.014477,1
29.489910126,0.999792,0.006866,-0.012569,-0.014505,1
29.494890213,0.999785,0.006576,-0.013077,-0.014696,1
29.499866486,0.999809,0.006234,-0.011643,-0.014382,1
29.504837036,0.999795,0.006977,-0.012185,-0.014608,1
29.509803772,0.999776,0.006979,-0.013474,-0.014727,1
29.514764786,0.999798,0.006510,-0.012670,-0.014167,1
29.519720078,0.999813,0.006708,-0.011187,-0.014306,1
29.524763107,0.999797,0.007279,-0.011574,-0.014794,1
29.529800415,0.999777,0.007618,-0.013040,-0.014756,1
29.534833908,0.999784,0.007264,-0.013008,-0.014474,1
29.539861679,0.999802,0.006874,-0.011988,-0.014326,1
29.544885635,0.999792,0.007699,-0.012404,-0.014234,1
29.549903870,0.999782,0.008012,-0.012827,-0.014400,1
29.554918289,0.999787,0.007673,-0.012471,-0.014527,1
29.559926987,0.999802,0.007986,-0.011209,-0.014404,1
29.564929962,0.999793,0.007636,-0.011974,-0.014587,1
29.569929123,0.999764,0.007910,-0.013993,-0.014637,1
29.574924469,0.999774,0.008096,-0.013590,-0.014195,1
29.579916000,0.999789,0.007809,-0.012638,-0.014179,1
29.584899902,0.999786,0.007770,-0.012607,-0.014466,1
29.589878082,0.999781,0.008330,-0.012621,-0.014447,1
29.594856262,0.999778,0.008219,-0.012883,-0.014520,1
29.599826813,0.999790,0.007714,-0.012503,-0.014312,1
29.604789734,0.999784,0.008317,-0.012653,-0.014269,1
29.609754562,0.999772,0.008026,-0.013751,-0.014232,1
29.614709854,0.999781,0.007808,-0.013642,-0.013796,1
29.619754791,0.999809,0.007411,-0.011810,-0.013705,1
29.624794006,0.999811,0.007292,-0.011456,-0.013912,1
29.629827499,0.999785,0.007955,-0.013205,-0.013885,1
29.634857178,0.999785,0.007916,-0.013523,-0.013612,1
29.639881134,0.999811,0.007196,-0.012211,-0.013287,1
29.644903183,0.999814,0.007387,-0.012005,-0.013169,1
29.649917603,0.999807,0.007074,-0.012561,-0.013350,1
29.654930115,0.999814,0.007055,-0.012474,-0.012934,1
29.659936905,0.999818,0.007026,-0.012329,-0.012784,1
29.664937973,0.999811,0.007125,-0.012812,-0.012739,1
29.669937134,0.999809,0.007558,-0.012920,-0.012588,1
29.674928665,0.999827,0.006966,-0.011829,-0.012567,1
29.679916382,0.999837,0.006547,-0.011152,-0.012576,1
29.684902191,0.999821,0.007300,-0.011876,-0.012806,1
29.689884186,0.999806,0.007446,-0.013078,-0.012680,1
29.694860458,0.999816,0.006975,-0.012846,-0.012410,1
29.699832916,0.999838,0.006441,-0.011647,-0.012154,1
29.704801559,0.999835,0.006725,-0.011568,-0.012304,1
29.709766388,0.999826,0.007130,-0.011867,-0.012526,1
29.714809418,0.999834,0.005773,-0.011908,-0.012488,1
29.719846725,0.999844,0.005395,-0.011671,-0.012131,1
29.724880219,0.999822,0.006753,-0.012632,-0.012290,1
29.729909897,0.999814,0.006657,-0.013277,-0.012286,1
29.734931946,0.999832,0.006078,-0.012464,-0.012006,1
29.739952087,0.999843,0.006173,-0.011462,-0.012014,1
29.744968414,0.999815,0.007249,-0.012719,-0.012441,1
29.749977112,0.999823,0.005891,-0.012555,-0.012688,1
29.754980087,0.999870,0.003885,-0.010396,-0.011668,1
29.759981155,0.999848,0.006523,-0.011394,-0.011479,1
29.764976501,0.999807,0.006697,-0.013899,-0.012176,1
29.769966125,0.999803,0.006489,-0.014316,-0.012115,1
29.774951935,0.999832,0.006105,-0.012495,-0.011962,1
29.779935837,0.999855,0.005467,-0.010524,-0.012225,1
29.784912109,0.999849,0.005412,-0.010908,-0.012407,1
29.789884567,0.999830,0.007315,-0.011817,-0.012123,1
29.794853210,0.999814,0.006658,-0.013285,-0.012285,1
29.799818039,0.999822,0.005698,-0.013265,-0.012186,1
29.804775238,0.999848,0.005837,-0.011364,-0.011837,1
29.809820175,0.999832,0.006561,-0.012118,-0.012090,1
29.814857483,0.999828,0.006044,-0.012372,-0.012435,1
29.819890976,0.999854,0.005626,-0.010563,-0.012167,1
29.824920654,0.999828,0.006100,-0.012559,-0.012219,1
29.829944611,0.999812,0.005882,-0.013875,-0.012164,1
29.834964752,0.999831,0.006292,-0.012450,-0.011950,1
29.839979172,0.999824,0.006668,-0.012415,-0.012356,1
29.844987869,0.999815,0.006509,-0.012948,-0.012616,1
29.849992752,0.999835,0.006644,-0.011297,-0.012544,1
29.854993820,0.999829,0.006803,-0.011315,-0.012915,1
29.859989166,0.999830,0.005878,-0.011972,-0.012720,1
29.864980698,0.999818,0.006309,-0.013053,-0.012398,1
29.869964600,0.999812,0.006784,-0.013258,-0.012382,1
29.874946594,0.999814,0.006325,-0.013408,-0.012311,1
29.879924774,0.999820,0.006109,-0.012905,-0.012477,1
29.884897232,0.999820,0.007256,-0.012044,-0.012757,1
29.889863968,0.999819,0.007110,-0.011605,-0.013268,1
29.894828796,0.999822,0.006837,-0.011737,-0.013093,1
29.899785995,0.999813,0.006980,-0.012323,-0.013152,1
29.904830933,0.999798,0.007922,-0.012906,-0.013190,1
29.909868240,0.999807,0.007626,-0.012497,-0.013126,1
29.914901733,0.999824,0.007150,-0.011396,-0.013080,1
29.919933319,0.999820,0.007426,-0.011383,-0.013225,1
29.924957275,0.999796,0.008428,-0.012524,-0.013396,1
29.929979324,0.999791,0.008241,-0.012893,-0.013538,1
29.934995651,0.999816,0.007635,-0.011701,-0.013108,1
29.940006256,0.999808,0.008412,-0.011800,-0.013197,1
29.945014954,0.999792,0.009010,-0.012449,-0.013445,1
29.950017929,0.999798,0.008333,-0.012398,-0.013474,1
29.955017090,0.999809,0.008000,-0.011855,-0.013331,1
29.960014343,0.999801,0.008779,-0.011834,-0.013472,1
29.965003967,0.999790,0.008976,-0.012407,-0.013631,1
29.969989777,0.999804,0.008047,-0.012005,-0.013562,1
29.974971771,0.999822,0.008079,-0.010645,-0.013325,1
29.979949951,0.999807,0.008746,-0.011146,-0.013583,1
29.984922409,0.999792,0.008434,-0.012456,-0.013758,1
29.989887238,0.999811,0.007780,-0.011741,-0.013389,1
29.994852066,0.999817,0.007821,-0.011292,-0.013284,1
29.999895096,0.999791,0.008745,-0.012686,-0.013445,1
30.004934311,0.999806,0.007725,-0.012200,-0.013384,1
30.009967804,0.999819,0.007728,-0.011329,-0.013214,1
30.015001297,0.999812,0.008065,-0.011488,-0.013401,1
30.020027161,0.999799,0.008424,-0.012188,-0.013515,1
30.025045395,0.999795,0.008243,-0.012508,-0.013592,1
30.030063629,0.999812,0.007781,-0.011747,-0.013347,1
30.035074234,0.999808,0.007762,-0.012016,-0.013419,1
30.040082932,0.999787,0.007962,-0.013263,-0.013635,1
30.045085907,0.999810,0.007240,-0.012142,-0.013424,1
30.050085068,0.999823,0.007321,-0.010994,-0.013383,1
30.055078506,0.999806,0.007819,-0.011679,-0.013780,1
30.060066223,0.999799,0.007651,-0.012393,-0.013795,1
30.065053940,0.999815,0.007048,-0.011619,-0.013619,1
30.070032120,0.999811,0.006976,-0.011957,-0.013667,1
30.075008392,0.999792,0.007439,-0.013134,-0.013736,1
30.079978943,0.999808,0.007279,-0.012024,-0.013626,1
30.084945679,0.999815,0.007448,-0.011234,-0.013751,1
30.089908600,0.999812,0.007213,-0.011342,-0.013990,1
30.094863892,0.999806,0.007006,-0.011965,-0.014010,1
30.099905014,0.999803,0.006488,-0.012623,-0.013870,1
30.104938507,0.999812,0.006111,-0.012269,-0.013704,1
30.109968185,0.999811,0.006397,-0.012007,-0.013917,1
30.114994049,0.999807,0.006416,-0.012109,-0.014043,1
30.120014191,0.999814,0.005869,-0.012037,-0.013851,1
30.125028610,0.999815,0.005753,-0.011972,-0.013904,1
30.130041122,0.999801,0.006220,-0.012781,-0.013967,1
30.135046005,0.999805,0.005913,-0.012693,-0.013913,1
30.140047073,0.999828,0.005269,-0.011335,-0.013737,1
30.145044327,0.999827,0.005636,-0.010969,-0.013914,1
30.150035858,0.999810,0.005847,-0.011944,-0.014261,1
30.155021667,0.999801,0.006035,-0.012691,-0.014138,1
30.160005569,0.999804,0.005851,-0.012501,-0.014167,1
30.164981842,0.999825,0.004778,-0.011391,-0.014065,1
30.169954300,0.999830,0.004972,-0.010966,-0.013952,1
30.174921036,0.999808,0.005911,-0.012043,-0.014288,1
30.179885864,0.999789,0.005420,-0.013503,-0.014516,1
30.184843063,0.999813,0.004830,-0.012282,-0.014115,1
30.189796448,0.999814,0.005406,-0.011851,-0.014216,1
30.194837570,0.999803,0.005656,-0.012188,-0.014594,1
30.199871063,0.999819,0.004557,-0.011505,-0.014463,1
30.204902649,0.999810,0.005432,-0.011943,-0.014396,1
30.209928513,0.999788,0.005581,-0.013444,-0.014572,1
30.214950562,0.999797,0.005469,-0.013121,-0.014305,1
30.219968796,0.999814,0.005585,-0.011559,-0.014414,1
30.224979401,0.999809,0.005690,-0.011394,-0.014799,1
30.229988098,0.999786,0.006055,-0.012902,-0.014966,1
30.234991074,0.999781,0.006082,-0.013439,-0.014832,1
30.239990234,0.999796,0.005793,-0.012464,-0.014784,1
30.244985580,0.999801,0.005852,-0.011995,-0.014851,1
30.249975204,0.999797,0.006259,-0.011858,-0.015016,1
30.254961014,0.999788,0.006275,-0.012429,-0.015171,1
30.259941101,0.999780,0.006368,-0.013122,-0.015103,1
30.264917374,0.999780,0.006497,-0.013214,-0.014945,1
30.269887924,0.999774,0.006817,-0.013547,-0.014928,1
30.274856567,0.999783,0.006535,-0.013074,-0.014847,1
30.279819489,0.999799,0.006333,-0.011967,-0.014802,1
30.284776688,0.999775,0.007400,-0.012936,-0.015087,1
30.289817810,0.999756,0.007814,-0.014079,-0.015141,1
30.294853210,0.999783,0.007368,-0.012598,-0.014872,1
30.299884796,0.999801,0.006930,-0.011259,-0.014945,1
30.304910660,0.999772,0.007558,-0.013047,-0.015146,1
30.309932709,0.999749,0.007779,-0.014663,-0.015032,1
30.314950943,0.999782,0.007317,-0.012965,-0.014663,1
30.319963455,0.999785,0.007824,-0.012273,-0.014764,1
30.324974060,0.999763,0.008289,-0.013268,-0.015127,1
30.329977036,0.999778,0.007976,-0.012502,-0.014944,1
30.334976196,0.999777,0.008267,-0.012362,-0.015005,1
30.339971542,0.999755,0.008551,-0.013542,-0.015267,1
30.344961166,0.999760,0.008000,-0.013791,-0.015038,1
30.349946976,0.999772,0.007801,-0.013297,-0.014778,1
30.354928970,0.999767,0.008026,-0.013440,-0.014851,1
30.359907150,0.999770,0.008154,-0.013148,-0.014852,1
30.364879608,0.999777,0.008078,-0.012521,-0.014994,1
30.369844437,0.999764,0.008321,-0.013080,-0.015238,1
30.374809265,0.999761,0.008175,-0.013504,-0.015106,1
30.379768372,0.999771,0.007673,-0.013319,-0.014874,1
30.384807587,0.999767,0.007919,-0.013350,-0.015014,1
30.389844894,0.999768,0.007858,-0.013354,-0.014961,1
30.394876480,0.999773,0.007871,-0.013023,-0.014945,1
30.399902344,0.999765,0.008257,-0.013144,-0.015117,1
30.404926300,0.999763,0.007895,-0.013464,-0.015181,1
30.409942627,0.999782,0.007023,-0.012844,-0.014882,1
30.414957047,0.999785,0.007500,-0.012448,-0.014815,1
30.419963837,0.999752,0.008173,-0.014117,-0.015188,1
30.424968719,0.999749,0.007721,-0.014714,-0.015031,1
30.429965973,0.999791,0.006981,-0.012450,-0.014637,1
30.434961319,0.999790,0.007689,-0.011763,-0.014894,1
30.439950943,0.999763,0.008616,-0.013029,-0.015167,1
30.444932938,0.999761,0.007435,-0.013885,-0.015183,1
30.449913025,0.999786,0.006894,-0.012840,-0.014709,1
30.454889297,0.999789,0.007413,-0.012253,-0.014751,1
30.459859848,0.999768,0.007933,-0.013132,-0.015133,1
30.464822769,0.999758,0.007495,-0.013890,-0.015316,1
30.469783783,0.999783,0.006708,-0.012805,-0.014969,1
30.474739075,0.999802,0.006787,-0.011523,-0.014708,1
30.479780197,0.999767,0.007252,-0.013525,-0.015205,1
30.484817505,0.999746,0.007259,-0.014973,-0.015171,1
30.489849091,0.999784,0.006735,-0.012854,-0.014856,1
30.494876862,0.999801,0.006546,-0.011296,-0.015051,1
30.499900818,0.999778,0.007025,-0.012497,-0.015467,1
30.504919052,0.999782,0.006135,-0.012643,-0.015458,1
30.509933472,0.999799,0.006176,-0.011929,-0.014902,1
30.514942169,0.999778,0.006521,-0.013101,-0.015129,1
30.519947052,0.999773,0.005927,-0.013636,-0.015231,1
30.524948120,0.999800,0.005618,-0.012051,-0.014935,1
30.529945374,0.999813,0.005519,-0.010806,-0.015026,1
30.534938812,0.999792,0.006043,-0.011940,-0.015389,1
30.539924622,0.999777,0.006164,-0.013175,-0.015303,1
30.544908524,0.999784,0.005683,-0.013152,-0.015089,1
30.549884796,0.999817,0.004930,-0.011026,-0.014843,1
30.554859161,0.999800,0.006081,-0.011482,-0.015229,1
30.559827805,0.999781,0.006335,-0.012446,-0.015616,1
30.564792633,0.999793,0.005035,-0.012307,-0.015387,1
30.569751740,0.999797,0.005128,-0.012190,-0.015193,1
30.574792862,0.999788,0.005981,-0.012358,-0.015331,1
30.579830170,0.999788,0.005742,-0.012285,-0.015472,1
30.584863663,0.999794,0.005657,-0.011879,-0.015479,1
30.589891434,0.999791,0.005938,-0.011704,-0.015679,1
30.594913483,0.999782,0.005846,-0.012238,-0.015898,1
30.599933624,0.999785,0.005648,-0.012071,-0.015895,1
30.604949951,0.999776,0.006209,-0.012447,-0.015963,1
30.609958649,0.999775,0.006089,-0.012628,-0.015945,1
30.614961624,0.999785,0.005983,-0.011942,-0.015837,1
30.619962692,0.999775,0.006308,-0.012276,-0.016125,1
30.624958038,0.999766,0.006600,-0.012520,-0.016363,1
30.629949570,0.999774,0.006717,-0.012005,-0.016219,1
30.634935379,0.999773,0.006263,-0.011963,-0.016468,1
30.639917374,0.999783,0.005610,-0.011664,-0.016349,1
30.644893646,0.999771,0.005843,-0.012478,-0.016363,1
30.649866104,0.999758,0.006757,-0.013092,-0.016352,1
30.654834747,0.999758,0.006688,-0.013138,-0.016345,1
30.659797668,0.999773,0.006734,-0.011865,-0.016370,1
30.664754868,0.999776,0.006983,-0.011032,-0.016651,1
30.669797897,0.999763,0.006790,-0.011878,-0.016925,1
30.674833298,0.999758,0.006663,-0.012418,-0.016882,1
30.679866791,0.999765,0.007240,-0.011973,-0.016580,1
30.684892654,0.999756,0.007586,-0.012311,-0.016688,1
30.689916611,0.999748,0.007606,-0.012696,-0.016891,1
30.694934845,0.999753,0.007841,-0.012085,-0.016908,1
30.699947357,0.999747,0.008146,-0.012115,-0.017106,1
30.704956055,0.999762,0.007904,-0.010874,-0.017182,1
30.709959030,0.999758,0.008235,-0.010800,-0.017315,1
30.714958191,0.999737,0.008044,-0.012214,-0.017642,1
30.719951630,0.999738,0.007983,-0.012750,-0.017245,1
30.724939346,0.999751,0.007720,-0.012002,-0.017183,1
30.729925156,0.999743,0.008211,-0.011999,-0.017410,1
30.734903336,0.999741,0.008407,-0.011676,-0.017635,1
30.739877701,0.999737,0.008205,-0.011700,-0.017958,1
30.744848251,0.999732,0.008357,-0.011868,-0.018034,1
30.749814987,0.999733,0.008221,-0.011804,-0.018067,1
30.754774094,0.999730,0.008142,-0.011986,-0.018145,1
30.759733200,0.999728,0.008168,-0.011944,-0.018302,1
30.764776230,0.999736,0.007800,-0.011550,-0.018242,1
30.769813538,0.999716,0.008313,-0.012349,-0.018590,1
30.774845123,0.999721,0.008120,-0.012159,-0.018571,1
30.779874802,0.999718,0.008236,-0.012433,-0.018490,1
30.784898758,0.999722,0.008095,-0.012089,-0.018536,1
30.789918900,0.999726,0.008096,-0.011464,-0.018753,1
30.794931412,0.999731,0.007521,-0.011128,-0.018915,1
30.799943924,0.999726,0.007392,-0.011570,-0.018969,1
30.804948807,0.999711,0.007682,-0.012468,-0.019061,1
30.809949875,0.999700,0.007531,-0.013336,-0.019108,1
30.814945221,0.999715,0.006974,-0.012640,-0.019026,1
30.819938660,0.999734,0.006825,-0.010739,-0.019217,1
30.824924469,0.999733,0.006799,-0.010596,-0.019377,1
30.829908371,0.999706,0.007421,-0.012227,-0.019586,1
30.834884644,0.999686,0.006802,-0.014067,-0.019606,1
30.839859009,0.999716,0.006304,-0.012313,-0.019410,1
30.844827652,0.999725,0.006409,-0.011085,-0.019631,1
30.849792480,0.999712,0.006685,-0.011393,-0.020059,1
30.854751587,0.999703,0.006779,-0.012022,-0.020065,1
30.859796524,0.999692,0.006638,-0.012953,-0.020109,1
30.864833832,0.999707,0.006226,-0.012205,-0.019950,1
30.869869232,0.999724,0.005440,-0.011141,-0.019951,1
30.874897003,0.999708,0.006196,-0.011950,-0.020079,1
30.879922867,0.999690,0.006526,-0.012916,-0.020248,1
30.884941101,0.999709,0.005648,-0.012154,-0.020054,1
30.889959335,0.999727,0.005116,-0.011012,-0.019955,1
30.894969940,0.999708,0.005959,-0.011736,-0.020280,1
30.899976730,0.999689,0.006264,-0.012802,-0.020483,1
30.904979706,0.999702,0.005984,-0.012065,-0.020372,1
30.909976959,0.999716,0.005754,-0.011217,-0.020241,1
30.914970398,0.999695,0.006065,-0.012134,-0.020639,1
30.919958115,0.999692,0.005487,-0.012608,-0.020660,1
30.924943924,0.999719,0.004961,-0.011183,-0.020304,1
30.929924011,0.999697,0.005849,-0.012318,-0.020488,1
30.934900284,0.999687,0.005780,-0.012788,-0.020691,1
30.939870834,0.999709,0.005360,-0.011305,-0.020612,1
30.944837570,0.999706,0.005801,-0.010902,-0.020860,1
30.949800491,0.999689,0.005505,-0.012049,-0.021112,1
30.954843521,0.999684,0.005370,-0.013019,-0.020844,1
30.959882736,0.999692,0.005378,-0.012457,-0.020785,1
30.964914322,0.999692,0.005570,-0.012017,-0.020974,1
30.969944000,0.999696,0.005242,-0.011595,-0.021104,1
30.974967957,0.999682,0.006146,-0.012163,-0.021196,1
30.979990005,0.999667,0.006121,-0.012930,-0.021492,1
30.985002518,0.999683,0.005812,-0.012107,-0.021315,1
30.990015030,0.999690,0.005699,-0.010921,-0.021631,1
30.995019913,0.999682,0.005851,-0.011235,-0.021816,1
31.000020981,0.999651,0.006079,-0.013200,-0.022057,1
31.005018234,0.999666,0.005293,-0.012827,-0.021812,1
31.010009766,0.999675,0.004908,-0.012458,-0.021706,1
31.014995575,0.999668,0.005842,-0.012359,-0.021863,1
31.019979477,0.999652,0.006738,-0.012532,-0.022218,1
31.024955750,0.999653,0.006332,-0.012094,-0.022532,1
31.029928207,0.999656,0.006532,-0.011580,-0.022610,1
31.034894943,0.999649,0.006709,-0.011772,-0.022784,1
31.039855957,0.999631,0.006475,-0.013080,-0.022898,1
31.044815063,0.999647,0.006559,-0.012325,-0.022615,1
31.049860001,0.999637,0.007115,-0.012605,-0.022719,1
31.054897308,0.999623,0.006755,-0.013129,-0.023142,1
31.059930801,0.999639,0.007120,-0.012103,-0.022924,1
31.064960480,0.999630,0.008381,-0.011664,-0.023110,1
31.069984436,0.999614,0.007629,-0.012514,-0.023615,1
31.075004578,0.999619,0.007726,-0.012576,-0.023322,1
31.080020905,0.999612,0.008244,-0.012632,-0.023423,1
31.085029602,0.999596,0.007855,-0.013663,-0.023634,1
31.090036392,0.999612,0.007471,-0.013149,-0.023383,1
31.095039368,0.999618,0.007976,-0.012520,-0.023310,1
31.100036621,0.999603,0.008334,-0.012397,-0.023873,1
31.105030060,0.999608,0.008147,-0.012047,-0.023938,1
31.110019684,0.999590,0.008154,-0.013335,-0.023988,1
31.115001678,0.999605,0.007833,-0.012799,-0.023769,1
31.119981766,0.999600,0.008624,-0.012566,-0.023816,1
31.124954224,0.999591,0.008204,-0.012674,-0.024284,1
31.129924774,0.999610,0.006542,-0.012304,-0.024192,1
31.134891510,0.999635,0.006877,-0.011145,-0.023642,1
31.139852524,0.999586,0.008569,-0.013678,-0.023834,1
31.144897461,0.999586,0.006815,-0.014254,-0.024044,1
31.149934769,0.999650,0.005283,-0.011657,-0.023165,1
31.154968262,0.999664,0.006376,-0.010039,-0.023026,1
31.159997940,0.999606,0.007058,-0.013539,-0.023555,1
31.165023804,0.999595,0.006896,-0.014239,-0.023654,1
31.170043945,0.999637,0.006248,-0.011733,-0.023444,1
31.175060272,0.999634,0.006514,-0.011443,-0.023616,1
31.180070877,0.999625,0.006698,-0.011891,-0.023759,1
31.185077667,0.999640,0.006032,-0.011489,-0.023479,1
31.190080643,0.999645,0.006219,-0.011378,-0.023275,1
31.195077896,0.999628,0.006119,-0.012545,-0.023440,1
31.200071335,0.999642,0.005757,-0.011830,-0.023277,1
31.205060959,0.999650,0.005341,-0.011257,-0.023350,1
31.210042953,0.999634,0.005879,-0.012173,-0.023423,1
31.215024948,0.999629,0.005235,-0.012949,-0.023399,1
31.219999313,0.999656,0.005360,-0.011737,-0.022847,1
31.224969864,0.999653,0.005629,-0.011065,-0.023231,1
31.229934692,0.999660,0.005102,-0.010648,-0.023266,1
31.234897614,0.999652,0.004997,-0.011667,-0.023144,1
31.239942551,0.999650,0.004901,-0.012247,-0.022931,1
31.244979858,0.999653,0.005180,-0.011827,-0.022953,1
31.250013351,0.999650,0.005431,-0.011922,-0.022984,1
31.255044937,0.999657,0.004497,-0.011761,-0.022960,1
31.260066986,0.999678,0.004440,-0.010369,-0.022728,1
31.265087128,0.999669,0.004892,-0.010596,-0.022938,1
31.270103455,0.999648,0.005041,-0.012168,-0.023034,1
31.275112152,0.999656,0.004780,-0.012322,-0.022637,1
31.280117035,0.999667,0.004649,-0.011671,-0.022523,1
31.285118103,0.999664,0.004655,-0.011734,-0.022660,1
31.290113449,0.999659,0.005480,-0.011813,-0.022655,1
31.295104980,0.999672,0.005048,-0.010537,-0.022809,1
31.300092697,0.999673,0.004636,-0.010606,-0.022814,1
31.305072784,0.999663,0.005399,-0.011286,-0.022741,1
31.310049057,0.999645,0.005735,-0.012607,-0.022774,1
31.315021515,0.999653,0.005846,-0.012269,-0.022548,1
31.319990158,0.999655,0.005941,-0.011855,-0.022656,1
31.324954987,0.999663,0.006079,-0.010873,-0.022756,1
31.329914093,0.999666,0.005193,-0.010458,-0.023075,1
31.334869385,0.999686,0.004539,-0.010095,-0.022483,1
31.339908600,0.999654,0.005718,-0.012571,-0.022386,1
31.344944000,0.999642,0.005156,-0.013751,-0.022377,1
31.349973679,0.999641,0.005047,-0.013833,-0.022366,1
31.354999542,0.999674,0.005285,-0.011381,-0.022230,1
31.360017776,0.999671,0.006059,-0.010966,-0.022391,1
31.365034103,0.999645,0.006299,-0.012360,-0.022743,1
31.370042801,0.999655,0.007077,-0.011344,-0.022612,1
31.375051498,0.999665,0.005348,-0.011550,-0.022548,1
31.380052567,0.999673,0.006685,-0.011121,-0.022035,1
31.385047913,0.999651,0.006996,-0.012446,-0.022221,1
31.390039444,0.999650,0.006797,-0.012531,-0.022306,1
31.395027161,0.999669,0.006385,-0.011090,-0.022306,1
31.400007248,0.999686,0.006211,-0.009799,-0.022204,1
31.404985428,0.999660,0.007294,-0.011418,-0.022276,1
31.409959793,0.999654,0.007055,-0.012253,-0.022158,1
31.414926529,0.999669,0.006747,-0.011831,-0.021822,1
31.419891357,0.999667,0.007326,-0.011565,-0.021894,1
31.424852371,0.999661,0.007575,-0.011491,-0.022098,1
31.429805756,0.999675,0.006554,-0.011150,-0.021960,1
31.434846878,0.999675,0.006989,-0.011291,-0.021764,1
31.439880371,0.999662,0.007184,-0.012256,-0.021759,1
31.444911957,0.999669,0.006939,-0.012269,-0.021505,1
31.449939728,0.999683,0.007178,-0.011195,-0.021398,1
31.454961777,0.999688,0.006992,-0.010891,-0.021356,1
31.459980011,0.999671,0.006920,-0.012164,-0.021513,1
31.464992523,0.999668,0.006975,-0.012714,-0.021287,1
31.470003128,0.999681,0.006848,-0.012145,-0.021041,1
31.475008011,0.999696,0.006593,-0.010837,-0.021150,1
31.480007172,0.999690,0.006743,-0.011089,-0.021251,1
31.485002518,0.999667,0.007001,-0.012962,-0.021196,1
31.489990234,0.999670,0.006308,-0.013445,-0.020944,1
31.494977951,0.999707,0.006198,-0.011463,-0.020399,1
31.499959946,0.999700,0.006600,-0.011312,-0.020710,1
31.504941940,0.999683,0.007018,-0.012221,-0.020849,1
31.509916306,0.999703,0.006274,-0.011418,-0.020587,1
31.514886856,0.999721,0.005569,-0.010903,-0.020197,1
31.519849777,0.999682,0.006980,-0.013013,-0.020427,1
31.524812698,0.999680,0.006126,-0.013763,-0.020341,1
31.529853821,0.999721,0.005983,-0.011615,-0.019685,1
31.534887314,0.999738,0.005481,-0.010077,-0.019794,1
31.539918900,0.999701,0.006510,-0.012279,-0.020115,1
31.544944763,0.999697,0.005929,-0.013324,-0.019853,1
31.549966812,0.999735,0.005149,-0.011585,-0.019205,1
31.554983139,0.999752,0.004800,-0.010206,-0.019220,1
31.559995651,0.999725,0.005620,-0.011793,-0.019491,1
31.565002441,0.999698,0.005742,-0.014036,-0.019334,1
31.570005417,0.999731,0.005200,-0.012466,-0.018880,1
31.575004578,0.999754,0.005021,-0.010588,-0.018831,1
31.579998016,0.999742,0.005141,-0.010968,-0.019202,1
31.584987640,0.999728,0.005935,-0.011818,-0.019216,1
31.589971542,0.999726,0.005469,-0.012364,-0.019091,1
31.594949722,0.999733,0.005175,-0.012420,-0.018806,1
31.599927902,0.999753,0.004666,-0.011058,-0.018727,1
31.604896545,0.999753,0.004933,-0.010662,-0.018870,1
31.609861374,0.999736,0.005247,-0.011702,-0.019070,1
31.614822388,0.999742,0.003860,-0.012111,-0.018848,1
31.619777679,0.999750,0.004494,-0.012010,-0.018340,1
31.624818802,0.999744,0.005409,-0.011778,-0.018555,1
31.629856110,0.999734,0.005194,-0.012378,-0.018770,1
31.634885788,0.999758,0.004647,-0.011025,-0.018483,1
31.639913559,0.999768,0.004273,-0.010157,-0.018524,1
31.644935608,0.999737,0.005426,-0.012161,-0.018677,1
31.649953842,0.999714,0.005606,-0.013730,-0.018769,1
31.654964447,0.999745,0.004566,-0.012322,-0.018389,1
31.659975052,0.999759,0.005485,-0.010999,-0.018212,1
31.664978027,0.999742,0.005769,-0.011584,-0.018645,1
31.669979095,0.999745,0.006126,-0.011157,-0.018662,1
31.674974442,0.999749,0.005212,-0.011207,-0.018674,1
31.679967880,0.999748,0.005206,-0.011971,-0.018268,1
31.684951782,0.999720,0.005945,-0.013624,-0.018402,1
31.689935684,0.999733,0.005246,-0.013057,-0.018323,1
31.694913864,0.999739,0.005479,-0.012798,-0.018106,1
31.699886322,0.999748,0.006163,-0.011557,-0.018233,1
31.704854965,0.999751,0.005631,-0.010862,-0.018674,1
31.709815979,0.999732,0.006830,-0.011888,-0.018633,1
31.714776993,0.999721,0.005919,-0.013170,-0.018699,1
31.719818115,0.999742,0.006334,-0.011936,-0.018280,1
31.724855423,0.999743,0.006524,-0.011372,-0.018474,1
31.729887009,0.999726,0.006752,-0.012482,-0.018639,1
31.734914780,0.999737,0.006480,-0.012040,-0.018412,1
31.739938736,0.999758,0.006271,-0.010421,-0.018352,1
31.744956970,0.999741,0.006923,-0.011327,-0.018457,1
31.749969482,0.999709,0.007440,-0.013491,-0.018576,1
31.754980087,0.999726,0.006718,-0.013015,-0.018287,1
31.759983063,0.999754,0.007025,-0.010782,-0.018088,1
31.764982224,0.999745,0.006731,-0.011094,-0.018493,1
31.769977570,0.999719,0.007514,-0.012642,-0.018617,1
31.774965286,0.999719,0.006605,-0.013408,-0.018378,1
31.779953003,0.999749,0.006605,-0.011728,-0.017918,1
31.784933090,0.999758,0.006757,-0.010153,-0.018293,1
31.789909363,0.999719,0.007509,-0.012401,-0.018757,1
31.794879913,0.999724,0.006529,-0.012932,-0.018517,1
31.799848557,0.999753,0.005820,-0.011626,-0.018043,1
31.804813385,0.999762,0.005834,-0.010707,-0.018068,1
31.809774399,0.999740,0.006645,-0.011939,-0.018256,1
31.814813614,0.999727,0.006607,-0.012947,-0.018267,1
31.819850922,0.999736,0.006204,-0.012883,-0.017971,1
31.824884415,0.999753,0.006766,-0.011528,-0.017743,1
31.829912186,0.999755,0.005864,-0.011259,-0.018136,1
31.834936142,0.999743,0.006090,-0.012128,-0.018145,1
31.839954376,0.999762,0.005810,-0.011283,-0.017755,1
31.844968796,0.999756,0.005600,-0.011841,-0.017805,1
31.849977493,0.999741,0.006014,-0.012768,-0.017847,1
31.854982376,0.999750,0.005144,-0.012555,-0.017754,1
31.859981537,0.999769,0.005326,-0.011379,-0.017458,1
31.864978790,0.999763,0.005879,-0.011183,-0.017711,1
31.869970322,0.999749,0.006003,-0.011809,-0.018067,1
31.874959946,0.999761,0.005110,-0.011687,-0.017778,1
31.879943848,0.999768,0.005184,-0.011308,-0.017577,1
31.884925842,0.999762,0.005249,-0.011694,-0.017673,1
31.889900208,0.999746,0.005120,-0.013022,-0.017681,1
31.894872665,0.999761,0.004897,-0.012364,-0.017355,1
31.899835587,0.999772,0.004751,-0.011463,-0.017373,1
31.904798508,0.999772,0.004394,-0.011325,-0.017561,1
31.909841537,0.999772,0.004433,-0.011173,-0.017673,1
31.914878845,0.999760,0.004446,-0.012018,-0.017767,1
31.919910431,0.999754,0.004710,-0.012601,-0.017616,1
31.924940109,0.999767,0.004244,-0.011854,-0.017556,1
31.929964066,0.999765,0.004346,-0.011856,-0.017644,1
31.934984207,0.999751,0.004371,-0.012717,-0.017793,1
31.939998627,0.999760,0.004494,-0.012122,-0.017681,1
31.945007324,0.999785,0.003632,-0.010107,-0.017737,1
31.950012207,0.999786,0.003347,-0.010173,-0.017676,1
31.955013275,0.999752,0.004564,-0.012536,-0.017828,1
31.960010529,0.999745,0.003718,-0.013367,-0.017836,1
31.965002060,0.999761,0.003492,-0.012256,-0.017781,1
31.969987869,0.999768,0.004312,-0.011217,-0.017893,1
31.974971771,0.999762,0.004777,-0.010854,-0.018318,1
31.979948044,0.999767,0.003364,-0.010925,-0.018317,1
31.984922409,0.999758,0.004401,-0.011787,-0.018063,1
31.989892960,0.999740,0.004656,-0.012786,-0.018309,1
31.994857788,0.999739,0.004054,-0.013097,-0.018267,1
31.999816895,0.999759,0.004169,-0.011648,-0.018157,1
32.004863739,0.999770,0.004214,-0.010006,-0.018476,1
32.009899139,0.999745,0.004596,-0.011530,-0.018866,1
32.014930725,0.999729,0.004784,-0.012817,-0.018813,1
32.019958496,0.999724,0.005217,-0.013196,-0.018715,1
32.024986267,0.999742,0.004836,-0.011898,-0.018755,1
32.030006409,0.999757,0.003958,-0.010896,-0.018736,1
32.035018921,0.999737,0.005109,-0.011851,-0.018936,1
32.040027618,0.999725,0.005210,-0.012622,-0.019072,1
32.045032501,0.999727,0.005207,-0.012729,-0.018913,1
32.050033569,0.999732,0.005077,-0.012222,-0.018967,1
32.055030823,0.999743,0.005633,-0.011178,-0.018921,1
32.060024261,0.999729,0.005878,-0.011591,-0.019320,1
32.065006256,0.999726,0.006143,-0.011673,-0.019358,1
32.069992065,0.999713,0.006509,-0.012452,-0.019411,1
32.074966431,0.999708,0.005924,-0.012907,-0.019560,1
32.079940796,0.999725,0.005293,-0.012129,-0.019335,1
32.084907532,0.999727,0.006428,-0.011427,-0.019353,1
32.089870453,0.999713,0.006827,-0.011598,-0.019833,1
32.094829559,0.999702,0.006108,-0.012584,-0.020007,1
32.099872589,0.999719,0.005630,-0.011883,-0.019712,1
32.104907990,0.999717,0.006627,-0.011630,-0.019677,1
32.109939575,0.999688,0.006797,-0.012968,-0.020222,1
32.114967346,0.999692,0.006703,-0.013048,-0.020018,1
32.119991302,0.999715,0.006144,-0.011947,-0.019749,1
32.125011444,0.999713,0.006096,-0.011788,-0.019942,1
32.130023956,0.999703,0.006542,-0.012152,-0.020078,1
32.135032654,0.999690,0.006474,-0.013132,-0.020143,1
32.140037537,0.999692,0.005654,-0.013753,-0.019868,1
32.145038605,0.999716,0.005497,-0.012338,-0.019632,1
32.150032043,0.999720,0.005802,-0.011391,-0.019929,1
32.155021667,0.999692,0.006429,-0.012674,-0.020347,1
32.160007477,0.999690,0.006230,-0.013184,-0.020158,1
32.164985657,0.999708,0.005765,-0.012509,-0.019840,1
32.169963837,0.999707,0.006030,-0.012204,-0.020022,1
32.174934387,0.999710,0.006168,-0.011845,-0.020038,1
32.179901123,0.999703,0.006236,-0.012430,-0.020025,1
32.184860229,0.999690,0.005965,-0.013512,-0.020019,1
32.189815521,0.999709,0.005807,-0.012655,-0.019677,1
32.194862366,0.999719,0.005507,-0.011921,-0.019716,1
32.199897766,0.999705,0.006130,-0.012479,-0.019916,1
32.204929352,0.999709,0.005856,-0.012435,-0.019843,1
32.209960938,0.999720,0.005274,-0.012254,-0.019523,1
32.214981079,0.999723,0.005396,-0.012004,-0.019530,1
32.220005035,0.999704,0.005781,-0.012979,-0.019727,1
32.225017548,0.999712,0.005625,-0.012794,-0.019490,1
32.230026245,0.999728,0.004886,-0.012277,-0.019206,1
32.235031128,0.999729,0.004969,-0.012227,-0.019162,1
32.240032196,0.999723,0.005068,-0.012457,-0.019297,1
32.245029449,0.999729,0.005059,-0.012106,-0.019247,1
32.250019073,0.999731,0.004901,-0.012097,-0.019149,1
32.255004883,0.999718,0.005099,-0.013315,-0.018994,1
32.259986877,0.999726,0.004749,-0.013199,-0.018764,1
32.264961243,0.999745,0.004413,-0.012077,-0.018548,1
32.269931793,0.999755,0.004662,-0.010782,-0.018767,1
32.274898529,0.999740,0.005208,-0.011637,-0.018910,1
32.279861450,0.999707,0.004990,-0.014286,-0.018914,1
32.284816742,0.999720,0.004204,-0.014231,-0.018455,1
32.289859772,0.999760,0.003969,-0.011528,-0.018227,1
32.294898987,0.999752,0.004749,-0.011403,-0.018544,1
32.299934387,0.999751,0.004672,-0.011578,-0.018487,1
32.304962158,0.999742,0.004418,-0.012525,-0.018415,1
32.309986115,0.999722,0.004043,-0.014317,-0.018301,1
32.315006256,0.999751,0.003940,-0.013130,-0.017625,1
32.320018768,0.999761,0.004261,-0.012382,-0.017500,1
32.325031281,0.999755,0.004339,-0.012605,-0.017662,1
32.330036163,0.999768,0.005254,-0.011099,-0.017711,1
32.335037231,0.999746,0.004848,-0.012512,-0.018105,1
32.340030670,0.999745,0.004210,-0.013231,-0.017787,1
32.345024109,0.999742,0.004254,-0.013783,-0.017569,1
32.350009918,0.999747,0.004977,-0.013290,-0.017470,1
32.354991913,0.999744,0.004491,-0.013429,-0.017671,1
32.359970093,0.999754,0.005459,-0.012432,-0.017511,1
32.364940643,0.999757,0.004881,-0.012049,-0.017777,1
32.369911194,0.999756,0.005750,-0.011886,-0.017730,1
32.374870300,0.999756,0.004782,-0.012222,-0.017789,1
32.379829407,0.999745,0.005136,-0.013513,-0.017369,1
32.384876251,0.999736,0.005139,-0.014415,-0.017144,1
32.389911652,0.999756,0.004552,-0.013613,-0.016804,1
32.394947052,0.999765,0.005032,-0.012837,-0.016735,1
32.399974823,0.999768,0.005468,-0.011880,-0.017125,1
32.405002594,0.999760,0.006713,-0.011673,-0.017276,1
32.410022736,0.999740,0.006619,-0.013081,-0.017465,1
32.415039062,0.999753,0.006914,-0.012304,-0.017169,1
32.420047760,0.999768,0.005644,-0.011585,-0.017237,1
32.425056458,0.999759,0.006371,-0.012238,-0.017051,1
32.430061340,0.999742,0.006387,-0.013570,-0.017044,1
32.435054779,0.999759,0.006369,-0.012643,-0.016771,1
32.440048218,0.999773,0.005714,-0.011453,-0.017022,1
32.445037842,0.999758,0.006828,-0.011923,-0.017161,1
32.450019836,0.999731,0.007338,-0.013550,-0.017327,1
32.455001831,0.999731,0.007370,-0.013878,-0.017087,1
32.459976196,0.999752,0.006981,-0.012747,-0.016870,1
32.464946747,0.999746,0.006977,-0.012901,-0.017125,1
32.469909668,0.999753,0.007092,-0.012152,-0.017185,1
32.474868774,0.999769,0.006764,-0.011246,-0.016995,1
32.479911804,0.999741,0.007674,-0.013046,-0.016993,1
32.484951019,0.999725,0.006625,-0.014622,-0.017117,1
32.489986420,0.999749,0.007038,-0.013249,-0.016620,1
32.495014191,0.999759,0.006809,-0.012520,-0.016668,1
32.500041962,0.999767,0.006767,-0.011916,-0.016704,1
32.505062103,0.999769,0.006529,-0.011904,-0.016672,1
32.510078430,0.999741,0.007260,-0.013662,-0.016682,1
32.515087128,0.999745,0.006770,-0.013983,-0.016374,1
32.520095825,0.999776,0.006983,-0.011751,-0.016179,1
32.525096893,0.999781,0.007055,-0.010867,-0.016414,1
32.530094147,0.999758,0.006937,-0.012621,-0.016621,1
32.535083771,0.999761,0.006787,-0.012979,-0.016227,1
32.540073395,0.999779,0.006783,-0.011879,-0.015964,1
32.545055389,0.999779,0.007045,-0.011505,-0.016137,1
32.550037384,0.999761,0.006865,-0.012955,-0.016243,1
32.555011749,0.999771,0.006280,-0.013035,-0.015737,1
32.559982300,0.999786,0.006427,-0.012030,-0.015521,1
32.564945221,0.999793,0.006332,-0.011489,-0.015557,1
32.569908142,0.999777,0.006534,-0.012427,-0.015741,1
32.574867249,0.999772,0.006488,-0.013044,-0.015633,1
32.579906464,0.999787,0.006457,-0.012450,-0.015167,1
32.584938049,0.999805,0.005678,-0.011443,-0.015033,1
32.589969635,0.999787,0.006159,-0.012324,-0.015373,1
32.594997406,0.999786,0.006231,-0.012611,-0.015153,1
32.600017548,0.999802,0.005297,-0.012265,-0.014717,1
32.605033875,0.999807,0.005124,-0.012056,-0.014674,1
32.610046387,0.999808,0.005909,-0.011441,-0.014745,1
32.615058899,0.999800,0.005979,-0.012052,-0.014804,1
32.620059967,0.999798,0.005858,-0.012340,-0.014748,1
32.625061035,0.999821,0.005583,-0.010598,-0.014619,1
32.630054474,0.999819,0.005594,-0.010571,-0.014771,1
32.635044098,0.999796,0.005286,-0.012541,-0.014950,1
32.640029907,0.999803,0.005213,-0.012595,-0.014415,1
32.645008087,0.999816,0.005128,-0.011725,-0.014301,1
32.649986267,0.999812,0.005795,-0.011481,-0.014529,1
32.654956818,0.999806,0.005410,-0.011679,-0.014905,1
32.659923553,0.999814,0.005213,-0.011378,-0.014683,1
32.664886475,0.999812,0.004842,-0.011700,-0.014653,1
32.669841766,0.999809,0.004757,-0.011985,-0.014696,1
32.674884796,0.999809,0.004867,-0.012021,-0.014623,1
32.679920197,0.999805,0.004932,-0.012452,-0.014538,1
32.684947968,0.999809,0.005151,-0.012185,-0.014394,1
32.689975739,0.999823,0.005131,-0.010980,-0.014394,1
32.694999695,0.999809,0.005138,-0.011699,-0.014817,1
32.700016022,0.999798,0.005148,-0.012637,-0.014752,1
32.705028534,0.999798,0.005523,-0.012865,-0.014426,1
32.710037231,0.999813,0.005296,-0.011807,-0.014391,1
32.715042114,0.999811,0.005537,-0.011502,-0.014697,1
32.720039368,0.999793,0.006250,-0.012345,-0.014902,1
32.725032806,0.999795,0.006207,-0.012479,-0.014666,1
32.730022430,0.999808,0.005830,-0.011616,-0.014674,1
32.735008240,0.999817,0.005536,-0.010738,-0.014833,1
32.739986420,0.999802,0.005952,-0.011913,-0.014790,1
32.744964600,0.999768,0.006423,-0.014280,-0.014775,1
32.749935150,0.999789,0.005380,-0.013427,-0.014593,1
32.754901886,0.999806,0.005809,-0.011899,-0.014590,1
32.759868622,0.999798,0.006702,-0.011648,-0.014946,1
32.764831543,0.999791,0.007400,-0.011450,-0.015204,1
32.769870758,0.999796,0.006042,-0.011677,-0.015340,1
32.774906158,0.999811,0.006435,-0.010992,-0.014691,1
32.779933929,0.999785,0.007158,-0.012459,-0.014922,1
32.784961700,0.999773,0.007109,-0.013367,-0.014968,1
32.789985657,0.999799,0.006930,-0.011941,-0.014526,1
32.795001984,0.999799,0.007307,-0.011334,-0.014809,1
32.800014496,0.999784,0.007606,-0.011984,-0.015173,1
32.805023193,0.999790,0.007373,-0.011974,-0.014923,1
32.810028076,0.999772,0.007495,-0.013204,-0.014980,1
32.815025330,0.999773,0.007580,-0.013268,-0.014826,1
32.820018768,0.999787,0.007522,-0.012408,-0.014684,1
32.825008392,0.999780,0.007755,-0.012430,-0.014992,1
32.829998016,0.999779,0.007643,-0.012496,-0.015091,1
32.834976196,0.999769,0.007510,-0.013326,-0.015089,1
32.839954376,0.999777,0.007297,-0.013052,-0.014908,1
32.844928741,0.999787,0.007558,-0.012244,-0.014800,1
32.849891663,0.999771,0.007895,-0.012853,-0.015186,1
32.854854584,0.999779,0.007215,-0.012782,-0.015044,1
32.859817505,0.999800,0.006495,-0.011856,-0.014760,1
32.864856720,0.999782,0.007266,-0.012573,-0.015011,1
32.869892120,0.999763,0.007473,-0.013630,-0.015219,1
32.874923706,0.999778,0.007054,-0.013101,-0.014915,1
32.879951477,0.999779,0.007339,-0.012951,-0.014818,1
32.884971619,0.999778,0.007273,-0.013037,-0.014888,1
32.889987946,0.999783,0.007092,-0.012771,-0.014830,1
32.895004272,0.999789,0.006726,-0.012508,-0.014820,1
32.900012970,0.999781,0.006728,-0.013096,-0.014886,1
32.905014038,0.999768,0.007166,-0.013969,-0.014778,1
32.910015106,0.999771,0.006983,-0.013980,-0.014650,1
32.915008545,0.999783,0.006191,-0.013465,-0.014646,1
32.919998169,0.999797,0.006387,-0.012353,-0.014568,1
32.924983978,0.999785,0.007111,-0.012595,-0.014881,1
32.929965973,0.999785,0.006118,-0.012968,-0.014983,1
32.934940338,0.999785,0.006078,-0.013323,-0.014657,1
32.939914703,0.999781,0.006293,-0.013629,-0.014566,1
32.944881439,0.999777,0.006143,-0.014015,-0.014580,1
32.949844360,0.999804,0.005884,-0.012148,-0.014456,1
32.954803467,0.999806,0.005678,-0.011709,-0.014803,1
32.959842682,0.999783,0.006066,-0.013256,-0.014858,1
32.964881897,0.999781,0.005137,-0.013966,-0.014729,1
32.969913483,0.999804,0.004427,-0.012931,-0.014340,1
32.974941254,0.999798,0.005700,-0.012866,-0.014333,1
32.979965210,0.999786,0.005932,-0.013356,-0.014623,1
32.984981537,0.999788,0.005116,-0.013743,-0.014489,1
32.989997864,0.999808,0.005093,-0.012407,-0.014251,1
32.995006561,0.999790,0.005100,-0.013373,-0.014683,1
33.000011444,0.999789,0.004837,-0.013786,-0.014409,1
33.005012512,0.999806,0.004803,-0.012671,-0.014271,1
33.010009766,0.999795,0.005397,-0.013112,-0.014454,1
33.014999390,0.999782,0.005294,-0.014033,-0.014529,1
33.019985199,0.999798,0.004883,-0.013334,-0.014203,1
33.024967194,0.999813,0.004297,-0.012440,-0.014192,1
33.029941559,0.999802,0.004576,-0.013086,-0.014251,1
33.034919739,0.999790,0.004934,-0.013890,-0.014224,1
33.039882660,0.999794,0.004814,-0.013802,-0.014090,1
33.044849396,0.999802,0.004689,-0.013481,-0.013869,1
33.049808502,0.999799,0.005276,-0.013350,-0.013959,1
33.054847717,0.999798,0.005755,-0.013097,-0.014113,1
33.059886932,0.999804,0.004895,-0.012712,-0.014338,1
33.064918518,0.999806,0.004814,-0.012894,-0.014100,1
33.069946289,0.999780,0.005740,-0.014471,-0.014090,1
33.074970245,0.999785,0.005534,-0.014328,-0.013899,1
33.079990387,0.999816,0.005171,-0.012323,-0.013737,1
33.085002899,0.999806,0.006004,-0.012459,-0.014046,1
33.090011597,0.999776,0.006946,-0.014092,-0.014199,1
33.095020294,0.999782,0.006830,-0.013929,-0.013994,1
33.100021362,0.999811,0.005877,-0.012355,-0.013832,1
33.105014801,0.999815,0.005188,-0.012192,-0.013931,1
33.110004425,0.999784,0.006118,-0.014211,-0.013844,1
33.114994049,0.999766,0.006019,-0.015578,-0.013726,1
33.119972229,0.999806,0.005450,-0.013583,-0.013187,1
33.124950409,0.999816,0.006331,-0.012219,-0.013326,1
33.129924774,0.999798,0.007168,-0.012628,-0.013885,1
33.134895325,0.999785,0.006956,-0.013573,-0.014063,1
33.139858246,0.999788,0.007219,-0.013463,-0.013792,1
33.144817352,0.999777,0.007153,-0.014102,-0.013986,1
33.149860382,0.999789,0.006640,-0.013676,-0.013825,1
33.154899597,0.999802,0.006566,-0.013110,-0.013465,1
33.159931183,0.999780,0.007008,-0.014402,-0.013565,1
33.164958954,0.999795,0.006976,-0.013620,-0.013238,1
33.169982910,0.999808,0.007200,-0.012496,-0.013271,1
33.175003052,0.999800,0.007270,-0.012918,-0.013400,1
33.180015564,0.999770,0.007429,-0.015085,-0.013307,1
33.185024261,0.999808,0.006250,-0.013501,-0.012727,1
33.190032959,0.999830,0.006592,-0.011794,-0.012549,1
33.195034027,0.999813,0.007056,-0.012627,-0.012858,1
33.200027466,0.999795,0.006629,-0.014150,-0.012873,1
33.205017090,0.999799,0.006576,-0.014405,-0.012333,1
33.210006714,0.999821,0.006337,-0.012837,-0.012338,1
33.214988708,0.999838,0.006004,-0.011685,-0.012322,1
33.219963074,0.999816,0.006423,-0.013097,-0.012463,1
33.224941254,0.999798,0.006824,-0.014440,-0.012242,1
33.229907990,0.999826,0.006445,-0.012925,-0.011769,1
33.234874725,0.999848,0.005808,-0.011492,-0.011722,1
33.239837646,0.999825,0.006295,-0.012858,-0.012057,1
33.244880676,0.999809,0.006534,-0.014191,-0.011729,1
33.249916077,0.999826,0.006240,-0.013565,-0.011223,1
33.254951477,0.999836,0.006336,-0.012514,-0.011425,1
33.259979248,0.999837,0.006304,-0.012321,-0.011629,1
33.265003204,0.999831,0.006265,-0.012862,-0.011506,1
33.270023346,0.999830,0.006471,-0.013031,-0.011370,1
33.275035858,0.999838,0.005872,-0.012834,-0.011165,1
33.280048370,0.999834,0.005770,-0.013240,-0.011117,1
33.285053253,0.999835,0.006022,-0.013204,-0.010934,1
33.290054321,0.999843,0.006023,-0.012768,-0.010669,1
33.295047760,0.999849,0.005415,-0.012594,-0.010665,1
33.300041199,0.999852,0.006262,-0.012049,-0.010602,1
33.305027008,0.999833,0.006209,-0.013228,-0.010935,1
33.310009003,0.999839,0.005490,-0.013435,-0.010554,1
33.314987183,0.999871,0.004916,-0.011466,-0.010097,1
33.319957733,0.999858,0.005453,-0.012095,-0.010395,1
33.324924469,0.999848,0.005247,-0.012986,-0.010348,1
33.329887390,0.999858,0.005092,-0.012595,-0.009941,1
33.334850311,0.999862,0.004789,-0.012461,-0.009891,1
33.339893341,0.999859,0.004962,-0.012724,-0.009797,1
33.344928741,0.999865,0.005391,-0.012195,-0.009649,1
33.349964142,0.999855,0.005553,-0.012759,-0.009806,1
33.354991913,0.999851,0.005612,-0.013097,-0.009787,1
33.360015869,0.999872,0.004765,-0.012027,-0.009405,1
33.365036011,0.999877,0.004746,-0.011623,-0.009437,1
33.370052338,0.999865,0.005438,-0.012136,-0.009631,1
33.375064850,0.999858,0.005278,-0.012878,-0.009462,1
33.380069733,0.999868,0.005343,-0.012320,-0.009108,1
33.385070801,0.999889,0.004288,-0.011046,-0.009075,1
33.390064240,0.999868,0.005324,-0.012233,-0.009256,1
33.395057678,0.999856,0.004866,-0.013426,-0.009182,1
33.400047302,0.999869,0.004861,-0.012733,-0.008683,1
33.405025482,0.999885,0.004804,-0.011434,-0.008768,1
33.410007477,0.999878,0.005050,-0.011621,-0.009113,1
33.414981842,0.999863,0.005168,-0.012888,-0.008984,1
33.419948578,0.999875,0.005121,-0.012318,-0.008438,1
33.424915314,0.999877,0.005217,-0.012073,-0.008550,1
33.429878235,0.999882,0.005226,-0.011502,-0.008770,1
33.434917450,0.999892,0.005020,-0.010769,-0.008699,1
33.439956665,0.999870,0.005809,-0.012222,-0.008736,1
33.444992065,0.999850,0.005842,-0.013740,-0.008782,1
33.450019836,0.999879,0.004809,-0.012208,-0.008316,1
33.455043793,0.999889,0.005438,-0.011096,-0.008267,1
33.460063934,0.999866,0.006392,-0.012187,-0.008831,1
33.465076447,0.999867,0.006135,-0.012333,-0.008746,1
33.470088959,0.999881,0.005730,-0.011611,-0.008342,1
33.475093842,0.999892,0.005095,-0.010884,-0.008414,1
33.480091095,0.999876,0.005951,-0.011846,-0.008452,1
33.485088348,0.999857,0.006216,-0.013280,-0.008378,1
33.490077972,0.999859,0.006307,-0.013338,-0.007988,1
33.495067596,0.999874,0.006130,-0.012273,-0.008029,1
33.500045776,0.999870,0.006330,-0.012233,-0.008334,1
33.505023956,0.999878,0.006592,-0.011459,-0.008263,1
33.509998322,0.999870,0.006919,-0.011920,-0.008376,1
33.514965057,0.999863,0.006797,-0.012607,-0.008312,1
33.519927979,0.999874,0.006688,-0.011967,-0.008063,1
33.524887085,0.999871,0.007264,-0.011735,-0.008190,1
33.529930115,0.999868,0.007030,-0.012159,-0.008188,1
33.534969330,0.999864,0.006775,-0.012826,-0.007865,1
33.540000916,0.999871,0.007097,-0.012239,-0.007592,1
33.545028687,0.999867,0.007592,-0.012225,-0.007729,1
33.550052643,0.999863,0.007646,-0.012469,-0.007704,1
33.555072784,0.999872,0.007598,-0.011984,-0.007454,1
33.560089111,0.999876,0.007200,-0.011852,-0.007446,1
33.565097809,0.999873,0.007008,-0.012249,-0.007375,1
33.570102692,0.999863,0.007765,-0.012642,-0.007379,1
33.575107574,0.999862,0.007748,-0.012767,-0.007231,1
33.580104828,0.999875,0.007116,-0.012381,-0.006841,1
33.585098267,0.999885,0.006692,-0.011849,-0.006754,1
33.590087891,0.999879,0.007203,-0.012067,-0.006600,1
33.595069885,0.999877,0.007092,-0.012346,-0.006576,1
33.600051880,0.999888,0.006531,-0.011850,-0.006400,1
33.605026245,0.999872,0.007498,-0.012641,-0.006262,1
33.609996796,0.999870,0.006905,-0.013227,-0.006136,1
33.614963531,0.999886,0.006236,-0.012514,-0.005648,1
33.619922638,0.999896,0.006988,-0.011328,-0.005564,1
33.624965668,0.999886,0.007440,-0.011702,-0.005904,1
33.630004883,0.999868,0.006894,-0.013481,-0.005916,1
33.635040283,0.999881,0.006863,-0.012751,-0.005234,1
33.640068054,0.999886,0.006191,-0.012724,-0.005215,1
33.645095825,0.999885,0.006454,-0.012795,-0.004996,1
33.650115967,0.999895,0.006606,-0.011905,-0.004992,1
33.655128479,0.999888,0.006827,-0.012317,-0.005049,1
33.660140991,0.999884,0.006268,-0.012990,-0.004847,1
33.665149689,0.999894,0.005932,-0.012549,-0.004427,1
33.670150757,0.999893,0.006135,-0.012581,-0.004329,1
33.675148010,0.999894,0.006313,-0.012426,-0.004240,1
33.680141449,0.999904,0.006319,-0.011668,-0.004005,1
33.685131073,0.999897,0.006472,-0.012056,-0.004235,1
33.690116882,0.999891,0.006182,-0.012747,-0.004103,1
33.695095062,0.999908,0.005237,-0.011981,-0.003509,1
33.700077057,0.999912,0.005164,-0.011819,-0.003212,1
33.705047607,0.999890,0.006005,-0.013182,-0.003189,1
33.710014343,0.999893,0.005580,-0.013223,-0.002970,1
33.714977264,0.999920,0.005630,-0.011093,-0.002412,1
33.720024109,0.999921,0.005427,-0.011060,-0.002674,1
33.725059509,0.999905,0.005549,-0.012301,-0.002889,1
33.730094910,0.999906,0.005102,-0.012514,-0.002256,1
33.735126495,0.999905,0.005524,-0.012475,-0.002013,1
33.740150452,0.999909,0.005078,-0.012330,-0.002039,1
33.745170593,0.999926,0.005045,-0.010988,-0.001619,1
33.750186920,0.999924,0.005062,-0.011070,-0.001784,1
33.755195618,0.999916,0.005091,-0.011809,-0.001813,1
33.760204315,0.999910,0.004858,-0.012444,-0.001509,1
33.765205383,0.999916,0.005106,-0.011902,-0.001087,1
33.770202637,0.999906,0.005317,-0.012567,-0.001126,1
33.775196075,0.999915,0.004498,-0.012207,-0.000843,1
33.780181885,0.999933,0.004116,-0.010796,-0.000305,1
33.785167694,0.999924,0.004995,-0.011228,-0.000546,1
33.790145874,0.999913,0.005328,-0.012064,-0.000634,1
33.795124054,0.999912,0.005552,-0.012009,-0.000233,1
33.800094604,0.999921,0.004917,-0.011602,0.000105,1
33.805061340,0.999919,0.004796,-0.011802,0.000175,1
33.810028076,0.999915,0.005548,-0.011753,0.000318,1
33.814983368,0.999914,0.006027,-0.011689,0.000237,1
33.820022583,0.999919,0.005130,-0.011630,0.000344,1
33.825057983,0.999933,0.004444,-0.010625,0.000973,1
33.830089569,0.999918,0.005707,-0.011420,0.000964,1
33.835113525,0.999890,0.006222,-0.013412,0.000748,1
33.840133667,0.999903,0.005677,-0.012639,0.001388,1
33.845149994,0.999918,0.006080,-0.011152,0.001694,1
33.850162506,0.999912,0.006144,-0.011681,0.001337,1
33.855167389,0.999910,0.006272,-0.011771,0.001664,1
33.860168457,0.999910,0.006542,-0.011617,0.001564,1
33.865165710,0.999909,0.006399,-0.011717,0.001831,1
33.870162964,0.999906,0.006486,-0.011952,0.002008,1
33.875152588,0.999914,0.006084,-0.011409,0.002037,1
33.880134583,0.999918,0.006265,-0.010890,0.002430,1
33.885112762,0.999897,0.007484,-0.012043,0.002350,1
33.890090942,0.999886,0.006576,-0.013413,0.002146,1
33.895057678,0.999906,0.006218,-0.011896,0.002887,1
33.900024414,0.999912,0.007298,-0.010726,0.002906,1
33.904987335,0.999903,0.007350,-0.011545,0.002583,1
33.909942627,0.999904,0.007597,-0.011315,0.002691,1
33.914981842,0.999905,0.006335,-0.011863,0.002952,1
33.920017242,0.999898,0.006972,-0.012053,0.003311,1
33.925048828,0.999903,0.006949,-0.011623,0.003322,1
33.930076599,0.999903,0.007018,-0.011504,0.003453,1
33.935096741,0.999898,0.007173,-0.011848,0.003564,1
33.940116882,0.999903,0.006890,-0.011467,0.003827,1
33.945125580,0.999894,0.007344,-0.011983,0.003837,1
33.950138092,0.999899,0.007233,-0.011589,0.003931,1
33.955139160,0.999908,0.007141,-0.010800,0.003989,1
33.960140228,0.999912,0.006754,-0.010704,0.003974,1
33.965133667,0.999894,0.007475,-0.011840,0.004029,1
33.970123291,0.999884,0.006785,-0.012971,0.004243,1
33.975109100,0.999902,0.006754,-0.011335,0.004735,1
33.980087280,0.999906,0.007294,-0.010628,0.004589,1
33.985061646,0.999885,0.008102,-0.012071,0.004259,1
33.990036011,0.999893,0.007223,-0.011923,0.004494,1
33.995006561,0.999908,0.006654,-0.010729,0.005038,1
33.999973297,0.999890,0.007848,-0.011611,0.004879,1
34.004932404,0.999882,0.007748,-0.012365,0.004863,1
34.009971619,0.999892,0.006800,-0.011873,0.005357,1
34.015007019,0.999905,0.006920,-0.010518,0.005669,1
34.020038605,0.999892,0.007556,-0.011375,0.005437,1
34.025062561,0.999872,0.007672,-0.012867,0.005534,1
34.030086517,0.999886,0.007109,-0.011873,0.006074,1
34.035102844,0.999898,0.007035,-0.010717,0.006319,1
34.040115356,0.999891,0.007536,-0.011137,0.006125,1
34.045124054,0.999893,0.007395,-0.011021,0.006134,1
34.050128937,0.999893,0.006873,-0.011217,0.006443,1
34.055126190,0.999894,0.006680,-0.011077,0.006753,1
34.060119629,0.999892,0.006911,-0.011084,0.006794,1
34.065109253,0.999879,0.007426,-0.011721,0.006962,1
34.070095062,0.999884,0.007072,-0.011336,0.007269,1
34.075073242,0.999903,0.005885,-0.009982,0.007668,1
34.080051422,0.999899,0.006111,-0.010347,0.007566,1
34.085025787,0.999877,0.006874,-0.011895,0.007554,1
34.089992523,0.999877,0.006403,-0.011885,0.007934,1
34.094959259,0.999900,0.005716,-0.009970,0.008182,1
34.099918365,0.999897,0.006166,-0.010060,0.008120,1
34.104957581,0.999882,0.006874,-0.011177,0.007982,1
34.109996796,0.999885,0.006371,-0.011036,0.008230,1
34.115028381,0.999887,0.006382,-0.010555,0.008543,1
34.120052338,0.999885,0.005992,-0.010937,0.008569,1
34.125076294,0.999880,0.005958,-0.011136,0.008935,1
34.130092621,0.999882,0.006312,-0.010761,0.008996,1
34.135105133,0.999880,0.006458,-0.010793,0.008994,1
34.140113831,0.999888,0.005524,-0.010339,0.009344,1
34.145118713,0.999892,0.005533,-0.009859,0.009393,1
34.150115967,0.999875,0.006083,-0.011349,0.009139,1
34.155113220,0.999867,0.006391,-0.011548,0.009610,1
34.160102844,0.999888,0.005226,-0.009901,0.009916,1
34.165088654,0.999892,0.005640,-0.009339,0.009830,1
34.170070648,0.999884,0.006155,-0.010285,0.009419,1
34.175045013,0.999870,0.005658,-0.011548,0.009683,1
34.180015564,0.999879,0.005097,-0.010600,0.010198,1
34.184982300,0.999886,0.005642,-0.009785,0.010045,1
34.189941406,0.999875,0.006552,-0.010506,0.009807,1
34.194900513,0.999882,0.005692,-0.010343,0.009878,1
34.199943542,0.999894,0.004762,-0.009093,0.010297,1
34.204978943,0.999891,0.005501,-0.008935,0.010383,1
34.210010529,0.999866,0.006622,-0.011074,0.010121,1
34.215038300,0.999866,0.005803,-0.011446,0.010162,1
34.220062256,0.999881,0.005267,-0.009837,0.010629,1
34.225078583,0.999874,0.006580,-0.009997,0.010418,1
34.230094910,0.999866,0.006538,-0.011231,0.009942,1
34.235103607,0.999872,0.005670,-0.010579,0.010565,1
34.240108490,0.999876,0.006160,-0.009662,0.010830,1
34.245109558,0.999868,0.007050,-0.010296,0.010445,1
34.250102997,0.999868,0.007002,-0.010171,0.010581,1
34.255096436,0.999869,0.007315,-0.010108,0.010347,1
34.260082245,0.999881,0.006315,-0.009372,0.010497,1
34.265064240,0.999868,0.006670,-0.010279,0.010690,1
34.270038605,0.999851,0.007042,-0.011625,0.010605,1
34.275012970,0.999854,0.006758,-0.011341,0.010822,1
34.279983521,0.999860,0.006847,-0.010551,0.011001,1
34.284946442,0.999865,0.007687,-0.009926,0.010612,1
34.289905548,0.999868,0.007662,-0.010088,0.010185,1
34.294948578,0.999874,0.007001,-0.009677,0.010482,1
34.299987793,0.999864,0.007267,-0.010468,0.010478,1
34.305019379,0.999854,0.007737,-0.011222,0.010327,1
34.310047150,0.999853,0.007889,-0.010914,0.010605,1
34.315067291,0.999862,0.007501,-0.010365,0.010581,1
34.320087433,0.999861,0.007887,-0.010236,0.010536,1
34.325099945,0.999859,0.007894,-0.010596,0.010408,1
34.330108643,0.999856,0.007880,-0.010883,0.010408,1
34.335113525,0.999870,0.007422,-0.009686,0.010545,1
34.340114594,0.999862,0.007801,-0.010358,0.010410,1
34.345108032,0.999843,0.008006,-0.011958,0.010379,1
34.350101471,0.999853,0.007121,-0.011191,0.010819,1
34.355087280,0.999861,0.007206,-0.010242,0.011015,1
34.360069275,0.999852,0.007700,-0.011228,0.010530,1
34.365047455,0.999858,0.007316,-0.010719,0.010771,1
34.370018005,0.999858,0.007382,-0.010479,0.010968,1
34.374988556,0.999846,0.007899,-0.011465,0.010682,1
34.379951477,0.999847,0.007526,-0.011451,0.010849,1
34.384906769,0.999859,0.007292,-0.010244,0.011167,1
34.389949799,0.999858,0.007620,-0.010446,0.010760,1
34.394989014,0.999858,0.007518,-0.010625,0.010705,1
34.400016785,0.999854,0.007486,-0.010848,0.010886,1
34.405048370,0.999854,0.007039,-0.011017,0.011012,1
34.410068512,0.999848,0.006889,-0.011540,0.011126,1
34.415088654,0.999845,0.006918,-0.011671,0.011253,1
34.420101166,0.999843,0.007556,-0.011321,0.011338,1
34.425109863,0.999861,0.006737,-0.010468,0.011047,1
34.430110931,0.999872,0.006271,-0.009585,0.011161,1
34.435108185,0.999845,0.007575,-0.011492,0.010988,1
34.440101624,0.999825,0.006807,-0.013573,0.010903,1
34.445091248,0.999855,0.006325,-0.010864,0.011450,1
34.450077057,0.999866,0.007078,-0.009581,0.011193,1
34.455055237,0.999851,0.007783,-0.011245,0.010563,1
34.460029602,0.999864,0.006153,-0.011012,0.010666,1
34.464996338,0.999876,0.005427,-0.009407,0.011427,1
34.469966888,0.999851,0.006545,-0.011298,0.011337,1
34.474922180,0.999834,0.006898,-0.012630,0.011217,1
34.479877472,0.999857,0.005656,-0.011268,0.011262,1
34.484920502,0.999878,0.005909,-0.009161,0.011231,1
34.489959717,0.999864,0.007221,-0.010322,0.010616,1
34.494991302,0.999855,0.006886,-0.011497,0.010546,1
34.500022888,0.999863,0.005448,-0.011170,0.010961,1
34.505043030,0.999868,0.005624,-0.010496,0.011052,1
34.510063171,0.999861,0.006008,-0.011005,0.010958,1
34.515079498,0.999861,0.006052,-0.011181,0.010804,1
34.520088196,0.999863,0.005726,-0.011400,0.010581,1
34.525093079,0.999869,0.005420,-0.010889,0.010673,1
34.530090332,0.999873,0.006036,-0.010247,0.010611,1
34.535087585,0.999878,0.005387,-0.010484,0.010257,1
34.540077209,0.999873,0.005312,-0.010918,0.010330,1
34.545063019,0.999870,0.005276,-0.011128,0.010424,1
34.550041199,0.999869,0.005615,-0.011059,0.010424,1
34.555019379,0.999876,0.004651,-0.011067,0.010176,1
34.559986115,0.999884,0.004558,-0.010191,0.010316,1
34.564956665,0.999885,0.005160,-0.009994,0.010186,1
34.569915771,0.999875,0.005230,-0.011218,0.009885,1
34.574871063,0.999872,0.004864,-0.011582,0.009942,1
34.579914093,0.999878,0.004983,-0.010795,0.010104,1
34.584953308,0.999880,0.005477,-0.010625,0.009849,1
34.589988708,0.999879,0.005581,-0.010910,0.009585,1
34.595012665,0.999889,0.005172,-0.010183,0.009598,1
34.600036621,0.999892,0.005210,-0.010041,0.009428,1
34.605056763,0.999887,0.005411,-0.010444,0.009375,1
34.610069275,0.999866,0.006513,-0.011834,0.009293,1
34.615081787,0.999873,0.006168,-0.011282,0.009404,1
34.620086670,0.999876,0.006195,-0.011080,0.009311,1
34.625083923,0.999883,0.006266,-0.010784,0.008909,1
34.630081177,0.999895,0.006080,-0.009884,0.008728,1
34.635074615,0.999898,0.005639,-0.009990,0.008562,1
34.640060425,0.999899,0.005134,-0.010132,0.008582,1
34.645042419,0.999879,0.006153,-0.011474,0.008527,1
34.650016785,0.999877,0.005570,-0.011974,0.008513,1
34.654991150,0.999885,0.005206,-0.011376,0.008571,1
34.659957886,0.999906,0.005346,-0.009517,0.008312,1
34.664920807,0.999902,0.006511,-0.009731,0.007682,1
34.669879913,0.999887,0.006880,-0.011155,0.007382,1
34.674922943,0.999895,0.005635,-0.011020,0.007578,1
34.679958344,0.999899,0.006344,-0.010118,0.007748,1
34.684993744,0.999898,0.006650,-0.010347,0.007248,1
34.690017700,0.999894,0.006674,-0.010695,0.007275,1
34.695045471,0.999896,0.006599,-0.010584,0.007278,1
34.700065613,0.999897,0.006830,-0.010570,0.006932,1
34.705081940,0.999895,0.006734,-0.011014,0.006648,1
34.710090637,0.999894,0.006928,-0.010951,0.006692,1
34.715095520,0.999889,0.007230,-0.011226,0.006601,1
34.720096588,0.999889,0.007124,-0.011442,0.006284,1
34.725093842,0.999902,0.006770,-0.010606,0.006152,1
34.730087280,0.999906,0.006664,-0.010543,0.005679,1
34.735076904,0.999907,0.006499,-0.010745,0.005393,1
34.740055084,0.999898,0.006835,-0.011277,0.005469,1
34.745037079,0.999889,0.006927,-0.012116,0.005172,1
34.750007629,0.999903,0.005702,-0.011635,0.005049,1
34.754978180,0.999924,0.005902,-0.009547,0.005156,1
34.759941101,0.999916,0.006820,-0.010062,0.004541,1
34.764904022,0.999895,0.007215,-0.011887,0.004062,1
34.769947052,0.999917,0.005815,-0.010603,0.004465,1
34.774986267,0.999914,0.007101,-0.010084,0.004377,1
34.780017853,0.999909,0.006834,-0.011053,0.003697,1
34.785045624,0.999918,0.005563,-0.010856,0.003774,1
34.790073395,0.999924,0.006239,-0.009823,0.004104,1
34.795089722,0.999914,0.006848,-0.010588,0.003464,1
34.800106049,0.999906,0.006328,-0.011722,0.003253,1
34.805118561,0.999916,0.006005,-0.010933,0.003492,1
34.810123444,0.999920,0.006401,-0.010463,0.003162,1
34.815124512,0.999910,0.007188,-0.010968,0.002826,1
34.820121765,0.999911,0.007287,-0.010926,0.002535,1
34.825115204,0.999935,0.005537,-0.009715,0.002358,1
34.830097198,0.999935,0.005562,-0.009651,0.002534,1
34.835079193,0.999926,0.006034,-0.010347,0.002133,1
34.840057373,0.999913,0.005732,-0.011673,0.001987,1
34.845027924,0.999911,0.006093,-0.011674,0.002122,1
34.849998474,0.999929,0.005321,-0.010468,0.001798,1
34.854961395,0.999933,0.005278,-0.010193,0.001506,1
34.859916687,0.999937,0.005430,-0.009770,0.001184,1
34.864963531,0.999931,0.005562,-0.010298,0.000799,1
34.870002747,0.999927,0.005190,-0.010841,0.000914,1
34.875034332,0.999926,0.005252,-0.010884,0.001013,1
34.880065918,0.999934,0.005346,-0.010142,0.000647,1
34.885089874,0.999932,0.005573,-0.010218,0.000472,1
34.890110016,0.999930,0.005477,-0.010486,0.000320,1
34.895126343,0.999931,0.004979,-0.010600,0.000218,1
34.900135040,0.999932,0.005029,-0.010557,0.000146,1
34.905143738,0.999932,0.005019,-0.010527,-0.000021,1
34.910144806,0.999935,0.004970,-0.010288,-0.000049,1
34.915145874,0.999943,0.004595,-0.009686,-0.000156,1
34.920139313,0.999936,0.004863,-0.010196,-0.000442,1
34.925128937,0.999938,0.004271,-0.010231,-0.000549,1
34.930114746,0.999942,0.003777,-0.010063,-0.000626,1
34.935096741,0.999931,0.004721,-0.010724,-0.000783,1
34.940071106,0.999924,0.005050,-0.011189,-0.000960,1
34.945041656,0.999931,0.005030,-0.010551,-0.000866,1
34.950008392,0.999949,0.004033,-0.009234,-0.000982,1
34.954967499,0.999944,0.004317,-0.009611,-0.001259,1
34.960014343,0.999928,0.005172,-0.010669,-0.001551,1
34.965053558,0.999926,0.005270,-0.010844,-0.001610,1
34.970088959,0.999929,0.005169,-0.010577,-0.001660,1
34.975116730,0.999933,0.005225,-0.010206,-0.001768,1
34.980144501,0.999930,0.005061,-0.010535,-0.002084,1
34.985164642,0.999928,0.005393,-0.010494,-0.002052,1
34.990177155,0.999921,0.005826,-0.010920,-0.002198,1
34.995185852,0.999915,0.006170,-0.011192,-0.002500,1
35.000198364,0.999933,0.005808,-0.009701,-0.002516,1
35.005199432,0.999934,0.005692,-0.009626,-0.002790,1
35.010196686,0.999930,0.005782,-0.009950,-0.002883,1
35.015190125,0.999915,0.005760,-0.011301,-0.003018,1
35.020175934,0.999913,0.005945,-0.011415,-0.002960,1
35.025161743,0.999915,0.005824,-0.011257,-0.003002,1
35.030143738,0.999917,0.006316,-0.010767,-0.003244,1
35.035118103,0.999925,0.006398,-0.009824,-0.003524,1
35.040088654,0.999909,0.007230,-0.010663,-0.003898,1
35.045051575,0.999907,0.006578,-0.011164,-0.004179,1
35.050014496,0.999922,0.006029,-0.010277,-0.003797,1
35.054969788,0.999905,0.007102,-0.011085,-0.004068,1
35.060012817,0.999905,0.006434,-0.011425,-0.004182,1
35.065044403,0.999918,0.006436,-0.010342,-0.003927,1
35.070075989,0.999910,0.007207,-0.010372,-0.004413,1
35.075099945,0.999900,0.007176,-0.011213,-0.004737,1
35.080120087,0.999906,0.006660,-0.011110,-0.004526,1
35.085136414,0.999921,0.006202,-0.010040,-0.004380,1
35.090145111,0.999899,0.007465,-0.011187,-0.004673,1
35.095153809,0.999884,0.007097,-0.012522,-0.004966,1
35.100154877,0.999901,0.006325,-0.011677,-0.004593,1
35.105152130,0.999924,0.006052,-0.009761,-0.004587,1
35.110145569,0.999912,0.006692,-0.010315,-0.005052,1
35.115135193,0.999889,0.007015,-0.012066,-0.005197,1
35.120117188,0.999891,0.006473,-0.012308,-0.004921,1
35.125091553,0.999903,0.006466,-0.011297,-0.004907,1
35.130065918,0.999905,0.006382,-0.010986,-0.005323,1
35.135036469,0.999899,0.006592,-0.011313,-0.005528,1
35.139999390,0.999898,0.006372,-0.011460,-0.005666,1
35.144958496,0.999895,0.006344,-0.011636,-0.005841,1
35.149913788,0.999902,0.006265,-0.010962,-0.005972,1
35.154953003,0.999906,0.006073,-0.010625,-0.006154,1
35.159988403,0.999890,0.006527,-0.011661,-0.006381,1
35.165019989,0.999877,0.006574,-0.012762,-0.006380,1
35.170047760,0.999882,0.006476,-0.012390,-0.006295,1
35.175067902,0.999886,0.006277,-0.012045,-0.006663,1
35.180084229,0.999897,0.006094,-0.011016,-0.006819,1
35.185092926,0.999902,0.005682,-0.010701,-0.007034,1
35.190105438,0.999877,0.006270,-0.012344,-0.007333,1
35.195110321,0.999872,0.006212,-0.012835,-0.007290,1
35.200107574,0.999882,0.005719,-0.012151,-0.007414,1
35.205101013,0.999881,0.006233,-0.011882,-0.007559,1
35.210086823,0.999879,0.005988,-0.012021,-0.007891,1
35.215072632,0.999884,0.005786,-0.011669,-0.007903,1
35.220054626,0.999886,0.005441,-0.011402,-0.008299,1
35.225028992,0.999883,0.005383,-0.011638,-0.008378,1
35.230003357,0.999869,0.005668,-0.012527,-0.008511,1
35.234966278,0.999873,0.005371,-0.012333,-0.008556,1
35.239929199,0.999877,0.004916,-0.012206,-0.008540,1
35.244888306,0.999878,0.005357,-0.011761,-0.008724,1
35.249931335,0.999877,0.005508,-0.011395,-0.009255,1
35.254962921,0.999873,0.005497,-0.011563,-0.009504,1
35.259994507,0.999871,0.004884,-0.011928,-0.009541,1
35.265018463,0.999875,0.004230,-0.011904,-0.009509,1
35.270042419,0.999863,0.005730,-0.012288,-0.009468,1
35.275054932,0.999853,0.005750,-0.012625,-0.010042,1
35.280067444,0.999874,0.004410,-0.011474,-0.010025,1
35.285072327,0.999891,0.004312,-0.010031,-0.009910,1
35.290073395,0.999869,0.005602,-0.011156,-0.010324,1
35.295070648,0.999833,0.005261,-0.013852,-0.010687,1
35.300064087,0.999854,0.004473,-0.012757,-0.010438,1
35.305053711,0.999881,0.003982,-0.010588,-0.010458,1
35.310035706,0.999869,0.004241,-0.011169,-0.010881,1
35.315013885,0.999859,0.005230,-0.011448,-0.011148,1
35.319992065,0.999869,0.003978,-0.010857,-0.011289,1
35.324962616,0.999860,0.003903,-0.011984,-0.011044,1
35.329925537,0.999845,0.004649,-0.012816,-0.011100,1
35.334888458,0.999852,0.004066,-0.012390,-0.011191,1
35.339843750,0.999861,0.004296,-0.011445,-0.011306,1
35.344882965,0.999871,0.004368,-0.010202,-0.011594,1
35.349922180,0.999859,0.004565,-0.010869,-0.011930,1
35.354949951,0.999858,0.004311,-0.011142,-0.011920,1
35.359977722,0.999848,0.004703,-0.011830,-0.011869,1
35.364997864,0.999834,0.005079,-0.012753,-0.011939,1
35.370018005,0.999852,0.004535,-0.011581,-0.011848,1
35.375030518,0.999871,0.004628,-0.009655,-0.011936,1
35.380035400,0.999854,0.004903,-0.010746,-0.012377,1
35.385040283,0.999835,0.005427,-0.012195,-0.012290,1
35.390041351,0.999841,0.005616,-0.011781,-0.012178,1
35.395034790,0.999853,0.005451,-0.010364,-0.012513,1
35.400024414,0.999851,0.004921,-0.010380,-0.012877,1
35.405014038,0.999851,0.004721,-0.010663,-0.012768,1
35.409992218,0.999842,0.005133,-0.011388,-0.012633,1
35.414966583,0.999827,0.005602,-0.012289,-0.012803,1
35.419937134,0.999824,0.005224,-0.012420,-0.013030,1
35.424907684,0.999849,0.005375,-0.010261,-0.012966,1
35.429870605,0.999843,0.005695,-0.010151,-0.013338,1
35.434825897,0.999832,0.005833,-0.010841,-0.013602,1
35.439868927,0.999825,0.006206,-0.011208,-0.013611,1
35.444908142,0.999818,0.006280,-0.011574,-0.013807,1
35.449939728,0.999822,0.006054,-0.011246,-0.013920,1
35.454963684,0.999828,0.005878,-0.010699,-0.013945,1
35.459983826,0.999825,0.005947,-0.010911,-0.013963,1
35.465003967,0.999819,0.005979,-0.011362,-0.014041,1
35.470016479,0.999818,0.005994,-0.011347,-0.014092,1
35.475021362,0.999813,0.006231,-0.011545,-0.014206,1
35.480026245,0.999819,0.006193,-0.010906,-0.014292,1
35.485023499,0.999829,0.005723,-0.010211,-0.014344,1
35.490016937,0.999826,0.005683,-0.010226,-0.014511,1
35.495006561,0.999811,0.005835,-0.011248,-0.014743,1
35.499992371,0.999801,0.005896,-0.012273,-0.014588,1
35.504966736,0.999812,0.005349,-0.011762,-0.014472,1
35.509941101,0.999822,0.005794,-0.010707,-0.014445,1
35.514907837,0.999818,0.005890,-0.010462,-0.014840,1
35.519874573,0.999822,0.005036,-0.010565,-0.014778,1
35.524833679,0.999814,0.005588,-0.011121,-0.014760,1
35.529788971,0.999793,0.005816,-0.012372,-0.015048,1
35.534832001,0.999800,0.005521,-0.012244,-0.014847,1
35.539867401,0.999826,0.005572,-0.010080,-0.014685,1
35.544898987,0.999829,0.005282,-0.009216,-0.015143,1
35.549930573,0.999805,0.005643,-0.011075,-0.015330,1
35.554950714,0.999790,0.005714,-0.012587,-0.015109,1
35.559967041,0.999807,0.004970,-0.011629,-0.015056,1
35.564983368,0.999819,0.005163,-0.010326,-0.015120,1
35.569992065,0.999810,0.005537,-0.010185,-0.015657,1
35.574996948,0.999807,0.005134,-0.010642,-0.015696,1
35.579998016,0.999807,0.005106,-0.010900,-0.015538,1
35.584995270,0.999798,0.005399,-0.011272,-0.015710,1
35.589988708,0.999796,0.005276,-0.011389,-0.015844,1
35.594974518,0.999812,0.004574,-0.010621,-0.015591,1
35.599956512,0.999817,0.004600,-0.009918,-0.015719,1
35.604934692,0.999806,0.004889,-0.010437,-0.015957,1
35.609909058,0.999792,0.005153,-0.011474,-0.016069,1
35.614875793,0.999798,0.004708,-0.011279,-0.015937,1
35.619838715,0.999811,0.004377,-0.010350,-0.015890,1
35.624797821,0.999809,0.004317,-0.010316,-0.016017,1
35.629837036,0.999802,0.004708,-0.010728,-0.016077,1
35.634876251,0.999804,0.004353,-0.010582,-0.016128,1
35.639911652,0.999802,0.004189,-0.010869,-0.016162,1
35.644935608,0.999806,0.004064,-0.010428,-0.016223,1
35.649963379,0.999808,0.004531,-0.010010,-0.016243,1
35.654983521,0.999801,0.004571,-0.010267,-0.016465,1
35.659996033,0.999795,0.004435,-0.010764,-0.016544,1
35.665004730,0.999797,0.004086,-0.010794,-0.016529,1
35.670013428,0.999812,0.003657,-0.009716,-0.016372,1
35.675014496,0.999810,0.004022,-0.009595,-0.016487,1
35.680011749,0.999796,0.003916,-0.010766,-0.016641,1
35.684997559,0.999790,0.003659,-0.011678,-0.016438,1
35.689987183,0.999805,0.003428,-0.010881,-0.016124,1
35.694969177,0.999815,0.002975,-0.009700,-0.016322,1
35.699947357,0.999811,0.003488,-0.009565,-0.016540,1
35.704917908,0.999791,0.004044,-0.011095,-0.016716,1
35.709884644,0.999790,0.003671,-0.011597,-0.016521,1
35.714847565,0.999813,0.003352,-0.009758,-0.016356,1
35.719806671,0.999814,0.003217,-0.009250,-0.016610,1
35.724849701,0.999788,0.004475,-0.010967,-0.016868,1
35.729888916,0.999787,0.004375,-0.011173,-0.016784,1
35.734920502,0.999809,0.003633,-0.009873,-0.016456,1
35.739948273,0.999812,0.003324,-0.009396,-0.016603,1
35.744972229,0.999795,0.004404,-0.010556,-0.016691,1
35.749996185,0.999784,0.004452,-0.011508,-0.016728,1
35.755008698,0.999786,0.004169,-0.011559,-0.016618,1
35.760017395,0.999800,0.004830,-0.010021,-0.016601,1
35.765022278,0.999804,0.004260,-0.009233,-0.017012,1
35.770023346,0.999791,0.004915,-0.009939,-0.017182,1
35.775020599,0.999785,0.004802,-0.010771,-0.017084,1
35.780014038,0.999777,0.005014,-0.011556,-0.016968,1
35.784999847,0.999779,0.004866,-0.011479,-0.016925,1
35.789981842,0.999788,0.004959,-0.010657,-0.016916,1
35.794960022,0.999790,0.005633,-0.009734,-0.017118,1
35.799938202,0.999784,0.005620,-0.009661,-0.017508,1
35.804904938,0.999769,0.006765,-0.010452,-0.017537,1
35.809875488,0.999765,0.005899,-0.010990,-0.017721,1
35.814834595,0.999779,0.005440,-0.010497,-0.017389,1
35.819881439,0.999787,0.005400,-0.009823,-0.017346,1
35.824916840,0.999786,0.005546,-0.009760,-0.017382,1
35.829948425,0.999767,0.005861,-0.010975,-0.017631,1
35.834980011,0.999768,0.006089,-0.010938,-0.017555,1
35.840003967,0.999771,0.005898,-0.010762,-0.017524,1
35.845020294,0.999771,0.005505,-0.010840,-0.017637,1
35.850036621,0.999774,0.005692,-0.010596,-0.017514,1
35.855049133,0.999761,0.006721,-0.010809,-0.017779,1
35.860054016,0.999765,0.006199,-0.010403,-0.017959,1
35.865051270,0.999773,0.005498,-0.010105,-0.017921,1
35.870048523,0.999767,0.005591,-0.010686,-0.017898,1
35.875041962,0.999749,0.005604,-0.012157,-0.017945,1
35.880027771,0.999759,0.005723,-0.011756,-0.017620,1
35.885009766,0.999775,0.005599,-0.010124,-0.017783,1
35.889987946,0.999777,0.005530,-0.009246,-0.018175,1
35.894958496,0.999757,0.006470,-0.010446,-0.018329,1
35.899929047,0.999740,0.006168,-0.012190,-0.018278,1
35.904891968,0.999758,0.005182,-0.011363,-0.018099,1
35.909847260,0.999770,0.005496,-0.010363,-0.017956,1
35.914890289,0.999763,0.005929,-0.010241,-0.018294,1
35.919929504,0.999760,0.005584,-0.010416,-0.018444,1
35.924964905,0.999759,0.005134,-0.010885,-0.018348,1
35.929992676,0.999757,0.005474,-0.011054,-0.018279,1
35.935020447,0.999756,0.005723,-0.010788,-0.018427,1
35.940040588,0.999760,0.005655,-0.010424,-0.018432,1
35.945053101,0.999757,0.005384,-0.010727,-0.018477,1
35.950069427,0.999764,0.004983,-0.010561,-0.018315,1
35.955074310,0.999761,0.005072,-0.010691,-0.018372,1
35.960075378,0.999754,0.005632,-0.010852,-0.018506,1
35.965072632,0.999756,0.005075,-0.010859,-0.018569,1
35.970066071,0.999763,0.005605,-0.010336,-0.018339,1
35.975048065,0.999755,0.005589,-0.010386,-0.018741,1
35.980033875,0.999748,0.005192,-0.010767,-0.018997,1
35.985015869,0.999770,0.004094,-0.010009,-0.018521,1
35.989990234,0.999763,0.004699,-0.010569,-0.018454,1
35.994964600,0.999748,0.004638,-0.011415,-0.018748,1
35.999931335,0.999766,0.004311,-0.010392,-0.018480,1
36.004898071,0.999775,0.004038,-0.009281,-0.018656,1
36.009937286,0.999757,0.004884,-0.010279,-0.018860,1
36.014976501,0.999735,0.004709,-0.012126,-0.019013,1
36.020011902,0.999759,0.004390,-0.010706,-0.018655,1
36.025039673,0.999762,0.004915,-0.009955,-0.018803,1
36.030067444,0.999745,0.005271,-0.010422,-0.019301,1
36.035087585,0.999762,0.003972,-0.009783,-0.019107,1
36.040107727,0.999774,0.003657,-0.008897,-0.018977,1
36.045116425,0.999759,0.005452,-0.009702,-0.018912,1
36.050121307,0.999728,0.004708,-0.012074,-0.019409,1
36.055126190,0.999735,0.004261,-0.012020,-0.019180,1
36.060123444,0.999758,0.004173,-0.009974,-0.019173,1
36.065116882,0.999761,0.003777,-0.009200,-0.019474,1
36.070102692,0.999759,0.003145,-0.009488,-0.019549,1
36.075084686,0.999749,0.004845,-0.010135,-0.019365,1
36.080066681,0.999724,0.003744,-0.012209,-0.019705,1
36.085044861,0.999735,0.003772,-0.011715,-0.019454,1
36.090015411,0.999760,0.004045,-0.009208,-0.019450,1
36.094985962,0.999758,0.004352,-0.008758,-0.019700,1
36.099948883,0.999730,0.004876,-0.010806,-0.020006,1
36.104991913,0.999729,0.004858,-0.011044,-0.019899,1
36.110031128,0.999748,0.004354,-0.009559,-0.019829,1
36.115066528,0.999749,0.004113,-0.009266,-0.019989,1
36.120098114,0.999732,0.005308,-0.010260,-0.020082,1
36.125118256,0.999725,0.004900,-0.011219,-0.020005,1
36.130138397,0.999740,0.005284,-0.010411,-0.019607,1
36.135158539,0.999749,0.004815,-0.008727,-0.020076,1
36.140167236,0.999737,0.005361,-0.009032,-0.020382,1
36.145175934,0.999728,0.005515,-0.009617,-0.020500,1
36.150177002,0.999735,0.004964,-0.009856,-0.020189,1
36.155174255,0.999727,0.005510,-0.010507,-0.020113,1
36.160167694,0.999716,0.005034,-0.011423,-0.020307,1
36.165157318,0.999723,0.004704,-0.011352,-0.020073,1
36.170143127,0.999743,0.005059,-0.009775,-0.019798,1
36.175117493,0.999743,0.005843,-0.008266,-0.020282,1
36.180095673,0.999714,0.006393,-0.009866,-0.020807,1
36.185062408,0.999710,0.006367,-0.010489,-0.020729,1
36.190029144,0.999735,0.005505,-0.009342,-0.020315,1
36.194988251,0.999738,0.005567,-0.009149,-0.020225,1
36.200035095,0.999720,0.006230,-0.010399,-0.020305,1
36.205070496,0.999730,0.006007,-0.010056,-0.020092,1
36.210105896,0.999736,0.005364,-0.009805,-0.020089,1
36.215137482,0.999738,0.005868,-0.009456,-0.020006,1
36.220161438,0.999727,0.006600,-0.009986,-0.020041,1
36.225185394,0.999718,0.006586,-0.010792,-0.020111,1
36.230197906,0.999740,0.006056,-0.009254,-0.019943,1
36.235210419,0.999742,0.005879,-0.008983,-0.020023,1
36.240215302,0.999724,0.006263,-0.010537,-0.020056,1
36.245216370,0.999730,0.005912,-0.010782,-0.019720,1
36.250217438,0.999744,0.005927,-0.009901,-0.019449,1
36.255210876,0.999744,0.005988,-0.009813,-0.019507,1
36.260200500,0.999740,0.005871,-0.010315,-0.019480,1
36.265186310,0.999754,0.005550,-0.009752,-0.019136,1
36.270160675,0.999754,0.005602,-0.009560,-0.019192,1
36.275138855,0.999739,0.006387,-0.010330,-0.019344,1
36.280109406,0.999747,0.005994,-0.010462,-0.019013,1
36.285076141,0.999764,0.005424,-0.009429,-0.018781,1
36.290035248,0.999764,0.005715,-0.009105,-0.018889,1
36.294994354,0.999747,0.006299,-0.010271,-0.018974,1
36.300033569,0.999751,0.005931,-0.010640,-0.018683,1
36.305068970,0.999761,0.005706,-0.010215,-0.018451,1
36.310096741,0.999770,0.005673,-0.009350,-0.018445,1
36.315124512,0.999768,0.005812,-0.009406,-0.018473,1
36.320144653,0.999760,0.006120,-0.009737,-0.018623,1
36.325164795,0.999753,0.006089,-0.010682,-0.018537,1
36.330177307,0.999771,0.005381,-0.010251,-0.018021,1
36.335182190,0.999772,0.005515,-0.010161,-0.017966,1
36.340187073,0.999764,0.006111,-0.010513,-0.018005,1
36.345184326,0.999779,0.005292,-0.009884,-0.017771,1
36.350177765,0.999798,0.004417,-0.008886,-0.017500,1
36.355167389,0.999775,0.005907,-0.010108,-0.017701,1
36.360145569,0.999766,0.005219,-0.011177,-0.017749,1
36.365127563,0.999797,0.004482,-0.009754,-0.017052,1
36.370101929,0.999801,0.004984,-0.008941,-0.017095,1
36.375068665,0.999783,0.005283,-0.010196,-0.017401,1
36.380031586,0.999785,0.005171,-0.010606,-0.017060,1
36.384994507,0.999802,0.004998,-0.009289,-0.016872,1
36.389945984,0.999801,0.004695,-0.009211,-0.017066,1
36.394989014,0.999786,0.005151,-0.010635,-0.016957,1
36.400020599,0.999797,0.004673,-0.010323,-0.016676,1
36.405056000,0.999800,0.004719,-0.010307,-0.016504,1
36.410079956,0.999800,0.004667,-0.010329,-0.016485,1
36.415100098,0.999811,0.004361,-0.009364,-0.016445,1
36.420116425,0.999815,0.004610,-0.008924,-0.016402,1
36.425128937,0.999807,0.004676,-0.009799,-0.016395,1
36.430133820,0.999797,0.004572,-0.011218,-0.016113,1
36.435134888,0.999807,0.004076,-0.011004,-0.015776,1
36.440132141,0.999818,0.003714,-0.010407,-0.015571,1
36.445125580,0.999831,0.004216,-0.009069,-0.015409,1
36.450115204,0.999828,0.004114,-0.008911,-0.015706,1
36.455101013,0.999817,0.004437,-0.010145,-0.015605,1
36.460083008,0.999822,0.004524,-0.010181,-0.015213,1
36.465057373,0.999824,0.004712,-0.010000,-0.015186,1
36.470031738,0.999830,0.004292,-0.009998,-0.014898,1
36.474994659,0.999839,0.003973,-0.009693,-0.014575,1
36.479957581,0.999835,0.004364,-0.009768,-0.014645,1
36.484916687,0.999839,0.004649,-0.009344,-0.014608,1
36.489952087,0.999832,0.004934,-0.009994,-0.014561,1
36.494991302,0.999827,0.005070,-0.010661,-0.014370,1
36.500022888,0.999836,0.004342,-0.010615,-0.013982,1
36.505046844,0.999846,0.004354,-0.010076,-0.013719,1
36.510066986,0.999843,0.005294,-0.009807,-0.013782,1
36.515087128,0.999831,0.005687,-0.010395,-0.014033,1
36.520099640,0.999838,0.005250,-0.010389,-0.013707,1
36.525104523,0.999850,0.005435,-0.009829,-0.013192,1
36.530109406,0.999837,0.005955,-0.010309,-0.013574,1
36.535110474,0.999842,0.005676,-0.010323,-0.013281,1
36.540103912,0.999851,0.005763,-0.010127,-0.012762,1
36.545097351,0.999844,0.005609,-0.010890,-0.012749,1
36.550083160,0.999849,0.006026,-0.010746,-0.012272,1
36.555065155,0.999852,0.006006,-0.010569,-0.012192,1
36.560039520,0.999855,0.006181,-0.010405,-0.011991,1
36.565013885,0.999859,0.006208,-0.010231,-0.011817,1
36.569980621,0.999861,0.006146,-0.009965,-0.011843,1
36.574943542,0.999863,0.006503,-0.009696,-0.011773,1
36.579902649,0.999857,0.006620,-0.010376,-0.011632,1
36.584941864,0.999858,0.006109,-0.011036,-0.011181,1
36.589977264,0.999867,0.005914,-0.010742,-0.010786,1
36.595008850,0.999864,0.006539,-0.010774,-0.010681,1
36.600036621,0.999865,0.006771,-0.010645,-0.010549,1
36.605060577,0.999877,0.006272,-0.009939,-0.010378,1
36.610076904,0.999874,0.006802,-0.010099,-0.010166,1
36.615085602,0.999856,0.007032,-0.011602,-0.010219,1
36.620094299,0.999858,0.006420,-0.012085,-0.009785,1
36.625095367,0.999880,0.005853,-0.010936,-0.009270,1
36.630092621,0.999888,0.006309,-0.009973,-0.009190,1
36.635086060,0.999874,0.006885,-0.010796,-0.009425,1
36.640075684,0.999868,0.006915,-0.011490,-0.009206,1
36.645061493,0.999881,0.006423,-0.010920,-0.008754,1
36.650035858,0.999878,0.006594,-0.011204,-0.008659,1
36.655014038,0.999878,0.007051,-0.011152,-0.008388,1
36.659980774,0.999888,0.006551,-0.010562,-0.008315,1
36.664947510,0.999888,0.006488,-0.010714,-0.008228,1
36.669906616,0.999880,0.006784,-0.011244,-0.008187,1
36.674858093,0.999883,0.006669,-0.011379,-0.007766,1
36.679901123,0.999894,0.006477,-0.010700,-0.007438,1
36.684940338,0.999892,0.006660,-0.010766,-0.007451,1
36.689968109,0.999889,0.007160,-0.010833,-0.007300,1
36.694999695,0.999882,0.007339,-0.011419,-0.007241,1
36.700019836,0.999885,0.007033,-0.011435,-0.007106,1
36.705039978,0.999899,0.006434,-0.010720,-0.006710,1
36.710052490,0.999907,0.006272,-0.010269,-0.006461,1
36.715065002,0.999896,0.006612,-0.011032,-0.006498,1
36.720069885,0.999882,0.006499,-0.012470,-0.006166,1
36.725070953,0.999903,0.006479,-0.010988,-0.005514,1
36.730064392,0.999921,0.006085,-0.009465,-0.005567,1
36.735057831,0.999908,0.006766,-0.010164,-0.005841,1
36.740047455,0.999900,0.006727,-0.011093,-0.005586,1
36.745029449,0.999900,0.006774,-0.011311,-0.005171,1
36.750003815,0.999904,0.006390,-0.011250,-0.004974,1
36.754978180,0.999917,0.006601,-0.009913,-0.004890,1
36.759944916,0.999921,0.007193,-0.008982,-0.005020,1
36.764907837,0.999897,0.007788,-0.010962,-0.005079,1
36.769870758,0.999899,0.006608,-0.011631,-0.004747,1
36.774913788,0.999923,0.006151,-0.009925,-0.004250,1
36.779945374,0.999921,0.007000,-0.009429,-0.004377,1
36.784980774,0.999905,0.007353,-0.010729,-0.004536,1
36.790004730,0.999917,0.006084,-0.010597,-0.004008,1
36.795032501,0.999925,0.006248,-0.009917,-0.003650,1
36.800048828,0.999915,0.007115,-0.010208,-0.003886,1
36.805061340,0.999923,0.006337,-0.009953,-0.003874,1
36.810073853,0.999928,0.006268,-0.009561,-0.003573,1
36.815078735,0.999929,0.006601,-0.009278,-0.003424,1
36.820079803,0.999922,0.006242,-0.010223,-0.003454,1
36.825073242,0.999924,0.006388,-0.010110,-0.003080,1
36.830062866,0.999930,0.006055,-0.009699,-0.002956,1
36.835048676,0.999928,0.005986,-0.009979,-0.002758,1
36.840030670,0.999942,0.005017,-0.009156,-0.002535,1
36.845012665,0.999943,0.005449,-0.008928,-0.002359,1
36.849987030,0.999930,0.005892,-0.009948,-0.002324,1
36.854957581,0.999928,0.005357,-0.010538,-0.002031,1
36.859920502,0.999939,0.005685,-0.009286,-0.001617,1
36.864879608,0.999941,0.005976,-0.008901,-0.001880,1
36.869922638,0.999934,0.006131,-0.009535,-0.001851,1
36.874961853,0.999942,0.005285,-0.009220,-0.001525,1
36.879993439,0.999947,0.004697,-0.009032,-0.001348,1
36.885021210,0.999937,0.005714,-0.009586,-0.001075,1
36.890045166,0.999930,0.006105,-0.010038,-0.001047,1
36.895065308,0.999934,0.005501,-0.010060,-0.000881,1
36.900081635,0.999933,0.006301,-0.009651,-0.000496,1
36.905090332,0.999928,0.006834,-0.009875,-0.000787,1
36.910095215,0.999932,0.006325,-0.009759,-0.000834,1
36.915096283,0.999940,0.006364,-0.008921,-0.000525,1
36.920093536,0.999942,0.005915,-0.009022,-0.000500,1
36.925083160,0.999938,0.005826,-0.009525,-0.000177,1
36.930072784,0.999926,0.006360,-0.010387,-0.000022,1
36.935054779,0.999921,0.006139,-0.010970,0.000284,1
36.940029144,0.999931,0.005855,-0.010198,0.000606,1
36.945007324,0.999942,0.006228,-0.008733,0.000483,1
36.949974060,0.999938,0.006636,-0.008957,0.000206,1
36.954940796,0.999933,0.006473,-0.009647,0.000122,1
36.959896088,0.999937,0.006218,-0.009335,0.000660,1
36.964942932,0.999936,0.006346,-0.009355,0.000740,1
36.969974518,0.999932,0.006539,-0.009621,0.001007,1
36.975009918,0.999928,0.006688,-0.009887,0.001091,1
36.980041504,0.999934,0.006103,-0.009649,0.001162,1
36.985065460,0.999937,0.005881,-0.009479,0.001387,1
36.990081787,0.999936,0.006345,-0.009208,0.001415,1
36.995101929,0.999931,0.006444,-0.009697,0.001275,1
37.000110626,0.999922,0.006695,-0.010421,0.001558,1
37.005115509,0.999923,0.006689,-0.010275,0.001806,1
37.010116577,0.999930,0.005864,-0.010108,0.001912,1
37.015113831,0.999935,0.006110,-0.009475,0.001954,1
37.020107269,0.999930,0.006666,-0.009645,0.001841,1
37.025093079,0.999927,0.006269,-0.010204,0.001880,1
37.030075073,0.999926,0.006125,-0.010247,0.002220,1
37.035053253,0.999928,0.006556,-0.009684,0.002523,1
37.040023804,0.999922,0.006202,-0.010584,0.002288,1
37.044994354,0.999928,0.006010,-0.010034,0.002669,1
37.049957275,0.999929,0.006261,-0.009753,0.002705,1
37.054920197,0.999923,0.005966,-0.010522,0.002691,1
37.059959412,0.999929,0.005943,-0.009958,0.002889,1
37.064998627,0.999931,0.006401,-0.009405,0.003076,1
37.070034027,0.999919,0.006484,-0.010512,0.002905,1
37.075061798,0.999921,0.005608,-0.010793,0.003160,1
37.080089569,0.999927,0.005570,-0.010163,0.003420,1
37.085105896,0.999928,0.006175,-0.009666,0.003453,1
37.090118408,0.999926,0.005921,-0.010129,0.003207,1
37.095130920,0.999916,0.005671,-0.011116,0.003432,1
37.100135803,0.999919,0.005529,-0.010722,0.003983,1
37.105136871,0.999918,0.005634,-0.010868,0.003839,1
37.110134125,0.999914,0.006186,-0.010910,0.003766,1
37.115127563,0.999922,0.005509,-0.010504,0.003873,1
37.120109558,0.999926,0.005163,-0.010133,0.004255,1
37.125091553,0.999921,0.005587,-0.010417,0.004166,1
37.130073547,0.999915,0.005453,-0.011129,0.004102,1
37.135044098,0.999912,0.005557,-0.011071,0.004661,1
37.140014648,0.999922,0.005097,-0.010363,0.004802,1
37.144977570,0.999919,0.005445,-0.010502,0.004720,1
37.149936676,0.999914,0.005449,-0.010999,0.004713,1
37.154979706,0.999910,0.005353,-0.011222,0.005131,1
37.160018921,0.999919,0.004540,-0.010538,0.005460,1
37.165050507,0.999917,0.005349,-0.010367,0.005475,1
37.170082092,0.999911,0.005606,-0.010844,0.005439,1
37.175106049,0.999905,0.005121,-0.011483,0.005623,1
37.180126190,0.999920,0.004661,-0.010082,0.006111,1
37.185142517,0.999918,0.004805,-0.010179,0.006144,1
37.190151215,0.999910,0.004800,-0.011031,0.006019,1
37.195156097,0.999911,0.004616,-0.010762,0.006423,1
37.200157166,0.999905,0.005022,-0.010996,0.006607,1
37.205154419,0.999902,0.004757,-0.011340,0.006751,1
37.210147858,0.999907,0.004774,-0.010696,0.006969,1
37.215137482,0.999910,0.004920,-0.010329,0.006961,1
37.220119476,0.999905,0.005101,-0.010778,0.006971,1
37.225097656,0.999900,0.004793,-0.011291,0.007074,1
37.230075836,0.999897,0.004820,-0.011241,0.007453,1
37.235050201,0.999898,0.004914,-0.011044,0.007619,1
37.240016937,0.999897,0.004910,-0.011246,0.007500,1
37.244976044,0.999901,0.005189,-0.010618,0.007645,1
37.250022888,0.999905,0.005177,-0.010384,0.007504,1
37.255062103,0.999896,0.005346,-0.011130,0.007400,1
37.260093689,0.999895,0.005312,-0.011055,0.007669,1
37.265125275,0.999892,0.005788,-0.011034,0.007816,1
37.270145416,0.999885,0.005764,-0.011767,0.007584,1
37.275169373,0.999891,0.005532,-0.011285,0.007709,1
37.280185699,0.999893,0.006322,-0.010656,0.007717,1
37.285194397,0.999889,0.006427,-0.011299,0.007337,1
37.290199280,0.999889,0.006123,-0.011353,0.007423,1
37.295207977,0.999901,0.005808,-0.010325,0.007582,1
37.300205231,0.999892,0.005769,-0.011216,0.007519,1
37.305194855,0.999872,0.006387,-0.012649,0.007481,1
37.310184479,0.999876,0.006226,-0.012223,0.007714,1
37.315170288,0.999874,0.006322,-0.012304,0.007721,1
37.320152283,0.999882,0.006379,-0.011759,0.007576,1
37.325126648,0.999887,0.006919,-0.011013,0.007589,1
37.330097198,0.999882,0.006904,-0.011637,0.007218,1
37.335060120,0.999878,0.006740,-0.012041,0.007359,1
37.340023041,0.999880,0.006794,-0.011828,0.007371,1
37.345066071,0.999877,0.006844,-0.012046,0.007331,1
37.350105286,0.999875,0.006694,-0.012311,0.007355,1
37.355140686,0.999878,0.006546,-0.012034,0.007501,1
37.360168457,0.999883,0.006732,-0.011575,0.007353,1
37.365192413,0.999876,0.007202,-0.012000,0.007276,1
37.370212555,0.999865,0.007253,-0.012832,0.007297,1
37.375225067,0.999866,0.006672,-0.013016,0.007412,1
37.380233765,0.999872,0.006551,-0.012386,0.007673,1
37.385246277,0.999879,0.006508,-0.011974,0.007462,1
37.390247345,0.999876,0.007095,-0.012059,0.007200,1
37.395240784,0.999866,0.007569,-0.012588,0.007197,1
37.400230408,0.999864,0.007172,-0.013027,0.007190,1
37.405220032,0.999867,0.007131,-0.012644,0.007432,1
37.410202026,0.999864,0.007631,-0.012590,0.007458,1
37.415184021,0.999860,0.007254,-0.013211,0.007274,1
37.420154572,0.999865,0.006908,-0.012926,0.007442,1
37.425125122,0.999874,0.007124,-0.012146,0.007338,1
37.430091858,0.999867,0.007574,-0.012543,0.007171,1
37.435047150,0.999861,0.007802,-0.012901,0.007051,1
37.440093994,0.999860,0.007854,-0.012912,0.007213,1
37.445133209,0.999863,0.007098,-0.013094,0.007172,1
37.450164795,0.999861,0.007453,-0.013079,0.007176,1
37.455196381,0.999872,0.007161,-0.012437,0.007104,1
37.460220337,0.999865,0.007194,-0.012960,0.007161,1
37.465244293,0.999864,0.007166,-0.013071,0.006993,1
37.470256805,0.999873,0.007340,-0.012111,0.007302,1
37.475269318,0.999866,0.007314,-0.012834,0.007091,1
37.480274200,0.999857,0.007510,-0.013463,0.006982,1
37.485279083,0.999863,0.007010,-0.013121,0.007285,1
37.490272522,0.999869,0.007052,-0.012621,0.007347,1
37.495265961,0.999871,0.007109,-0.012588,0.007040,1
37.500255585,0.999861,0.007565,-0.012994,0.007174,1
37.505241394,0.999864,0.006580,-0.013294,0.007231,1
37.510219574,0.999881,0.006245,-0.011979,0.007438,1
37.515193939,0.999878,0.006986,-0.012017,0.007170,1
37.520168304,0.999858,0.007148,-0.013577,0.006948,1
37.525131226,0.999877,0.005970,-0.012505,0.007358,1
37.530094147,0.999893,0.005813,-0.011085,0.007595,1
37.535053253,0.999870,0.006635,-0.012726,0.007325,1
37.540088654,0.999865,0.006392,-0.013195,0.007463,1
37.545127869,0.999874,0.006046,-0.012456,0.007761,1
37.550159454,0.999887,0.006065,-0.011429,0.007681,1
37.555183411,0.999887,0.006102,-0.011609,0.007389,1
37.560199738,0.999880,0.006268,-0.012022,0.007468,1
37.565219879,0.999874,0.006314,-0.012474,0.007541,1
37.570232391,0.999877,0.005810,-0.012443,0.007622,1
37.575237274,0.999877,0.005691,-0.012300,0.007838,1
37.580238342,0.999878,0.006204,-0.012035,0.007775,1
37.585239410,0.999878,0.005856,-0.012238,0.007697,1
37.590232849,0.999882,0.005625,-0.011903,0.007861,1
37.595222473,0.999878,0.005883,-0.012192,0.007820,1
37.600208282,0.999867,0.006172,-0.012885,0.007840,1
37.605186462,0.999871,0.005991,-0.012536,0.008056,1
37.610160828,0.999884,0.005785,-0.011540,0.008048,1
37.615131378,0.999885,0.006052,-0.011549,0.007790,1
37.620098114,0.999883,0.006137,-0.011741,0.007693,1
37.625061035,0.999884,0.006095,-0.011598,0.007789,1
37.630016327,0.999876,0.006576,-0.011967,0.007823,1
37.635055542,0.999861,0.006956,-0.013004,0.007764,1
37.640090942,0.999871,0.006648,-0.012331,0.007861,1
37.645118713,0.999876,0.006964,-0.011810,0.007783,1
37.650146484,0.999868,0.007442,-0.012382,0.007463,1
37.655166626,0.999875,0.007168,-0.011962,0.007487,1
37.660182953,0.999882,0.007246,-0.011274,0.007484,1
37.665199280,0.999877,0.007528,-0.011706,0.007175,1
37.670204163,0.999872,0.007255,-0.012199,0.007375,1
37.675205231,0.999861,0.007612,-0.012836,0.007443,1
37.680202484,0.999860,0.007580,-0.012912,0.007450,1
37.685195923,0.999863,0.007752,-0.012584,0.007508,1
37.690185547,0.999875,0.007818,-0.011589,0.007371,1
37.695167542,0.999882,0.007788,-0.011149,0.007172,1
37.700149536,0.999871,0.008178,-0.011943,0.006988,1
37.705120087,0.999864,0.008135,-0.012480,0.007125,1
37.710094452,0.999865,0.007992,-0.012360,0.007275,1
37.715057373,0.999867,0.007985,-0.012206,0.007287,1
37.720020294,0.999863,0.008156,-0.012468,0.007210,1
37.724975586,0.999861,0.008103,-0.012664,0.007139,1
37.730018616,0.999866,0.007812,-0.012420,0.007249,1
37.735050201,0.999870,0.007912,-0.011969,0.007353,1
37.740085602,0.999865,0.008260,-0.012184,0.007318,1
37.745109558,0.999854,0.008619,-0.012855,0.007308,1
37.750133514,0.999859,0.008039,-0.012739,0.007464,1
37.755149841,0.999864,0.007776,-0.012373,0.007666,1
37.760162354,0.999860,0.008202,-0.012472,0.007508,1
37.765174866,0.999852,0.008505,-0.013047,0.007369,1
37.770175934,0.999855,0.008048,-0.012910,0.007633,1
37.775177002,0.999858,0.007942,-0.012600,0.007900,1
37.780174255,0.999855,0.008201,-0.012652,0.007867,1
37.785160065,0.999849,0.008294,-0.013094,0.007825,1
37.790149689,0.999855,0.007826,-0.012844,0.007971,1
37.795131683,0.999859,0.007876,-0.012544,0.007960,1
37.800109863,0.999857,0.008053,-0.012559,0.007969,1
37.805080414,0.999852,0.008231,-0.012832,0.007940,1
37.810043335,0.999856,0.008015,-0.012570,0.008098,1
37.815010071,0.999855,0.007856,-0.012700,0.008218,1
37.819969177,0.999848,0.008052,-0.013065,0.008329,1
37.825012207,0.999844,0.008112,-0.013304,0.008334,1
37.830043793,0.999855,0.007612,-0.012627,0.008530,1
37.835075378,0.999861,0.007437,-0.012165,0.008594,1
37.840106964,0.999847,0.007943,-0.013083,0.008476,1
37.845127106,0.999840,0.007774,-0.013525,0.008702,1
37.850143433,0.999847,0.007489,-0.012944,0.009030,1
37.855159760,0.999849,0.007624,-0.012729,0.009011,1
37.860168457,0.999849,0.007755,-0.012728,0.008963,1
37.865173340,0.999850,0.007569,-0.012617,0.009121,1
37.870170593,0.999847,0.007617,-0.012820,0.009136,1
37.875167847,0.999843,0.007366,-0.013273,0.009164,1
37.880157471,0.999848,0.007214,-0.012676,0.009551,1
37.885139465,0.999857,0.007111,-0.011946,0.009625,1
37.890121460,0.999849,0.007548,-0.012543,0.009395,1
37.895099640,0.999845,0.007026,-0.013011,0.009548,1
37.900070190,0.999851,0.006619,-0.012516,0.009921,1
37.905040741,0.999852,0.006594,-0.012401,0.009933,1
37.909999847,0.999840,0.007035,-0.013190,0.009839,1
37.914958954,0.999840,0.006960,-0.013006,0.010113,1
37.920001984,0.999843,0.006745,-0.012776,0.010254,1
37.925037384,0.999854,0.006511,-0.012115,0.010146,1
37.930068970,0.999857,0.006513,-0.011834,0.010130,1
37.935096741,0.999843,0.007056,-0.012734,0.010065,1
37.940120697,0.999841,0.006535,-0.013089,0.010204,1
37.945140839,0.999847,0.006127,-0.012570,0.010502,1
37.950153351,0.999844,0.006539,-0.012610,0.010506,1
37.955162048,0.999843,0.006694,-0.012723,0.010357,1
37.960166931,0.999853,0.006362,-0.011980,0.010469,1
37.965167999,0.999854,0.006299,-0.011989,0.010376,1
37.970165253,0.999843,0.006582,-0.012862,0.010302,1
37.975154877,0.999834,0.006629,-0.013342,0.010522,1
37.980144501,0.999843,0.006370,-0.012688,0.010629,1
37.985122681,0.999851,0.006433,-0.012133,0.010493,1
37.990100861,0.999854,0.006738,-0.012000,0.010160,1
37.995075226,0.999858,0.006740,-0.011795,0.009995,1
38.000041962,0.999849,0.006952,-0.012345,0.010014,1
38.005004883,0.999838,0.007177,-0.013111,0.009984,1
38.009967804,0.999841,0.007121,-0.012809,0.010160,1
38.015007019,0.999842,0.007349,-0.012620,0.010128,1
38.020046234,0.999842,0.007710,-0.012693,0.009803,1
38.025077820,0.999855,0.007441,-0.011835,0.009734,1
38.030101776,0.999858,0.007666,-0.011570,0.009595,1
38.035125732,0.999846,0.008218,-0.012494,0.009188,1
38.040145874,0.999852,0.007196,-0.012434,0.009493,1
38.045158386,0.999844,0.007534,-0.012764,0.009625,1
38.050167084,0.999835,0.007520,-0.013573,0.009491,1
38.055175781,0.999833,0.007684,-0.013579,0.009567,1
38.060176849,0.999847,0.007610,-0.012598,0.009462,1
38.065170288,0.999855,0.007739,-0.012058,0.009246,1
38.070159912,0.999848,0.008085,-0.012500,0.009060,1
38.075145721,0.999847,0.007933,-0.012700,0.009055,1
38.080127716,0.999844,0.007894,-0.012914,0.009053,1
38.085105896,0.999845,0.007781,-0.012915,0.009094,1
38.090080261,0.999844,0.007658,-0.013096,0.009067,1
38.095046997,0.999845,0.007649,-0.013026,0.009075,1
38.100009918,0.999850,0.007739,-0.012604,0.008989,1
38.104969025,0.999850,0.008005,-0.012487,0.008926,1
38.110012054,0.999842,0.008143,-0.013042,0.008902,1
38.115051270,0.999837,0.007983,-0.013484,0.008934,1
38.120079041,0.999847,0.007580,-0.012892,0.009121,1
38.125110626,0.999846,0.007922,-0.012840,0.008933,1
38.130130768,0.999839,0.008346,-0.013334,0.008602,1
38.135150909,0.999844,0.007810,-0.013247,0.008732,1
38.140167236,0.999847,0.007820,-0.012919,0.008878,1
38.145175934,0.999842,0.008103,-0.013210,0.008743,1
38.150180817,0.999838,0.007914,-0.013642,0.008667,1
38.155178070,0.999842,0.007473,-0.013425,0.008897,1
38.160175323,0.999841,0.007663,-0.013523,0.008757,1
38.165164948,0.999840,0.008408,-0.013286,0.008504,1
38.170150757,0.999844,0.008845,-0.012825,0.008327,1
38.175128937,0.999855,0.008168,-0.012504,0.008181,1
38.180107117,0.999852,0.008209,-0.012761,0.008104,1
38.185081482,0.999835,0.008601,-0.013829,0.008095,1
38.190052032,0.999842,0.008205,-0.013483,0.008178,1
38.195014954,0.999853,0.007968,-0.012763,0.008182,1
38.199974060,0.999850,0.008228,-0.012964,0.008015,1
38.205017090,0.999847,0.008361,-0.013081,0.008010,1
38.210052490,0.999847,0.008156,-0.013222,0.007977,1
38.215087891,0.999851,0.008364,-0.012882,0.007825,1
38.220115662,0.999855,0.008181,-0.012815,0.007667,1
38.225135803,0.999852,0.008217,-0.012974,0.007756,1
38.230159760,0.999857,0.007847,-0.012889,0.007608,1
38.235172272,0.999859,0.007898,-0.012763,0.007466,1
38.240180969,0.999871,0.007683,-0.011948,0.007537,1
38.245185852,0.999864,0.007926,-0.012487,0.007297,1
38.250186920,0.999862,0.007696,-0.012821,0.007246,1
38.255180359,0.999871,0.007154,-0.012351,0.007344,1
38.260173798,0.999879,0.007084,-0.011713,0.007408,1
38.265163422,0.999873,0.007336,-0.012379,0.006904,1
38.270145416,0.999875,0.007129,-0.012324,0.006920,1
38.275119781,0.999876,0.006946,-0.012280,0.006945,1
38.280094147,0.999886,0.006879,-0.011606,0.006829,1
38.285060883,0.999889,0.006998,-0.011438,0.006463,1
38.290027618,0.999884,0.007124,-0.011972,0.006212,1
38.294982910,0.999889,0.006575,-0.011872,0.006170,1
38.300025940,0.999892,0.006509,-0.011693,0.006155,1
38.305061340,0.999885,0.006924,-0.012187,0.005817,1
38.310096741,0.999894,0.006544,-0.011689,0.005704,1
38.315128326,0.999904,0.006447,-0.010869,0.005631,1
38.320148468,0.999901,0.006620,-0.011295,0.005177,1
38.325168610,0.999891,0.006737,-0.012207,0.004924,1
38.330184937,0.999894,0.006580,-0.012020,0.005011,1
38.335193634,0.999903,0.006389,-0.011349,0.004873,1
38.340198517,0.999903,0.006884,-0.011233,0.004424,1
38.345199585,0.999908,0.006891,-0.010930,0.004071,1
38.350196838,0.999904,0.007216,-0.011195,0.003935,1
38.355190277,0.999896,0.007350,-0.011856,0.003585,1
38.360179901,0.999902,0.007399,-0.011377,0.003532,1
38.365158081,0.999901,0.007677,-0.011326,0.003314,1
38.370140076,0.999894,0.007932,-0.011872,0.002819,1
38.375114441,0.999902,0.007798,-0.011346,0.002641,1
38.380081177,0.999902,0.008280,-0.011057,0.002330,1
38.385044098,0.999905,0.007542,-0.011398,0.001918,1
38.390007019,0.999902,0.007652,-0.011498,0.002081,1
38.395046234,0.999881,0.007953,-0.013100,0.001866,1
38.400085449,0.999879,0.007991,-0.013178,0.001947,1
38.405120850,0.999883,0.007963,-0.012908,0.001742,1
38.410148621,0.999898,0.008237,-0.011590,0.001362,1
38.415176392,0.999905,0.007932,-0.011269,0.000855,1
38.420192719,0.999890,0.008487,-0.012131,0.000792,1
38.425209045,0.999880,0.008327,-0.013012,0.000621,1
38.430221558,0.999882,0.008207,-0.012992,0.000666,1
38.435226440,0.999885,0.008047,-0.012840,0.000621,1
38.440227509,0.999892,0.007947,-0.012320,0.000578,1
38.445224762,0.999898,0.007856,-0.011946,0.000278,1
38.450218201,0.999891,0.008275,-0.012259,0.000065,1
38.455204010,0.999875,0.008463,-0.013349,-0.000024,1
38.460186005,0.999880,0.008201,-0.013170,0.000106,1
38.465167999,0.999895,0.007828,-0.012197,0.000171,1
38.470142365,0.999885,0.008431,-0.012578,-0.000152,1
38.475112915,0.999879,0.008388,-0.013115,-0.000352,1
38.480075836,0.999886,0.007877,-0.012878,-0.000369,1
38.485042572,0.999885,0.008039,-0.012877,-0.000547,1
38.490081787,0.999872,0.008370,-0.013610,-0.000688,1
38.495121002,0.999875,0.008153,-0.013563,-0.000493,1
38.500156403,0.999883,0.008115,-0.012947,-0.000585,1
38.505184174,0.999884,0.008126,-0.012822,-0.000810,1
38.510208130,0.999875,0.008268,-0.013410,-0.001181,1
38.515228271,0.999877,0.008132,-0.013326,-0.001202,1
38.520240784,0.999880,0.007868,-0.013305,-0.001225,1
38.525253296,0.999874,0.008252,-0.013530,-0.001340,1
38.530258179,0.999885,0.007581,-0.013024,-0.001499,1
38.535259247,0.999893,0.007507,-0.012494,-0.001560,1
38.540256500,0.999874,0.007901,-0.013603,-0.001996,1
38.545249939,0.999870,0.007727,-0.014008,-0.001922,1
38.550235748,0.999879,0.007393,-0.013603,-0.001766,1
38.555217743,0.999881,0.007652,-0.013207,-0.002144,1
38.560199738,0.999885,0.007625,-0.012917,-0.002346,1
38.565170288,0.999877,0.007718,-0.013458,-0.002487,1
38.570144653,0.999870,0.007527,-0.014013,-0.002644,1
38.575107574,0.999883,0.006743,-0.013498,-0.002611,1
38.580066681,0.999891,0.007048,-0.012739,-0.002596,1
38.585109711,0.999868,0.007597,-0.014028,-0.003102,1
38.590148926,0.999871,0.006899,-0.014145,-0.003146,1
38.595184326,0.999896,0.006118,-0.012756,-0.002910,1
38.600212097,0.999882,0.006836,-0.013385,-0.003312,1
38.605239868,0.999866,0.007037,-0.014360,-0.003477,1
38.610256195,0.999874,0.006767,-0.013997,-0.003262,1
38.615272522,0.999895,0.006272,-0.012625,-0.003361,1
38.620281219,0.999893,0.006395,-0.012593,-0.003776,1
38.625293732,0.999874,0.006979,-0.013722,-0.003958,1
38.630294800,0.999868,0.006504,-0.014367,-0.003977,1
38.635292053,0.999882,0.006081,-0.013593,-0.003840,1
38.640285492,0.999878,0.006346,-0.013679,-0.003985,1
38.645271301,0.999881,0.006358,-0.013426,-0.004109,1
38.650257111,0.999886,0.006242,-0.013089,-0.004241,1
38.655239105,0.999875,0.006629,-0.013656,-0.004463,1
38.660213470,0.999865,0.006381,-0.014480,-0.004475,1
38.665184021,0.999872,0.006449,-0.013979,-0.004253,1
38.670146942,0.999877,0.006554,-0.013506,-0.004552,1
38.675113678,0.999882,0.006500,-0.013029,-0.004933,1
38.680152893,0.999878,0.006762,-0.013089,-0.005116,1
38.685192108,0.999856,0.007425,-0.014327,-0.005204,1
38.690231323,0.999850,0.007402,-0.014750,-0.005337,1
38.695259094,0.999863,0.007238,-0.013959,-0.005194,1
38.700283051,0.999854,0.007850,-0.014137,-0.005466,1
38.705303192,0.999860,0.007726,-0.013720,-0.005694,1
38.710319519,0.999867,0.007704,-0.013038,-0.005975,1
38.715332031,0.999865,0.007325,-0.013402,-0.006022,1
38.720336914,0.999842,0.007791,-0.014839,-0.005903,1
38.725337982,0.999830,0.007720,-0.015657,-0.005903,1
38.730335236,0.999841,0.007576,-0.015134,-0.005655,1
38.735324860,0.999837,0.008008,-0.015089,-0.005775,1
38.740310669,0.999850,0.008390,-0.013887,-0.006054,1
38.745296478,0.999857,0.007773,-0.013529,-0.006448,1
38.750274658,0.999845,0.008327,-0.014093,-0.006491,1
38.755249023,0.999836,0.008082,-0.014890,-0.006453,1
38.760219574,0.999828,0.008243,-0.015422,-0.006248,1
38.765182495,0.999835,0.007838,-0.015231,-0.006059,1
38.770141602,0.999846,0.007920,-0.014513,-0.005924,1
38.775096893,0.999855,0.007756,-0.013838,-0.006138,1
38.780132294,0.999841,0.008455,-0.014332,-0.006424,1
38.785171509,0.999851,0.007073,-0.014483,-0.006111,1
38.790203094,0.999863,0.007272,-0.013783,-0.005497,1
38.795223236,0.999836,0.008784,-0.014866,-0.005496,1
38.800243378,0.999825,0.008928,-0.015581,-0.005317,1
38.805263519,0.999833,0.007804,-0.015755,-0.004957,1
38.810272217,0.999875,0.007994,-0.012743,-0.004775,1
38.815277100,0.999880,0.007567,-0.012515,-0.005186,1
38.820278168,0.999838,0.008498,-0.015062,-0.004918,1
38.825275421,0.999840,0.008388,-0.015005,-0.004933,1
38.830268860,0.999849,0.007725,-0.014769,-0.004878,1
38.835258484,0.999852,0.008083,-0.014513,-0.004564,1
38.840236664,0.999863,0.008257,-0.013623,-0.004471,1
38.845218658,0.999868,0.007579,-0.013609,-0.004704,1
38.850193024,0.999869,0.007582,-0.013507,-0.004641,1
38.855163574,0.999870,0.007569,-0.013550,-0.004410,1
38.860126495,0.999855,0.007865,-0.014513,-0.004232,1
38.865089417,0.999862,0.007520,-0.014299,-0.003959,1
38.870040894,0.999875,0.007451,-0.013468,-0.003716,1
38.875083923,0.999870,0.007806,-0.013554,-0.003840,1
38.880115509,0.999876,0.007608,-0.013211,-0.003916,1
38.885147095,0.999876,0.007587,-0.013278,-0.003866,1
38.890171051,0.999864,0.007563,-0.014168,-0.003803,1
38.895191193,0.999865,0.007392,-0.014277,-0.003537,1
38.900207520,0.999888,0.007012,-0.012836,-0.003160,1
38.905216217,0.999881,0.007291,-0.013158,-0.003296,1
38.910221100,0.999873,0.007286,-0.013794,-0.003390,1
38.915222168,0.999892,0.006573,-0.012817,-0.002981,1
38.920219421,0.999891,0.006824,-0.012763,-0.002915,1
38.925212860,0.999880,0.006914,-0.013526,-0.003030,1
38.930198669,0.999883,0.006907,-0.013353,-0.002647,1
38.935180664,0.999894,0.006677,-0.012670,-0.002476,1
38.940155029,0.999905,0.006541,-0.011834,-0.002662,1
38.945129395,0.999900,0.006680,-0.012123,-0.002775,1
38.950096130,0.999888,0.006709,-0.013111,-0.002688,1
38.955062866,0.999892,0.006509,-0.012987,-0.002305,1
38.960018158,0.999895,0.006422,-0.012819,-0.002302,1
38.964969635,0.999899,0.006542,-0.012399,-0.002236,1
38.970012665,0.999904,0.006601,-0.011946,-0.002226,1
38.975044250,0.999901,0.006834,-0.012057,-0.002315,1
38.980075836,0.999897,0.006753,-0.012443,-0.002318,1
38.985099792,0.999899,0.006681,-0.012358,-0.002036,1
38.990123749,0.999901,0.007085,-0.011970,-0.002027,1
38.995140076,0.999906,0.007073,-0.011486,-0.002269,1
39.000148773,0.999904,0.007256,-0.011547,-0.002308,1
39.005153656,0.999890,0.007636,-0.012473,-0.002442,1
39.010154724,0.999884,0.007690,-0.012925,-0.002371,1
39.015151978,0.999886,0.007825,-0.012760,-0.002181,1
39.020145416,0.999884,0.008021,-0.012756,-0.002360,1
39.025131226,0.999899,0.008161,-0.011371,-0.002405,1
39.030113220,0.999901,0.008121,-0.011103,-0.002792,1
39.035091400,0.999896,0.007778,-0.011833,-0.002745,1
39.040065765,0.999882,0.007914,-0.012917,-0.002569,1
39.045032501,0.999872,0.007727,-0.013748,-0.002541,1
39.049999237,0.999879,0.007678,-0.013380,-0.002193,1
39.054958344,0.999880,0.007982,-0.013122,-0.002233,1
39.059909821,0.999880,0.008488,-0.012735,-0.002515,1
39.064952850,0.999899,0.008207,-0.011302,-0.002719,1
39.069988251,0.999889,0.008077,-0.012204,-0.002737,1
39.075019836,0.999879,0.008365,-0.012862,-0.002398,1
39.080043793,0.999868,0.008234,-0.013838,-0.002300,1
39.085063934,0.999879,0.007920,-0.013259,-0.001979,1
39.090080261,0.999894,0.007943,-0.012080,-0.001857,1
39.095092773,0.999894,0.008154,-0.011861,-0.002026,1
39.100101471,0.999879,0.008502,-0.012871,-0.002127,1
39.105102539,0.999881,0.008189,-0.012901,-0.001885,1
39.110099792,0.999884,0.008113,-0.012803,-0.001560,1
39.115097046,0.999877,0.008328,-0.013179,-0.001443,1
39.120086670,0.999879,0.008486,-0.013002,-0.001223,1
39.125068665,0.999881,0.008461,-0.012814,-0.001172,1
39.130050659,0.999883,0.008329,-0.012801,-0.001272,1
39.135021210,0.999885,0.007972,-0.012801,-0.001270,1
39.139995575,0.999879,0.008469,-0.013021,-0.001126,1
39.144958496,0.999879,0.008268,-0.013175,-0.000983,1
39.149925232,0.999878,0.008492,-0.013077,-0.000840,1
39.154880524,0.999888,0.008012,-0.012583,-0.000829,1
39.159923553,0.999881,0.008368,-0.012949,-0.000854,1
39.164955139,0.999872,0.008404,-0.013593,-0.000992,1
39.169990540,0.999886,0.007783,-0.012944,-0.000774,1
39.175018311,0.999892,0.007853,-0.012405,-0.000686,1
39.180038452,0.999882,0.008054,-0.013022,-0.000872,1
39.185054779,0.999873,0.008244,-0.013595,-0.000608,1
39.190063477,0.999878,0.008145,-0.013293,-0.000564,1
39.195075989,0.999889,0.007869,-0.012648,-0.000659,1
39.200077057,0.999886,0.007967,-0.012838,-0.000713,1
39.205078125,0.999880,0.007875,-0.013345,-0.000739,1
39.210071564,0.999886,0.007651,-0.012978,-0.000600,1
39.215057373,0.999884,0.007711,-0.013130,-0.000518,1
39.220043182,0.999885,0.007633,-0.013111,-0.000508,1
39.225021362,0.999889,0.007424,-0.012933,-0.000514,1
39.229995728,0.999890,0.007132,-0.012968,-0.000317,1
39.234966278,0.999889,0.007250,-0.013030,-0.000327,1
39.239929199,0.999889,0.007278,-0.013020,-0.000355,1
39.244888306,0.999883,0.007469,-0.013333,-0.000274,1
39.249847412,0.999893,0.007230,-0.012728,-0.000005,1
39.254886627,0.999902,0.006908,-0.012185,-0.000108,1
39.259922028,0.999893,0.007196,-0.012721,-0.000200,1
39.264957428,0.999887,0.007096,-0.013228,-0.000072,1
39.269981384,0.999889,0.007112,-0.013054,0.000095,1
39.275005341,0.999900,0.006801,-0.012426,0.000151,1
39.280021667,0.999900,0.007004,-0.012309,0.000088,1
39.285034180,0.999891,0.007086,-0.012921,0.000083,1
39.290042877,0.999889,0.006658,-0.013298,0.000201,1
39.295043945,0.999887,0.007027,-0.013272,0.000426,1
39.300045013,0.999891,0.007269,-0.012851,0.000334,1
39.305038452,0.999891,0.007697,-0.012595,0.000313,1
39.310028076,0.999892,0.007532,-0.012608,0.000141,1
39.315013885,0.999888,0.007696,-0.012831,0.000112,1
39.319992065,0.999880,0.007854,-0.013349,0.000097,1
39.324966431,0.999878,0.007905,-0.013484,0.000123,1
39.329936981,0.999887,0.008245,-0.012600,0.000126,1
39.334899902,0.999886,0.008699,-0.012304,-0.000121,1
39.339859009,0.999889,0.007782,-0.012677,-0.000394,1
39.344814301,0.999893,0.007894,-0.012337,0.000082,1
39.349857330,0.999863,0.008396,-0.014276,-0.000168,1
39.354896545,0.999862,0.008027,-0.014554,-0.000017,1
39.359928131,0.999874,0.007896,-0.013806,0.000147,1
39.364955902,0.999886,0.008052,-0.012740,-0.000196,1
39.369976044,0.999885,0.008261,-0.012660,-0.000651,1
39.374996185,0.999899,0.006864,-0.012444,-0.000270,1
39.380008698,0.999885,0.007774,-0.013040,-0.000163,1
39.385017395,0.999868,0.008030,-0.014085,-0.000449,1
39.390022278,0.999861,0.008013,-0.014623,-0.000027,1
39.395019531,0.999878,0.007711,-0.013579,-0.000078,1
39.400016785,0.999895,0.008250,-0.011905,-0.000517,1
39.405006409,0.999886,0.008406,-0.012503,-0.001016,1
39.409992218,0.999889,0.008207,-0.012384,-0.000813,1
39.414974213,0.999890,0.007793,-0.012620,-0.000920,1
39.419948578,0.999874,0.008599,-0.013338,-0.000965,1
39.424919128,0.999869,0.008392,-0.013781,-0.001059,1
39.429885864,0.999888,0.007812,-0.012715,-0.000941,1
39.434844971,0.999899,0.007839,-0.011794,-0.000988,1
39.439804077,0.999890,0.008397,-0.012124,-0.001445,1
39.444843292,0.999886,0.008282,-0.012551,-0.001628,1
39.449882507,0.999889,0.007978,-0.012460,-0.001454,1
39.454917908,0.999888,0.008033,-0.012583,-0.001416,1
39.459945679,0.999881,0.007964,-0.013106,-0.001500,1
39.464973450,0.999888,0.007930,-0.012619,-0.001461,1
39.469989777,0.999904,0.007549,-0.011525,-0.001467,1
39.475002289,0.999897,0.007810,-0.011855,-0.001942,1
39.480018616,0.999887,0.008097,-0.012478,-0.001974,1
39.485023499,0.999883,0.008156,-0.012826,-0.001883,1
39.490020752,0.999890,0.007921,-0.012425,-0.001792,1
39.495018005,0.999898,0.007567,-0.011961,-0.001722,1
39.500007629,0.999903,0.007600,-0.011483,-0.001916,1
39.504993439,0.999905,0.007800,-0.011126,-0.002140,1
39.509979248,0.999901,0.007567,-0.011603,-0.002323,1
39.514957428,0.999902,0.007268,-0.011710,-0.002272,1
39.519927979,0.999908,0.007177,-0.011318,-0.002136,1
39.524898529,0.999907,0.007058,-0.011431,-0.002192,1
39.529861450,0.999906,0.007189,-0.011488,-0.002204,1
39.534824371,0.999908,0.007105,-0.011328,-0.002317,1
39.539867401,0.999905,0.007320,-0.011384,-0.002414,1
39.544906616,0.999910,0.007145,-0.011066,-0.002477,1
39.549934387,0.999915,0.006866,-0.010773,-0.002609,1
39.554965973,0.999903,0.007109,-0.011636,-0.002766,1
39.559989929,0.999893,0.007246,-0.012440,-0.002720,1
39.565010071,0.999904,0.006998,-0.011687,-0.002652,1
39.570026398,0.999914,0.006772,-0.010816,-0.002858,1
39.575035095,0.999908,0.007062,-0.011122,-0.003216,1
39.580039978,0.999899,0.007286,-0.011736,-0.003292,1
39.585041046,0.999900,0.007133,-0.011763,-0.003276,1
39.590038300,0.999905,0.007146,-0.011353,-0.003306,1
39.595031738,0.999904,0.007739,-0.010930,-0.003507,1
39.600017548,0.999898,0.007661,-0.011408,-0.003965,1
39.604999542,0.999895,0.007723,-0.011592,-0.003994,1
39.609977722,0.999889,0.007825,-0.012002,-0.004092,1
39.614955902,0.999883,0.008194,-0.012224,-0.004184,1
39.619926453,0.999890,0.008294,-0.011502,-0.004358,1
39.624893188,0.999894,0.008563,-0.010777,-0.004768,1
39.629856110,0.999902,0.007446,-0.010706,-0.005052,1
39.634899139,0.999888,0.007968,-0.011743,-0.004810,1
39.639938354,0.999861,0.008191,-0.013586,-0.005084,1
39.644969940,0.999875,0.007648,-0.012949,-0.004929,1
39.650001526,0.999876,0.007857,-0.012673,-0.005030,1
39.655021667,0.999869,0.008508,-0.012615,-0.005429,1
39.660045624,0.999889,0.008501,-0.010823,-0.005749,1
39.665058136,0.999883,0.007935,-0.011539,-0.006075,1
39.670070648,0.999869,0.008231,-0.012578,-0.006019,1
39.675075531,0.999858,0.008280,-0.013349,-0.006108,1
39.680076599,0.999864,0.008399,-0.012864,-0.006076,1
39.685073853,0.999872,0.008259,-0.012239,-0.006227,1
39.690067291,0.999881,0.008299,-0.011277,-0.006537,1
39.695056915,0.999876,0.008178,-0.011565,-0.006882,1
39.700042725,0.999858,0.008587,-0.012707,-0.006975,1
39.705020905,0.999856,0.008385,-0.012960,-0.006992,1
39.709999084,0.999865,0.008169,-0.012528,-0.006867,1
39.714965820,0.999857,0.008447,-0.012906,-0.006969,1
39.719936371,0.999863,0.008318,-0.012432,-0.007067,1
39.724895477,0.999866,0.008373,-0.012027,-0.007238,1
39.729938507,0.999855,0.008590,-0.012571,-0.007609,1
39.734981537,0.999854,0.008409,-0.012779,-0.007657,1
39.740013123,0.999858,0.008348,-0.012627,-0.007442,1
39.745044708,0.999854,0.008472,-0.012838,-0.007480,1
39.750064850,0.999852,0.008521,-0.012808,-0.007723,1
39.755088806,0.999862,0.008026,-0.012336,-0.007728,1
39.760105133,0.999862,0.008007,-0.012220,-0.007950,1
39.765113831,0.999855,0.008222,-0.012543,-0.008089,1
39.770118713,0.999847,0.008513,-0.012936,-0.008112,1
39.775127411,0.999852,0.008363,-0.012652,-0.008161,1
39.780120850,0.999861,0.007844,-0.012226,-0.008142,1
39.785118103,0.999857,0.007927,-0.012434,-0.008242,1
39.790107727,0.999859,0.007826,-0.012247,-0.008364,1
39.795093536,0.999859,0.007855,-0.012226,-0.008468,1
39.800075531,0.999856,0.007593,-0.012569,-0.008513,1
39.805049896,0.999860,0.007533,-0.012321,-0.008436,1
39.810020447,0.999859,0.007390,-0.012520,-0.008435,1
39.814987183,0.999855,0.007602,-0.012643,-0.008494,1
39.819946289,0.999855,0.007363,-0.012667,-0.008727,1
39.824993134,0.999857,0.007475,-0.012396,-0.008708,1
39.830032349,0.999864,0.007179,-0.011970,-0.008742,1
39.835067749,0.999864,0.006974,-0.011875,-0.009042,1
39.840095520,0.999857,0.007196,-0.012259,-0.009180,1
39.845119476,0.999849,0.007138,-0.012908,-0.009194,1
39.850139618,0.999862,0.007002,-0.012003,-0.009102,1
39.855152130,0.999868,0.006768,-0.011424,-0.009376,1
39.860168457,0.999856,0.007128,-0.011993,-0.009707,1
39.865173340,0.999852,0.006997,-0.012421,-0.009650,1
39.870174408,0.999855,0.007130,-0.012142,-0.009572,1
39.875175476,0.999855,0.007180,-0.011949,-0.009801,1
39.880168915,0.999857,0.007477,-0.011503,-0.009916,1
39.885154724,0.999848,0.007559,-0.011960,-0.010173,1
39.890140533,0.999839,0.007820,-0.012501,-0.010253,1
39.895118713,0.999836,0.007835,-0.012674,-0.010278,1
39.900093079,0.999835,0.008147,-0.012424,-0.010407,1
39.905063629,0.999852,0.007392,-0.010822,-0.011134,1
39.910030365,0.999894,0.002481,-0.010218,-0.010023,1
39.914993286,0.999893,0.005769,-0.010223,-0.008717,1
39.920032501,0.999878,0.007948,-0.009815,-0.009226,1
39.925071716,0.999855,0.008699,-0.011095,-0.009533,1
39.930110931,0.999835,0.009660,-0.012164,-0.009363,1
39.935138702,0.999848,0.009684,-0.010995,-0.009481,1
39.940166473,0.999863,0.008930,-0.009959,-0.009721,1
39.945182800,0.999900,0.006595,-0.007446,-0.010089,1
39.950199127,0.999909,0.007446,-0.003624,-0.010609,1
39.955215454,0.999881,0.007938,-0.006851,-0.011338,1
39.960220337,0.999865,0.009134,-0.008493,-0.010657,1
39.965221405,0.999869,0.009398,-0.007808,-0.010587,1
39.970222473,0.999895,0.007838,-0.005163,-0.011017,1
39.975215912,0.999894,0.008614,-0.003202,-0.011333,1
39.980205536,0.999896,0.008764,-0.002132,-0.011213,1
39.985191345,0.999879,0.009895,-0.003989,-0.011296,1
39.990173340,0.999894,0.008436,-0.002459,-0.011588,1
39.995147705,0.999904,0.007806,-0.000003,-0.011432,1
40.000118256,0.999891,0.009596,-0.000197,-0.011245,1
40.005088806,0.999896,0.008583,-0.001804,-0.011448,1
40.010047913,0.999904,0.008387,-0.000763,-0.011012,1
40.015003204,0.999907,0.008190,0.000402,-0.010918,1
40.020046234,0.999899,0.008786,0.000098,-0.011189,1
40.025081635,0.999890,0.009500,0.000963,-0.011343,1
40.030109406,0.999887,0.009376,0.001871,-0.011599,1
40.035137177,0.999899,0.007913,0.002982,-0.011437,1
40.040153503,0.999898,0.008494,0.003582,-0.010949,1
40.045169830,0.999888,0.009566,0.002377,-0.011232,1
40.050178528,0.999889,0.009401,0.001930,-0.011374,1
40.055187225,0.999898,0.008633,0.003012,-0.010989,1
40.060188293,0.999893,0.008467,0.004816,-0.010932,1
40.065185547,0.999879,0.008162,0.006468,-0.011529,1
40.070171356,0.999887,0.007192,0.006928,-0.011239,1
40.075160980,0.999886,0.008265,0.006810,-0.010599,1
40.080142975,0.999893,0.007103,0.006217,-0.011163,1
40.085117340,0.999887,0.007710,0.006406,-0.011178,1
40.090091705,0.999883,0.007862,0.006871,-0.011144,1
40.095058441,0.999889,0.007608,0.006407,-0.011117,1
40.100021362,0.999889,0.007609,0.006806,-0.010886,1
40.104976654,0.999868,0.007459,0.009581,-0.010836,1
40.109931946,0.999867,0.007030,0.009332,-0.011408,1
40.114971161,0.999867,0.007688,0.008872,-0.011336,1
40.120002747,0.999879,0.007287,0.007747,-0.011329,1
40.125034332,0.999876,0.007247,0.008581,-0.011004,1
40.130065918,0.999866,0.007065,0.009586,-0.011235,1
40.135082245,0.999844,0.007373,0.011341,-0.011371,1
40.140098572,0.999841,0.006902,0.011694,-0.011561,1
40.145114899,0.999845,0.007562,0.010909,-0.011572,1
40.150119781,0.999852,0.007392,0.010315,-0.011608,1
40.155120850,0.999851,0.007322,0.010572,-0.011522,1
40.160118103,0.999844,0.006752,0.011657,-0.011450,1
40.165111542,0.999802,0.007149,0.014594,-0.011479,1
40.170097351,0.999795,0.007718,0.014461,-0.011866,1
40.175079346,0.999814,0.008230,0.012589,-0.012055,1
40.180061340,0.999822,0.007430,0.012762,-0.011780,1
40.185031891,0.999793,0.007531,0.014733,-0.011851,1
40.190002441,0.999771,0.007118,0.016163,-0.012048,1
40.194965363,0.999772,0.008360,0.015601,-0.011933,1
40.199920654,0.999788,0.008432,0.014244,-0.012267,1
40.204875946,0.999769,0.005960,0.016873,-0.011899,1
40.209915161,0.999756,0.006749,0.017681,-0.011413,1
40.214954376,0.999766,0.007579,0.016395,-0.011914,1
40.219982147,0.999762,0.008061,0.016501,-0.011739,1
40.225009918,0.999763,0.008074,0.016579,-0.011588,1
40.230030060,0.999748,0.007073,0.017830,-0.011698,1
40.235050201,0.999711,0.007540,0.019622,-0.011625,1
40.240062714,0.999731,0.007407,0.018446,-0.011962,1
40.245067596,0.999736,0.007804,0.018005,-0.011949,1
40.250072479,0.999718,0.006847,0.019257,-0.012079,1
40.255069733,0.999709,0.006639,0.020028,-0.011719,1
40.260066986,0.999714,0.007735,0.019130,-0.012100,1
40.265056610,0.999704,0.006914,0.019772,-0.012346,1
40.270038605,0.999691,0.007915,0.020188,-0.012138,1
40.275016785,0.999681,0.007384,0.020567,-0.012672,1
40.279991150,0.999638,0.006788,0.022750,-0.012674,1
40.284961700,0.999621,0.007292,0.023235,-0.012830,1
40.289928436,0.999635,0.007582,0.022424,-0.013043,1
40.294887543,0.999654,0.007138,0.021767,-0.012951,1
40.299842834,0.999658,0.007175,0.021652,-0.012785,1
40.304882050,0.999644,0.008049,0.021958,-0.012817,1
40.309921265,0.999638,0.007734,0.022166,-0.013166,1
40.314949036,0.999587,0.007267,0.024470,-0.013224,1
40.319976807,0.999571,0.005958,0.025447,-0.013192,1
40.325000763,0.999585,0.008142,0.024370,-0.013031,1
40.330017090,0.999609,0.007844,0.023348,-0.013252,1
40.335029602,0.999594,0.007084,0.024255,-0.013171,1
40.340038300,0.999531,0.007671,0.026543,-0.013184,1
40.345039368,0.999537,0.007157,0.026370,-0.013373,1
40.350040436,0.999558,0.008294,0.025221,-0.013392,1
40.355033875,0.999528,0.007514,0.026540,-0.013490,1
40.360027313,0.999500,0.006173,0.028153,-0.012994,1
40.365009308,0.999501,0.006622,0.028056,-0.012945,1
40.369991302,0.999511,0.008007,0.027200,-0.013219,1
40.374965668,0.999484,0.008026,0.028201,-0.013085,1
40.379936218,0.999489,0.006080,0.028573,-0.012943,1
40.384902954,0.999453,0.006612,0.029720,-0.012886,1
40.389865875,0.999463,0.007167,0.029172,-0.013122,1
40.394821167,0.999444,0.006951,0.029897,-0.013032,1
40.399864197,0.999418,0.006001,0.031011,-0.012857,1
40.404899597,0.999420,0.005872,0.031038,-0.012739,1
40.409931183,0.999413,0.005588,0.031464,-0.012379,1
40.414958954,0.999445,0.005531,0.030426,-0.012417,1
40.419982910,0.999433,0.006157,0.030685,-0.012427,1
40.424999237,0.999388,0.006517,0.032083,-0.012340,1
40.430015564,0.999380,0.007514,0.032011,-0.012602,1
40.435024261,0.999375,0.006401,0.032217,-0.013030,1
40.440029144,0.999302,0.005940,0.034622,-0.012688,1
40.445030212,0.999289,0.005907,0.035082,-0.012522,1
40.450023651,0.999352,0.007207,0.032954,-0.012565,1
40.455017090,0.999354,0.006365,0.033151,-0.012344,1
40.460006714,0.999336,0.006340,0.033747,-0.012154,1
40.464984894,0.999273,0.006246,0.035557,-0.012235,1
40.469963074,0.999226,0.005477,0.036883,-0.012553,1
40.474941254,0.999269,0.005628,0.035705,-0.012429,1
40.479907990,0.999267,0.005082,0.035940,-0.012140,1
40.484870911,0.999254,0.005609,0.036316,-0.011907,1
40.489833832,0.999233,0.006110,0.036772,-0.011969,1
40.494869232,0.999211,0.006562,0.037305,-0.011929,1
40.499908447,0.999171,0.005921,0.038528,-0.011746,1
40.504943848,0.999140,0.005000,0.039487,-0.011659,1
40.509967804,0.999155,0.006052,0.038891,-0.011798,1
40.514995575,0.999194,0.006070,0.037896,-0.011778,1
40.520011902,0.999188,0.005740,0.038219,-0.011415,1
40.525024414,0.999138,0.006742,0.039372,-0.011317,1
40.530033112,0.999089,0.005653,0.040729,-0.011425,1
40.535041809,0.998998,0.007331,0.042571,-0.011662,1
40.540042877,0.999068,0.008431,0.040511,-0.012275,1
40.545040131,0.999119,0.008371,0.039216,-0.012417,1
40.550025940,0.998976,0.006197,0.043186,-0.011985,1
40.555011749,0.998903,0.006853,0.044853,-0.011611,1
40.559997559,0.999019,0.008739,0.041814,-0.011710,1
40.564971924,0.999048,0.007608,0.041355,-0.011619,1
40.569946289,0.998979,0.006913,0.043153,-0.011411,1
40.574913025,0.998888,0.005815,0.045359,-0.011423,1
40.579879761,0.998932,0.007023,0.044213,-0.011395,1
40.584838867,0.999011,0.008332,0.042190,-0.011340,1
40.589881897,0.998984,0.006519,0.043169,-0.011147,1
40.594921112,0.998890,0.006217,0.045454,-0.010676,1
40.599948883,0.998832,0.007511,0.046417,-0.011094,1
40.604980469,0.998887,0.007478,0.045129,-0.011517,1
40.610004425,0.998894,0.006943,0.045183,-0.011045,1
40.615020752,0.998853,0.007091,0.046088,-0.010855,1
40.620037079,0.998849,0.006915,0.046144,-0.011093,1
40.625045776,0.998832,0.007089,0.046513,-0.010988,1
40.630050659,0.998815,0.007160,0.046897,-0.010882,1
40.635051727,0.998818,0.007792,0.046700,-0.011026,1
40.640048981,0.998781,0.007801,0.047447,-0.011160,1
40.645042419,0.998688,0.006974,0.049523,-0.011013,1
40.650028229,0.998692,0.007105,0.049423,-0.010981,1
40.655006409,0.998751,0.007924,0.048043,-0.011174,1
40.659988403,0.998759,0.007038,0.048060,-0.010969,1
40.664962769,0.998674,0.006962,0.049854,-0.010752,1
40.669929504,0.998632,0.007816,0.050535,-0.010959,1
40.674888611,0.998678,0.008448,0.049447,-0.011195,1
40.679851532,0.998659,0.007818,0.049969,-0.011043,1
40.684890747,0.998558,0.007875,0.051997,-0.010822,1
40.689929962,0.998569,0.008564,0.051581,-0.011212,1
40.694965363,0.998589,0.009062,0.051128,-0.011145,1
40.699993134,0.998599,0.008907,0.051018,-0.010890,1
40.705017090,0.998542,0.008833,0.052148,-0.010791,1
40.710033417,0.998449,0.007304,0.054176,-0.010561,1
40.715049744,0.998464,0.008645,0.053689,-0.010608,1
40.720062256,0.998512,0.010146,0.052477,-0.010803,1
40.725067139,0.998527,0.009494,0.052300,-0.010852,1
40.730068207,0.998450,0.008211,0.054015,-0.010568,1
40.735065460,0.998305,0.007718,0.056764,-0.010226,1
40.740058899,0.998430,0.008133,0.054457,-0.010270,1
40.745040894,0.998588,0.009414,0.051226,-0.010479,1
40.750026703,0.998556,0.007814,0.052035,-0.010863,1
40.755004883,0.998491,0.007388,0.053368,-0.010668,1
40.759975433,0.998458,0.008978,0.053686,-0.010884,1
40.764945984,0.998491,0.008383,0.053072,-0.011371,1
40.769908905,0.998492,0.007432,0.053337,-0.010640,1
40.774868011,0.998479,0.008138,0.053577,-0.010180,1
40.779911041,0.998551,0.008320,0.052095,-0.010592,1
40.784950256,0.998548,0.008743,0.052093,-0.010571,1
40.789981842,0.998518,0.008161,0.052769,-0.010526,1
40.795013428,0.998506,0.007828,0.053019,-0.010644,1
40.800033569,0.998450,0.008491,0.053964,-0.010614,1
40.805057526,0.998462,0.007644,0.053848,-0.010751,1
40.810070038,0.998499,0.008073,0.053116,-0.010625,1
40.815082550,0.998548,0.008225,0.052180,-0.010592,1
40.820087433,0.998557,0.008133,0.052071,-0.010304,1
40.825088501,0.998532,0.007701,0.052637,-0.010240,1
40.830085754,0.998491,0.007989,0.053330,-0.010418,1
40.835075378,0.998498,0.008068,0.053121,-0.010684,1
40.840065002,0.998497,0.007935,0.053169,-0.010649,1
40.845046997,0.998533,0.008523,0.052407,-0.010650,1
40.850021362,0.998572,0.008118,0.051758,-0.010443,1
40.854995728,0.998536,0.007114,0.052680,-0.009987,1
40.859962463,0.998498,0.007166,0.053383,-0.010033,1
40.864929199,0.998505,0.007214,0.053185,-0.010348,1
40.869888306,0.998526,0.007384,0.052767,-0.010388,1
40.874931335,0.998548,0.007523,0.052327,-0.010391,1
40.879966736,0.998548,0.006957,0.052462,-0.010069,1
40.885002136,0.998529,0.006796,0.052894,-0.009751,1
40.890029907,0.998501,0.006846,0.053418,-0.009819,1
40.895053864,0.998522,0.006947,0.052954,-0.010062,1
40.900074005,0.998545,0.006514,0.052611,-0.009920,1
40.905090332,0.998550,0.006665,0.052541,-0.009614,1
40.910099030,0.998561,0.006952,0.052299,-0.009650,1
40.915103912,0.998563,0.007140,0.052224,-0.009644,1
40.920104980,0.998567,0.007406,0.052143,-0.009513,1
40.925102234,0.998587,0.007394,0.051717,-0.009728,1
40.930091858,0.998546,0.006188,0.052712,-0.009468,1
40.935081482,0.998503,0.005869,0.053633,-0.008951,1
40.940059662,0.998559,0.007771,0.052283,-0.009226,1
40.945037842,0.998665,0.008664,0.050060,-0.009381,1
40.950008392,0.998695,0.008002,0.049616,-0.009041,1
40.954978943,0.998672,0.007621,0.050240,-0.008526,1
40.959941864,0.998620,0.007364,0.051251,-0.008766,1
40.964897156,0.998600,0.006541,0.051701,-0.009021,1
40.969940186,0.998626,0.008051,0.051058,-0.008639,1
40.974983215,0.998655,0.008556,0.050379,-0.008778,1
40.980014801,0.998712,0.007546,0.049367,-0.008935,1
40.985042572,0.998726,0.007920,0.049132,-0.008305,1
40.990070343,0.998704,0.008550,0.049491,-0.008239,1
40.995090485,0.998731,0.008021,0.048951,-0.008657,1
41.000102997,0.998724,0.007956,0.049160,-0.008425,1
41.005119324,0.998668,0.008338,0.050224,-0.008411,1
41.010124207,0.998759,0.008742,0.048243,-0.008748,1
41.015125275,0.998784,0.008750,0.047764,-0.008491,1
41.020122528,0.998763,0.008366,0.048310,-0.008237,1
41.025115967,0.998762,0.008117,0.048379,-0.008193,1
41.030101776,0.998748,0.008119,0.048662,-0.008325,1
41.035083771,0.998785,0.008600,0.047774,-0.008477,1
41.040065765,0.998853,0.008194,0.046438,-0.008281,1
41.045036316,0.998825,0.007926,0.047169,-0.007797,1
41.050006866,0.998789,0.008037,0.047908,-0.007852,1
41.054973602,0.998807,0.008668,0.047348,-0.008183,1
41.059932709,0.998834,0.008339,0.046828,-0.008200,1
41.064975739,0.998816,0.008269,0.047267,-0.007945,1
41.070014954,0.998848,0.008370,0.046551,-0.008115,1
41.075050354,0.998874,0.008519,0.045949,-0.008157,1
41.080081940,0.998865,0.008329,0.046215,-0.007919,1
41.085109711,0.998847,0.008064,0.046653,-0.007929,1
41.090126038,0.998870,0.008368,0.046085,-0.008071,1
41.095142365,0.998904,0.008485,0.045332,-0.007979,1
41.100151062,0.998917,0.008272,0.045103,-0.007861,1
41.105163574,0.998920,0.008393,0.045027,-0.007802,1
41.110164642,0.998947,0.008726,0.044340,-0.007871,1
41.115165710,0.998966,0.008390,0.044003,-0.007806,1
41.120159149,0.998947,0.008209,0.044482,-0.007669,1
41.125144958,0.998955,0.008649,0.044197,-0.007849,1
41.130134583,0.999002,0.008649,0.043106,-0.007930,1
41.135116577,0.998989,0.008258,0.043540,-0.007598,1
41.140094757,0.998991,0.008238,0.043488,-0.007544,1
41.145061493,0.999017,0.008685,0.042776,-0.007703,1
41.150028229,0.999025,0.008361,0.042670,-0.007625,1
41.154991150,0.999018,0.008364,0.042837,-0.007553,1
41.160037994,0.999017,0.008363,0.042847,-0.007630,1
41.165073395,0.999035,0.008590,0.042406,-0.007575,1
41.170108795,0.999061,0.008655,0.041798,-0.007434,1
41.175136566,0.999071,0.008437,0.041619,-0.007306,1
41.180164337,0.999058,0.008118,0.042013,-0.007198,1
41.185184479,0.999045,0.008299,0.042270,-0.007281,1
41.190200806,0.999077,0.008621,0.041404,-0.007451,1
41.195213318,0.999105,0.008470,0.040805,-0.007270,1
41.200218201,0.999101,0.008102,0.041013,-0.007003,1
41.205223083,0.999099,0.008328,0.041026,-0.007009,1
41.210220337,0.999118,0.008590,0.040489,-0.007086,1
41.215213776,0.999132,0.008341,0.040216,-0.006946,1
41.220203400,0.999131,0.008159,0.040289,-0.006939,1
41.225181580,0.999146,0.008551,0.039811,-0.006972,1
41.230163574,0.999168,0.008327,0.039335,-0.006849,1
41.235141754,0.999160,0.008342,0.039561,-0.006717,1
41.240112305,0.999177,0.008426,0.039086,-0.006846,1
41.245082855,0.999198,0.008360,0.038568,-0.006737,1
41.250041962,0.999195,0.008196,0.038723,-0.006588,1
41.255001068,0.999199,0.008653,0.038485,-0.006669,1
41.260040283,0.999227,0.008503,0.037802,-0.006718,1
41.265075684,0.999227,0.008195,0.037896,-0.006514,1
41.270103455,0.999224,0.008335,0.037933,-0.006500,1
41.275131226,0.999236,0.008345,0.037609,-0.006596,1
41.280151367,0.999239,0.008124,0.037603,-0.006475,1
41.285167694,0.999251,0.008454,0.037220,-0.006426,1
41.290180206,0.999269,0.008387,0.036745,-0.006402,1
41.295185089,0.999267,0.008386,0.036848,-0.006167,1
41.300189972,0.999267,0.008503,0.036810,-0.006138,1
41.305187225,0.999289,0.008363,0.036228,-0.006193,1
41.310180664,0.999294,0.008223,0.036155,-0.005981,1
41.315162659,0.999301,0.008381,0.035967,-0.005884,1
41.320148468,0.999303,0.008610,0.035843,-0.005890,1
41.325126648,0.999292,0.008432,0.036198,-0.005799,1
41.330101013,0.999301,0.008507,0.035955,-0.005774,1
41.335071564,0.999322,0.008363,0.035386,-0.005821,1
41.340034485,0.999327,0.008114,0.035337,-0.005579,1
41.344993591,0.999332,0.007970,0.035230,-0.005538,1
41.349952698,0.999341,0.007772,0.035025,-0.005430,1
41.354988098,0.999331,0.007958,0.035330,-0.005151,1
41.360023499,0.999363,0.008067,0.034359,-0.005285,1
41.365055084,0.999388,0.007700,0.033730,-0.005101,1
41.370079041,0.999381,0.007601,0.034009,-0.004839,1
41.375099182,0.999396,0.007732,0.033514,-0.004921,1
41.380119324,0.999406,0.007450,0.033284,-0.004845,1
41.385128021,0.999390,0.007299,0.033846,-0.004620,1
41.390132904,0.999412,0.007633,0.033092,-0.004773,1
41.395137787,0.999446,0.007481,0.032114,-0.004595,1
41.400135040,0.999438,0.007296,0.032459,-0.004224,1
41.405124664,0.999429,0.007170,0.032736,-0.004303,1
41.410114288,0.999437,0.007544,0.032387,-0.004402,1
41.415100098,0.999456,0.007398,0.031832,-0.004372,1
41.420074463,0.999452,0.007118,0.032060,-0.004125,1
41.425048828,0.999462,0.007199,0.031728,-0.004100,1
41.430015564,0.999490,0.007297,0.030851,-0.003941,1
41.434978485,0.999489,0.007165,0.030936,-0.003664,1
41.439941406,0.999482,0.007015,0.031189,-0.003647,1
41.444892883,0.999493,0.007152,0.030815,-0.003731,1
41.449935913,0.999496,0.007060,0.030738,-0.003583,1
41.454967499,0.999498,0.007012,0.030691,-0.003548,1
41.459999084,0.999511,0.007088,0.030264,-0.003453,1
41.465023041,0.999513,0.006855,0.030247,-0.003313,1
41.470046997,0.999503,0.006724,0.030616,-0.003201,1
41.475059509,0.999518,0.006917,0.030061,-0.003389,1
41.480072021,0.999548,0.006874,0.029061,-0.003392,1
41.485076904,0.999544,0.006729,0.029251,-0.003165,1
41.490077972,0.999546,0.007124,0.029087,-0.003257,1
41.495075226,0.999568,0.007336,0.028253,-0.003435,1
41.500068665,0.999568,0.006956,0.028363,-0.003258,1
41.505054474,0.999555,0.007035,0.028807,-0.003262,1
41.510040283,0.999566,0.007396,0.028286,-0.003666,1
41.515014648,0.999584,0.007576,0.027584,-0.003708,1
41.519989014,0.999590,0.007330,0.027452,-0.003541,1
41.524955750,0.999588,0.006810,0.027684,-0.003453,1
41.529922485,0.999590,0.007354,0.027431,-0.003546,1
41.534877777,0.999606,0.007511,0.026789,-0.003774,1
41.539833069,0.999614,0.007261,0.026556,-0.003646,1
41.544876099,0.999612,0.007444,0.026595,-0.003498,1
41.549911499,0.999624,0.007668,0.026105,-0.003510,1
41.554939270,0.999635,0.007698,0.025679,-0.003468,1
41.559967041,0.999634,0.007724,0.025705,-0.003417,1
41.564987183,0.999641,0.007952,0.025331,-0.003546,1
41.570003510,0.999645,0.008079,0.025139,-0.003499,1
41.575019836,0.999644,0.008066,0.025201,-0.003476,1
41.580024719,0.999651,0.008314,0.024812,-0.003517,1
41.585029602,0.999666,0.008174,0.024243,-0.003555,1
41.590026855,0.999660,0.007705,0.024681,-0.003301,1
41.595020294,0.999660,0.007696,0.024683,-0.003354,1
41.600013733,0.999687,0.008014,0.023440,-0.003481,1
41.604995728,0.999710,0.007639,0.022602,-0.003225,1
41.609977722,0.999701,0.007377,0.023122,-0.002863,1
41.614955902,0.999693,0.007598,0.023362,-0.003078,1
41.619922638,0.999704,0.008001,0.022748,-0.003298,1
41.624893188,0.999716,0.007648,0.022356,-0.003159,1
41.629852295,0.999715,0.007351,0.022497,-0.003065,1
41.634811401,0.999725,0.007704,0.021934,-0.003154,1
41.639854431,0.999740,0.007864,0.021177,-0.003197,1
41.644893646,0.999741,0.007597,0.021248,-0.003044,1
41.649921417,0.999738,0.007428,0.021437,-0.003062,1
41.654949188,0.999743,0.007806,0.021026,-0.003267,1
41.659973145,0.999757,0.007868,0.020331,-0.003224,1
41.664989471,0.999763,0.007736,0.020103,-0.003084,1
41.670001984,0.999763,0.007613,0.020141,-0.003118,1
41.675010681,0.999771,0.007775,0.019703,-0.003098,1
41.680015564,0.999782,0.007831,0.019084,-0.003090,1
41.685012817,0.999778,0.007521,0.019439,-0.003031,1
41.690006256,0.999778,0.007803,0.019333,-0.003169,1
41.694999695,0.999794,0.007981,0.018381,-0.003250,1
41.699981689,0.999797,0.007560,0.018430,-0.003020,1
41.704963684,0.999796,0.007463,0.018520,-0.002958,1
41.709938049,0.999802,0.007988,0.017940,-0.003136,1
41.714908600,0.999809,0.007724,0.017668,-0.003142,1
41.719875336,0.999808,0.007713,0.017755,-0.003101,1
41.724838257,0.999808,0.007746,0.017745,-0.003152,1
41.729797363,0.999817,0.007742,0.017186,-0.003249,1
41.734840393,0.999826,0.007767,0.016640,-0.003215,1
41.739875793,0.999831,0.007689,0.016394,-0.003168,1
41.744907379,0.999830,0.007649,0.016467,-0.003192,1
41.749935150,0.999830,0.007775,0.016386,-0.003338,1
41.754959106,0.999838,0.007961,0.015725,-0.003527,1
41.759979248,0.999845,0.007790,0.015368,-0.003510,1
41.764991760,0.999848,0.007751,0.015212,-0.003521,1
41.770000458,0.999848,0.007946,0.015080,-0.003608,1
41.775005341,0.999852,0.008008,0.014745,-0.003869,1
41.780006409,0.999854,0.007854,0.014673,-0.003908,1
41.784999847,0.999856,0.007984,0.014398,-0.004070,1
41.789993286,0.999860,0.007953,0.014057,-0.004288,1
41.794979095,0.999861,0.007865,0.014047,-0.004351,1
41.799957275,0.999858,0.007732,0.014271,-0.004490,1
41.804935455,0.999861,0.007799,0.013909,-0.004832,1
41.809902191,0.999872,0.007863,0.012983,-0.004971,1
41.814872742,0.999875,0.007594,0.013009,-0.004905,1
41.819831848,0.999873,0.007517,0.013062,-0.005125,1
41.824787140,0.999877,0.007789,0.012450,-0.005489,1
41.829830170,0.999881,0.007557,0.012229,-0.005624,1
41.834869385,0.999882,0.007482,0.012143,-0.005755,1
41.839900970,0.999883,0.007687,0.011765,-0.006057,1
41.844932556,0.999885,0.007448,0.011714,-0.006165,1
41.849952698,0.999883,0.007443,0.011818,-0.006309,1
41.854976654,0.999883,0.007534,0.011488,-0.006706,1
41.859989166,0.999888,0.007685,0.010820,-0.006897,1
41.865001678,0.999893,0.007644,0.010396,-0.006961,1
41.870006561,0.999893,0.007214,0.010561,-0.007066,1
41.875007629,0.999891,0.007423,0.010472,-0.007332,1
41.880004883,0.999892,0.007396,0.010125,-0.007614,1
41.884998322,0.999894,0.007387,0.009814,-0.007802,1
41.889984131,0.999896,0.007324,0.009444,-0.008081,1
41.894969940,0.999897,0.007212,0.009354,-0.008200,1
41.899944305,0.999895,0.007334,0.009266,-0.008425,1
41.904918671,0.999895,0.007292,0.008903,-0.008817,1
41.909885406,0.999896,0.007099,0.008538,-0.009152,1
41.914852142,0.999896,0.007084,0.008531,-0.009271,1
41.919807434,0.999896,0.007080,0.008238,-0.009504,1
41.924854279,0.999895,0.007266,0.007843,-0.009820,1
41.929885864,0.999894,0.006809,0.008029,-0.010101,1
41.934921265,0.999893,0.006767,0.007829,-0.010306,1
41.939952850,0.999893,0.006795,0.007338,-0.010703,1
41.944972992,0.999892,0.006689,0.007114,-0.010962,1
41.949993134,0.999891,0.006615,0.007081,-0.011175,1
41.955009460,0.999889,0.006629,0.006762,-0.011482,1
41.960018158,0.999890,0.006447,0.006490,-0.011711,1
41.965023041,0.999887,0.006226,0.006866,-0.011858,1
41.970024109,0.999882,0.006337,0.006708,-0.012313,1
41.975017548,0.999882,0.006388,0.005678,-0.012733,1
41.980010986,0.999883,0.006183,0.005562,-0.012811,1
41.984996796,0.999882,0.005917,0.005824,-0.012901,1
41.989974976,0.999876,0.006210,0.005549,-0.013359,1
41.994953156,0.999874,0.006056,0.005222,-0.013737,1
41.999927521,0.999872,0.006182,0.005120,-0.013862,1
42.004898071,0.999869,0.006008,0.004915,-0.014223,1
42.009860992,0.999867,0.005931,0.004801,-0.014387,1
42.014827728,0.999863,0.006167,0.004390,-0.014715,1
42.019866943,0.999861,0.005800,0.004178,-0.015035,1
42.024906158,0.999859,0.005734,0.004102,-0.015246,1
42.029937744,0.999852,0.005968,0.003988,-0.015604,1
42.034965515,0.999848,0.006037,0.003425,-0.015973,1
42.039989471,0.999848,0.005889,0.002974,-0.016110,1
42.045005798,0.999846,0.005848,0.003181,-0.016255,1
42.050018311,0.999838,0.006109,0.002888,-0.016691,1
42.055027008,0.999829,0.006457,0.002411,-0.017182,1
42.060035706,0.999826,0.006092,0.002611,-0.017449,1
42.065036774,0.999825,0.005624,0.003204,-0.017536,1
42.070034027,0.999817,0.006038,0.002435,-0.017992,1
42.075023651,0.999815,0.005724,0.001468,-0.018316,1
42.080009460,0.999819,0.005202,0.001249,-0.018274,1
42.084991455,0.999814,0.004778,0.001884,-0.018609,1
42.089965820,0.999802,0.005219,0.001954,-0.019102,1
42.094940186,0.999791,0.005666,0.001139,-0.019604,1
42.099906921,0.999788,0.005377,0.000952,-0.019869,1
42.104869843,0.999784,0.005189,0.001215,-0.020074,1
42.109828949,0.999774,0.005551,0.000814,-0.020522,1
42.114871979,0.999767,0.005571,0.000538,-0.020863,1
42.119911194,0.999760,0.005462,0.000622,-0.021189,1
42.124942780,0.999752,0.005423,0.000569,-0.021591,1
42.129974365,0.999744,0.005583,0.000180,-0.021940,1
42.134994507,0.999736,0.005721,-0.000327,-0.022241,1
42.140018463,0.999730,0.005562,-0.000699,-0.022557,1
42.145030975,0.999725,0.005356,-0.000709,-0.022812,1
42.150043488,0.999715,0.005572,-0.000827,-0.023199,1
42.155048370,0.999705,0.005714,-0.000987,-0.023604,1
42.160049438,0.999697,0.005628,-0.000987,-0.023950,1
42.165046692,0.999687,0.005805,-0.001344,-0.024286,1
42.170036316,0.999681,0.005753,-0.001467,-0.024559,1
42.175025940,0.999671,0.005956,-0.001650,-0.024897,1
42.180004120,0.999659,0.006052,-0.002002,-0.025319,1
42.184986115,0.999653,0.005982,-0.002127,-0.025577,1
42.189960480,0.999644,0.006040,-0.002282,-0.025887,1
42.194927216,0.999632,0.006245,-0.002491,-0.026265,1
42.199886322,0.999624,0.006149,-0.002567,-0.026581,1
42.204849243,0.999616,0.006260,-0.002836,-0.026842,1
42.209888458,0.999610,0.006084,-0.003064,-0.027066,1
42.214927673,0.999605,0.005858,-0.003009,-0.027325,1
42.219963074,0.999593,0.005927,-0.003294,-0.027725,1
42.224990845,0.999583,0.005864,-0.003935,-0.028011,1
42.230018616,0.999581,0.005768,-0.004236,-0.028060,1
42.235038757,0.999576,0.005718,-0.004058,-0.028250,1
42.240055084,0.999565,0.005949,-0.004014,-0.028620,1
42.245067596,0.999552,0.005855,-0.004482,-0.028998,1
42.250076294,0.999550,0.005682,-0.004459,-0.029131,1
42.255077362,0.999537,0.005803,-0.004630,-0.029498,1
42.260078430,0.999525,0.005816,-0.004852,-0.029859,1
42.265071869,0.999518,0.005892,-0.004960,-0.030063,1
42.270061493,0.999510,0.005800,-0.005028,-0.030352,1
42.275043488,0.999499,0.005859,-0.005214,-0.030654,1
42.280025482,0.999486,0.005957,-0.005615,-0.030988,1
42.284999847,0.999479,0.005835,-0.005845,-0.031200,1
42.289970398,0.999474,0.005727,-0.005901,-0.031366,1
42.294937134,0.999462,0.005873,-0.006118,-0.031684,1
42.299900055,0.999449,0.005923,-0.006448,-0.032012,1
42.304943085,0.999442,0.005689,-0.006618,-0.032253,1
42.309978485,0.999437,0.005484,-0.006508,-0.032466,1
42.315013885,0.999422,0.005748,-0.006731,-0.032819,1
42.320045471,0.999408,0.005614,-0.007195,-0.033170,1
42.325069427,0.999404,0.005472,-0.007244,-0.033316,1
42.330085754,0.999394,0.005507,-0.007269,-0.033602,1
42.335105896,0.999379,0.005717,-0.007423,-0.033969,1
42.340114594,0.999367,0.005552,-0.007635,-0.034287,1
42.345119476,0.999357,0.005497,-0.007948,-0.034524,1
42.350120544,0.999345,0.005512,-0.008329,-0.034770,1
42.355117798,0.999338,0.005541,-0.008409,-0.034952,1
42.360107422,0.999327,0.005622,-0.008497,-0.035241,1
42.365097046,0.999315,0.005458,-0.008665,-0.035561,1
42.370075226,0.999305,0.005464,-0.009003,-0.035750,1
42.375053406,0.999294,0.005515,-0.009191,-0.036016,1
42.380023956,0.999282,0.005669,-0.009253,-0.036296,1
42.384990692,0.999270,0.005728,-0.009428,-0.036574,1
42.389953613,0.999264,0.005557,-0.009449,-0.036763,1
42.394908905,0.999258,0.005500,-0.009309,-0.036963,1
42.399951935,0.999240,0.005720,-0.009463,-0.037375,1
42.404991150,0.999224,0.005742,-0.009893,-0.037701,1
42.410030365,0.999221,0.005690,-0.009899,-0.037772,1
42.415054321,0.999213,0.005648,-0.009766,-0.038039,1
42.420082092,0.999199,0.005814,-0.009749,-0.038375,1
42.425102234,0.999184,0.005768,-0.009914,-0.038722,1
42.430118561,0.999171,0.005801,-0.009999,-0.039042,1
42.435131073,0.999158,0.005837,-0.010200,-0.039318,1
42.440139771,0.999148,0.005896,-0.010318,-0.039534,1
42.445140839,0.999135,0.005894,-0.010355,-0.039829,1
42.450138092,0.999122,0.005783,-0.010364,-0.040182,1
42.455131531,0.999104,0.005885,-0.010444,-0.040586,1
42.460117340,0.999085,0.005901,-0.010557,-0.041015,1
42.465103149,0.999075,0.005739,-0.010557,-0.041277,1
42.470085144,0.999060,0.005904,-0.010525,-0.041624,1
42.475059509,0.999041,0.005866,-0.010648,-0.042066,1
42.480033875,0.999027,0.005785,-0.010667,-0.042396,1
42.484996796,0.999013,0.005682,-0.010328,-0.042819,1
42.489963531,0.998995,0.005676,-0.010254,-0.043263,1
42.494918823,0.998965,0.006008,-0.011012,-0.043713,1
42.499961853,0.998954,0.005697,-0.011256,-0.043943,1
42.504993439,0.998956,0.005372,-0.010473,-0.044137,1
42.510025024,0.998932,0.005615,-0.010280,-0.044698,1
42.515048981,0.998890,0.006068,-0.011197,-0.045360,1
42.520072937,0.998881,0.005596,-0.011294,-0.045584,1
42.525089264,0.998882,0.005292,-0.010743,-0.045737,1
42.530097961,0.998851,0.005807,-0.010924,-0.046293,1
42.535110474,0.998822,0.005902,-0.011202,-0.046852,1
42.540111542,0.998819,0.005409,-0.010657,-0.047098,1
42.545108795,0.998803,0.005251,-0.010229,-0.047537,1
42.550098419,0.998764,0.005664,-0.010982,-0.048140,1
42.555088043,0.998739,0.005654,-0.011803,-0.048471,1
42.560073853,0.998741,0.005295,-0.011274,-0.048585,1
42.565055847,0.998727,0.005238,-0.010683,-0.049017,1
42.570030212,0.998701,0.005303,-0.010810,-0.049516,1
42.575000763,0.998679,0.005494,-0.010938,-0.049914,1
42.579967499,0.998657,0.005273,-0.011071,-0.050344,1
42.584926605,0.998645,0.005205,-0.010986,-0.050596,1
42.589889526,0.998628,0.005422,-0.011079,-0.050893,1
42.594924927,0.998609,0.005320,-0.011073,-0.051267,1
42.599960327,0.998598,0.005053,-0.010593,-0.051611,1
42.604991913,0.998570,0.005184,-0.010635,-0.052132,1
42.610015869,0.998539,0.005445,-0.011504,-0.052512,1
42.615039825,0.998533,0.005227,-0.011643,-0.052623,1
42.620056152,0.998532,0.004899,-0.011120,-0.052782,1
42.625068665,0.998509,0.005158,-0.010987,-0.053222,1
42.630077362,0.998485,0.004949,-0.010995,-0.053684,1
42.635078430,0.998470,0.004845,-0.010823,-0.054018,1
42.640079498,0.998443,0.004905,-0.010921,-0.054475,1
42.645072937,0.998422,0.004825,-0.011133,-0.054838,1
42.650062561,0.998413,0.005052,-0.011302,-0.054943,1
42.655048370,0.998393,0.004812,-0.011230,-0.055339,1
42.660026550,0.998375,0.004553,-0.010801,-0.055765,1
42.665004730,0.998357,0.004530,-0.010712,-0.056100,1
42.669975281,0.998329,0.004412,-0.011177,-0.056519,1
42.674938202,0.998319,0.004347,-0.011119,-0.056708,1
42.679897308,0.998302,0.004464,-0.011170,-0.056997,1
42.684852600,0.998284,0.004135,-0.011312,-0.057299,1
42.689895630,0.998268,0.004192,-0.011106,-0.057626,1
42.694931030,0.998235,0.004336,-0.011221,-0.058165,1
42.699958801,0.998212,0.004246,-0.011298,-0.058547,1
42.704986572,0.998205,0.003982,-0.010859,-0.058766,1
42.710006714,0.998180,0.004200,-0.010728,-0.059188,1
42.715026855,0.998149,0.004248,-0.011201,-0.059633,1
42.720035553,0.998137,0.003904,-0.011169,-0.059854,1
42.725044250,0.998122,0.003871,-0.010895,-0.060152,1
42.730045319,0.998086,0.004088,-0.011228,-0.060683,1
42.735042572,0.998066,0.003872,-0.011281,-0.061003,1
42.740036011,0.998058,0.003655,-0.011028,-0.061195,1
42.745025635,0.998027,0.003951,-0.011299,-0.061631,1
42.750003815,0.998005,0.003806,-0.011381,-0.061986,1
42.754981995,0.997998,0.003594,-0.011043,-0.062174,1
42.759952545,0.997969,0.003593,-0.010922,-0.062657,1
42.764923096,0.997935,0.003686,-0.011159,-0.063142,1
42.769886017,0.997916,0.003586,-0.011335,-0.063419,1
42.774848938,0.997901,0.003641,-0.011236,-0.063669,1
42.779804230,0.997875,0.003709,-0.011202,-0.064082,1
42.784847260,0.997851,0.003793,-0.011223,-0.064444,1
42.789878845,0.997829,0.003727,-0.011118,-0.064800,1
42.794914246,0.997800,0.003859,-0.011131,-0.065244,1
42.799938202,0.997769,0.004026,-0.011272,-0.065681,1
42.804962158,0.997748,0.003900,-0.011199,-0.066012,1
42.809974670,0.997728,0.003810,-0.010944,-0.066362,1
42.814987183,0.997689,0.004039,-0.011097,-0.066913,1
42.819992065,0.997656,0.004024,-0.011575,-0.067329,1
42.825000763,0.997643,0.003797,-0.011346,-0.067563,1
42.829994202,0.997611,0.004211,-0.011221,-0.068029,1
42.834983826,0.997564,0.004631,-0.011633,-0.068622,1
42.839973450,0.997544,0.004255,-0.011512,-0.068961,1
42.844955444,0.997526,0.004305,-0.011104,-0.069282,1
42.849933624,0.997467,0.005008,-0.011391,-0.070036,1
42.854907990,0.997430,0.004918,-0.011366,-0.070564,1
42.859874725,0.997414,0.004901,-0.011131,-0.070829,1
42.864837646,0.997370,0.005117,-0.011398,-0.071396,1
42.869796753,0.997337,0.004809,-0.011527,-0.071851,1
42.874748230,0.997334,0.004325,-0.010765,-0.072037,1
42.879791260,0.997287,0.004838,-0.011088,-0.072606,1
42.884830475,0.997224,0.004929,-0.012342,-0.073268,1
42.889858246,0.997217,0.004636,-0.012319,-0.073387,1
42.894889832,0.997209,0.004531,-0.011344,-0.073649,1
42.899909973,0.997151,0.005071,-0.011495,-0.074374,1
42.904930115,0.997103,0.005212,-0.011741,-0.074972,1
42.909942627,0.997081,0.005066,-0.011415,-0.075325,1
42.914947510,0.997041,0.005284,-0.011575,-0.075805,1
42.919952393,0.996995,0.005428,-0.011849,-0.076356,1
42.924949646,0.996984,0.005318,-0.011285,-0.076603,1
42.929943085,0.996936,0.005603,-0.011363,-0.077188,1
42.934932709,0.996892,0.005493,-0.011444,-0.077746,1
42.939910889,0.996864,0.005406,-0.011564,-0.078097,1
42.944892883,0.996829,0.005579,-0.011875,-0.078482,1
42.949867249,0.996796,0.005629,-0.012114,-0.078866,1
42.954837799,0.996774,0.005478,-0.011803,-0.079203,1
42.959800720,0.996727,0.005623,-0.011655,-0.079793,1
42.964759827,0.996677,0.005679,-0.012039,-0.080366,1
42.969715118,0.996649,0.005372,-0.011751,-0.080770,1
42.974758148,0.996607,0.005473,-0.011897,-0.081256,1
42.979793549,0.996561,0.005673,-0.012317,-0.081749,1
42.984825134,0.996538,0.005473,-0.012115,-0.082072,1
42.989849091,0.996514,0.005291,-0.011547,-0.082448,1
42.994876862,0.996451,0.005506,-0.011495,-0.083205,1
42.999893188,0.996389,0.005704,-0.012379,-0.083807,1
43.004901886,0.996365,0.005389,-0.012559,-0.084082,1
43.009914398,0.996350,0.005001,-0.011843,-0.084393,1
43.014915466,0.996297,0.005437,-0.011877,-0.084983,1
43.019916534,0.996230,0.005612,-0.012554,-0.085649,1
43.024909973,0.996215,0.005151,-0.012064,-0.085927,1
43.029895782,0.996175,0.005190,-0.011855,-0.086419,1
43.034877777,0.996117,0.005500,-0.012362,-0.086999,1
43.039859772,0.996074,0.005388,-0.012654,-0.087445,1
43.044830322,0.996047,0.005296,-0.012333,-0.087813,1
43.049804688,0.996015,0.005117,-0.011796,-0.088251,1
43.054767609,0.995953,0.005592,-0.012062,-0.088884,1
43.059726715,0.995900,0.005446,-0.012531,-0.089422,1
43.064682007,0.995883,0.005004,-0.012420,-0.089657,1
43.069721222,0.995850,0.005167,-0.012091,-0.090054,1
43.074760437,0.995787,0.005435,-0.012504,-0.090680,1
43.079795837,0.995742,0.005435,-0.012582,-0.091158,1
43.084823608,0.995719,0.004912,-0.011912,-0.091530,1
43.089847565,0.995682,0.004920,-0.011578,-0.091975,1
43.094863892,0.995604,0.005457,-0.012779,-0.092627,1
43.099880219,0.995562,0.005131,-0.013253,-0.093031,1
43.104892731,0.995571,0.004692,-0.012201,-0.093103,1
43.109897614,0.995520,0.004874,-0.011865,-0.093675,1
43.114898682,0.995438,0.005195,-0.012553,-0.094442,1
43.119895935,0.995403,0.004825,-0.012581,-0.094827,1
43.124889374,0.995378,0.004507,-0.012218,-0.095145,1
43.129875183,0.995335,0.004505,-0.012194,-0.095600,1
43.134857178,0.995276,0.004816,-0.012449,-0.096163,1
43.139839172,0.995229,0.004390,-0.012764,-0.096627,1
43.144809723,0.995202,0.004201,-0.012488,-0.096946,1
43.149780273,0.995167,0.004104,-0.011786,-0.097396,1
43.154747009,0.995094,0.004308,-0.011929,-0.098120,1
43.159709930,0.995029,0.004282,-0.012887,-0.098657,1
43.164752960,0.995011,0.003812,-0.012736,-0.098872,1
43.169792175,0.994987,0.003644,-0.012348,-0.099173,1
43.174827576,0.994928,0.003586,-0.012330,-0.099764,1
43.179851532,0.994868,0.003479,-0.012392,-0.100359,1
43.184879303,0.994812,0.003226,-0.012322,-0.100927,1
43.189895630,0.994767,0.003311,-0.012339,-0.101369,1
43.194911957,0.994713,0.003567,-0.012507,-0.101862,1
43.199920654,0.994652,0.003870,-0.012620,-0.102438,1
43.204929352,0.994607,0.003056,-0.011974,-0.102974,1
43.209922791,0.994552,0.003147,-0.011726,-0.103531,1
43.214920044,0.994471,0.003502,-0.012162,-0.104242,1
43.219909668,0.994406,0.003224,-0.012660,-0.104811,1
43.224899292,0.994368,0.003293,-0.012429,-0.105196,1
43.229881287,0.994313,0.003077,-0.012192,-0.105752,1
43.234859467,0.994265,0.002927,-0.011991,-0.106226,1
43.239833832,0.994183,0.003189,-0.012242,-0.106963,1
43.244796753,0.994107,0.002782,-0.012537,-0.107636,1
43.249763489,0.994086,0.002620,-0.012155,-0.107880,1
43.254722595,0.994023,0.002816,-0.012087,-0.108464,1
43.259765625,0.993941,0.003121,-0.012607,-0.109142,1
43.264801025,0.993893,0.002593,-0.012264,-0.109635,1
43.269836426,0.993844,0.002716,-0.011783,-0.110124,1
43.274868011,0.993753,0.003027,-0.011963,-0.110921,1
43.279891968,0.993670,0.003092,-0.012215,-0.111628,1
43.284908295,0.993635,0.002717,-0.011907,-0.111983,1
43.289928436,0.993578,0.003035,-0.011876,-0.112485,1
43.294937134,0.993486,0.003279,-0.012337,-0.113236,1
43.299942017,0.993423,0.003218,-0.012513,-0.113770,1
43.304943085,0.993368,0.003152,-0.012231,-0.114282,1
43.309940338,0.993298,0.003388,-0.012130,-0.114890,1
43.314933777,0.993221,0.003842,-0.012432,-0.115513,1
43.319923401,0.993141,0.003812,-0.012547,-0.116188,1
43.324909210,0.993090,0.003498,-0.012208,-0.116665,1
43.329883575,0.993021,0.003708,-0.012022,-0.117261,1
43.334861755,0.992922,0.003551,-0.011927,-0.118116,1
43.339828491,0.992864,0.003357,-0.011500,-0.118646,1
43.344795227,0.992786,0.003762,-0.012109,-0.119231,1
43.349754333,0.992698,0.003446,-0.013222,-0.119850,1
43.354797363,0.992673,0.003460,-0.012390,-0.120148,1
43.359832764,0.992588,0.003933,-0.012174,-0.120851,1
43.364868164,0.992493,0.004223,-0.012104,-0.121625,1
43.369899750,0.992414,0.003907,-0.011380,-0.122348,1
43.374919891,0.992329,0.004308,-0.011515,-0.123014,1
43.379940033,0.992252,0.003829,-0.011650,-0.123633,1
43.384956360,0.992193,0.003768,-0.011665,-0.124105,1
43.389965057,0.992079,0.004035,-0.012860,-0.124889,1
43.394969940,0.991996,0.004087,-0.013572,-0.125475,1
43.399971008,0.991948,0.004098,-0.013111,-0.125900,1
43.404964447,0.991861,0.004776,-0.011983,-0.126672,1
43.409954071,0.991748,0.004380,-0.011087,-0.127644,1
43.414936066,0.991656,0.004637,-0.012319,-0.128241,1
43.419918060,0.991562,0.004540,-0.013006,-0.128903,1
43.424896240,0.991473,0.004649,-0.013292,-0.129549,1
43.429866791,0.991402,0.004470,-0.012587,-0.130168,1
43.434833527,0.991337,0.004578,-0.011331,-0.130776,1
43.439796448,0.991213,0.004490,-0.011169,-0.131728,1
43.444751740,0.991085,0.004892,-0.012432,-0.132562,1
43.449794769,0.991019,0.004339,-0.012612,-0.133054,1
43.454833984,0.990972,0.004289,-0.012390,-0.133428,1
43.459865570,0.990873,0.004534,-0.012624,-0.134127,1
43.464897156,0.990786,0.004527,-0.012288,-0.134802,1
43.469921112,0.990688,0.004135,-0.011695,-0.135584,1
43.474941254,0.990560,0.004250,-0.011803,-0.136507,1
43.479957581,0.990429,0.004548,-0.013032,-0.137330,1
43.484966278,0.990374,0.004326,-0.012829,-0.137753,1
43.489974976,0.990310,0.004161,-0.012222,-0.138271,1
43.494976044,0.990179,0.004400,-0.012149,-0.139210,1
43.499973297,0.990059,0.004209,-0.012186,-0.140062,1
43.504966736,0.989959,0.004320,-0.012290,-0.140752,1
43.509956360,0.989824,0.004309,-0.012507,-0.141681,1
43.514938354,0.989727,0.004134,-0.012279,-0.142379,1
43.519916534,0.989660,0.004056,-0.011743,-0.142895,1
43.524894714,0.989516,0.004404,-0.012135,-0.143847,1
43.529861450,0.989373,0.004140,-0.012871,-0.144771,1
43.534828186,0.989311,0.003778,-0.012609,-0.145224,1
43.539791107,0.989205,0.003925,-0.012308,-0.145965,1
43.544834137,0.989054,0.004208,-0.012417,-0.146969,1
43.549873352,0.988931,0.004031,-0.012362,-0.147802,1
43.554904938,0.988854,0.003618,-0.012069,-0.148354,1
43.559936523,0.988729,0.003747,-0.012405,-0.149153,1
43.564960480,0.988600,0.003672,-0.012640,-0.149988,1
43.569980621,0.988495,0.003778,-0.012732,-0.150669,1
43.574996948,0.988403,0.003350,-0.012155,-0.151331,1
43.580005646,0.988288,0.003193,-0.011839,-0.152105,1
43.585010529,0.988153,0.003319,-0.012324,-0.152944,1
43.590011597,0.988030,0.003113,-0.012818,-0.153697,1
43.595008850,0.987972,0.002690,-0.012272,-0.154121,1
43.600002289,0.987868,0.002765,-0.012166,-0.154793,1
43.604988098,0.987724,0.002918,-0.012403,-0.155685,1
43.609970093,0.987614,0.002803,-0.012325,-0.156391,1
43.614944458,0.987502,0.002730,-0.012279,-0.157102,1
43.619918823,0.987398,0.002723,-0.011835,-0.157787,1
43.624885559,0.987284,0.002946,-0.011596,-0.158515,1
43.629852295,0.987128,0.002925,-0.012123,-0.159444,1
43.634807587,0.987031,0.002309,-0.012205,-0.160047,1
43.639850616,0.986949,0.002540,-0.012106,-0.160559,1
43.644889832,0.986810,0.002728,-0.012093,-0.161410,1
43.649925232,0.986635,0.002885,-0.012355,-0.162450,1
43.654956818,0.986515,0.002480,-0.012039,-0.163206,1
43.659980774,0.986418,0.002157,-0.011943,-0.163805,1
43.665000916,0.986265,0.002704,-0.012183,-0.164701,1
43.670021057,0.986083,0.002887,-0.012302,-0.165775,1
43.675029755,0.985924,0.002125,-0.013153,-0.166660,1
43.680038452,0.985864,0.002334,-0.011722,-0.167123,1
43.685039520,0.985673,0.002997,-0.011645,-0.168241,1
43.690040588,0.985489,0.002839,-0.012010,-0.169290,1
43.695034027,0.985332,0.002559,-0.012810,-0.170148,1
43.700023651,0.985239,0.002782,-0.012559,-0.170699,1
43.705009460,0.985063,0.002736,-0.012885,-0.171689,1
43.709987640,0.984908,0.002821,-0.013030,-0.172562,1
43.714965820,0.984757,0.003085,-0.012418,-0.173464,1
43.719936371,0.984561,0.003417,-0.012751,-0.174546,1
43.724903107,0.984368,0.003526,-0.013144,-0.175597,1
43.729866028,0.984232,0.003484,-0.012767,-0.176389,1
43.734821320,0.984041,0.003809,-0.012877,-0.177436,1
43.739860535,0.983864,0.003623,-0.012787,-0.178424,1
43.744895935,0.983704,0.003651,-0.012408,-0.179332,1
43.749927521,0.983467,0.003593,-0.013240,-0.180568,1
43.754955292,0.983312,0.003435,-0.013696,-0.181379,1
43.759971619,0.983189,0.003580,-0.013689,-0.182042,1
43.764991760,0.982990,0.003799,-0.013502,-0.183124,1
43.770004272,0.982780,0.003991,-0.013347,-0.184253,1
43.775009155,0.982581,0.003975,-0.012837,-0.185346,1
43.780014038,0.982413,0.003865,-0.012522,-0.186258,1
43.785011292,0.982196,0.004125,-0.013410,-0.187335,1
43.790004730,0.981994,0.003682,-0.014296,-0.188334,1
43.794994354,0.981891,0.003816,-0.013385,-0.188936,1
43.799976349,0.981659,0.004212,-0.013037,-0.190154,1
43.804954529,0.981404,0.004059,-0.013600,-0.191426,1
43.809932709,0.981253,0.003925,-0.013398,-0.192215,1
43.814899445,0.981065,0.004366,-0.013205,-0.193178,1
43.819862366,0.980820,0.004474,-0.013731,-0.194378,1
43.824825287,0.980631,0.004412,-0.013755,-0.195332,1
43.829780579,0.980455,0.004181,-0.013440,-0.196242,1
43.834819794,0.980229,0.004292,-0.013633,-0.197352,1
43.839851379,0.979988,0.004571,-0.013685,-0.198534,1
43.844886780,0.979759,0.004383,-0.013765,-0.199659,1
43.849906921,0.979560,0.004317,-0.013879,-0.200626,1
43.854930878,0.979374,0.004290,-0.013718,-0.201543,1
43.859947205,0.979151,0.004581,-0.013832,-0.202609,1
43.864955902,0.978900,0.004371,-0.014082,-0.203805,1
43.869960785,0.978687,0.004244,-0.013914,-0.204840,1
43.874961853,0.978460,0.004336,-0.013951,-0.205918,1
43.879959106,0.978218,0.004471,-0.014115,-0.207052,1
43.884952545,0.977999,0.004213,-0.014084,-0.208092,1
43.889938354,0.977782,0.004166,-0.014097,-0.209110,1
43.894924164,0.977561,0.004195,-0.014061,-0.210139,1
43.899898529,0.977311,0.004361,-0.014223,-0.211284,1
43.904872894,0.977065,0.004297,-0.014170,-0.212424,1
43.909839630,0.976830,0.004116,-0.014201,-0.213507,1
43.914806366,0.976605,0.003931,-0.014189,-0.214536,1
43.919761658,0.976372,0.004088,-0.014256,-0.215588,1
43.924716949,0.976105,0.004081,-0.014217,-0.216794,1
43.929759979,0.975862,0.004068,-0.014190,-0.217891,1
43.934795380,0.975623,0.003848,-0.014319,-0.218953,1
43.939823151,0.975392,0.003801,-0.014373,-0.219974,1
43.944850922,0.975136,0.003979,-0.014220,-0.221117,1
43.949871063,0.974842,0.003993,-0.014355,-0.222399,1
43.954883575,0.974588,0.003790,-0.014380,-0.223510,1
43.959899902,0.974349,0.003465,-0.014303,-0.224561,1
43.964904785,0.974108,0.003644,-0.014189,-0.225609,1
43.969909668,0.973832,0.003528,-0.014119,-0.226804,1
43.974906921,0.973549,0.003550,-0.014293,-0.228003,1
43.979896545,0.973285,0.003043,-0.014350,-0.229131,1
43.984882355,0.973051,0.003185,-0.014504,-0.230109,1
43.989868164,0.972775,0.003292,-0.014354,-0.231283,1
43.994846344,0.972478,0.003324,-0.014095,-0.232546,1
43.999816895,0.972202,0.002809,-0.013404,-0.233742,1
44.004787445,0.971931,0.002627,-0.013492,-0.234866,1
44.009750366,0.971633,0.002713,-0.014023,-0.236060,1
44.014705658,0.971394,0.002402,-0.014411,-0.237023,1
44.019660950,0.971155,0.002205,-0.014247,-0.238011,1
44.024700165,0.970896,0.002135,-0.013330,-0.239119,1
44.029739380,0.970575,0.002232,-0.013171,-0.240427,1
44.034767151,0.970238,0.002273,-0.014218,-0.241725,1
44.039794922,0.970021,0.001782,-0.014387,-0.242587,1
44.044815063,0.969808,0.002208,-0.014064,-0.243455,1
44.049835205,0.969447,0.002054,-0.014184,-0.244884,1
44.054843903,0.969157,0.001988,-0.014002,-0.246036,1
44.059852600,0.968873,0.002147,-0.013560,-0.247177,1
44.064853668,0.968525,0.002160,-0.013723,-0.248529,1
44.069850922,0.968201,0.002313,-0.014631,-0.249734,1
44.074844360,0.967942,0.002222,-0.014559,-0.250743,1
44.079833984,0.967672,0.002276,-0.014192,-0.251803,1
44.084819794,0.967346,0.002749,-0.014098,-0.253052,1
44.089797974,0.966947,0.002898,-0.014597,-0.254542,1
44.094772339,0.966677,0.002289,-0.014144,-0.255597,1
44.099739075,0.966397,0.002558,-0.013170,-0.256706,1
44.104709625,0.966069,0.002048,-0.013261,-0.257935,1
44.109668732,0.965696,0.001949,-0.015282,-0.259219,1
44.114620209,0.965455,0.001548,-0.015285,-0.260115,1
44.119663239,0.965175,0.002064,-0.014549,-0.261190,1
44.124702454,0.964741,0.002260,-0.014964,-0.262766,1
44.129730225,0.964413,0.002812,-0.014107,-0.264007,1
44.134761810,0.964072,0.002289,-0.013243,-0.265303,1
44.139781952,0.963812,0.001910,-0.013584,-0.266230,1
44.144794464,0.963427,0.001838,-0.015473,-0.267517,1
44.149810791,0.963156,0.001624,-0.015493,-0.268492,1
44.154819489,0.962878,0.002094,-0.014838,-0.269522,1
44.159820557,0.962398,0.002143,-0.015063,-0.271217,1
44.164821625,0.962030,0.003400,-0.014273,-0.272547,1
44.169815063,0.961598,0.002578,-0.014421,-0.274070,1
44.174804688,0.961380,0.002463,-0.014112,-0.274851,1
44.179786682,0.961075,0.002419,-0.014465,-0.275898,1
44.184768677,0.960691,0.002303,-0.015677,-0.277167,1
44.189739227,0.960411,0.002305,-0.015430,-0.278148,1
44.194713593,0.960088,0.002550,-0.014561,-0.279307,1
44.199676514,0.959656,0.002512,-0.014255,-0.280803,1
44.204639435,0.959267,0.002716,-0.014190,-0.282132,1
44.209594727,0.958911,0.002547,-0.014609,-0.283319,1
44.214637756,0.958616,0.002068,-0.015311,-0.284281,1
44.219669342,0.958336,0.002162,-0.015348,-0.285222,1
44.224704742,0.958006,0.002478,-0.014448,-0.286372,1
44.229728699,0.957535,0.002489,-0.014227,-0.287955,1
44.234752655,0.957124,0.002300,-0.014249,-0.289320,1
44.239772797,0.956778,0.001896,-0.014493,-0.290453,1
44.244781494,0.956452,0.002062,-0.015209,-0.291486,1
44.249794006,0.956119,0.001834,-0.015099,-0.292582,1
44.254798889,0.955832,0.001845,-0.014174,-0.293566,1
44.259796143,0.955389,0.001798,-0.014373,-0.294996,1
44.264789581,0.955004,0.001554,-0.014895,-0.296214,1
44.269775391,0.954707,0.001342,-0.014755,-0.297178,1
44.274761200,0.954324,0.001301,-0.014668,-0.298411,1
44.279739380,0.953934,0.001220,-0.014452,-0.299666,1
44.284713745,0.953620,0.000938,-0.013986,-0.300686,1
44.289684296,0.953230,0.000825,-0.014232,-0.301910,1
44.294647217,0.952844,0.000622,-0.014813,-0.303097,1
44.299606323,0.952550,0.000297,-0.014369,-0.304044,1
44.304565430,0.952192,0.000143,-0.013795,-0.305188,1
44.309604645,0.951764,0.000065,-0.013936,-0.306514,1
44.314640045,0.951405,-0.000128,-0.014466,-0.307602,1
44.319675446,0.951108,-0.000602,-0.014264,-0.308528,1
44.324699402,0.950769,-0.000748,-0.013999,-0.309584,1
44.329727173,0.950366,-0.000661,-0.014163,-0.310810,1
44.334743500,0.950020,-0.000762,-0.014306,-0.311859,1
44.339756012,0.949661,-0.000966,-0.014285,-0.312952,1
44.344760895,0.949335,-0.001068,-0.013654,-0.313967,1
44.349765778,0.948959,-0.001115,-0.013118,-0.315123,1
44.354763031,0.948529,-0.001173,-0.013648,-0.316394,1
44.359760284,0.948180,-0.001577,-0.014232,-0.317412,1
44.364749908,0.947925,-0.001940,-0.013854,-0.318185,1
44.369731903,0.947562,-0.001985,-0.013674,-0.319275,1
44.374713898,0.947194,-0.002141,-0.013698,-0.320361,1
44.379688263,0.946850,-0.002393,-0.013172,-0.321398,1
44.384658813,0.946447,-0.002652,-0.012885,-0.322590,1
44.389621735,0.946054,-0.002481,-0.013937,-0.323700,1
44.394580841,0.945741,-0.002221,-0.014300,-0.324599,1
44.399539948,0.945392,-0.002304,-0.013567,-0.325644,1
44.404579163,0.944956,-0.002164,-0.013291,-0.326921,1
44.409618378,0.944543,-0.002233,-0.013312,-0.328112,1
44.414653778,0.944171,-0.002257,-0.013248,-0.329182,1
44.419677734,0.943753,-0.002153,-0.013685,-0.330360,1
44.424705505,0.943381,-0.002067,-0.014093,-0.331404,1
44.429721832,0.943064,-0.002027,-0.013833,-0.332316,1
44.434734344,0.942632,-0.001703,-0.013833,-0.333542,1
44.439746857,0.942154,-0.001586,-0.013869,-0.334889,1
44.444755554,0.941754,-0.001625,-0.013484,-0.336029,1
44.449756622,0.941272,-0.001495,-0.013495,-0.337375,1
44.454753876,0.940897,-0.001926,-0.012931,-0.338440,1
44.459743500,0.940495,-0.001742,-0.013992,-0.339515,1
44.464733124,0.940042,-0.002319,-0.014989,-0.340721,1
44.469715118,0.939738,-0.001807,-0.014349,-0.341588,1
44.474697113,0.939245,-0.001330,-0.013894,-0.342964,1
44.479667664,0.938702,-0.001451,-0.013174,-0.344474,1
44.484638214,0.938245,-0.001313,-0.013397,-0.345711,1
44.489601135,0.937870,-0.001739,-0.012868,-0.346744,1
44.494560242,0.937486,-0.001763,-0.014307,-0.347725,1
44.499603271,0.937029,-0.002089,-0.015667,-0.348894,1
44.504642487,0.936625,-0.001933,-0.014772,-0.350016,1
44.509674072,0.936131,-0.001967,-0.014221,-0.351359,1
44.514705658,0.935654,-0.000202,-0.013858,-0.352645,1
44.519729614,0.935137,-0.001567,-0.013706,-0.354019,1
44.524749756,0.934842,-0.000788,-0.013718,-0.354798,1
44.529766083,0.934321,-0.000920,-0.015369,-0.356100,1
44.534774780,0.933900,-0.001213,-0.015063,-0.357215,1
44.539779663,0.933512,-0.000709,-0.014036,-0.358271,1
44.544784546,0.932943,-0.000346,-0.013539,-0.359769,1
44.549781799,0.932403,-0.000542,-0.013930,-0.361151,1
44.554771423,0.932002,-0.000565,-0.014408,-0.362167,1
44.559761047,0.931553,-0.000537,-0.014712,-0.363308,1
44.564743042,0.931165,-0.000485,-0.015107,-0.364286,1
44.569721222,0.930772,-0.000386,-0.015040,-0.365291,1
44.574695587,0.930246,-0.000184,-0.014822,-0.366638,1
44.579662323,0.929745,-0.000280,-0.014341,-0.367924,1
44.584629059,0.929238,-0.000381,-0.014290,-0.369205,1
44.589588165,0.928773,-0.000172,-0.014643,-0.370360,1
44.594631195,0.928335,-0.000400,-0.014980,-0.371442,1
44.599670410,0.927958,-0.000205,-0.015132,-0.372378,1
44.604701996,0.927468,-0.000247,-0.014881,-0.373605,1
44.609733582,0.927022,-0.000212,-0.014243,-0.374736,1
44.614757538,0.926493,-0.000011,-0.013934,-0.376053,1
44.619777679,0.925883,0.000060,-0.015009,-0.377511,1
44.624794006,0.925507,-0.000332,-0.015155,-0.378426,1
44.629802704,0.925155,-0.000356,-0.014608,-0.379309,1
44.634811401,0.924619,-0.000002,-0.014359,-0.380623,1
44.639812469,0.924076,-0.000148,-0.014182,-0.381945,1
44.644809723,0.923592,-0.000207,-0.014367,-0.383107,1
44.649803162,0.923046,-0.000507,-0.014793,-0.384404,1
44.654792786,0.922622,-0.000831,-0.014846,-0.385419,1
44.659778595,0.922224,-0.000858,-0.014426,-0.386387,1
44.664752960,0.921647,-0.000644,-0.014795,-0.387746,1
44.669731140,0.921055,-0.000658,-0.015525,-0.389122,1
44.674697876,0.920676,-0.000919,-0.013860,-0.390081,1
44.679664612,0.920198,-0.000860,-0.013233,-0.391228,1
44.684627533,0.919554,-0.000955,-0.014746,-0.392686,1
44.689670563,0.919107,-0.001661,-0.015279,-0.393708,1
44.694709778,0.918772,-0.001511,-0.014538,-0.394517,1
44.699741364,0.918194,-0.001401,-0.013637,-0.395894,1
44.704772949,0.917613,-0.001473,-0.013279,-0.397251,1
44.709796906,0.917116,-0.001628,-0.013680,-0.398382,1
44.714820862,0.916623,-0.002352,-0.014403,-0.399486,1
44.719833374,0.916272,-0.002470,-0.014310,-0.400292,1
44.724845886,0.915768,-0.002380,-0.014250,-0.401448,1
44.729850769,0.915209,-0.002362,-0.013903,-0.402732,1
44.734851837,0.914731,-0.002755,-0.012884,-0.403849,1
44.739849091,0.914177,-0.002588,-0.013201,-0.405093,1
44.744838715,0.913596,-0.002904,-0.014309,-0.406361,1
44.749828339,0.913224,-0.002869,-0.014393,-0.407194,1
44.754814148,0.912779,-0.003008,-0.013536,-0.408219,1
44.759788513,0.912220,-0.002765,-0.013125,-0.409480,1
44.764766693,0.911611,-0.002722,-0.013118,-0.410837,1
44.769737244,0.911047,-0.002680,-0.013532,-0.412072,1
44.774703979,0.910517,-0.002999,-0.013882,-0.413228,1
44.779666901,0.910044,-0.003033,-0.013923,-0.414267,1
44.784709930,0.909556,-0.003005,-0.013746,-0.415343,1
44.789749146,0.909016,-0.002687,-0.013727,-0.416527,1
44.794780731,0.908365,-0.002432,-0.013731,-0.417946,1
44.799812317,0.907784,-0.002623,-0.013109,-0.419224,1
44.804836273,0.907194,-0.002553,-0.013256,-0.420495,1
44.809856415,0.906666,-0.003078,-0.012901,-0.421641,1
44.814872742,0.906178,-0.003076,-0.013860,-0.422657,1
44.819881439,0.905592,-0.003757,-0.014637,-0.423881,1
44.824886322,0.905106,-0.003535,-0.014027,-0.424940,1
44.829883575,0.904474,-0.003096,-0.013620,-0.426299,1
44.834880829,0.903820,-0.002970,-0.013379,-0.427694,1
44.839870453,0.903207,-0.002891,-0.013260,-0.428991,1
44.844856262,0.902654,-0.003282,-0.012841,-0.430163,1
44.849834442,0.902195,-0.003468,-0.013254,-0.431111,1
44.854816437,0.901560,-0.003612,-0.015133,-0.432375,1
44.859786987,0.901005,-0.003872,-0.014860,-0.433536,1
44.864753723,0.900490,-0.003021,-0.013876,-0.434645,1
44.869716644,0.899710,-0.002071,-0.013537,-0.436273,1
44.874675751,0.899024,-0.003442,-0.012955,-0.437695,1
44.879718781,0.898607,-0.002878,-0.013643,-0.438532,1
44.884757996,0.897983,-0.003216,-0.014250,-0.439788,1
44.889797211,0.897433,-0.003101,-0.014943,-0.440887,1
44.894824982,0.896886,-0.002968,-0.014219,-0.442022,1
44.899852753,0.896175,-0.002759,-0.013270,-0.443494,1
44.904869080,0.895505,-0.002789,-0.013216,-0.444847,1
44.909889221,0.894873,-0.002950,-0.014146,-0.446086,1
44.914897919,0.894312,-0.003441,-0.014101,-0.447208,1
44.919906616,0.893849,-0.003319,-0.013994,-0.448138,1
44.924907684,0.893202,-0.003113,-0.014488,-0.449412,1
44.929901123,0.892515,-0.003258,-0.014331,-0.450779,1
44.934894562,0.891972,-0.002947,-0.013340,-0.451884,1
44.939884186,0.891243,-0.002885,-0.013797,-0.453307,1
44.944866180,0.890557,-0.003107,-0.014298,-0.454637,1
44.949844360,0.890077,-0.003395,-0.014200,-0.455576,1
44.954818726,0.889502,-0.003087,-0.014526,-0.456689,1
44.959789276,0.888882,-0.003158,-0.013931,-0.457914,1
44.964752197,0.888291,-0.002936,-0.012925,-0.459089,1
44.969715118,0.887516,-0.002753,-0.013885,-0.460559,1
44.974666595,0.886869,-0.003380,-0.014462,-0.461783,1
44.979709625,0.886449,-0.003157,-0.014117,-0.462599,1
44.984741211,0.885772,-0.003116,-0.014262,-0.463890,1
44.989772797,0.885148,-0.003136,-0.013977,-0.465089,1
44.994796753,0.884610,-0.003006,-0.012831,-0.466146,1
44.999820709,0.883861,-0.003087,-0.013588,-0.467542,1
45.004833221,0.883189,-0.003534,-0.014427,-0.468781,1
45.009845734,0.882752,-0.003331,-0.013174,-0.469642,1
45.014850616,0.882075,-0.003224,-0.013331,-0.470909,1
45.019851685,0.881321,-0.003474,-0.014162,-0.472293,1
45.024848938,0.880817,-0.003646,-0.013196,-0.473259,1
45.029838562,0.880251,-0.003248,-0.012987,-0.474319,1
45.034828186,0.879470,-0.003595,-0.013905,-0.475737,1
45.039810181,0.878927,-0.003798,-0.013575,-0.476748,1
45.044784546,0.878397,-0.003546,-0.013188,-0.477737,1
45.049758911,0.877685,-0.003324,-0.013131,-0.479046,1
45.054725647,0.877003,-0.003484,-0.012682,-0.480305,1
45.059692383,0.876366,-0.003466,-0.012614,-0.481469,1
45.064647675,0.875650,-0.003966,-0.013344,-0.482746,1
45.069599152,0.875158,-0.004083,-0.013393,-0.483635,1
45.074642181,0.874568,-0.004089,-0.013237,-0.484706,1
45.079673767,0.873918,-0.004010,-0.012955,-0.485885,1
45.084705353,0.873299,-0.004046,-0.012113,-0.487017,1
45.089729309,0.872597,-0.004022,-0.012449,-0.488265,1
45.094753265,0.871890,-0.004532,-0.013426,-0.489496,1
45.099769592,0.871422,-0.004521,-0.013341,-0.490332,1
45.104778290,0.870795,-0.004351,-0.013004,-0.491455,1
45.109786987,0.870047,-0.004245,-0.012791,-0.492784,1
45.114788055,0.869384,-0.004358,-0.012347,-0.493964,1
45.119785309,0.868693,-0.004380,-0.012688,-0.495169,1
45.124778748,0.868018,-0.004694,-0.013481,-0.496328,1
45.129764557,0.867453,-0.004629,-0.013601,-0.497312,1
45.134750366,0.866838,-0.004491,-0.013558,-0.498385,1
45.139724731,0.866095,-0.004236,-0.013511,-0.499679,1
45.144699097,0.865411,-0.004112,-0.012779,-0.500883,1
45.149665833,0.864671,-0.003862,-0.012465,-0.502168,1
45.154632568,0.863962,-0.004137,-0.012777,-0.503379,1
45.159591675,0.863413,-0.004581,-0.012648,-0.504318,1
45.164543152,0.862763,-0.004709,-0.014082,-0.505390,1
45.169586182,0.862116,-0.005295,-0.014353,-0.506480,1
45.174621582,0.861553,-0.004829,-0.013942,-0.507453,1
45.179653168,0.860808,-0.004550,-0.013001,-0.508743,1
45.184680939,0.859958,-0.004166,-0.012265,-0.510200,1
45.189701080,0.859246,-0.004527,-0.012415,-0.511391,1
45.194717407,0.858859,-0.004312,-0.012672,-0.512037,1
45.199733734,0.858042,-0.004776,-0.015167,-0.513333,1
45.204742432,0.857259,-0.005278,-0.015396,-0.514628,1
45.209747314,0.856589,-0.004453,-0.014000,-0.515789,1
45.214744568,0.855761,-0.003232,-0.012725,-0.517205,1
45.219741821,0.855000,-0.003125,-0.013133,-0.518452,1
45.224731445,0.854368,-0.003796,-0.013777,-0.519473,1
45.229717255,0.853803,-0.003872,-0.014179,-0.520388,1
45.234695435,0.853107,-0.003851,-0.014010,-0.521534,1
45.239673615,0.852405,-0.003741,-0.014098,-0.522679,1
45.244644165,0.851677,-0.003281,-0.013699,-0.523878,1
45.249614716,0.850898,-0.003103,-0.013040,-0.525159,1
45.254577637,0.850144,-0.003392,-0.013642,-0.526362,1
45.259532928,0.849465,-0.003539,-0.014410,-0.527436,1
45.264575958,0.848900,-0.003468,-0.014353,-0.528347,1
45.269611359,0.848263,-0.003387,-0.014740,-0.529360,1
45.274642944,0.847476,-0.003541,-0.014576,-0.530621,1
45.279670715,0.846852,-0.003034,-0.013526,-0.531647,1
45.284690857,0.846055,-0.002739,-0.013517,-0.532917,1
45.289707184,0.845233,-0.002937,-0.014392,-0.534195,1
45.294719696,0.844640,-0.003077,-0.014380,-0.535133,1
45.299724579,0.844014,-0.002953,-0.014516,-0.536117,1
45.304729462,0.843408,-0.003013,-0.013967,-0.537084,1
45.309726715,0.842741,-0.002678,-0.013844,-0.538135,1
45.314720154,0.841897,-0.002933,-0.014241,-0.539443,1
45.319709778,0.841282,-0.003001,-0.014041,-0.540405,1
45.324691772,0.840649,-0.002752,-0.014107,-0.541390,1
45.329673767,0.839886,-0.002745,-0.014679,-0.542557,1
45.334651947,0.839243,-0.002830,-0.015010,-0.543541,1
45.339618683,0.838607,-0.002422,-0.014679,-0.544534,1
45.344585419,0.837926,-0.002285,-0.013219,-0.545620,1
45.349544525,0.837121,-0.002358,-0.013496,-0.546846,1
45.354499817,0.836370,-0.002844,-0.014419,-0.547968,1
45.359542847,0.835851,-0.003468,-0.014883,-0.548744,1
45.364574432,0.835302,-0.003397,-0.014365,-0.549593,1
45.369609833,0.834573,-0.003020,-0.013407,-0.550726,1
45.374637604,0.833774,-0.002613,-0.013241,-0.551940,1
45.379661560,0.832942,-0.002921,-0.014017,-0.553175,1
45.384677887,0.832353,-0.003425,-0.014138,-0.554054,1
45.389694214,0.831849,-0.003297,-0.014536,-0.554802,1
45.394702911,0.831186,-0.003114,-0.014016,-0.555809,1
45.399707794,0.830445,-0.002726,-0.013148,-0.556939,1
45.404708862,0.829601,-0.002698,-0.013284,-0.558192,1
45.409706116,0.828833,-0.003064,-0.013707,-0.559319,1
45.414695740,0.828320,-0.003170,-0.013978,-0.560071,1
45.419685364,0.827625,-0.003138,-0.014039,-0.561096,1
45.424663544,0.826974,-0.003054,-0.013309,-0.562074,1
45.429641724,0.826326,-0.002716,-0.012852,-0.563039,1
45.434612274,0.825486,-0.003009,-0.013730,-0.564248,1
45.439582825,0.824809,-0.003709,-0.014115,-0.565224,1
45.444545746,0.824364,-0.003280,-0.013734,-0.565884,1
45.449508667,0.823579,-0.003098,-0.013577,-0.567031,1
45.454547882,0.822778,-0.002972,-0.013548,-0.568194,1
45.459587097,0.822133,-0.002999,-0.013071,-0.569138,1
45.464618683,0.821418,-0.003053,-0.013365,-0.570162,1
45.469646454,0.820726,-0.003347,-0.013892,-0.571143,1
45.474670410,0.820123,-0.003178,-0.014117,-0.572004,1
45.479690552,0.819441,-0.003177,-0.013968,-0.572985,1
45.484703064,0.818747,-0.002872,-0.013573,-0.573987,1
45.489711761,0.818018,-0.002695,-0.013748,-0.575022,1
45.494716644,0.817290,-0.002753,-0.013550,-0.576060,1
45.499721527,0.816554,-0.002750,-0.013501,-0.577105,1
45.504711151,0.815926,-0.003124,-0.012907,-0.578003,1
45.509704590,0.815322,-0.003290,-0.013508,-0.578840,1
45.514690399,0.814578,-0.004235,-0.014687,-0.579852,1
45.519676208,0.814082,-0.004272,-0.014295,-0.580558,1
45.524650574,0.813400,-0.003588,-0.013418,-0.581539,1
45.529624939,0.812532,-0.003328,-0.012857,-0.582766,1
45.534591675,0.811732,-0.003330,-0.013496,-0.583865,1
45.539558411,0.811099,-0.003761,-0.013757,-0.584735,1
45.544517517,0.810684,-0.004235,-0.012897,-0.585327,1
45.549560547,0.810010,-0.004156,-0.014037,-0.586233,1
45.554599762,0.809209,-0.004847,-0.015402,-0.587299,1
45.559627533,0.808763,-0.004927,-0.014402,-0.587938,1
45.564659119,0.808160,-0.003185,-0.012736,-0.588817,1
45.569679260,0.807175,-0.003762,-0.012786,-0.590161,1
45.574699402,0.806650,-0.004003,-0.013724,-0.590857,1
45.579715729,0.806092,-0.004437,-0.014510,-0.591596,1
45.584724426,0.805497,-0.004485,-0.014473,-0.592407,1
45.589729309,0.804849,-0.004239,-0.013833,-0.593303,1
45.594730377,0.804146,-0.003536,-0.012752,-0.594285,1
45.599727631,0.803269,-0.004034,-0.013347,-0.595454,1
45.604717255,0.802708,-0.004370,-0.013560,-0.596202,1
45.609706879,0.802172,-0.004743,-0.013886,-0.596912,1
45.614685059,0.801587,-0.004861,-0.014493,-0.597683,1
45.619667053,0.801053,-0.004995,-0.013890,-0.598411,1
45.624637604,0.800465,-0.004384,-0.013137,-0.599220,1
45.629608154,0.799598,-0.004539,-0.013855,-0.600359,1
45.634571075,0.798887,-0.005069,-0.014014,-0.601296,1
45.639533997,0.798523,-0.004794,-0.013007,-0.601805,1
45.644573212,0.797856,-0.004781,-0.013445,-0.602679,1
45.649612427,0.797202,-0.005205,-0.014122,-0.603525,1
45.654647827,0.796818,-0.005110,-0.013737,-0.604042,1
45.659671783,0.796185,-0.005138,-0.013707,-0.604876,1
45.664699554,0.795486,-0.005181,-0.013559,-0.605798,1
45.669715881,0.794973,-0.004910,-0.012975,-0.606486,1
45.674728394,0.794291,-0.005153,-0.013957,-0.607355,1
45.679737091,0.793719,-0.005723,-0.014284,-0.608090,1
45.684741974,0.793405,-0.005443,-0.013332,-0.608523,1
45.689743042,0.792770,-0.005206,-0.013346,-0.609352,1
45.694732666,0.792035,-0.005471,-0.013864,-0.610294,1
45.699722290,0.791527,-0.005482,-0.013182,-0.610967,1
45.704708099,0.791001,-0.005339,-0.012359,-0.611666,1
45.709693909,0.790392,-0.005601,-0.013560,-0.612425,1
45.714668274,0.789775,-0.006168,-0.014769,-0.613188,1
45.719642639,0.789420,-0.006010,-0.013436,-0.613678,1
45.724609375,0.788890,-0.005095,-0.012277,-0.614391,1
45.729572296,0.788143,-0.005482,-0.013307,-0.615324,1
45.734531403,0.787593,-0.005999,-0.013930,-0.616008,1
45.739574432,0.787211,-0.006385,-0.012857,-0.616516,1
45.744609833,0.786817,-0.005783,-0.012392,-0.617035,1
45.749645233,0.786088,-0.005937,-0.013358,-0.617941,1
45.754673004,0.785575,-0.006490,-0.013574,-0.618584,1
45.759696960,0.785213,-0.006125,-0.012726,-0.619065,1
45.764713287,0.784566,-0.006054,-0.012928,-0.619882,1
45.769729614,0.784015,-0.006221,-0.013396,-0.620567,1
45.774738312,0.783626,-0.006052,-0.012408,-0.621079,1
45.779743195,0.783066,-0.005928,-0.012388,-0.621787,1
45.784744263,0.782514,-0.006338,-0.012999,-0.622466,1
45.789737701,0.782168,-0.006561,-0.013334,-0.622890,1
45.794727325,0.781781,-0.006508,-0.012616,-0.623391,1
45.799709320,0.781186,-0.006348,-0.012506,-0.624141,1
45.804691315,0.780637,-0.006363,-0.012930,-0.624818,1
45.809669495,0.780278,-0.006432,-0.012322,-0.625279,1
45.814636230,0.779798,-0.006304,-0.012254,-0.625880,1
45.819606781,0.779255,-0.006705,-0.013145,-0.626533,1
45.824565887,0.778905,-0.006979,-0.013614,-0.626955,1
45.829521179,0.778535,-0.006670,-0.012392,-0.627444,1
45.834564209,0.777916,-0.006055,-0.011858,-0.628228,1
45.839603424,0.777305,-0.006170,-0.012579,-0.628968,1
45.844635010,0.776887,-0.006317,-0.012636,-0.629482,1
45.849666595,0.776497,-0.006288,-0.012491,-0.629965,1
45.854686737,0.775967,-0.006226,-0.013109,-0.630606,1
45.859710693,0.775530,-0.006633,-0.013518,-0.631131,1
45.864723206,0.775183,-0.006279,-0.013022,-0.631572,1
45.869731903,0.774585,-0.005825,-0.012914,-0.632312,1
45.874736786,0.773988,-0.005839,-0.013464,-0.633030,1
45.879734039,0.773569,-0.005943,-0.013693,-0.633536,1
45.884731293,0.773138,-0.005823,-0.013601,-0.634065,1
45.889720917,0.772710,-0.005563,-0.013189,-0.634598,1
45.894706726,0.772167,-0.005143,-0.013437,-0.635256,1
45.899684906,0.771557,-0.005443,-0.013660,-0.635991,1
45.904663086,0.771317,-0.005574,-0.012577,-0.636302,1
45.909633636,0.770926,-0.005609,-0.013505,-0.636757,1
45.914600372,0.770408,-0.006561,-0.014808,-0.637345,1
45.919563293,0.770174,-0.006441,-0.014476,-0.637637,1
45.924518585,0.769722,-0.005462,-0.013350,-0.638216,1
45.929561615,0.769015,-0.005022,-0.013282,-0.639073,1
45.934600830,0.768509,-0.005162,-0.013536,-0.639675,1
45.939640045,0.768152,-0.005192,-0.014077,-0.640092,1
45.944667816,0.767651,-0.005409,-0.014227,-0.640687,1
45.949687958,0.767354,-0.005246,-0.012811,-0.641074,1
45.954711914,0.766982,-0.005072,-0.013399,-0.641509,1
45.959728241,0.766425,-0.006041,-0.015376,-0.642121,1
45.964736938,0.766187,-0.006411,-0.014736,-0.642416,1
45.969749451,0.765867,-0.005036,-0.013149,-0.642845,1
45.974750519,0.765227,-0.004871,-0.012961,-0.643611,1
45.979747772,0.764704,-0.005543,-0.014623,-0.644191,1
45.984741211,0.764489,-0.006234,-0.014615,-0.644441,1
45.989723206,0.764239,-0.006077,-0.013934,-0.644754,1
45.994709015,0.763674,-0.005862,-0.014252,-0.645419,1
45.999687195,0.763212,-0.005631,-0.014206,-0.645968,1
46.004657745,0.762834,-0.005557,-0.013428,-0.646431,1
46.009628296,0.762392,-0.005750,-0.013302,-0.646953,1
46.014591217,0.762006,-0.006357,-0.014568,-0.647375,1
46.019550323,0.761755,-0.006621,-0.014656,-0.647666,1
46.024593353,0.761456,-0.006050,-0.013311,-0.648051,1
46.029636383,0.760855,-0.005577,-0.013841,-0.648750,1
46.034667969,0.760276,-0.006122,-0.014361,-0.649413,1
46.039699554,0.760064,-0.005824,-0.013356,-0.649685,1
46.044723511,0.759632,-0.005534,-0.013349,-0.650192,1
46.049747467,0.759093,-0.005907,-0.014743,-0.650788,1
46.054763794,0.758782,-0.006065,-0.014921,-0.651145,1
46.059772491,0.758507,-0.005682,-0.013551,-0.651499,1
46.064785004,0.758008,-0.005309,-0.013390,-0.652086,1
46.069786072,0.757368,-0.005380,-0.014486,-0.652805,1
46.074787140,0.757022,-0.005709,-0.014360,-0.653206,1
46.079780579,0.756712,-0.005603,-0.014270,-0.653569,1
46.084766388,0.756223,-0.005643,-0.014591,-0.654127,1
46.089752197,0.755801,-0.005429,-0.015038,-0.654606,1
46.094738007,0.755440,-0.005100,-0.013428,-0.655060,1
46.099708557,0.755155,-0.005048,-0.012718,-0.655404,1
46.104682922,0.754699,-0.005511,-0.015103,-0.655874,1
46.109649658,0.754216,-0.006734,-0.015591,-0.656407,1
46.114616394,0.754061,-0.006259,-0.014023,-0.656625,1
46.119655609,0.753654,-0.005371,-0.013427,-0.657112,1
46.124694824,0.753084,-0.005496,-0.013923,-0.657754,1
46.129734039,0.752740,-0.006019,-0.013982,-0.658142,1
46.134761810,0.752540,-0.005977,-0.013421,-0.658383,1
46.139789581,0.752166,-0.006063,-0.013217,-0.658813,1
46.144805908,0.751892,-0.006093,-0.014179,-0.659105,1
46.149826050,0.751593,-0.006310,-0.014134,-0.659445,1
46.154834747,0.751279,-0.005939,-0.013290,-0.659824,1
46.159839630,0.750916,-0.005465,-0.012111,-0.660264,1
46.164840698,0.750432,-0.005272,-0.012865,-0.660801,1
46.169837952,0.750019,-0.006299,-0.014373,-0.661230,1
46.174831390,0.749974,-0.006725,-0.013926,-0.661287,1
46.179817200,0.749810,-0.006226,-0.012861,-0.661499,1
46.184795380,0.749343,-0.005579,-0.012627,-0.662038,1
46.189773560,0.748776,-0.005763,-0.013282,-0.662665,1
46.194744110,0.748438,-0.006304,-0.013575,-0.663036,1
46.199714661,0.748290,-0.006146,-0.012886,-0.663218,1
46.204677582,0.748013,-0.006126,-0.013031,-0.663527,1
46.209636688,0.747641,-0.005798,-0.013532,-0.663940,1
46.214595795,0.747363,-0.005589,-0.012408,-0.664277,1
46.219631195,0.747040,-0.005572,-0.012421,-0.664640,1
46.224666595,0.746661,-0.006064,-0.012619,-0.665058,1
46.229701996,0.746473,-0.006219,-0.012750,-0.665265,1
46.234725952,0.746253,-0.006191,-0.012950,-0.665508,1
46.239749908,0.745984,-0.006415,-0.012830,-0.665810,1
46.244766235,0.745745,-0.006051,-0.012240,-0.666092,1
46.249778748,0.745349,-0.005931,-0.012219,-0.666536,1
46.254783630,0.745077,-0.005986,-0.012065,-0.666842,1
46.259788513,0.744843,-0.005901,-0.012124,-0.667104,1
46.264789581,0.744549,-0.006251,-0.012269,-0.667426,1
46.269783020,0.744405,-0.006455,-0.012460,-0.667581,1
46.274772644,0.744228,-0.006238,-0.012240,-0.667785,1
46.279762268,0.743882,-0.005887,-0.011961,-0.668178,1
46.284744263,0.743533,-0.005776,-0.011998,-0.668567,1
46.289718628,0.743227,-0.005803,-0.012227,-0.668902,1
46.294692993,0.743043,-0.005958,-0.012436,-0.669101,1
46.299659729,0.742856,-0.005880,-0.012556,-0.669307,1
46.304626465,0.742624,-0.005682,-0.012334,-0.669571,1
46.309581757,0.742278,-0.005490,-0.012345,-0.669956,1
46.314624786,0.741960,-0.005572,-0.012307,-0.670308,1
46.319656372,0.741697,-0.005487,-0.012690,-0.670592,1
46.324687958,0.741470,-0.005574,-0.012754,-0.670842,1
46.329711914,0.741285,-0.005345,-0.012758,-0.671048,1
46.334735870,0.741008,-0.005257,-0.013237,-0.671345,1
46.339752197,0.740722,-0.005240,-0.013128,-0.671663,1
46.344764709,0.740490,-0.004528,-0.012421,-0.671938,1
46.349769592,0.740060,-0.004194,-0.012879,-0.672405,1
46.354774475,0.739660,-0.004780,-0.013512,-0.672828,1
46.359771729,0.739765,-0.004710,-0.012341,-0.672736,1
46.364768982,0.739628,-0.004289,-0.012151,-0.672892,1
46.369758606,0.739241,-0.004908,-0.014140,-0.673274,1
46.374744415,0.739113,-0.005556,-0.014162,-0.673409,1
46.379726410,0.739078,-0.004919,-0.012623,-0.673483,1
46.384700775,0.738699,-0.004114,-0.012621,-0.673905,1
46.389671326,0.738244,-0.004100,-0.013102,-0.674394,1
46.394638062,0.738092,-0.004567,-0.013341,-0.674552,1
46.399600983,0.737965,-0.004287,-0.013412,-0.674692,1
46.404560089,0.737673,-0.004340,-0.013228,-0.675014,1
46.409595490,0.737622,-0.004059,-0.012038,-0.675094,1
46.414634705,0.737431,-0.004009,-0.012724,-0.675290,1
46.419666290,0.737135,-0.004998,-0.014639,-0.675568,1
46.424690247,0.737215,-0.005403,-0.014163,-0.675489,1
46.429714203,0.737235,-0.004030,-0.012725,-0.675505,1
46.434730530,0.736680,-0.003494,-0.012600,-0.676115,1
46.439739227,0.736326,-0.004022,-0.013731,-0.676476,1
46.444747925,0.736338,-0.004685,-0.014240,-0.676447,1
46.449748993,0.736319,-0.004722,-0.013670,-0.676480,1
46.454746246,0.736033,-0.004293,-0.013452,-0.676798,1
46.459739685,0.735789,-0.003700,-0.013623,-0.677063,1
46.464729309,0.735541,-0.004087,-0.013858,-0.677327,1
46.469715118,0.735479,-0.003923,-0.012969,-0.677412,1
46.474689484,0.735283,-0.004005,-0.013308,-0.677618,1
46.479663849,0.735072,-0.004695,-0.014410,-0.677819,1
46.484630585,0.735094,-0.004890,-0.014144,-0.677800,1
46.489597321,0.735055,-0.004107,-0.013172,-0.677867,1
46.494556427,0.734668,-0.003989,-0.013380,-0.678283,1
46.499511719,0.734438,-0.004333,-0.014134,-0.678515,1
46.504550934,0.734406,-0.004370,-0.013608,-0.678560,1
46.509590149,0.734291,-0.004312,-0.013182,-0.678693,1
46.514617920,0.734096,-0.004134,-0.013739,-0.678894,1
46.519649506,0.733952,-0.004481,-0.014234,-0.679037,1
46.524669647,0.733954,-0.004485,-0.013915,-0.679042,1
46.529685974,0.733796,-0.004189,-0.012998,-0.679233,1
46.534702301,0.733505,-0.004074,-0.013504,-0.679537,1
46.539710999,0.733345,-0.004613,-0.014248,-0.679691,1
46.544715881,0.733337,-0.004706,-0.013985,-0.679705,1
46.549716949,0.733296,-0.004444,-0.013557,-0.679760,1
46.554710388,0.733106,-0.004407,-0.014032,-0.679956,1
46.559703827,0.732962,-0.004557,-0.014151,-0.680107,1
46.564689636,0.732919,-0.004206,-0.013114,-0.680177,1
46.569667816,0.732645,-0.004067,-0.013108,-0.680472,1
46.574645996,0.732433,-0.004531,-0.014378,-0.680672,1
46.579616547,0.732473,-0.005099,-0.014685,-0.680619,1
46.584587097,0.732544,-0.004732,-0.013674,-0.680566,1
46.589550018,0.732348,-0.004334,-0.013371,-0.680786,1
46.594509125,0.732091,-0.004283,-0.013883,-0.681051,1
46.599552155,0.731972,-0.004506,-0.014088,-0.681175,1
46.604587555,0.731981,-0.004637,-0.013310,-0.681180,1
46.609619141,0.731931,-0.004543,-0.013095,-0.681237,1
46.614650726,0.731745,-0.004796,-0.014115,-0.681415,1
46.619670868,0.731715,-0.005508,-0.014362,-0.681437,1
46.624691010,0.731785,-0.005100,-0.013517,-0.681383,1
46.629707336,0.731673,-0.004582,-0.012460,-0.681526,1
46.634716034,0.731367,-0.004531,-0.013105,-0.681843,1
46.639720917,0.731274,-0.005250,-0.014051,-0.681918,1
46.644721985,0.731442,-0.005581,-0.013765,-0.681742,1
46.649719238,0.731485,-0.005280,-0.013114,-0.681711,1
46.654712677,0.731304,-0.004656,-0.012533,-0.681920,1
46.659698486,0.731053,-0.004738,-0.013509,-0.682171,1
46.664684296,0.731016,-0.005524,-0.013606,-0.682202,1
46.669658661,0.731219,-0.005393,-0.012808,-0.682001,1
46.674636841,0.731170,-0.005314,-0.013102,-0.682048,1
46.679603577,0.730924,-0.004969,-0.013420,-0.682309,1
46.684570312,0.730892,-0.005006,-0.012673,-0.682357,1
46.689529419,0.730842,-0.004996,-0.012490,-0.682415,1
46.694572449,0.730704,-0.005230,-0.012718,-0.682556,1
46.699611664,0.730629,-0.005447,-0.012769,-0.682633,1
46.704639435,0.730576,-0.005695,-0.013263,-0.682679,1
46.709671021,0.730581,-0.005770,-0.012697,-0.682684,1
46.714691162,0.730549,-0.005349,-0.012312,-0.682728,1
46.719715118,0.730316,-0.005317,-0.012362,-0.682977,1
46.724727631,0.730249,-0.005567,-0.012524,-0.683044,1
46.729736328,0.730242,-0.005527,-0.012324,-0.683055,1
46.734741211,0.730118,-0.005636,-0.012557,-0.683183,1
46.739742279,0.730058,-0.005845,-0.012947,-0.683237,1
46.744739532,0.730092,-0.005720,-0.012629,-0.683209,1
46.749732971,0.729958,-0.005264,-0.011973,-0.683367,1
46.754718781,0.729767,-0.005140,-0.012134,-0.683569,1
46.759696960,0.729688,-0.005346,-0.012728,-0.683641,1
46.764678955,0.729690,-0.005654,-0.013022,-0.683631,1
46.769653320,0.729747,-0.005597,-0.012493,-0.683580,1
46.774623871,0.729639,-0.005365,-0.012606,-0.683696,1
46.779586792,0.729477,-0.005299,-0.013140,-0.683859,1
46.784553528,0.729362,-0.005297,-0.013113,-0.683982,1
46.789596558,0.729279,-0.005147,-0.012753,-0.684078,1
46.794628143,0.729248,-0.004935,-0.013009,-0.684108,1
46.799663544,0.729142,-0.004942,-0.013708,-0.684207,1
46.804691315,0.729026,-0.004964,-0.013720,-0.684330,1
46.809715271,0.729065,-0.004664,-0.013256,-0.684301,1
46.814735413,0.728822,-0.004306,-0.013349,-0.684559,1
46.819751740,0.728655,-0.004277,-0.013250,-0.684740,1
46.824760437,0.728734,-0.004226,-0.013088,-0.684658,1
46.829765320,0.728651,-0.004892,-0.014245,-0.684720,1
46.834766388,0.728675,-0.005505,-0.014629,-0.684681,1
46.839763641,0.728812,-0.004862,-0.013890,-0.684556,1
46.844753265,0.728608,-0.004378,-0.014273,-0.684768,1
46.849739075,0.728301,-0.004066,-0.013877,-0.685105,1
46.854721069,0.728288,-0.003641,-0.013094,-0.685136,1
46.859699249,0.728164,-0.003710,-0.013845,-0.685253,1
46.864669800,0.728091,-0.004268,-0.014662,-0.685310,1
46.869644165,0.728194,-0.004004,-0.014422,-0.685208,1
46.874607086,0.728164,-0.003980,-0.014117,-0.685246,1
46.879566193,0.728017,-0.003899,-0.013963,-0.685406,1
46.884609222,0.727904,-0.003742,-0.014350,-0.685518,1
46.889648438,0.727780,-0.003978,-0.014671,-0.685642,1
46.894683838,0.727814,-0.004222,-0.014502,-0.685609,1
46.899711609,0.727803,-0.003864,-0.014340,-0.685626,1
46.904739380,0.727666,-0.004031,-0.014855,-0.685759,1
46.909755707,0.727618,-0.004352,-0.014773,-0.685809,1
46.914772034,0.727526,-0.004143,-0.014350,-0.685917,1
46.919780731,0.727309,-0.004212,-0.014534,-0.686144,1
46.924789429,0.727275,-0.004178,-0.014366,-0.686183,1
46.929790497,0.727236,-0.004110,-0.014298,-0.686226,1
46.934780121,0.727068,-0.004297,-0.014720,-0.686395,1
46.939773560,0.727091,-0.004401,-0.014499,-0.686373,1
46.944759369,0.727098,-0.004002,-0.014402,-0.686371,1
46.949741364,0.726797,-0.004279,-0.014995,-0.686675,1
46.954715729,0.726760,-0.004360,-0.015140,-0.686711,1
46.959693909,0.726766,-0.004211,-0.015494,-0.686698,1
46.964660645,0.726594,-0.003928,-0.015001,-0.686892,1
46.969627380,0.726554,-0.003303,-0.013239,-0.686974,1
46.974590302,0.726314,-0.003442,-0.014519,-0.687201,1
46.979633331,0.726223,-0.004627,-0.015662,-0.687266,1
46.984672546,0.726381,-0.004866,-0.015373,-0.687103,1
46.989704132,0.726358,-0.004496,-0.014558,-0.687148,1
46.994735718,0.726144,-0.003981,-0.014496,-0.687378,1
46.999755859,0.725971,-0.003956,-0.014562,-0.687559,1
47.004779816,0.725873,-0.004145,-0.014917,-0.687654,1
47.009792328,0.725891,-0.004496,-0.014522,-0.687641,1
47.014804840,0.725905,-0.004217,-0.013524,-0.687649,1
47.019809723,0.725778,-0.003947,-0.014240,-0.687770,1
47.024810791,0.725595,-0.004672,-0.015100,-0.687940,1
47.029808044,0.725677,-0.004375,-0.013977,-0.687879,1
47.034801483,0.725567,-0.003752,-0.012867,-0.688021,1
47.039791107,0.725346,-0.003934,-0.014101,-0.688229,1
47.044773102,0.725249,-0.004413,-0.014506,-0.688319,1
47.049747467,0.725362,-0.004160,-0.013493,-0.688223,1
47.054721832,0.725235,-0.004248,-0.013106,-0.688364,1
47.059688568,0.725121,-0.004515,-0.014274,-0.688459,1
47.064655304,0.725043,-0.004869,-0.014377,-0.688537,1
47.069614410,0.725013,-0.004630,-0.013213,-0.688593,1
47.074657440,0.724868,-0.004103,-0.012429,-0.688763,1
47.079692841,0.724612,-0.004377,-0.013306,-0.689015,1
47.084728241,0.724553,-0.004968,-0.013908,-0.689060,1
47.089759827,0.724614,-0.004941,-0.013115,-0.689013,1
47.094783783,0.724607,-0.004571,-0.012300,-0.689037,1
47.099800110,0.724324,-0.004163,-0.012562,-0.689333,1
47.104820251,0.724066,-0.004704,-0.013347,-0.689586,1
47.109828949,0.724085,-0.005056,-0.012957,-0.689571,1
47.114833832,0.724170,-0.005170,-0.012612,-0.689486,1
47.119834900,0.724045,-0.004790,-0.012750,-0.689619,1
47.124832153,0.723838,-0.004494,-0.012327,-0.689845,1
47.129821777,0.723672,-0.004688,-0.012449,-0.690016,1
47.134811401,0.723593,-0.004932,-0.012381,-0.690098,1
47.139793396,0.723521,-0.005066,-0.012327,-0.690174,1
47.144775391,0.723389,-0.005087,-0.012086,-0.690316,1
47.149749756,0.723275,-0.005110,-0.012309,-0.690432,1
47.154720306,0.723146,-0.005173,-0.012107,-0.690570,1
47.159683228,0.723062,-0.004947,-0.011423,-0.690672,1
47.164646149,0.722979,-0.004896,-0.011372,-0.690759,1
47.169692993,0.722767,-0.005117,-0.012064,-0.690968,1
47.174728394,0.722686,-0.005644,-0.012229,-0.691046,1
47.179763794,0.722754,-0.005347,-0.012189,-0.690977,1
47.184787750,0.722589,-0.005253,-0.011908,-0.691155,1
47.189815521,0.722355,-0.004716,-0.011748,-0.691407,1
47.194831848,0.722101,-0.004670,-0.011526,-0.691676,1
47.199851990,0.721985,-0.004594,-0.011900,-0.691792,1
47.204860687,0.721923,-0.004865,-0.012076,-0.691851,1
47.209861755,0.721894,-0.004854,-0.011989,-0.691882,1
47.214862823,0.721755,-0.004858,-0.012067,-0.692026,1
47.219860077,0.721566,-0.004772,-0.012241,-0.692221,1
47.224849701,0.721399,-0.004755,-0.012454,-0.692391,1
47.229831696,0.721291,-0.004711,-0.012456,-0.692504,1
47.234813690,0.721154,-0.004539,-0.012804,-0.692642,1
47.239791870,0.720988,-0.004709,-0.013116,-0.692807,1
47.244762421,0.720987,-0.004423,-0.012349,-0.692825,1
47.249732971,0.720762,-0.004035,-0.012260,-0.693063,1
47.254692078,0.720415,-0.004235,-0.012244,-0.693422,1
47.259651184,0.720432,-0.004324,-0.011448,-0.693418,1
47.264694214,0.720371,-0.004538,-0.013024,-0.693452,1
47.269733429,0.720236,-0.005677,-0.014172,-0.693561,1
47.274765015,0.720349,-0.005148,-0.013107,-0.693469,1
47.279796600,0.720195,-0.004165,-0.012323,-0.693650,1
47.284820557,0.719842,-0.003747,-0.012986,-0.694006,1
47.289840698,0.719712,-0.004326,-0.013186,-0.694134,1
47.294857025,0.719818,-0.004207,-0.013214,-0.694024,1
47.299865723,0.719733,-0.004221,-0.013015,-0.694117,1
47.304870605,0.719609,-0.004002,-0.013383,-0.694239,1
47.309871674,0.719613,-0.003813,-0.013306,-0.694238,1
47.314868927,0.719531,-0.003765,-0.012908,-0.694330,1
47.319862366,0.719405,-0.003780,-0.012899,-0.694461,1
47.324848175,0.719299,-0.004113,-0.013621,-0.694555,1
47.329830170,0.719327,-0.004202,-0.013815,-0.694522,1
47.334804535,0.719312,-0.004214,-0.013683,-0.694540,1
47.339778900,0.719230,-0.003798,-0.013171,-0.694637,1
47.344745636,0.718990,-0.003719,-0.013301,-0.694883,1
47.349712372,0.718784,-0.004053,-0.013814,-0.695084,1
47.354667664,0.718719,-0.004172,-0.013445,-0.695158,1
47.359710693,0.718680,-0.003927,-0.013028,-0.695208,1
47.364749908,0.718470,-0.004048,-0.013621,-0.695413,1
47.369785309,0.718341,-0.004549,-0.014013,-0.695535,1
47.374816895,0.718460,-0.004513,-0.013242,-0.695428,1
47.379840851,0.718246,-0.004316,-0.012917,-0.695656,1
47.384857178,0.717924,-0.004450,-0.013527,-0.695975,1
47.389877319,0.717868,-0.004869,-0.013826,-0.696025,1
47.394889832,0.717844,-0.004828,-0.013124,-0.696063,1
47.399894714,0.717727,-0.004523,-0.012986,-0.696189,1
47.404895782,0.717458,-0.004932,-0.013879,-0.696445,1
47.409896851,0.717426,-0.005133,-0.013656,-0.696482,1
47.414890289,0.717398,-0.004714,-0.012800,-0.696530,1
47.419879913,0.717089,-0.004699,-0.013220,-0.696840,1
47.424861908,0.716950,-0.004933,-0.013608,-0.696974,1
47.429840088,0.716925,-0.005257,-0.013428,-0.697002,1
47.434814453,0.716835,-0.005106,-0.013581,-0.697092,1
47.439785004,0.716647,-0.005102,-0.013551,-0.697285,1
47.444751740,0.716561,-0.004993,-0.013207,-0.697382,1
47.449710846,0.716395,-0.004784,-0.012859,-0.697560,1
47.454666138,0.716159,-0.005158,-0.013420,-0.697789,1
47.459709167,0.716106,-0.005627,-0.013599,-0.697836,1
47.464744568,0.716188,-0.005363,-0.013318,-0.697759,1
47.469772339,0.715954,-0.005224,-0.013092,-0.698005,1
47.474800110,0.715719,-0.005131,-0.013203,-0.698244,1
47.479820251,0.715660,-0.005230,-0.013260,-0.698304,1
47.484836578,0.715582,-0.005328,-0.012669,-0.698393,1
47.489852905,0.715430,-0.005256,-0.012737,-0.698549,1
47.494857788,0.715243,-0.005612,-0.013592,-0.698721,1
47.499862671,0.715293,-0.006040,-0.013577,-0.698667,1
47.504859924,0.715360,-0.005725,-0.012461,-0.698621,1
47.509853363,0.715124,-0.005066,-0.011889,-0.698879,1
47.514846802,0.714777,-0.005581,-0.012978,-0.699210,1
47.519828796,0.714768,-0.006284,-0.013300,-0.699207,1
47.524810791,0.714893,-0.006125,-0.012565,-0.699094,1
47.529792786,0.714821,-0.005898,-0.012169,-0.699177,1
47.534763336,0.714608,-0.005650,-0.012309,-0.699394,1
47.539733887,0.714374,-0.005837,-0.012603,-0.699626,1
47.544696808,0.714273,-0.005910,-0.012420,-0.699732,1
47.549652100,0.714303,-0.006022,-0.012690,-0.699696,1
47.554695129,0.714182,-0.006077,-0.012825,-0.699816,1
47.559730530,0.714109,-0.006015,-0.011993,-0.699906,1
47.564762115,0.713919,-0.005515,-0.011812,-0.700107,1
47.569789886,0.713594,-0.005839,-0.012177,-0.700429,1
47.574810028,0.713608,-0.006218,-0.012618,-0.700404,1
47.579826355,0.713576,-0.006389,-0.012584,-0.700436,1
47.584838867,0.713484,-0.006338,-0.012165,-0.700538,1
47.589847565,0.713322,-0.006064,-0.012108,-0.700705,1
47.594852448,0.713113,-0.006298,-0.012629,-0.700907,1
47.599853516,0.713086,-0.006630,-0.011994,-0.700942,1
47.604850769,0.713053,-0.006084,-0.011358,-0.700992,1
47.609840393,0.712784,-0.006194,-0.012205,-0.701251,1
47.614826202,0.712663,-0.007040,-0.013176,-0.701348,1
47.619804382,0.712759,-0.006746,-0.012169,-0.701271,1
47.624782562,0.712625,-0.005895,-0.011538,-0.701425,1
47.629753113,0.712252,-0.005957,-0.011945,-0.701797,1
47.634723663,0.712156,-0.006071,-0.012337,-0.701887,1
47.639686584,0.712101,-0.006317,-0.012187,-0.701943,1
47.644641876,0.712095,-0.006215,-0.012076,-0.701952,1
47.649684906,0.711981,-0.006182,-0.012467,-0.702060,1
47.654720306,0.711844,-0.006343,-0.012854,-0.702191,1
47.659748077,0.711745,-0.006317,-0.012587,-0.702297,1
47.664779663,0.711620,-0.005830,-0.012315,-0.702432,1
47.669799805,0.711442,-0.005730,-0.012693,-0.702606,1
47.674819946,0.711251,-0.005784,-0.013429,-0.702786,1
47.679832458,0.711202,-0.005762,-0.013059,-0.702843,1
47.684837341,0.711201,-0.005306,-0.012466,-0.702858,1
47.689842224,0.710889,-0.005018,-0.012571,-0.703174,1
47.694843292,0.710663,-0.005402,-0.012705,-0.703397,1
47.699836731,0.710773,-0.005744,-0.012362,-0.703289,1
47.704826355,0.710706,-0.005958,-0.012748,-0.703348,1
47.709815979,0.710586,-0.006355,-0.013721,-0.703448,1
47.714794159,0.710655,-0.006342,-0.013977,-0.703373,1
47.719772339,0.710521,-0.005726,-0.013051,-0.703532,1
47.724742889,0.710264,-0.004657,-0.012275,-0.703813,1
47.729713440,0.710017,-0.004672,-0.012841,-0.704052,1
47.734672546,0.709935,-0.005445,-0.014156,-0.704103,1
47.739635468,0.710015,-0.005625,-0.013542,-0.704034,1
47.744670868,0.710031,-0.005391,-0.013043,-0.704029,1
47.749710083,0.709868,-0.005147,-0.013577,-0.704185,1
47.754737854,0.709717,-0.004796,-0.013331,-0.704345,1
47.759765625,0.709549,-0.004834,-0.013389,-0.704513,1
47.764785767,0.709423,-0.005179,-0.013736,-0.704631,1
47.769805908,0.709475,-0.005470,-0.013828,-0.704574,1
47.774814606,0.709501,-0.005225,-0.014162,-0.704543,1
47.779823303,0.709213,-0.004901,-0.014339,-0.704832,1
47.784824371,0.708984,-0.004405,-0.014717,-0.705057,1
47.789821625,0.708878,-0.004235,-0.013514,-0.705189,1
47.794815063,0.708783,-0.004408,-0.013110,-0.705291,1
47.799804688,0.708645,-0.004672,-0.014335,-0.705404,1
47.804782867,0.708564,-0.005742,-0.014900,-0.705465,1
47.809761047,0.708731,-0.005594,-0.014565,-0.705306,1
47.814739227,0.708637,-0.004847,-0.013471,-0.705428,1
47.819702148,0.708311,-0.004135,-0.013088,-0.705768,1
47.824665070,0.708039,-0.004837,-0.013630,-0.706026,1
47.829627991,0.708065,-0.005299,-0.014028,-0.705988,1
47.834579468,0.708088,-0.005378,-0.013470,-0.705976,1
47.839622498,0.708034,-0.005260,-0.013358,-0.706033,1
47.844657898,0.707831,-0.004977,-0.013333,-0.706238,1
47.849693298,0.707711,-0.005104,-0.013501,-0.706355,1
47.854717255,0.707577,-0.004991,-0.012889,-0.706501,1
47.859745026,0.707409,-0.004940,-0.012543,-0.706676,1
47.864761353,0.707269,-0.005122,-0.013315,-0.706801,1
47.869777679,0.707214,-0.005575,-0.013611,-0.706847,1
47.874786377,0.707305,-0.005722,-0.013117,-0.706763,1
47.879795074,0.707188,-0.005345,-0.012940,-0.706887,1
47.884796143,0.706886,-0.005465,-0.013336,-0.707181,1
47.889793396,0.706756,-0.005431,-0.013111,-0.707315,1
47.894786835,0.706669,-0.005022,-0.011946,-0.707425,1
47.899776459,0.706436,-0.004955,-0.012659,-0.707646,1
47.904758453,0.706244,-0.005991,-0.013897,-0.707807,1
47.909736633,0.706379,-0.005974,-0.012977,-0.707690,1
47.914714813,0.706287,-0.005189,-0.011837,-0.707808,1
47.919681549,0.705877,-0.005074,-0.012588,-0.708204,1
47.924644470,0.705599,-0.005476,-0.013056,-0.708470,1
47.929611206,0.705704,-0.005562,-0.012291,-0.708379,1
47.934654236,0.705651,-0.005445,-0.011929,-0.708438,1
47.939685822,0.705393,-0.005579,-0.012832,-0.708678,1
47.944721222,0.705302,-0.006125,-0.013405,-0.708754,1
47.949748993,0.705321,-0.005937,-0.012652,-0.708750,1
47.954772949,0.705256,-0.005470,-0.011186,-0.708843,1
47.959793091,0.704954,-0.005254,-0.011626,-0.709138,1
47.964805603,0.704727,-0.006093,-0.012655,-0.709339,1
47.969818115,0.704864,-0.006448,-0.012590,-0.709201,1
47.974822998,0.704922,-0.006195,-0.011831,-0.709159,1
47.979824066,0.704784,-0.005677,-0.011261,-0.709310,1
47.984821320,0.704505,-0.005517,-0.011470,-0.709585,1
47.989810944,0.704343,-0.006039,-0.011986,-0.709733,1
47.994796753,0.704414,-0.005941,-0.011832,-0.709666,1
47.999778748,0.704379,-0.005928,-0.011733,-0.709702,1
48.004756927,0.704300,-0.005700,-0.012282,-0.709773,1
48.009727478,0.704262,-0.005745,-0.011633,-0.709822,1
48.014698029,0.704140,-0.005228,-0.010669,-0.709962,1
48.019660950,0.703886,-0.005474,-0.010999,-0.710207,1
48.024620056,0.703764,-0.005735,-0.011687,-0.710314,1
48.029663086,0.703796,-0.005948,-0.011711,-0.710280,1
48.034702301,0.703810,-0.005788,-0.011430,-0.710273,1
48.039730072,0.703609,-0.005783,-0.010933,-0.710480,1
48.044761658,0.703493,-0.005150,-0.010870,-0.710600,1
48.049785614,0.703234,-0.005452,-0.010665,-0.710858,1
48.054805756,0.703164,-0.005568,-0.010842,-0.710923,1
48.059818268,0.703026,-0.005982,-0.010957,-0.711055,1
48.064830780,0.703046,-0.006124,-0.011330,-0.711027,1
48.069835663,0.702969,-0.006356,-0.011505,-0.711099,1
48.074832916,0.702804,-0.005740,-0.010704,-0.711280,1
48.079830170,0.702476,-0.005407,-0.010452,-0.711611,1
48.084823608,0.702207,-0.005514,-0.011022,-0.711866,1
48.089809418,0.702159,-0.005972,-0.011316,-0.711905,1
48.094795227,0.702184,-0.005805,-0.010958,-0.711888,1
48.099769592,0.701992,-0.005766,-0.010906,-0.712078,1
48.104743958,0.701839,-0.005690,-0.011236,-0.712224,1
48.109714508,0.701660,-0.005659,-0.011490,-0.712397,1
48.114677429,0.701513,-0.005718,-0.011205,-0.712546,1
48.119636536,0.701427,-0.005447,-0.011147,-0.712634,1
48.124679565,0.701220,-0.005284,-0.011955,-0.712825,1
48.129714966,0.701063,-0.005518,-0.012300,-0.712972,1
48.134750366,0.701112,-0.004996,-0.011322,-0.712944,1
48.139781952,0.700894,-0.004536,-0.011198,-0.713163,1
48.144805908,0.700557,-0.004959,-0.011810,-0.713482,1
48.149822235,0.700605,-0.005063,-0.010962,-0.713447,1
48.154838562,0.700590,-0.005078,-0.011274,-0.713457,1
48.159851074,0.700514,-0.006130,-0.012734,-0.713499,1
48.164855957,0.700583,-0.006037,-0.012322,-0.713439,1
48.169857025,0.700485,-0.004949,-0.011620,-0.713556,1
48.174854279,0.700046,-0.004377,-0.011557,-0.713990,1
48.179847717,0.699781,-0.004925,-0.011793,-0.714243,1
48.184833527,0.699827,-0.004486,-0.011980,-0.714198,1
48.189815521,0.699622,-0.004872,-0.012584,-0.714386,1
48.194793701,0.699572,-0.004939,-0.012789,-0.714431,1
48.199764252,0.699513,-0.004595,-0.012065,-0.714503,1
48.204738617,0.699367,-0.004156,-0.011627,-0.714656,1
48.209705353,0.699083,-0.004387,-0.012377,-0.714920,1
48.214668274,0.698964,-0.004682,-0.012847,-0.715026,1
48.219711304,0.699017,-0.004892,-0.012905,-0.714972,1
48.224746704,0.699044,-0.004823,-0.012736,-0.714949,1
48.229782104,0.698845,-0.004488,-0.012623,-0.715147,1
48.234809875,0.698618,-0.004331,-0.012600,-0.715370,1
48.239837646,0.698421,-0.004508,-0.012952,-0.715556,1
48.244857788,0.698301,-0.004682,-0.012948,-0.715672,1
48.249874115,0.698256,-0.004535,-0.012638,-0.715722,1
48.254886627,0.698134,-0.004379,-0.012548,-0.715843,1
48.259891510,0.697963,-0.004483,-0.013039,-0.716001,1
48.264892578,0.697873,-0.004961,-0.013280,-0.716082,1
48.269889832,0.697904,-0.004795,-0.012613,-0.716064,1
48.274883270,0.697688,-0.004426,-0.012423,-0.716280,1
48.279872894,0.697411,-0.004666,-0.013480,-0.716529,1
48.284851074,0.697398,-0.005199,-0.013204,-0.716543,1
48.289833069,0.697487,-0.004726,-0.012345,-0.716476,1
48.294811249,0.697237,-0.004763,-0.012386,-0.716718,1
48.299781799,0.697016,-0.005137,-0.013374,-0.716913,1
48.304744720,0.696944,-0.005171,-0.013020,-0.716989,1
48.309711456,0.696921,-0.004858,-0.012168,-0.717029,1
48.314754486,0.696648,-0.004700,-0.012647,-0.717286,1
48.319789886,0.696412,-0.005190,-0.013108,-0.717504,1
48.324825287,0.696515,-0.005225,-0.012699,-0.717410,1
48.329849243,0.696373,-0.005085,-0.012606,-0.717552,1
48.334877014,0.696181,-0.005086,-0.013046,-0.717730,1
48.339893341,0.696059,-0.005269,-0.013288,-0.717842,1
48.344913483,0.696028,-0.005081,-0.012243,-0.717893,1
48.349922180,0.695885,-0.004550,-0.011779,-0.718042,1
48.354927063,0.695468,-0.005147,-0.013134,-0.718418,1
48.359924316,0.695430,-0.005880,-0.013507,-0.718443,1
48.364921570,0.695611,-0.005355,-0.012411,-0.718292,1
48.369911194,0.695347,-0.005052,-0.012112,-0.718555,1
48.374897003,0.695048,-0.005025,-0.012661,-0.718834,1
48.379878998,0.694944,-0.005201,-0.012756,-0.718932,1
48.384853363,0.694886,-0.005298,-0.012142,-0.718998,1
48.389823914,0.694739,-0.005130,-0.012098,-0.719142,1
48.394794464,0.694539,-0.005617,-0.013093,-0.719314,1
48.399757385,0.694543,-0.006044,-0.013164,-0.719306,1
48.404712677,0.694512,-0.005462,-0.012040,-0.719360,1
48.409755707,0.694299,-0.004870,-0.011459,-0.719579,1
48.414798737,0.693956,-0.005351,-0.012186,-0.719894,1
48.419830322,0.693930,-0.006037,-0.012630,-0.719906,1
48.424861908,0.693986,-0.006058,-0.012239,-0.719859,1
48.429882050,0.693947,-0.006110,-0.011825,-0.719903,1
48.434906006,0.693837,-0.005624,-0.011542,-0.720018,1
48.439922333,0.693517,-0.005609,-0.011753,-0.720323,1
48.444931030,0.693386,-0.006188,-0.012099,-0.720438,1
48.449935913,0.693488,-0.006043,-0.011911,-0.720344,1
48.454944611,0.693386,-0.005937,-0.011882,-0.720444,1
48.459938049,0.693190,-0.005779,-0.011979,-0.720632,1
48.464931488,0.693071,-0.005372,-0.011411,-0.720759,1
48.469917297,0.692847,-0.005408,-0.011335,-0.720975,1
48.474903107,0.692696,-0.005991,-0.011814,-0.721108,1
48.479885101,0.692740,-0.006207,-0.011749,-0.721065,1
48.484859467,0.692634,-0.006023,-0.011822,-0.721167,1
48.489837646,0.692427,-0.005965,-0.011586,-0.721370,1
48.494804382,0.692337,-0.005806,-0.011674,-0.721456,1
48.499771118,0.692159,-0.006043,-0.011404,-0.721630,1
48.504810333,0.692119,-0.005928,-0.010815,-0.721678,1
48.509849548,0.691901,-0.005733,-0.011157,-0.721884,1
48.514884949,0.691665,-0.006593,-0.012206,-0.722085,1
48.519912720,0.691771,-0.006661,-0.011518,-0.721994,1
48.524940491,0.691744,-0.005939,-0.010717,-0.722038,1
48.529960632,0.691389,-0.005750,-0.010980,-0.722376,1
48.534973145,0.691181,-0.006029,-0.011533,-0.722564,1
48.539989471,0.691136,-0.006138,-0.011103,-0.722613,1
48.544994354,0.691127,-0.006024,-0.011450,-0.722618,1
48.549995422,0.690998,-0.006168,-0.011610,-0.722737,1
48.554996490,0.690932,-0.005913,-0.011600,-0.722802,1
48.559989929,0.690755,-0.005985,-0.011504,-0.722972,1
48.564983368,0.690641,-0.005898,-0.011674,-0.723080,1
48.569965363,0.690548,-0.005744,-0.011839,-0.723167,1
48.574947357,0.690476,-0.005683,-0.012032,-0.723233,1
48.579925537,0.690338,-0.005543,-0.012306,-0.723361,1
48.584892273,0.690241,-0.005390,-0.012175,-0.723457,1
48.589859009,0.690185,-0.004830,-0.011851,-0.723520,1
48.594825745,0.689881,-0.004727,-0.012229,-0.723804,1
48.599868774,0.689690,-0.005045,-0.012528,-0.723979,1
48.604904175,0.689880,-0.005083,-0.011541,-0.723814,1
48.609943390,0.689866,-0.005243,-0.012230,-0.723815,1
48.614974976,0.689664,-0.006037,-0.013551,-0.723977,1
48.619998932,0.689766,-0.006093,-0.013209,-0.723886,1
48.625015259,0.689698,-0.005013,-0.012128,-0.723978,1
48.630035400,0.689285,-0.004248,-0.011917,-0.724380,1
48.635047913,0.689090,-0.004338,-0.012634,-0.724553,1
48.640052795,0.689075,-0.005098,-0.013775,-0.724542,1
48.645053864,0.689118,-0.004783,-0.013191,-0.724513,1
48.650051117,0.689054,-0.003609,-0.011682,-0.724607,1
48.655044556,0.688794,-0.004042,-0.012611,-0.724836,1
48.660034180,0.688750,-0.005027,-0.013667,-0.724853,1
48.665019989,0.688893,-0.005664,-0.013128,-0.724722,1
48.669998169,0.688925,-0.005103,-0.012857,-0.724701,1
48.674980164,0.688733,-0.003994,-0.013036,-0.724887,1
48.679950714,0.688347,-0.004245,-0.013288,-0.725247,1
48.684921265,0.688344,-0.004551,-0.012968,-0.725254,1
48.689884186,0.688321,-0.003939,-0.012284,-0.725292,1
48.694839478,0.688073,-0.004209,-0.013295,-0.725508,1
48.699882507,0.687941,-0.004471,-0.013747,-0.725623,1
48.704917908,0.688018,-0.004229,-0.012923,-0.725566,1
48.709945679,0.687935,-0.003718,-0.012256,-0.725659,1
48.714973450,0.687663,-0.003833,-0.013149,-0.725901,1
48.719993591,0.687471,-0.004230,-0.013570,-0.726072,1
48.725009918,0.687513,-0.004256,-0.012877,-0.726045,1
48.730022430,0.687445,-0.004232,-0.012976,-0.726108,1
48.735027313,0.687254,-0.004164,-0.013492,-0.726280,1
48.740032196,0.687188,-0.004225,-0.013049,-0.726350,1
48.745029449,0.687128,-0.003976,-0.012453,-0.726418,1
48.750022888,0.686919,-0.004023,-0.012705,-0.726612,1
48.755012512,0.686762,-0.004453,-0.013218,-0.726749,1
48.759998322,0.686799,-0.004535,-0.012823,-0.726721,1
48.764972687,0.686738,-0.004138,-0.012063,-0.726793,1
48.769950867,0.686500,-0.003902,-0.012401,-0.727013,1
48.774921417,0.686351,-0.004256,-0.012776,-0.727146,1
48.779891968,0.686310,-0.004648,-0.012634,-0.727185,1
48.784851074,0.686252,-0.004587,-0.012484,-0.727243,1
48.789810181,0.686090,-0.004547,-0.012712,-0.727391,1
48.794849396,0.686049,-0.004640,-0.012573,-0.727432,1
48.799888611,0.685987,-0.004145,-0.011662,-0.727509,1
48.804916382,0.685681,-0.004283,-0.012057,-0.727790,1
48.809944153,0.685574,-0.005050,-0.012918,-0.727871,1
48.814964294,0.685688,-0.005049,-0.012476,-0.727771,1
48.819980621,0.685547,-0.004312,-0.011545,-0.727924,1
48.824996948,0.685218,-0.004294,-0.012077,-0.728225,1
48.830005646,0.685084,-0.004836,-0.012411,-0.728342,1
48.835006714,0.685193,-0.004510,-0.011368,-0.728258,1
48.840007782,0.685027,-0.004325,-0.011311,-0.728417,1
48.845001221,0.684754,-0.004785,-0.012609,-0.728649,1
48.849990845,0.684769,-0.005302,-0.012512,-0.728634,1
48.854972839,0.684843,-0.004837,-0.011671,-0.728581,1
48.859954834,0.684645,-0.004341,-0.010971,-0.728781,1
48.864933014,0.684383,-0.004050,-0.011123,-0.729027,1
48.869903564,0.684220,-0.004879,-0.012008,-0.729160,1
48.874874115,0.684322,-0.005426,-0.011767,-0.729065,1
48.879833221,0.684437,-0.004954,-0.011130,-0.728970,1
48.884788513,0.684288,-0.004609,-0.010783,-0.729118,1
48.889831543,0.684027,-0.004561,-0.010944,-0.729361,1
48.894866943,0.683876,-0.004962,-0.010964,-0.729499,1
48.899898529,0.683904,-0.005006,-0.010534,-0.729478,1
48.904926300,0.683900,-0.005110,-0.010935,-0.729476,1
48.909946442,0.683783,-0.005140,-0.011373,-0.729578,1
48.914962769,0.683770,-0.005075,-0.010582,-0.729603,1
48.919979095,0.683688,-0.004541,-0.010091,-0.729691,1
48.924987793,0.683383,-0.004647,-0.010535,-0.729969,1
48.929988861,0.683295,-0.005349,-0.011267,-0.730036,1
48.934989929,0.683414,-0.005701,-0.011061,-0.729925,1
48.939983368,0.683456,-0.005776,-0.010588,-0.729892,1
48.944976807,0.683394,-0.005367,-0.010688,-0.729952,1
48.949958801,0.683135,-0.005359,-0.010979,-0.730190,1
48.954940796,0.683111,-0.005435,-0.010619,-0.730217,1
48.959918976,0.683159,-0.005309,-0.010015,-0.730181,1
48.964889526,0.683004,-0.005561,-0.010523,-0.730318,1
48.969856262,0.682943,-0.005848,-0.011069,-0.730364,1
48.974819183,0.682964,-0.005918,-0.010902,-0.730347,1
48.979778290,0.682938,-0.005672,-0.010453,-0.730379,1
48.984817505,0.682785,-0.005123,-0.009807,-0.730535,1
48.989856720,0.682562,-0.005005,-0.010260,-0.730739,1
48.994884491,0.682444,-0.005760,-0.011023,-0.730832,1
48.999912262,0.682574,-0.005934,-0.010822,-0.730712,1
49.004932404,0.682593,-0.005565,-0.010223,-0.730706,1
49.009952545,0.682374,-0.005391,-0.010946,-0.730901,1
49.014965057,0.682192,-0.005704,-0.011182,-0.731065,1
49.019973755,0.682261,-0.005446,-0.010640,-0.731011,1
49.024978638,0.682130,-0.005314,-0.010589,-0.731135,1
49.029979706,0.682011,-0.005295,-0.011194,-0.731237,1
49.034973145,0.681993,-0.005257,-0.011396,-0.731251,1
49.039966583,0.681928,-0.005210,-0.011385,-0.731312,1
49.044952393,0.681865,-0.004833,-0.010939,-0.731380,1
49.049930573,0.681697,-0.004468,-0.010846,-0.731541,1
49.054908752,0.681434,-0.004607,-0.011717,-0.731771,1
49.059879303,0.681445,-0.004976,-0.011381,-0.731764,1
49.064849854,0.681703,-0.004769,-0.010350,-0.731540,1
49.069808960,0.681587,-0.005208,-0.011602,-0.731626,1
49.074768066,0.681504,-0.006050,-0.012567,-0.731681,1
49.079811096,0.681657,-0.005516,-0.011720,-0.731557,1
49.084846497,0.681582,-0.004786,-0.010979,-0.731643,1
49.089881897,0.681249,-0.004419,-0.011411,-0.731949,1
49.094905853,0.681141,-0.004212,-0.011040,-0.732057,1
49.099929810,0.681147,-0.004129,-0.011705,-0.732042,1
49.104949951,0.680988,-0.004691,-0.012251,-0.732177,1
49.109962463,0.681154,-0.004732,-0.011985,-0.732027,1
49.114971161,0.681135,-0.004255,-0.012002,-0.732047,1
49.119976044,0.680918,-0.004141,-0.012236,-0.732246,1
49.124977112,0.680836,-0.004134,-0.012464,-0.732318,1
49.129974365,0.680829,-0.004364,-0.012314,-0.732326,1
49.134963989,0.680850,-0.004466,-0.012622,-0.732300,1
49.139949799,0.680944,-0.004431,-0.012922,-0.732208,1
49.144935608,0.680842,-0.004291,-0.013160,-0.732300,1
49.149909973,0.680736,-0.004194,-0.013135,-0.732399,1
49.154888153,0.680709,-0.004062,-0.012564,-0.732435,1
49.159854889,0.680573,-0.003893,-0.012858,-0.732557,1
49.164825439,0.680474,-0.004116,-0.013345,-0.732639,1
49.169788361,0.680560,-0.004044,-0.013143,-0.732563,1
49.174827576,0.680571,-0.003712,-0.012588,-0.732565,1
49.179866791,0.680479,-0.003702,-0.012907,-0.732644,1
49.184898376,0.680452,-0.004061,-0.013574,-0.732656,1
49.189926147,0.680515,-0.004129,-0.013360,-0.732601,1
49.194946289,0.680449,-0.004148,-0.013029,-0.732668,1
49.199962616,0.680415,-0.004117,-0.013415,-0.732693,1
49.204978943,0.680412,-0.004359,-0.013712,-0.732689,1
49.209987640,0.680468,-0.004149,-0.013151,-0.732648,1
49.214992523,0.680380,-0.003907,-0.012744,-0.732738,1
49.219993591,0.680255,-0.004125,-0.013435,-0.732841,1
49.224990845,0.680268,-0.004740,-0.013922,-0.732816,1
49.229980469,0.680350,-0.004497,-0.013002,-0.732758,1
49.234970093,0.680307,-0.003954,-0.012535,-0.732809,1
49.239948273,0.680073,-0.004015,-0.013158,-0.733015,1
49.244926453,0.680092,-0.004417,-0.013578,-0.732988,1
49.249897003,0.680162,-0.004589,-0.013186,-0.732929,1
49.254867554,0.680157,-0.004513,-0.013087,-0.732936,1
49.259830475,0.680132,-0.004587,-0.013708,-0.732947,1
49.264793396,0.680068,-0.004650,-0.013687,-0.733007,1
49.269832611,0.680069,-0.004183,-0.012426,-0.733030,1
49.274871826,0.679945,-0.003770,-0.012458,-0.733148,1
49.279903412,0.679758,-0.004831,-0.013783,-0.733291,1
49.284931183,0.679953,-0.005279,-0.013916,-0.733105,1
49.289955139,0.680083,-0.004675,-0.012792,-0.733009,1
49.294975281,0.679876,-0.004332,-0.012801,-0.733203,1
49.299987793,0.679737,-0.004453,-0.013504,-0.733318,1
49.304996490,0.679721,-0.004725,-0.013152,-0.733337,1
49.310001373,0.679746,-0.004548,-0.012262,-0.733331,1
49.315006256,0.679700,-0.004523,-0.012641,-0.733368,1
49.319999695,0.679607,-0.004968,-0.013835,-0.733429,1
49.324989319,0.679726,-0.005379,-0.013415,-0.733324,1
49.329978943,0.679859,-0.004782,-0.012603,-0.733219,1
49.334960938,0.679691,-0.004404,-0.012358,-0.733381,1
49.339935303,0.679489,-0.004415,-0.012396,-0.733568,1
49.344909668,0.679462,-0.004855,-0.012786,-0.733583,1
49.349880219,0.679577,-0.005385,-0.012829,-0.733472,1
49.354846954,0.679756,-0.005377,-0.012656,-0.733310,1
49.359806061,0.679730,-0.005136,-0.012030,-0.733346,1
49.364852905,0.679622,-0.004762,-0.011972,-0.733450,1
49.369888306,0.679455,-0.005286,-0.012481,-0.733592,1
49.374919891,0.679521,-0.005501,-0.012077,-0.733536,1
49.379951477,0.679597,-0.005272,-0.011854,-0.733471,1
49.384971619,0.679533,-0.005243,-0.012498,-0.733520,1
49.389995575,0.679551,-0.005506,-0.012448,-0.733502,1
49.395008087,0.679627,-0.004815,-0.011533,-0.733452,1
49.400016785,0.679387,-0.004741,-0.011456,-0.733675,1
49.405021667,0.679313,-0.005317,-0.012447,-0.733723,1
49.410022736,0.679484,-0.005827,-0.012698,-0.733557,1
49.415019989,0.679637,-0.005883,-0.011834,-0.733430,1
49.420009613,0.679730,-0.005372,-0.011437,-0.733354,1
49.424999237,0.679539,-0.005144,-0.011944,-0.733524,1
49.429977417,0.679582,-0.005261,-0.011566,-0.733490,1
49.434959412,0.679711,-0.005181,-0.011224,-0.733376,1
49.439933777,0.679649,-0.005511,-0.011363,-0.733429,1
49.444900513,0.679767,-0.005851,-0.011951,-0.733307,1
49.449863434,0.679884,-0.005741,-0.012065,-0.733198,1
49.454830170,0.679887,-0.005643,-0.011694,-0.733202,1
49.459873199,0.679892,-0.005023,-0.010827,-0.733215,1
49.464908600,0.679822,-0.004636,-0.010982,-0.733280,1
49.469944000,0.679722,-0.005360,-0.012214,-0.733348,1
49.474975586,0.679953,-0.005722,-0.012232,-0.733131,1
49.479999542,0.680165,-0.005222,-0.011519,-0.732950,1
49.485015869,0.680001,-0.005029,-0.012104,-0.733094,1
49.490036011,0.680012,-0.005141,-0.012466,-0.733077,1
49.495044708,0.680131,-0.004999,-0.012093,-0.732974,1
49.500049591,0.680137,-0.004806,-0.012088,-0.732970,1
49.505050659,0.680161,-0.004760,-0.012557,-0.732940,1
49.510047913,0.680279,-0.004636,-0.013042,-0.732822,1
49.515041351,0.680348,-0.004640,-0.012943,-0.732760,1
49.520027161,0.680475,-0.004011,-0.012390,-0.732656,1
49.525009155,0.680350,-0.003830,-0.013113,-0.732760,1
49.529987335,0.680185,-0.004074,-0.013999,-0.732896,1
49.534965515,0.680587,-0.004087,-0.011922,-0.732558,1
49.539932251,0.681100,-0.003776,-0.011707,-0.732087,1
49.544895172,0.680996,-0.005036,-0.014211,-0.732131,1
49.549858093,0.681102,-0.006154,-0.014042,-0.732028,1
49.554897308,0.681444,-0.004987,-0.013317,-0.731732,1
49.559936523,0.681303,-0.003106,-0.012434,-0.731889,1
49.564971924,0.681096,-0.002653,-0.012578,-0.732082,1
49.569999695,0.681142,-0.003624,-0.013777,-0.732012,1
49.575027466,0.681425,-0.003512,-0.013013,-0.731764,1
49.580043793,0.681488,-0.002876,-0.012896,-0.731710,1
49.585056305,0.681534,-0.003188,-0.013723,-0.731651,1
49.590072632,0.681765,-0.003140,-0.013666,-0.731437,1
49.595077515,0.681875,-0.003093,-0.013152,-0.731344,1
49.600078583,0.681927,-0.002809,-0.013398,-0.731292,1
49.605072021,0.681887,-0.002856,-0.014073,-0.731317,1
49.610065460,0.681990,-0.002857,-0.014270,-0.731217,1
49.615051270,0.682126,-0.002765,-0.013968,-0.731096,1
49.620037079,0.682258,-0.002735,-0.014119,-0.730970,1
49.625015259,0.682283,-0.002686,-0.014171,-0.730946,1
49.629989624,0.682330,-0.002619,-0.014101,-0.730904,1
49.634960175,0.682373,-0.002656,-0.014029,-0.730865,1
49.639923096,0.682494,-0.002444,-0.013656,-0.730759,1
49.644882202,0.682581,-0.002331,-0.013766,-0.730677,1
49.649929047,0.682702,-0.002839,-0.014434,-0.730549,1
49.654968262,0.682945,-0.002884,-0.013860,-0.730333,1
49.660003662,0.683048,-0.002569,-0.013240,-0.730249,1
49.665031433,0.683073,-0.002745,-0.013981,-0.730211,1
49.670055389,0.683298,-0.003074,-0.014116,-0.729997,1
49.675075531,0.683503,-0.002675,-0.013257,-0.729822,1
49.680088043,0.683546,-0.002687,-0.013441,-0.729779,1
49.685104370,0.683724,-0.003223,-0.013950,-0.729600,1
49.690109253,0.684033,-0.003058,-0.013583,-0.729318,1
49.695110321,0.684029,-0.002539,-0.012754,-0.729339,1
49.700107574,0.683998,-0.002528,-0.013277,-0.729359,1
49.705101013,0.684180,-0.003078,-0.013781,-0.729176,1
49.710086823,0.684417,-0.003167,-0.013359,-0.728962,1
49.715072632,0.684523,-0.002887,-0.013167,-0.728867,1
49.720054626,0.684558,-0.002948,-0.013565,-0.728826,1
49.725025177,0.684716,-0.002941,-0.013548,-0.728678,1
49.729999542,0.684805,-0.002657,-0.012544,-0.728613,1
49.734962463,0.684806,-0.002478,-0.012648,-0.728611,1
49.739921570,0.684849,-0.003041,-0.013845,-0.728547,1
49.744964600,0.685055,-0.003351,-0.013625,-0.728356,1
49.750003815,0.685224,-0.002890,-0.012606,-0.728218,1
49.755039215,0.685230,-0.002747,-0.012762,-0.728209,1
49.760066986,0.685238,-0.002754,-0.013113,-0.728196,1
49.765094757,0.685362,-0.002594,-0.012461,-0.728091,1
49.770114899,0.685425,-0.002680,-0.012215,-0.728036,1
49.775131226,0.685559,-0.002972,-0.012854,-0.727898,1
49.780143738,0.685757,-0.003299,-0.013186,-0.727704,1
49.785148621,0.685912,-0.003158,-0.012402,-0.727572,1
49.790153503,0.686037,-0.002495,-0.011462,-0.727472,1
49.795150757,0.685993,-0.002751,-0.011886,-0.727506,1
49.800144196,0.686228,-0.003487,-0.012609,-0.727269,1
49.805130005,0.686605,-0.003748,-0.012527,-0.726913,1
49.810112000,0.686874,-0.003528,-0.011821,-0.726671,1
49.815093994,0.686969,-0.003190,-0.011528,-0.726588,1
49.820068359,0.687030,-0.003372,-0.011964,-0.726522,1
49.825042725,0.687213,-0.003626,-0.012089,-0.726346,1
49.830005646,0.687424,-0.003531,-0.011843,-0.726151,1
49.834968567,0.687516,-0.003337,-0.012107,-0.726061,1
49.840011597,0.687643,-0.003279,-0.012148,-0.725940,1
49.845050812,0.687837,-0.003094,-0.011930,-0.725760,1
49.850086212,0.687874,-0.003407,-0.011588,-0.725729,1
49.855113983,0.688034,-0.003520,-0.011640,-0.725576,1
49.860141754,0.688177,-0.003569,-0.012023,-0.725435,1
49.865161896,0.688300,-0.003834,-0.012004,-0.725316,1
49.870174408,0.688548,-0.003581,-0.012072,-0.725082,1
49.875190735,0.688624,-0.003784,-0.011606,-0.725016,1
49.880195618,0.688756,-0.003241,-0.011114,-0.724901,1
49.885200500,0.688668,-0.003111,-0.010894,-0.724988,1
49.890197754,0.688747,-0.003815,-0.011852,-0.724895,1
49.895191193,0.689028,-0.004229,-0.011739,-0.724627,1
49.900180817,0.689231,-0.003826,-0.011351,-0.724443,1
49.905162811,0.689201,-0.003847,-0.011619,-0.724467,1
49.910144806,0.689291,-0.003570,-0.011574,-0.724384,1
49.915119171,0.689288,-0.003110,-0.011165,-0.724395,1
49.920089722,0.689210,-0.003342,-0.011187,-0.724467,1
49.925060272,0.689408,-0.003716,-0.011730,-0.724269,1
49.930023193,0.689620,-0.003880,-0.011775,-0.724066,1
49.934978485,0.689782,-0.003709,-0.011657,-0.723914,1
49.940021515,0.689800,-0.003641,-0.012012,-0.723891,1
49.945056915,0.689869,-0.003755,-0.012215,-0.723821,1
49.950084686,0.689990,-0.003551,-0.011817,-0.723714,1
49.955112457,0.690059,-0.003183,-0.012042,-0.723646,1
49.960132599,0.690088,-0.003301,-0.012814,-0.723605,1
49.965145111,0.690308,-0.003313,-0.012610,-0.723398,1
49.970161438,0.690423,-0.002830,-0.011904,-0.723302,1
49.975170135,0.690356,-0.002799,-0.012171,-0.723362,1
49.980171204,0.690544,-0.003256,-0.011927,-0.723185,1
49.985172272,0.690780,-0.003274,-0.011881,-0.722960,1
49.990165710,0.690891,-0.003959,-0.012816,-0.722834,1
49.995151520,0.691136,-0.004179,-0.013184,-0.722592,1
50.000137329,0.691375,-0.003250,-0.012607,-0.722379,1
50.005119324,0.691238,-0.002932,-0.012470,-0.722513,1
50.010097504,0.691248,-0.002603,-0.012310,-0.722508,1
50.015068054,0.691293,-0.002242,-0.012030,-0.722471,1
50.020034790,0.691370,-0.002623,-0.013103,-0.722377,1
50.024997711,0.691581,-0.003377,-0.013493,-0.722165,1
50.029956818,0.691935,-0.003123,-0.012879,-0.721839,1
50.034996033,0.692091,-0.002343,-0.012817,-0.721693,1
50.040027618,0.691942,-0.002505,-0.013534,-0.721822,1
50.045059204,0.692101,-0.002650,-0.013815,-0.721663,1
50.050083160,0.692264,-0.002758,-0.013440,-0.721514,1
50.055107117,0.692498,-0.002645,-0.013520,-0.721288,1
50.060123444,0.692593,-0.002706,-0.014122,-0.721185,1
50.065132141,0.692769,-0.002612,-0.014027,-0.721018,1
50.070144653,0.692883,-0.002589,-0.013526,-0.720918,1
50.075145721,0.692975,-0.002350,-0.013531,-0.720831,1
50.080142975,0.693001,-0.002408,-0.013781,-0.720801,1
50.085132599,0.693115,-0.002459,-0.013572,-0.720695,1
50.090122223,0.693265,-0.002384,-0.013475,-0.720553,1
50.095108032,0.693390,-0.002690,-0.014006,-0.720422,1
50.100090027,0.693624,-0.002833,-0.014072,-0.720194,1
50.105060577,0.693709,-0.002756,-0.013500,-0.720124,1
50.110034943,0.693775,-0.002659,-0.013755,-0.720056,1
50.114997864,0.693858,-0.003065,-0.013774,-0.719974,1
50.119960785,0.694036,-0.002829,-0.013466,-0.719809,1
50.124919891,0.694094,-0.002846,-0.013195,-0.719758,1
50.129955292,0.694157,-0.002873,-0.013982,-0.719682,1
50.134994507,0.694238,-0.003256,-0.013893,-0.719604,1
50.140026093,0.694414,-0.003210,-0.013189,-0.719448,1
50.145050049,0.694350,-0.002987,-0.013546,-0.719504,1
50.150074005,0.694436,-0.003156,-0.013763,-0.719415,1
50.155090332,0.694574,-0.003376,-0.013838,-0.719280,1
50.160099030,0.694684,-0.003197,-0.013470,-0.719181,1
50.165103912,0.694738,-0.003464,-0.014065,-0.719117,1
50.170108795,0.694861,-0.003555,-0.014089,-0.718997,1
50.175106049,0.694952,-0.003116,-0.013128,-0.718930,1
50.180095673,0.694854,-0.002950,-0.013309,-0.719022,1
50.185085297,0.694805,-0.003798,-0.014038,-0.719051,1
50.190067291,0.695087,-0.003646,-0.013454,-0.718790,1
50.195045471,0.695114,-0.003335,-0.013109,-0.718772,1
50.200019836,0.694935,-0.003426,-0.013684,-0.718934,1
50.204986572,0.694957,-0.003659,-0.013582,-0.718914,1
50.209953308,0.695077,-0.003418,-0.012924,-0.718811,1
50.214908600,0.694929,-0.003449,-0.012827,-0.718955,1
50.219863892,0.694895,-0.003813,-0.013654,-0.718971,1
50.224903107,0.694978,-0.004219,-0.013732,-0.718887,1
50.229934692,0.695025,-0.004284,-0.013054,-0.718854,1
50.234970093,0.694988,-0.003618,-0.012105,-0.718910,1
50.239994049,0.694763,-0.003693,-0.012541,-0.719120,1
50.245018005,0.694731,-0.004495,-0.013253,-0.719133,1
50.250034332,0.694883,-0.004787,-0.012685,-0.718995,1
50.255046844,0.694986,-0.004284,-0.012058,-0.718909,1
50.260055542,0.694816,-0.004210,-0.012273,-0.719071,1
50.265060425,0.694723,-0.004655,-0.013000,-0.719145,1
50.270057678,0.694795,-0.004440,-0.012335,-0.719089,1
50.275051117,0.694738,-0.004307,-0.012382,-0.719143,1
50.280036926,0.694592,-0.004502,-0.012980,-0.719273,1
50.285022736,0.694687,-0.004658,-0.012298,-0.719192,1
50.290004730,0.694732,-0.004149,-0.012028,-0.719157,1
50.294979095,0.694474,-0.004283,-0.012330,-0.719399,1
50.299949646,0.694509,-0.004599,-0.012730,-0.719357,1
50.304916382,0.694522,-0.004767,-0.012718,-0.719344,1
50.309879303,0.694507,-0.004873,-0.012423,-0.719362,1
50.314838409,0.694531,-0.004600,-0.012323,-0.719343,1
50.319881439,0.694377,-0.004650,-0.012781,-0.719483,1
50.324913025,0.694413,-0.004715,-0.011954,-0.719462,1
50.329948425,0.694397,-0.004422,-0.011991,-0.719479,1
50.334972382,0.694319,-0.004798,-0.012461,-0.719543,1
50.340000153,0.694335,-0.004905,-0.012821,-0.719521,1
50.345016479,0.694326,-0.004761,-0.012525,-0.719536,1
50.350028992,0.694270,-0.004386,-0.012394,-0.719594,1
50.355041504,0.694151,-0.004429,-0.012659,-0.719704,1
50.360046387,0.694030,-0.004294,-0.012873,-0.719818,1
50.365047455,0.694107,-0.004238,-0.011799,-0.719763,1
50.370040894,0.694160,-0.004266,-0.012129,-0.719706,1
50.375034332,0.693966,-0.005015,-0.012937,-0.719874,1
50.380016327,0.694057,-0.005360,-0.013091,-0.719781,1
50.385002136,0.694068,-0.004681,-0.012570,-0.719784,1
50.389984131,0.693813,-0.003864,-0.012386,-0.720038,1
50.394958496,0.693550,-0.003668,-0.012526,-0.720290,1
50.399929047,0.693453,-0.004158,-0.013122,-0.720371,1
50.404895782,0.693565,-0.004028,-0.013094,-0.720264,1
50.409858704,0.693513,-0.003908,-0.012773,-0.720320,1
50.414897919,0.693289,-0.003698,-0.012906,-0.720534,1
50.419933319,0.693158,-0.003624,-0.012168,-0.720674,1
50.424968719,0.693037,-0.003495,-0.011886,-0.720796,1
50.429992676,0.692812,-0.003905,-0.012907,-0.720992,1
50.435020447,0.692864,-0.004456,-0.013726,-0.720923,1
50.440036774,0.692965,-0.004531,-0.013401,-0.720832,1
50.445049286,0.692882,-0.003431,-0.012879,-0.720928,1
50.450057983,0.692524,-0.002817,-0.012805,-0.721276,1
50.455059052,0.692333,-0.003113,-0.013272,-0.721449,1
50.460060120,0.692251,-0.003461,-0.013133,-0.721529,1
50.465053558,0.692290,-0.003067,-0.013099,-0.721494,1
50.470046997,0.692055,-0.003221,-0.013733,-0.721707,1
50.475032806,0.692007,-0.003126,-0.013530,-0.721757,1
50.480014801,0.691962,-0.002803,-0.013080,-0.721810,1
50.484989166,0.691809,-0.003010,-0.013495,-0.721949,1
50.489963531,0.691721,-0.002984,-0.013867,-0.722025,1
50.494930267,0.691743,-0.002788,-0.013514,-0.722012,1
50.499897003,0.691571,-0.002840,-0.013992,-0.722167,1
50.504852295,0.691558,-0.003135,-0.014032,-0.722178,1
50.509895325,0.691607,-0.002798,-0.013622,-0.722140,1
50.514930725,0.691366,-0.002805,-0.014170,-0.722360,1
50.519962311,0.691227,-0.003073,-0.014281,-0.722490,1
50.524990082,0.691298,-0.002633,-0.013513,-0.722438,1
50.530017853,0.691107,-0.002455,-0.013400,-0.722624,1
50.535034180,0.690972,-0.002794,-0.014135,-0.722738,1
50.540046692,0.691043,-0.003031,-0.014191,-0.722668,1
50.545059204,0.691039,-0.002748,-0.013393,-0.722688,1
50.550064087,0.690859,-0.002886,-0.013673,-0.722854,1
50.555065155,0.690781,-0.003115,-0.014019,-0.722922,1
50.560062408,0.690831,-0.003166,-0.013819,-0.722878,1
50.565052032,0.690751,-0.002970,-0.013562,-0.722959,1
50.570037842,0.690670,-0.002849,-0.013858,-0.723031,1
50.575023651,0.690599,-0.002994,-0.014441,-0.723088,1
50.580001831,0.690538,-0.003003,-0.013779,-0.723159,1
50.584976196,0.690550,-0.002501,-0.012884,-0.723165,1
50.589946747,0.690315,-0.002395,-0.013599,-0.723377,1
50.594909668,0.690248,-0.002812,-0.013839,-0.723435,1
50.599868774,0.690353,-0.002815,-0.013590,-0.723339,1
50.604911804,0.690272,-0.002699,-0.013650,-0.723417,1
50.609951019,0.690206,-0.002772,-0.013810,-0.723476,1
50.614986420,0.690173,-0.002295,-0.013694,-0.723511,1
50.620010376,0.689968,-0.002012,-0.012836,-0.723724,1
50.625038147,0.689786,-0.001959,-0.012778,-0.723898,1
50.630054474,0.689705,-0.002766,-0.013699,-0.723955,1
50.635066986,0.689831,-0.003043,-0.013640,-0.723836,1
50.640075684,0.689850,-0.002658,-0.013028,-0.723830,1
50.645080566,0.689590,-0.002387,-0.013306,-0.724074,1
50.650081635,0.689433,-0.002571,-0.013730,-0.724214,1
50.655075073,0.689379,-0.002677,-0.013460,-0.724271,1
50.660068512,0.689292,-0.002723,-0.013069,-0.724360,1
50.665054321,0.689210,-0.002828,-0.013424,-0.724432,1
50.670036316,0.689139,-0.003195,-0.014212,-0.724483,1
50.675010681,0.689156,-0.003424,-0.014063,-0.724468,1
50.679985046,0.689120,-0.003101,-0.013133,-0.724522,1
50.684951782,0.688943,-0.002798,-0.012613,-0.724700,1
50.689914703,0.688722,-0.002626,-0.012628,-0.724911,1
50.694873810,0.688569,-0.003219,-0.013141,-0.725044,1
50.699916840,0.688637,-0.003611,-0.013164,-0.724977,1
50.704952240,0.688702,-0.003528,-0.012763,-0.724923,1
50.709987640,0.688583,-0.003350,-0.012454,-0.725043,1
50.715015411,0.688428,-0.003005,-0.012204,-0.725195,1
50.720039368,0.688209,-0.003354,-0.012538,-0.725396,1
50.725059509,0.688212,-0.003825,-0.012837,-0.725386,1
50.730079651,0.688333,-0.003676,-0.012647,-0.725275,1
50.735088348,0.688251,-0.003474,-0.012824,-0.725351,1
50.740093231,0.688068,-0.003547,-0.013127,-0.725519,1
50.745094299,0.688037,-0.003492,-0.012134,-0.725566,1
50.750091553,0.687954,-0.003113,-0.011432,-0.725658,1
50.755084991,0.687725,-0.003543,-0.012459,-0.725856,1
50.760074615,0.687755,-0.003873,-0.012934,-0.725818,1
50.765052795,0.687868,-0.003735,-0.012538,-0.725718,1
50.770034790,0.687719,-0.003779,-0.012178,-0.725865,1
50.775012970,0.687692,-0.003633,-0.011952,-0.725895,1
50.779983521,0.687576,-0.003412,-0.012083,-0.726004,1
50.784954071,0.687341,-0.003712,-0.012065,-0.726225,1
50.789916992,0.687415,-0.003778,-0.011687,-0.726161,1
50.794960022,0.687387,-0.003711,-0.011683,-0.726188,1
50.799995422,0.687309,-0.004007,-0.012094,-0.726253,1
50.805030823,0.687306,-0.004206,-0.012339,-0.726251,1
50.810062408,0.687217,-0.004186,-0.012137,-0.726339,1
50.815086365,0.687108,-0.003805,-0.011738,-0.726451,1
50.820102692,0.686919,-0.003562,-0.011965,-0.726627,1
50.825122833,0.686769,-0.003699,-0.012318,-0.726762,1
50.830131531,0.686790,-0.003913,-0.012247,-0.726743,1
50.835136414,0.686736,-0.003910,-0.011891,-0.726799,1
50.840137482,0.686655,-0.003630,-0.012113,-0.726874,1
50.845134735,0.686439,-0.003640,-0.012405,-0.727072,1
50.850128174,0.686329,-0.003840,-0.012392,-0.727175,1
50.855117798,0.686328,-0.003767,-0.012432,-0.727176,1
50.860099792,0.686230,-0.003841,-0.012765,-0.727263,1
50.865081787,0.686165,-0.003688,-0.012777,-0.727325,1
50.870059967,0.686083,-0.003421,-0.012893,-0.727401,1
50.875030518,0.685867,-0.003283,-0.013063,-0.727602,1
50.879997253,0.685773,-0.002968,-0.012360,-0.727704,1
50.884960175,0.685604,-0.002862,-0.012726,-0.727858,1
50.890003204,0.685342,-0.003420,-0.013430,-0.728090,1
50.895038605,0.685555,-0.003425,-0.012385,-0.727908,1
50.900074005,0.685633,-0.003335,-0.012207,-0.727837,1
50.905105591,0.685444,-0.003832,-0.013346,-0.727993,1
50.910129547,0.685398,-0.004113,-0.013708,-0.728028,1
50.915153503,0.685493,-0.003483,-0.013130,-0.727953,1
50.920166016,0.685179,-0.003201,-0.012958,-0.728252,1
50.925178528,0.684959,-0.002789,-0.012768,-0.728465,1
50.930183411,0.684812,-0.002290,-0.012617,-0.728607,1
50.935184479,0.684575,-0.002777,-0.013448,-0.728813,1
50.940181732,0.684521,-0.003147,-0.013668,-0.728858,1
50.945175171,0.684604,-0.003079,-0.013187,-0.728790,1
50.950164795,0.684473,-0.002966,-0.013417,-0.728909,1
50.955150604,0.684286,-0.002819,-0.013731,-0.729079,1
50.960128784,0.684183,-0.002734,-0.013964,-0.729171,1
50.965103149,0.684053,-0.002923,-0.013946,-0.729294,1
50.970073700,0.684026,-0.003258,-0.014143,-0.729313,1
50.975040436,0.684059,-0.002980,-0.013863,-0.729289,1
50.979999542,0.683797,-0.002830,-0.014423,-0.729525,1
50.985042572,0.683658,-0.003024,-0.014180,-0.729658,1
50.990081787,0.683605,-0.002671,-0.013650,-0.729720,1
50.995117188,0.683358,-0.002491,-0.014006,-0.729945,1
51.000148773,0.683158,-0.002727,-0.014305,-0.730125,1
51.005168915,0.683216,-0.002564,-0.013780,-0.730082,1
51.010192871,0.683074,-0.002620,-0.013707,-0.730216,1
51.015209198,0.682981,-0.003000,-0.014474,-0.730286,1
51.020217896,0.682999,-0.003163,-0.014502,-0.730268,1
51.025222778,0.682942,-0.002875,-0.014145,-0.730330,1
51.030227661,0.682730,-0.002876,-0.014175,-0.730528,1
51.035224915,0.682585,-0.003227,-0.014685,-0.730652,1
51.040214539,0.682635,-0.003199,-0.013929,-0.730620,1
51.045207977,0.682478,-0.002911,-0.013694,-0.730772,1
51.050193787,0.682217,-0.002912,-0.014479,-0.731000,1
51.055171967,0.682045,-0.003459,-0.014562,-0.731157,1
51.060150146,0.682100,-0.003101,-0.014020,-0.731118,1
51.065124512,0.681874,-0.002854,-0.013488,-0.731340,1
51.070091248,0.681620,-0.003003,-0.014294,-0.731560,1
51.075054169,0.681487,-0.002985,-0.014151,-0.731688,1
51.080097198,0.681367,-0.003371,-0.013891,-0.731802,1
51.085136414,0.681257,-0.003159,-0.014203,-0.731899,1
51.090167999,0.680998,-0.003560,-0.014556,-0.732132,1
51.095203400,0.681009,-0.003344,-0.014018,-0.732133,1
51.100227356,0.680750,-0.002834,-0.013576,-0.732384,1
51.105247498,0.680391,-0.003163,-0.014303,-0.732703,1
51.110263824,0.680270,-0.003834,-0.014839,-0.732802,1
51.115272522,0.680364,-0.003644,-0.014019,-0.732731,1
51.120285034,0.680171,-0.003104,-0.013741,-0.732918,1
51.125286102,0.679808,-0.003215,-0.014502,-0.733239,1
51.130283356,0.679619,-0.003390,-0.014373,-0.733417,1
51.135276794,0.679661,-0.003084,-0.013013,-0.733405,1
51.140262604,0.679444,-0.003247,-0.013578,-0.733594,1
51.145252228,0.679217,-0.004140,-0.014783,-0.733777,1
51.150234222,0.679224,-0.004192,-0.014772,-0.733771,1
51.155208588,0.679124,-0.003603,-0.013010,-0.733900,1
51.160182953,0.678799,-0.003079,-0.012437,-0.734212,1
51.165149689,0.678471,-0.003604,-0.013530,-0.734494,1
51.170112610,0.678370,-0.004636,-0.013804,-0.734576,1
51.175071716,0.678452,-0.005122,-0.013076,-0.734511,1
51.180110931,0.678454,-0.004593,-0.011990,-0.734531,1
51.185142517,0.678174,-0.003810,-0.012984,-0.734777,1
51.190174103,0.677693,-0.004220,-0.013415,-0.735211,1
51.195198059,0.677640,-0.004658,-0.012950,-0.735265,1
51.200222015,0.677620,-0.004156,-0.012634,-0.735292,1
51.205238342,0.677359,-0.004266,-0.013227,-0.735522,1
51.210247040,0.677201,-0.004333,-0.012858,-0.735673,1
51.215255737,0.676960,-0.004099,-0.012415,-0.735903,1
51.220260620,0.676757,-0.004390,-0.012635,-0.736085,1
51.225254059,0.676600,-0.004576,-0.012943,-0.736222,1
51.230251312,0.676389,-0.004484,-0.012627,-0.736423,1
51.235240936,0.676107,-0.004635,-0.013035,-0.736674,1
51.240222931,0.675885,-0.004791,-0.012904,-0.736879,1
51.245204926,0.675806,-0.004471,-0.012178,-0.736965,1
51.250179291,0.675525,-0.004396,-0.012130,-0.737224,1
51.255149841,0.675156,-0.005006,-0.013097,-0.737542,1
51.260112762,0.675134,-0.005278,-0.012903,-0.737564,1
51.265075684,0.675054,-0.004827,-0.012561,-0.737645,1
51.270034790,0.674663,-0.004709,-0.012584,-0.738003,1
51.275070190,0.674328,-0.004549,-0.012392,-0.738314,1
51.280105591,0.674098,-0.004379,-0.012443,-0.738524,1
51.285137177,0.673764,-0.004608,-0.012463,-0.738827,1
51.290161133,0.673646,-0.004730,-0.012765,-0.738929,1
51.295181274,0.673489,-0.004800,-0.012766,-0.739071,1
51.300197601,0.673336,-0.004875,-0.013000,-0.739206,1
51.305210114,0.673076,-0.004699,-0.013157,-0.739441,1
51.310214996,0.672815,-0.004573,-0.012972,-0.739683,1
51.315219879,0.672535,-0.004368,-0.013358,-0.739932,1
51.320217133,0.672228,-0.004485,-0.013559,-0.740207,1
51.325210571,0.672169,-0.004135,-0.013354,-0.740266,1
51.330200195,0.671847,-0.004081,-0.013657,-0.740552,1
51.335182190,0.671477,-0.004151,-0.013414,-0.740893,1
51.340160370,0.671466,-0.003949,-0.012436,-0.740920,1
51.345134735,0.671129,-0.004340,-0.013665,-0.741202,1
51.350101471,0.670824,-0.005094,-0.014318,-0.741461,1
51.355072021,0.670845,-0.004831,-0.014038,-0.741449,1
51.360031128,0.670538,-0.004290,-0.013599,-0.741738,1
51.364982605,0.670189,-0.003375,-0.013832,-0.742054,1
51.370025635,0.669818,-0.003563,-0.013866,-0.742387,1
51.375057220,0.669533,-0.003878,-0.014408,-0.742632,1
51.380088806,0.669364,-0.003700,-0.014252,-0.742789,1
51.385112762,0.669046,-0.003555,-0.014719,-0.743066,1
51.390136719,0.668749,-0.003843,-0.014550,-0.743336,1
51.395153046,0.668555,-0.003465,-0.014208,-0.743519,1
51.400161743,0.668240,-0.003126,-0.014677,-0.743794,1
51.405174255,0.667856,-0.003517,-0.015222,-0.744127,1
51.410175323,0.667790,-0.003440,-0.015173,-0.744187,1
51.415172577,0.667465,-0.003424,-0.015356,-0.744475,1
51.420162201,0.667315,-0.003579,-0.015443,-0.744607,1
51.425151825,0.667055,-0.003272,-0.015586,-0.744838,1
51.430133820,0.666700,-0.003158,-0.015622,-0.745155,1
51.435115814,0.666423,-0.003226,-0.015447,-0.745406,1
51.440090179,0.666249,-0.002844,-0.015206,-0.745569,1
51.445060730,0.665931,-0.002962,-0.015539,-0.745846,1
51.450027466,0.665731,-0.003269,-0.015999,-0.746013,1
51.454986572,0.665650,-0.003114,-0.015358,-0.746100,1
51.459949493,0.665349,-0.002752,-0.015134,-0.746374,1
51.464984894,0.664940,-0.003056,-0.015888,-0.746721,1
51.470024109,0.664721,-0.003289,-0.015928,-0.746915,1
51.475055695,0.664574,-0.003144,-0.015260,-0.747060,1
51.480079651,0.664255,-0.003212,-0.015599,-0.747336,1
51.485103607,0.663990,-0.003570,-0.016029,-0.747561,1
51.490119934,0.663879,-0.003508,-0.015624,-0.747668,1
51.495132446,0.663646,-0.003286,-0.015454,-0.747880,1
51.500141144,0.663336,-0.003474,-0.015805,-0.748146,1
51.505146027,0.663231,-0.003614,-0.015845,-0.748238,1
51.510150909,0.663061,-0.003825,-0.015433,-0.748396,1
51.515140533,0.662962,-0.003673,-0.015443,-0.748485,1
51.520133972,0.662863,-0.004113,-0.016136,-0.748556,1
51.525119781,0.662868,-0.003917,-0.016108,-0.748553,1
51.530101776,0.662670,-0.003306,-0.015514,-0.748744,1
51.535076141,0.662306,-0.003160,-0.014689,-0.749083,1
51.540050507,0.662065,-0.003256,-0.015363,-0.749282,1
51.545017242,0.661789,-0.003840,-0.015903,-0.749511,1
51.549983978,0.661719,-0.003970,-0.015857,-0.749574,1
51.554943085,0.661545,-0.003947,-0.015815,-0.749728,1
51.559982300,0.661324,-0.003793,-0.015758,-0.749925,1
51.565017700,0.661058,-0.003495,-0.015370,-0.750170,1
51.570049286,0.660741,-0.003538,-0.015246,-0.750451,1
51.575077057,0.660473,-0.004056,-0.015888,-0.750671,1
51.580101013,0.660429,-0.004611,-0.016188,-0.750700,1
51.585117340,0.660314,-0.004312,-0.015891,-0.750809,1
51.590129852,0.660042,-0.003844,-0.015112,-0.751067,1
51.595142365,0.659621,-0.003569,-0.014978,-0.751441,1
51.600147247,0.659221,-0.004080,-0.015493,-0.751778,1
51.605148315,0.659136,-0.004523,-0.015659,-0.751847,1
51.610145569,0.659059,-0.004460,-0.015285,-0.751923,1
51.615139008,0.658861,-0.004192,-0.014775,-0.752108,1
51.620121002,0.658557,-0.004258,-0.015183,-0.752366,1
51.625102997,0.658309,-0.004753,-0.015410,-0.752575,1
51.630084991,0.658158,-0.004579,-0.015043,-0.752716,1
51.635055542,0.657959,-0.004358,-0.014053,-0.752910,1
51.640026093,0.657619,-0.004362,-0.014206,-0.753204,1
51.644989014,0.657367,-0.005053,-0.014916,-0.753406,1
51.649948120,0.657323,-0.005618,-0.015190,-0.753435,1
51.654987335,0.657256,-0.005322,-0.014405,-0.753511,1
51.660026550,0.656884,-0.004640,-0.013812,-0.753851,1
51.665058136,0.656430,-0.004687,-0.014544,-0.754232,1
51.670085907,0.656140,-0.005223,-0.014683,-0.754478,1
51.675106049,0.656043,-0.005608,-0.014314,-0.754567,1
51.680130005,0.655858,-0.005435,-0.014222,-0.754731,1
51.685142517,0.655577,-0.005191,-0.014119,-0.754978,1
51.690151215,0.655221,-0.005397,-0.014089,-0.755287,1
51.695156097,0.654983,-0.005407,-0.014384,-0.755488,1
51.700153351,0.654704,-0.005710,-0.014325,-0.755728,1
51.705150604,0.654533,-0.006052,-0.014580,-0.755869,1
51.710140228,0.654310,-0.005704,-0.014468,-0.756066,1
51.715129852,0.653960,-0.005422,-0.014357,-0.756374,1
51.720111847,0.653605,-0.005665,-0.014526,-0.756675,1
51.725082397,0.653380,-0.005653,-0.014105,-0.756877,1
51.730056763,0.653118,-0.005541,-0.014283,-0.757101,1
51.735023499,0.652813,-0.005726,-0.014941,-0.757350,1
51.739986420,0.652544,-0.006205,-0.014884,-0.757579,1
51.744945526,0.652419,-0.005684,-0.014514,-0.757698,1
51.749984741,0.652041,-0.005638,-0.014881,-0.758017,1
51.755023956,0.651739,-0.005844,-0.015319,-0.758266,1
51.760055542,0.651596,-0.005699,-0.015107,-0.758394,1
51.765083313,0.651275,-0.005660,-0.015415,-0.758664,1
51.770107269,0.650982,-0.005734,-0.015702,-0.758909,1
51.775127411,0.650823,-0.005322,-0.015192,-0.759058,1
51.780139923,0.650433,-0.005225,-0.015609,-0.759385,1
51.785144806,0.650127,-0.005616,-0.015238,-0.759652,1
51.790153503,0.650202,-0.005506,-0.014906,-0.759595,1
51.795154572,0.650019,-0.006115,-0.016165,-0.759721,1
51.800144196,0.649958,-0.006738,-0.016877,-0.759753,1
51.805133820,0.649966,-0.006175,-0.015946,-0.759771,1
51.810123444,0.649706,-0.005244,-0.015457,-0.760011,1
51.815105438,0.649306,-0.005270,-0.015781,-0.760345,1
51.820079803,0.649113,-0.005353,-0.015887,-0.760508,1
51.825050354,0.648964,-0.005545,-0.016398,-0.760622,1
51.830017090,0.648802,-0.005742,-0.016460,-0.760758,1
51.834980011,0.648729,-0.005191,-0.016114,-0.760831,1
51.839939117,0.648481,-0.005041,-0.016520,-0.761035,1
51.844982147,0.648226,-0.005239,-0.016764,-0.761245,1
51.850017548,0.648115,-0.005302,-0.016659,-0.761342,1
51.855049133,0.647958,-0.004982,-0.016898,-0.761473,1
51.860076904,0.647726,-0.005502,-0.018118,-0.761638,1
51.865100861,0.647716,-0.005641,-0.017951,-0.761649,1
51.870117188,0.647674,-0.005387,-0.017071,-0.761708,1
51.875137329,0.647435,-0.004918,-0.017315,-0.761908,1
51.880146027,0.647033,-0.005098,-0.018030,-0.762232,1
51.885150909,0.646860,-0.005246,-0.018030,-0.762378,1
51.890151978,0.646826,-0.005032,-0.017439,-0.762422,1
51.895149231,0.646650,-0.004895,-0.017321,-0.762574,1
51.900142670,0.646436,-0.004909,-0.017772,-0.762745,1
51.905132294,0.646259,-0.005286,-0.018138,-0.762884,1
51.910110474,0.646204,-0.005131,-0.017621,-0.762944,1
51.915092468,0.645934,-0.005014,-0.017525,-0.763176,1
51.920063019,0.645735,-0.005056,-0.018073,-0.763331,1
51.925033569,0.645628,-0.005536,-0.018142,-0.763416,1
51.929996490,0.645572,-0.005406,-0.017792,-0.763473,1
51.934959412,0.645388,-0.005373,-0.017792,-0.763629,1
51.940002441,0.645153,-0.005561,-0.018597,-0.763807,1
51.945041656,0.645064,-0.005672,-0.018232,-0.763890,1
51.950073242,0.644996,-0.005224,-0.017470,-0.763969,1
51.955101013,0.644704,-0.005418,-0.017855,-0.764205,1
51.960128784,0.644577,-0.005843,-0.018166,-0.764301,1
51.965145111,0.644520,-0.005934,-0.017832,-0.764356,1
51.970161438,0.644399,-0.005833,-0.017848,-0.764459,1
51.975173950,0.644228,-0.005898,-0.018343,-0.764591,1
51.980178833,0.644182,-0.006118,-0.018269,-0.764629,1
51.985179901,0.644047,-0.005768,-0.017453,-0.764765,1
51.990177155,0.643803,-0.005859,-0.017799,-0.764962,1
51.995170593,0.643661,-0.006469,-0.018749,-0.765054,1
52.000156403,0.643612,-0.006713,-0.018447,-0.765100,1
52.005138397,0.643715,-0.005750,-0.017211,-0.765050,1
52.010120392,0.643283,-0.005802,-0.017502,-0.765407,1
52.015090942,0.643092,-0.006477,-0.018092,-0.765548,1
52.020061493,0.643164,-0.006573,-0.017450,-0.765502,1
52.025028229,0.642997,-0.006634,-0.017487,-0.765640,1
52.029991150,0.642843,-0.007124,-0.018097,-0.765751,1
52.035034180,0.642831,-0.007391,-0.017881,-0.765764,1
52.040073395,0.642845,-0.006760,-0.016489,-0.765789,1
52.045108795,0.642528,-0.006338,-0.016265,-0.766064,1
52.050132751,0.642245,-0.007286,-0.017453,-0.766266,1
52.055160522,0.642254,-0.007925,-0.017502,-0.766251,1
52.060180664,0.642279,-0.007686,-0.016194,-0.766261,1
52.065193176,0.642130,-0.007342,-0.015776,-0.766398,1
52.070201874,0.641863,-0.007621,-0.016819,-0.766597,1
52.075214386,0.641716,-0.007802,-0.016278,-0.766730,1
52.080215454,0.641625,-0.007524,-0.015906,-0.766816,1
52.085212708,0.641441,-0.007191,-0.016420,-0.766963,1
52.090202332,0.641249,-0.007774,-0.016367,-0.767119,1
52.095191956,0.641229,-0.007599,-0.015845,-0.767148,1
52.100173950,0.641028,-0.007520,-0.015671,-0.767321,1
52.105155945,0.640823,-0.008037,-0.016571,-0.767468,1
52.110126495,0.640789,-0.008187,-0.016336,-0.767500,1
52.115100861,0.640777,-0.007672,-0.015518,-0.767532,1
52.120063782,0.640518,-0.007550,-0.016010,-0.767739,1
52.125026703,0.640444,-0.007863,-0.016043,-0.767797,1
52.130069733,0.640476,-0.007893,-0.015314,-0.767785,1
52.135108948,0.640373,-0.007918,-0.015360,-0.767870,1
52.140144348,0.640288,-0.007915,-0.015885,-0.767930,1
52.145168304,0.640238,-0.007813,-0.015960,-0.767971,1
52.150196075,0.640161,-0.007656,-0.015536,-0.768045,1
52.155212402,0.640028,-0.007430,-0.015172,-0.768166,1
52.160228729,0.639900,-0.007445,-0.015341,-0.768269,1
52.165237427,0.639734,-0.007352,-0.015524,-0.768404,1
52.170242310,0.639646,-0.007703,-0.015249,-0.768480,1
52.175239563,0.639684,-0.007345,-0.015169,-0.768454,1
52.180236816,0.639565,-0.007348,-0.015675,-0.768542,1
52.185226440,0.639444,-0.007663,-0.015874,-0.768636,1
52.190216064,0.639395,-0.007322,-0.015584,-0.768685,1
52.195198059,0.639215,-0.007031,-0.015886,-0.768832,1
52.200168610,0.639009,-0.007184,-0.016259,-0.768994,1
52.205142975,0.638964,-0.007058,-0.015837,-0.769041,1
52.210105896,0.638804,-0.006835,-0.015821,-0.769176,1
52.215068817,0.638615,-0.007000,-0.015735,-0.769334,1
52.220027924,0.638641,-0.007108,-0.015357,-0.769319,1
52.225070953,0.638624,-0.007467,-0.016050,-0.769316,1
52.230106354,0.638689,-0.007944,-0.016660,-0.769243,1
52.235141754,0.638876,-0.007832,-0.016383,-0.769095,1
52.240169525,0.638824,-0.006547,-0.016034,-0.769158,1
52.245197296,0.638285,-0.006738,-0.015567,-0.769614,1
52.250217438,0.638148,-0.006791,-0.016297,-0.769711,1
52.255233765,0.638000,-0.007218,-0.016563,-0.769824,1
52.260246277,0.637952,-0.007097,-0.016385,-0.769869,1
52.265251160,0.637852,-0.006983,-0.016416,-0.769952,1
52.270252228,0.637726,-0.006328,-0.015851,-0.770074,1
52.275249481,0.637464,-0.006256,-0.016130,-0.770286,1
52.280246735,0.637302,-0.006512,-0.016883,-0.770402,1
52.285236359,0.637294,-0.006622,-0.016622,-0.770413,1
52.290214539,0.637251,-0.005962,-0.016462,-0.770457,1
52.295196533,0.637014,-0.006211,-0.016950,-0.770641,1
52.300174713,0.636922,-0.006293,-0.017019,-0.770715,1
52.305141449,0.636770,-0.006500,-0.016967,-0.770839,1
52.310112000,0.636656,-0.006294,-0.017256,-0.770930,1
52.315071106,0.636475,-0.006046,-0.017191,-0.771082,1
52.320114136,0.636355,-0.005805,-0.016889,-0.771190,1
52.325149536,0.636204,-0.005949,-0.017209,-0.771306,1
52.330184937,0.636170,-0.006251,-0.017367,-0.771328,1
52.335212708,0.636220,-0.005910,-0.016996,-0.771298,1
52.340240479,0.635982,-0.005617,-0.016919,-0.771498,1
52.345256805,0.635753,-0.005813,-0.017405,-0.771674,1
52.350276947,0.635800,-0.005788,-0.017210,-0.771640,1
52.355285645,0.635769,-0.005663,-0.016781,-0.771676,1
52.360290527,0.635597,-0.005733,-0.017430,-0.771803,1
52.365291595,0.635582,-0.006235,-0.017815,-0.771802,1
52.370285034,0.635680,-0.006120,-0.017159,-0.771737,1
52.375278473,0.635453,-0.005510,-0.016748,-0.771938,1
52.380264282,0.635193,-0.005733,-0.017179,-0.772141,1
52.385242462,0.635181,-0.006137,-0.017264,-0.772146,1
52.390220642,0.635175,-0.006131,-0.016881,-0.772159,1
52.395191193,0.635073,-0.006277,-0.016982,-0.772240,1
52.400157928,0.635031,-0.006363,-0.017264,-0.772268,1
52.405120850,0.634981,-0.006100,-0.016562,-0.772326,1
52.410076141,0.634796,-0.005702,-0.016209,-0.772489,1
52.415027618,0.634572,-0.006121,-0.016760,-0.772658,1
52.420066833,0.634573,-0.006704,-0.017065,-0.772645,1
52.425106049,0.634631,-0.006477,-0.016474,-0.772612,1
52.430130005,0.634444,-0.006236,-0.016082,-0.772776,1
52.435157776,0.634285,-0.006224,-0.016628,-0.772895,1
52.440177917,0.634167,-0.006530,-0.016331,-0.772996,1
52.445190430,0.634140,-0.006223,-0.015513,-0.773038,1
52.450206757,0.633906,-0.006031,-0.015685,-0.773227,1
52.455211639,0.633670,-0.006722,-0.016525,-0.773398,1
52.460212708,0.633756,-0.007073,-0.016603,-0.773322,1
52.465209961,0.633771,-0.006709,-0.015291,-0.773341,1
52.470203400,0.633499,-0.006305,-0.015047,-0.773571,1
52.475193024,0.633235,-0.006537,-0.015922,-0.773768,1
52.480175018,0.633169,-0.007185,-0.016199,-0.773811,1
52.485153198,0.633226,-0.007083,-0.015505,-0.773779,1
52.490127563,0.633233,-0.006786,-0.014818,-0.773790,1
52.495098114,0.633008,-0.006751,-0.015438,-0.773962,1
52.500061035,0.632771,-0.007197,-0.015576,-0.774149,1
52.505023956,0.632856,-0.007008,-0.015149,-0.774090,1
52.509975433,0.632791,-0.006957,-0.015265,-0.774141,1
52.515018463,0.632674,-0.007030,-0.015317,-0.774235,1
52.520050049,0.632695,-0.006903,-0.014824,-0.774228,1
52.525081635,0.632593,-0.007001,-0.015004,-0.774308,1
52.530105591,0.632538,-0.007214,-0.015015,-0.774350,1
52.535129547,0.632589,-0.007146,-0.014936,-0.774311,1
52.540145874,0.632522,-0.007093,-0.014925,-0.774366,1
52.545158386,0.632482,-0.007159,-0.014779,-0.774401,1
52.550163269,0.632522,-0.006977,-0.014871,-0.774368,1
52.555168152,0.632464,-0.007064,-0.014842,-0.774415,1
52.560165405,0.632486,-0.007025,-0.014754,-0.774399,1
52.565158844,0.632458,-0.007018,-0.014723,-0.774423,1
52.570148468,0.632443,-0.007479,-0.014775,-0.774429,1
52.575134277,0.632575,-0.007269,-0.014965,-0.774320,1
52.580116272,0.632424,-0.006895,-0.014871,-0.774449,1
52.585090637,0.632388,-0.006703,-0.014815,-0.774481,1
52.590061188,0.632355,-0.006678,-0.014847,-0.774508,1
52.595027924,0.632374,-0.006965,-0.014926,-0.774488,1
52.599987030,0.632423,-0.006907,-0.014985,-0.774447,1
52.604946136,0.632387,-0.006777,-0.015055,-0.774477,1
52.609985352,0.632404,-0.006939,-0.014993,-0.774462,1
52.615020752,0.632416,-0.006712,-0.015000,-0.774455,1
52.620052338,0.632391,-0.006737,-0.015215,-0.774471,1
52.625076294,0.632428,-0.006536,-0.015293,-0.774441,1
52.630096436,0.632384,-0.006519,-0.015472,-0.774473,1
52.635116577,0.632331,-0.006354,-0.015871,-0.774510,1
52.640129089,0.632346,-0.006317,-0.015725,-0.774501,1
52.645137787,0.632326,-0.005904,-0.015483,-0.774526,1
52.650138855,0.632076,-0.005844,-0.015637,-0.774726,1
52.655136108,0.632140,-0.005984,-0.015174,-0.774683,1
52.660133362,0.632326,-0.005873,-0.015304,-0.774529,1
52.665122986,0.632296,-0.006698,-0.016111,-0.774530,1
52.670108795,0.632581,-0.007232,-0.016591,-0.774283,1
52.675086975,0.632829,-0.006556,-0.015995,-0.774098,1
52.680065155,0.632601,-0.005761,-0.015624,-0.774299,1
52.685035706,0.632324,-0.005850,-0.015715,-0.774523,1
52.690002441,0.632414,-0.005827,-0.016144,-0.774440,1
52.694961548,0.632413,-0.006039,-0.016485,-0.774432,1
52.699920654,0.632395,-0.005982,-0.016358,-0.774450,1
52.704959869,0.632474,-0.005732,-0.016159,-0.774392,1
52.709999084,0.632485,-0.005291,-0.016128,-0.774386,1
52.715026855,0.632252,-0.005213,-0.016077,-0.774579,1
52.720054626,0.632240,-0.005276,-0.016679,-0.774575,1
52.725074768,0.632374,-0.005576,-0.017024,-0.774456,1
52.730094910,0.632552,-0.005540,-0.016999,-0.774312,1
52.735107422,0.632538,-0.005175,-0.016756,-0.774331,1
52.740112305,0.632483,-0.005011,-0.017080,-0.774369,1
52.745117188,0.632423,-0.005458,-0.017131,-0.774414,1
52.750114441,0.632507,-0.005314,-0.016743,-0.774355,1
52.755107880,0.632535,-0.004906,-0.016873,-0.774333,1
52.760097504,0.632461,-0.004827,-0.016912,-0.774393,1
52.765075684,0.632520,-0.004960,-0.016857,-0.774345,1
52.770057678,0.632630,-0.005148,-0.017033,-0.774250,1
52.775032043,0.632716,-0.005156,-0.016853,-0.774184,1
52.780002594,0.632689,-0.005012,-0.016664,-0.774210,1
52.784969330,0.632667,-0.004933,-0.016989,-0.774222,1
52.789928436,0.632711,-0.005309,-0.017018,-0.774183,1
52.794883728,0.632898,-0.005069,-0.016434,-0.774044,1
52.799926758,0.632932,-0.004966,-0.016666,-0.774012,1
52.804962158,0.632837,-0.005445,-0.017462,-0.774069,1
52.809993744,0.633016,-0.005653,-0.017308,-0.773924,1
52.815021515,0.633153,-0.005159,-0.016521,-0.773833,1
52.820041656,0.632926,-0.004814,-0.016755,-0.774016,1
52.825057983,0.632881,-0.005322,-0.017142,-0.774041,1
52.830074310,0.633086,-0.005364,-0.016785,-0.773881,1
52.835083008,0.633087,-0.005245,-0.016723,-0.773882,1
52.840087891,0.633040,-0.005503,-0.016856,-0.773916,1
52.845088959,0.633222,-0.004998,-0.016000,-0.773789,1
52.850082397,0.633118,-0.005058,-0.016074,-0.773872,1
52.855075836,0.633145,-0.005961,-0.017012,-0.773823,1
52.860057831,0.633495,-0.006131,-0.017092,-0.773533,1
52.865043640,0.633617,-0.005639,-0.016146,-0.773458,1
52.870021820,0.633530,-0.005125,-0.015613,-0.773544,1
52.874992371,0.633441,-0.005382,-0.016032,-0.773606,1
52.879959106,0.633573,-0.005755,-0.016256,-0.773491,1
52.884922028,0.633724,-0.005918,-0.015934,-0.773373,1
52.889877319,0.633880,-0.005735,-0.015538,-0.773254,1
52.894920349,0.633882,-0.005559,-0.015673,-0.773251,1
52.899959564,0.633898,-0.006013,-0.015746,-0.773233,1
52.904987335,0.634119,-0.006114,-0.015736,-0.773051,1
52.910018921,0.634259,-0.006204,-0.015246,-0.772946,1
52.915039062,0.634385,-0.006063,-0.015048,-0.772847,1
52.920059204,0.634433,-0.006145,-0.015285,-0.772802,1
52.925075531,0.634614,-0.006536,-0.015262,-0.772651,1
52.930084229,0.634875,-0.006348,-0.015127,-0.772441,1
52.935085297,0.634933,-0.005984,-0.014803,-0.772402,1
52.940086365,0.634955,-0.005643,-0.014902,-0.772385,1
52.945083618,0.634899,-0.005925,-0.015225,-0.772423,1
52.950073242,0.635087,-0.006139,-0.015031,-0.772270,1
52.955062866,0.635345,-0.006046,-0.015108,-0.772057,1
52.960044861,0.635375,-0.005957,-0.014997,-0.772035,1
52.965019226,0.635398,-0.005725,-0.014754,-0.772022,1
52.969993591,0.635508,-0.005585,-0.014467,-0.771939,1
52.974960327,0.635533,-0.005729,-0.014565,-0.771915,1
52.979923248,0.635688,-0.006027,-0.014775,-0.771781,1
52.984886169,0.635933,-0.006008,-0.014925,-0.771577,1
52.989929199,0.636114,-0.005968,-0.014757,-0.771431,1
52.994964600,0.636241,-0.005625,-0.014480,-0.771334,1
52.999996185,0.636290,-0.005524,-0.014474,-0.771294,1
53.005023956,0.636467,-0.005648,-0.014375,-0.771149,1
53.010051727,0.636688,-0.005552,-0.014148,-0.770972,1
53.015068054,0.636815,-0.005611,-0.014255,-0.770864,1
53.020080566,0.636988,-0.005636,-0.014534,-0.770716,1
53.025093079,0.637215,-0.005471,-0.014269,-0.770534,1
53.030097961,0.637370,-0.005435,-0.014218,-0.770408,1
53.035099030,0.637471,-0.005689,-0.014076,-0.770324,1
53.040096283,0.637691,-0.005449,-0.014091,-0.770144,1
53.045089722,0.637826,-0.005751,-0.014113,-0.770030,1
53.050071716,0.638078,-0.005748,-0.014084,-0.769821,1
53.055053711,0.638265,-0.005592,-0.013721,-0.769674,1
53.060035706,0.638355,-0.005667,-0.013839,-0.769597,1
53.065010071,0.638470,-0.005745,-0.014057,-0.769497,1
53.069984436,0.638626,-0.005709,-0.013971,-0.769369,1
53.074951172,0.638787,-0.005405,-0.013960,-0.769238,1
53.079914093,0.638870,-0.005198,-0.014236,-0.769165,1
53.084953308,0.638986,-0.005383,-0.014424,-0.769064,1
53.089992523,0.639234,-0.005113,-0.013973,-0.768868,1
53.095024109,0.639258,-0.004710,-0.013941,-0.768852,1
53.100051880,0.639268,-0.004865,-0.014077,-0.768840,1
53.105075836,0.639660,-0.005108,-0.013592,-0.768520,1
53.110095978,0.639873,-0.005102,-0.013607,-0.768343,1
53.115108490,0.640000,-0.005567,-0.014617,-0.768216,1
53.120117188,0.640431,-0.006260,-0.015219,-0.767839,1
53.125125885,0.640744,-0.005394,-0.014274,-0.767603,1
53.130126953,0.640636,-0.004673,-0.013597,-0.767710,1
53.135124207,0.640640,-0.004850,-0.014001,-0.767698,1
53.140113831,0.640861,-0.004803,-0.014358,-0.767507,1
53.145099640,0.641034,-0.004908,-0.014417,-0.767362,1
53.150081635,0.641194,-0.004953,-0.014254,-0.767231,1
53.155063629,0.641377,-0.004576,-0.014284,-0.767080,1
53.160034180,0.641490,-0.004163,-0.014185,-0.766989,1
53.165000916,0.641538,-0.004803,-0.014406,-0.766941,1
53.169963837,0.641846,-0.004468,-0.014276,-0.766688,1
53.174922943,0.641983,-0.004272,-0.014585,-0.766568,1
53.179965973,0.642177,-0.004517,-0.015011,-0.766396,1
53.185005188,0.642386,-0.004803,-0.014815,-0.766223,1
53.190036774,0.642695,-0.004468,-0.014730,-0.765968,1
53.195064545,0.642752,-0.004481,-0.015166,-0.765911,1
53.200088501,0.642794,-0.004796,-0.015573,-0.765866,1
53.205104828,0.643091,-0.004599,-0.015674,-0.765615,1
53.210121155,0.643239,-0.004619,-0.015212,-0.765501,1
53.215129852,0.643415,-0.004248,-0.014793,-0.765363,1
53.220130920,0.643475,-0.004129,-0.015259,-0.765304,1
53.225131989,0.643575,-0.004588,-0.015356,-0.765216,1
53.230125427,0.643880,-0.004377,-0.014746,-0.764972,1
53.235115051,0.643978,-0.004042,-0.014592,-0.764894,1
53.240104675,0.644009,-0.004269,-0.015283,-0.764853,1
53.245079041,0.644276,-0.004680,-0.015215,-0.764628,1
53.250057220,0.644462,-0.004419,-0.014602,-0.764485,1
53.255027771,0.644551,-0.004421,-0.014772,-0.764406,1
53.259994507,0.644616,-0.004509,-0.015210,-0.764342,1
53.264961243,0.644823,-0.004769,-0.015096,-0.764168,1
53.269920349,0.645055,-0.004796,-0.014651,-0.763981,1
53.274963379,0.645107,-0.004561,-0.014868,-0.763934,1
53.280002594,0.645187,-0.004937,-0.014912,-0.763864,1
53.285034180,0.645394,-0.005027,-0.014809,-0.763689,1
53.290065765,0.645490,-0.004812,-0.014431,-0.763617,1
53.295085907,0.645624,-0.004912,-0.014917,-0.763494,1
53.300109863,0.645702,-0.005253,-0.015281,-0.763419,1
53.305122375,0.645948,-0.005224,-0.014467,-0.763227,1
53.310131073,0.646104,-0.004624,-0.013973,-0.763108,1
53.315135956,0.645964,-0.004789,-0.014458,-0.763216,1
53.320137024,0.646138,-0.005303,-0.014920,-0.763057,1
53.325134277,0.646410,-0.005492,-0.014684,-0.762829,1
53.330123901,0.646580,-0.005266,-0.014239,-0.762695,1
53.335113525,0.646650,-0.004985,-0.014404,-0.762635,1
53.340099335,0.646606,-0.005170,-0.014729,-0.762665,1
53.345073700,0.646784,-0.005371,-0.014437,-0.762518,1
53.350048065,0.647022,-0.005235,-0.014052,-0.762324,1
53.355014801,0.647083,-0.005495,-0.014321,-0.762265,1
53.359981537,0.647237,-0.005826,-0.014588,-0.762127,1
53.364940643,0.647489,-0.005806,-0.014641,-0.761912,1
53.369987488,0.647585,-0.005691,-0.014341,-0.761837,1
53.375026703,0.647785,-0.005191,-0.013589,-0.761684,1
53.380054474,0.647706,-0.005340,-0.013921,-0.761745,1
53.385086060,0.647861,-0.006004,-0.014340,-0.761600,1
53.390110016,0.648260,-0.006218,-0.014345,-0.761259,1
53.395130157,0.648473,-0.005864,-0.013879,-0.761089,1
53.400146484,0.648533,-0.005788,-0.013468,-0.761046,1
53.405155182,0.648646,-0.005712,-0.013399,-0.760951,1
53.410163879,0.648730,-0.005893,-0.013661,-0.760873,1
53.415164948,0.649013,-0.006300,-0.013922,-0.760624,1
53.420162201,0.649321,-0.006150,-0.013881,-0.760363,1
53.425151825,0.649394,-0.006039,-0.013638,-0.760306,1
53.430141449,0.649481,-0.006008,-0.013663,-0.760231,1
53.435123444,0.649578,-0.005827,-0.013308,-0.760156,1
53.440101624,0.649628,-0.005903,-0.013364,-0.760111,1
53.445075989,0.649760,-0.006086,-0.013652,-0.759992,1
53.450042725,0.649948,-0.006110,-0.013717,-0.759830,1
53.455001831,0.650148,-0.006162,-0.013666,-0.759660,1
53.459964752,0.650295,-0.006321,-0.013367,-0.759538,1
53.465007782,0.650422,-0.006207,-0.013239,-0.759432,1
53.470043182,0.650456,-0.006079,-0.013429,-0.759401,1
53.475078583,0.650525,-0.006179,-0.013325,-0.759343,1
53.480106354,0.650838,-0.006088,-0.013338,-0.759075,1
53.485134125,0.650893,-0.006273,-0.013373,-0.759026,1
53.490154266,0.651077,-0.006485,-0.013430,-0.758865,1
53.495170593,0.651295,-0.006302,-0.013309,-0.758682,1
53.500179291,0.651288,-0.006283,-0.013457,-0.758685,1
53.505187988,0.651416,-0.006154,-0.013114,-0.758582,1
53.510189056,0.651570,-0.005884,-0.013073,-0.758453,1
53.515186310,0.651611,-0.006206,-0.013465,-0.758409,1
53.520179749,0.651831,-0.006219,-0.013554,-0.758218,1
53.525169373,0.651962,-0.006266,-0.013253,-0.758110,1
53.530147552,0.652021,-0.006242,-0.013384,-0.758057,1
53.535129547,0.652080,-0.006189,-0.013519,-0.758004,1
53.540103912,0.652260,-0.006304,-0.013742,-0.757844,1
53.545074463,0.652436,-0.006416,-0.013766,-0.757691,1
53.550037384,0.652633,-0.006248,-0.013816,-0.757522,1
53.555000305,0.652785,-0.006201,-0.014086,-0.757386,1
53.560043335,0.652856,-0.006201,-0.014619,-0.757316,1
53.565082550,0.653031,-0.006149,-0.014306,-0.757171,1
53.570117950,0.653211,-0.005819,-0.013990,-0.757025,1
53.575145721,0.653196,-0.005735,-0.014494,-0.757029,1
53.580173492,0.653389,-0.005922,-0.014285,-0.756864,1
53.585189819,0.653753,-0.005875,-0.013618,-0.756562,1
53.590209961,0.653899,-0.005840,-0.014256,-0.756425,1
53.595218658,0.654195,-0.006564,-0.014924,-0.756150,1
53.600227356,0.654654,-0.006286,-0.014760,-0.755758,1
53.605228424,0.654843,-0.005916,-0.014153,-0.755609,1
53.610225677,0.654905,-0.005564,-0.014186,-0.755558,1
53.615219116,0.655001,-0.005570,-0.014545,-0.755467,1
53.620208740,0.655274,-0.005393,-0.014855,-0.755226,1
53.625190735,0.655372,-0.005714,-0.015095,-0.755134,1
53.630168915,0.655729,-0.005596,-0.014868,-0.754830,1
53.635143280,0.655813,-0.005021,-0.014706,-0.754764,1
53.640110016,0.655834,-0.004818,-0.014644,-0.754747,1
53.645072937,0.655896,-0.005354,-0.014775,-0.754687,1
53.650035858,0.656215,-0.005291,-0.014757,-0.754412,1
53.654991150,0.656371,-0.005103,-0.015145,-0.754269,1
53.660030365,0.656548,-0.005317,-0.015501,-0.754106,1
53.665061951,0.656778,-0.005305,-0.015254,-0.753911,1
53.670097351,0.656998,-0.004949,-0.014948,-0.753728,1
53.675121307,0.656971,-0.005243,-0.015430,-0.753740,1
53.680141449,0.657116,-0.005332,-0.015812,-0.753604,1
53.685157776,0.657396,-0.005461,-0.015864,-0.753359,1
53.690170288,0.657659,-0.005314,-0.015478,-0.753138,1
53.695175171,0.657736,-0.004846,-0.015184,-0.753080,1
53.700183868,0.657812,-0.005113,-0.015827,-0.752999,1
53.705177307,0.658028,-0.005475,-0.015753,-0.752808,1
53.710174561,0.658271,-0.005057,-0.015131,-0.752612,1
53.715164185,0.658308,-0.004873,-0.015387,-0.752575,1
53.720149994,0.658394,-0.005359,-0.016130,-0.752482,1
53.725131989,0.658952,-0.005436,-0.014743,-0.752021,1
53.730106354,0.659257,-0.004989,-0.014068,-0.751770,1
53.735080719,0.659227,-0.005708,-0.015536,-0.751762,1
53.740047455,0.659635,-0.006768,-0.015987,-0.751386,1
53.745010376,0.660126,-0.006213,-0.014803,-0.750983,1
53.749969482,0.660169,-0.005551,-0.014202,-0.750963,1
53.755008698,0.660261,-0.005757,-0.014469,-0.750875,1
53.760040283,0.660529,-0.006454,-0.014651,-0.750630,1
53.765071869,0.660877,-0.006152,-0.014423,-0.750330,1
53.770099640,0.660932,-0.006540,-0.014709,-0.750273,1
53.775119781,0.661310,-0.006530,-0.014770,-0.749939,1
53.780136108,0.661608,-0.006206,-0.013750,-0.749698,1
53.785148621,0.661686,-0.005840,-0.013588,-0.749635,1
53.790153503,0.661642,-0.005701,-0.014046,-0.749666,1
53.795154572,0.661951,-0.006032,-0.014863,-0.749375,1
53.800151825,0.662225,-0.006175,-0.014743,-0.749134,1
53.805145264,0.662415,-0.006070,-0.014123,-0.748979,1
53.810131073,0.662626,-0.005649,-0.014423,-0.748790,1
53.815116882,0.662659,-0.005697,-0.014886,-0.748752,1
53.820091248,0.662806,-0.005653,-0.014038,-0.748638,1
53.825065613,0.662996,-0.005275,-0.013654,-0.748480,1
53.830032349,0.663106,-0.005651,-0.014580,-0.748363,1
53.834995270,0.663381,-0.006140,-0.014967,-0.748107,1
53.839954376,0.663753,-0.005911,-0.013970,-0.747798,1
53.844905853,0.663931,-0.005504,-0.013360,-0.747654,1
53.849948883,0.664016,-0.005672,-0.013824,-0.747569,1
53.854980469,0.664260,-0.006003,-0.014049,-0.747346,1
53.860012054,0.664589,-0.006173,-0.013842,-0.747055,1
53.865036011,0.664963,-0.006084,-0.013169,-0.746735,1
53.870059967,0.665192,-0.005836,-0.013151,-0.746533,1
53.875076294,0.665286,-0.005940,-0.013395,-0.746445,1
53.880088806,0.665591,-0.006229,-0.013163,-0.746174,1
53.885101318,0.665854,-0.005760,-0.012957,-0.745947,1
53.890102386,0.665975,-0.005589,-0.013082,-0.745838,1
53.895103455,0.666226,-0.005845,-0.013110,-0.745612,1
53.900096893,0.666447,-0.006012,-0.012702,-0.745420,1
53.905082703,0.666743,-0.005834,-0.012429,-0.745161,1
53.910064697,0.666863,-0.005611,-0.012839,-0.745049,1
53.915046692,0.666985,-0.005849,-0.013042,-0.744934,1
53.920017242,0.667281,-0.005921,-0.012713,-0.744674,1
53.924987793,0.667505,-0.006047,-0.012482,-0.744476,1
53.929954529,0.667785,-0.005699,-0.012846,-0.744222,1
53.934917450,0.667837,-0.006018,-0.012606,-0.744177,1
53.939868927,0.668148,-0.005910,-0.012351,-0.743902,1
53.944908142,0.668292,-0.005890,-0.012458,-0.743771,1
53.949943542,0.668491,-0.006140,-0.012884,-0.743583,1
53.954975128,0.668782,-0.006298,-0.012939,-0.743320,1
53.959999084,0.669029,-0.005971,-0.012195,-0.743112,1
53.965023041,0.669172,-0.005597,-0.012160,-0.742987,1
53.970039368,0.669259,-0.005595,-0.012504,-0.742903,1
53.975051880,0.669548,-0.005949,-0.012665,-0.742637,1
53.980056763,0.669928,-0.005813,-0.012313,-0.742302,1
53.985057831,0.670153,-0.005694,-0.012317,-0.742099,1
53.990055084,0.670321,-0.005637,-0.012584,-0.741943,1
53.995048523,0.670548,-0.005846,-0.012608,-0.741736,1
54.000038147,0.670839,-0.005769,-0.012405,-0.741477,1
54.005023956,0.671080,-0.005518,-0.012528,-0.741259,1
54.009998322,0.671279,-0.005334,-0.012892,-0.741073,1
54.014976501,0.671445,-0.005422,-0.013167,-0.740917,1
54.019943237,0.671801,-0.005436,-0.012865,-0.740600,1
54.024913788,0.672053,-0.004924,-0.012822,-0.740376,1
54.029872894,0.671991,-0.004875,-0.013041,-0.740429,1
54.034828186,0.672244,-0.005252,-0.012887,-0.740199,1
54.039867401,0.672676,-0.005160,-0.012495,-0.739813,1
54.044906616,0.672745,-0.005076,-0.012793,-0.739746,1
54.049934387,0.672920,-0.005519,-0.013890,-0.739564,1
54.054962158,0.673312,-0.005799,-0.013842,-0.739206,1
54.059986115,0.673530,-0.005114,-0.012993,-0.739028,1
54.065006256,0.673511,-0.004362,-0.012902,-0.739052,1
54.070014954,0.673489,-0.004451,-0.013566,-0.739059,1
54.075023651,0.673719,-0.004638,-0.013704,-0.738846,1
54.080028534,0.673969,-0.004671,-0.013341,-0.738625,1
54.085025787,0.674261,-0.004332,-0.013569,-0.738356,1
54.090019226,0.674289,-0.004277,-0.013857,-0.738325,1
54.095008850,0.674446,-0.004206,-0.013588,-0.738187,1
54.099998474,0.674663,-0.004312,-0.013356,-0.737992,1
54.104976654,0.674867,-0.004210,-0.013564,-0.737802,1
54.109954834,0.675029,-0.004410,-0.014025,-0.737644,1
54.114925385,0.675342,-0.004480,-0.014200,-0.737354,1
54.119895935,0.675567,-0.004359,-0.013763,-0.737157,1
54.124858856,0.675742,-0.004095,-0.013639,-0.737001,1
54.129817963,0.675839,-0.004262,-0.013778,-0.736908,1
54.134857178,0.676000,-0.004350,-0.014140,-0.736753,1
54.139896393,0.676229,-0.004686,-0.014149,-0.736541,1
54.144927979,0.676568,-0.004555,-0.014092,-0.736231,1
54.149955750,0.676748,-0.004240,-0.013481,-0.736079,1
54.154979706,0.676768,-0.004131,-0.013733,-0.736057,1
54.159999847,0.676944,-0.004577,-0.014218,-0.735883,1
54.165012360,0.677341,-0.004853,-0.014068,-0.735519,1
54.170021057,0.677575,-0.004625,-0.013635,-0.735313,1
54.175022125,0.677650,-0.004510,-0.013663,-0.735244,1
54.180023193,0.677828,-0.004737,-0.014231,-0.735068,1
54.185016632,0.678167,-0.004780,-0.013859,-0.734761,1
54.190006256,0.678409,-0.004611,-0.013766,-0.734541,1
54.194992065,0.678480,-0.004505,-0.013780,-0.734476,1
54.199970245,0.678660,-0.004852,-0.014248,-0.734299,1
54.204944611,0.679035,-0.004976,-0.014308,-0.733950,1
54.209915161,0.679294,-0.004748,-0.013585,-0.733725,1
54.214881897,0.679364,-0.004297,-0.013654,-0.733662,1
54.219844818,0.679445,-0.004730,-0.014184,-0.733574,1
54.224800110,0.679853,-0.005106,-0.014109,-0.733195,1
54.229843140,0.680180,-0.004719,-0.013697,-0.732902,1
54.234882355,0.680248,-0.004712,-0.014174,-0.732829,1
54.239910126,0.680448,-0.004921,-0.014501,-0.732637,1
54.244941711,0.680755,-0.004933,-0.013620,-0.732368,1
54.249961853,0.680995,-0.004622,-0.013214,-0.732154,1
54.254985809,0.681057,-0.004580,-0.013741,-0.732087,1
54.259998322,0.681240,-0.005147,-0.014441,-0.731900,1
54.265007019,0.681655,-0.005397,-0.014286,-0.731514,1
54.270011902,0.682003,-0.004849,-0.013390,-0.731210,1
54.275009155,0.682017,-0.004599,-0.013502,-0.731197,1
54.280006409,0.682031,-0.004776,-0.014067,-0.731172,1
54.284996033,0.682352,-0.005166,-0.014131,-0.730869,1
54.289981842,0.682697,-0.005021,-0.013675,-0.730556,1
54.294963837,0.682904,-0.004887,-0.013457,-0.730368,1
54.299942017,0.682971,-0.004884,-0.013685,-0.730301,1
54.304916382,0.683169,-0.005283,-0.013918,-0.730109,1
54.309886932,0.683496,-0.005277,-0.013655,-0.729808,1
54.314853668,0.683643,-0.005114,-0.013407,-0.729675,1
54.319812775,0.683758,-0.004897,-0.013166,-0.729573,1
54.324855804,0.683837,-0.005026,-0.013339,-0.729496,1
54.329891205,0.684077,-0.005400,-0.013408,-0.729267,1
54.334922791,0.684433,-0.005582,-0.013631,-0.728927,1
54.339954376,0.684546,-0.005176,-0.013241,-0.728831,1
54.344978333,0.684562,-0.004833,-0.012946,-0.728823,1
54.349994659,0.684610,-0.005073,-0.012884,-0.728778,1
54.355010986,0.684830,-0.005455,-0.013183,-0.728563,1
54.360019684,0.685150,-0.005713,-0.013146,-0.728261,1
54.365024567,0.685284,-0.005478,-0.013032,-0.728139,1
54.370021820,0.685331,-0.005232,-0.013070,-0.728096,1
54.375019073,0.685448,-0.005318,-0.013215,-0.727983,1
54.380008698,0.685715,-0.005430,-0.013043,-0.727733,1
54.384990692,0.685758,-0.005360,-0.012414,-0.727704,1
54.389972687,0.685855,-0.005114,-0.012816,-0.727607,1
54.394950867,0.685954,-0.005465,-0.012995,-0.727508,1
54.399917603,0.686288,-0.005733,-0.012820,-0.727195,1
54.404884338,0.686463,-0.005563,-0.012494,-0.727036,1
54.409847260,0.686585,-0.005466,-0.012525,-0.726921,1
54.414802551,0.686598,-0.005544,-0.012795,-0.726903,1
54.419845581,0.686799,-0.005763,-0.012787,-0.726712,1
54.424880981,0.687028,-0.005870,-0.012375,-0.726502,1
54.429912567,0.687184,-0.005472,-0.012304,-0.726359,1
54.434944153,0.687160,-0.005337,-0.012367,-0.726381,1
54.439964294,0.687302,-0.005850,-0.012709,-0.726237,1
54.444988251,0.687582,-0.005871,-0.012383,-0.725977,1
54.450000763,0.687700,-0.005668,-0.012254,-0.725869,1
54.455009460,0.687746,-0.005564,-0.012612,-0.725821,1
54.460014343,0.687893,-0.005633,-0.012651,-0.725680,1
54.465019226,0.688086,-0.005693,-0.012426,-0.725500,1
54.470016479,0.688243,-0.005594,-0.012620,-0.725349,1
54.475006104,0.688316,-0.005442,-0.012705,-0.725280,1
54.479995728,0.688394,-0.005427,-0.012625,-0.725206,1
54.484981537,0.688529,-0.005527,-0.012646,-0.725078,1
54.489955902,0.688716,-0.005402,-0.012749,-0.724899,1
54.494930267,0.688772,-0.005387,-0.012821,-0.724845,1
54.499897003,0.688868,-0.005328,-0.012980,-0.724751,1
54.504859924,0.688996,-0.005375,-0.012788,-0.724632,1
54.509822845,0.689135,-0.005066,-0.012687,-0.724504,1
54.514865875,0.689121,-0.005025,-0.013030,-0.724512,1
54.519901276,0.689173,-0.005181,-0.013398,-0.724454,1
54.524936676,0.689348,-0.004992,-0.013037,-0.724296,1
54.529964447,0.689494,-0.004528,-0.013122,-0.724158,1
54.534992218,0.689397,-0.004646,-0.013650,-0.724240,1
54.540012360,0.689517,-0.005150,-0.013622,-0.724124,1
54.545028687,0.689885,-0.004789,-0.012742,-0.723791,1
54.550037384,0.689804,-0.004310,-0.012583,-0.723874,1
54.555046082,0.689740,-0.004936,-0.013747,-0.723910,1
54.560047150,0.690051,-0.005760,-0.013838,-0.723605,1
54.565044403,0.690389,-0.005369,-0.013101,-0.723299,1
54.570037842,0.690361,-0.004645,-0.012961,-0.723334,1
54.575027466,0.690158,-0.004667,-0.013667,-0.723514,1
54.580009460,0.690318,-0.004836,-0.013531,-0.723364,1
54.584987640,0.690547,-0.004686,-0.013386,-0.723149,1
54.589965820,0.690535,-0.004629,-0.013734,-0.723153,1
54.594932556,0.690572,-0.004916,-0.014169,-0.723108,1
54.599895477,0.690786,-0.004652,-0.013738,-0.722914,1
54.604862213,0.690813,-0.004398,-0.013647,-0.722891,1
54.609905243,0.690773,-0.004453,-0.013939,-0.722924,1
54.614940643,0.690932,-0.004477,-0.013998,-0.722771,1
54.619976044,0.691020,-0.004452,-0.013927,-0.722688,1
54.625003815,0.691075,-0.004615,-0.014238,-0.722628,1
54.630031586,0.691210,-0.004807,-0.014520,-0.722492,1
54.635051727,0.691328,-0.004636,-0.014256,-0.722386,1
54.640068054,0.691341,-0.004465,-0.013903,-0.722381,1
54.645080566,0.691286,-0.004357,-0.014217,-0.722428,1
54.650085449,0.691425,-0.004518,-0.014593,-0.722287,1
54.655086517,0.691584,-0.004846,-0.014677,-0.722130,1
54.660083771,0.691761,-0.004650,-0.014341,-0.721969,1
54.665077209,0.691838,-0.004361,-0.013970,-0.721905,1
54.670066833,0.691735,-0.004436,-0.014106,-0.722000,1
54.675048828,0.691839,-0.004727,-0.014087,-0.721899,1
54.680030823,0.692068,-0.005092,-0.014029,-0.721678,1
54.685009003,0.692197,-0.004750,-0.014157,-0.721554,1
54.689975739,0.692136,-0.004654,-0.014335,-0.721609,1
54.694942474,0.692300,-0.004390,-0.014258,-0.721455,1
54.699905396,0.692233,-0.004750,-0.014147,-0.721520,1
54.704948425,0.692335,-0.004639,-0.014165,-0.721422,1
54.709983826,0.692381,-0.004570,-0.014335,-0.721376,1
54.715019226,0.692402,-0.004760,-0.014376,-0.721353,1
54.720050812,0.692510,-0.004569,-0.013907,-0.721260,1
54.725074768,0.692551,-0.004288,-0.014001,-0.721220,1
54.730094910,0.692488,-0.004516,-0.014249,-0.721274,1
54.735111237,0.692547,-0.004699,-0.014181,-0.721218,1
54.740123749,0.692601,-0.004639,-0.014287,-0.721164,1
54.745128632,0.692613,-0.004598,-0.014366,-0.721152,1
54.750133514,0.692714,-0.004509,-0.013950,-0.721063,1
54.755130768,0.692698,-0.004241,-0.014074,-0.721078,1
54.760124207,0.692648,-0.004564,-0.014483,-0.721116,1
54.765113831,0.692825,-0.004760,-0.014321,-0.720948,1
54.770099640,0.692887,-0.004565,-0.013768,-0.720901,1
54.775077820,0.692825,-0.004333,-0.014122,-0.720954,1
54.780056000,0.692777,-0.004474,-0.014298,-0.720996,1
54.785022736,0.692909,-0.004480,-0.013946,-0.720876,1
54.789989471,0.692933,-0.004508,-0.014050,-0.720851,1
54.794952393,0.692993,-0.004407,-0.014153,-0.720792,1
54.799995422,0.693018,-0.004371,-0.013856,-0.720774,1
54.805034637,0.693009,-0.004581,-0.013989,-0.720779,1
54.810070038,0.693059,-0.004691,-0.014022,-0.720729,1
54.815101624,0.693161,-0.004645,-0.013881,-0.720635,1
54.820125580,0.693155,-0.004701,-0.013998,-0.720637,1
54.825145721,0.693153,-0.004665,-0.013780,-0.720643,1
54.830162048,0.693201,-0.004725,-0.013613,-0.720600,1
54.835170746,0.693216,-0.004903,-0.013881,-0.720579,1
54.840175629,0.693269,-0.004853,-0.013903,-0.720528,1
54.845180511,0.693303,-0.004817,-0.013686,-0.720500,1
54.850177765,0.693289,-0.004689,-0.013389,-0.720520,1
54.855171204,0.693259,-0.004765,-0.013116,-0.720553,1
54.860160828,0.693245,-0.004854,-0.013446,-0.720560,1
54.865146637,0.693269,-0.005177,-0.013701,-0.720530,1
54.870124817,0.693439,-0.005059,-0.013509,-0.720371,1
54.875099182,0.693408,-0.004929,-0.013281,-0.720406,1
54.880073547,0.693362,-0.004940,-0.013378,-0.720448,1
54.885036469,0.693403,-0.004902,-0.013163,-0.720413,1
54.889995575,0.693317,-0.004843,-0.012967,-0.720500,1
54.894950867,0.693297,-0.004914,-0.013414,-0.720510,1
54.899993896,0.693365,-0.005038,-0.013503,-0.720442,1
54.905029297,0.693432,-0.005078,-0.013027,-0.720386,1
54.910057068,0.693445,-0.004979,-0.012887,-0.720377,1
54.915084839,0.693362,-0.004835,-0.012686,-0.720462,1
54.920104980,0.693335,-0.004904,-0.012630,-0.720488,1
54.925121307,0.693356,-0.005122,-0.012758,-0.720464,1
54.930133820,0.693439,-0.005224,-0.012992,-0.720380,1
54.935142517,0.693554,-0.005295,-0.013155,-0.720265,1
54.940147400,0.693582,-0.005208,-0.012792,-0.720245,1
54.945144653,0.693456,-0.004926,-0.012168,-0.720380,1
54.950138092,0.693410,-0.004967,-0.012497,-0.720418,1
54.955131531,0.693436,-0.004977,-0.012943,-0.720385,1
54.960117340,0.693521,-0.005178,-0.012467,-0.720310,1
54.965095520,0.693646,-0.004942,-0.012307,-0.720194,1
54.970073700,0.693531,-0.005008,-0.012725,-0.720297,1
54.975044250,0.693500,-0.005429,-0.012508,-0.720327,1
54.980010986,0.693686,-0.005129,-0.012053,-0.720158,1
54.984973907,0.693570,-0.004811,-0.012093,-0.720272,1
54.989929199,0.693513,-0.005187,-0.012510,-0.720317,1
54.994972229,0.693695,-0.005428,-0.012439,-0.720141,1
55.000007629,0.693785,-0.005396,-0.011944,-0.720063,1
55.005035400,0.693783,-0.005094,-0.011934,-0.720067,1
55.010063171,0.693629,-0.005051,-0.012373,-0.720208,1
55.015083313,0.693635,-0.005338,-0.012236,-0.720203,1
55.020103455,0.693804,-0.005263,-0.011709,-0.720049,1
55.025115967,0.693840,-0.005050,-0.011675,-0.720017,1
55.030120850,0.693744,-0.005341,-0.012052,-0.720101,1
55.035125732,0.693902,-0.005711,-0.011972,-0.719947,1
55.040122986,0.694083,-0.005451,-0.011691,-0.719779,1
55.045116425,0.694070,-0.005398,-0.011815,-0.719791,1
55.050106049,0.694048,-0.005492,-0.012056,-0.719807,1
55.055088043,0.694121,-0.005524,-0.012013,-0.719737,1
55.060070038,0.694206,-0.005695,-0.011898,-0.719655,1
55.065048218,0.694299,-0.005514,-0.011990,-0.719566,1
55.070014954,0.694289,-0.005317,-0.012042,-0.719576,1
55.074985504,0.694305,-0.005476,-0.012188,-0.719557,1
55.079944611,0.694383,-0.005431,-0.012112,-0.719483,1
55.084903717,0.694425,-0.005340,-0.012020,-0.719445,1
55.089942932,0.694421,-0.005329,-0.012255,-0.719444,1
55.094982147,0.694420,-0.005283,-0.012233,-0.719446,1
55.100009918,0.694498,-0.005210,-0.012029,-0.719375,1
55.105037689,0.694538,-0.005236,-0.012261,-0.719333,1
55.110057831,0.694565,-0.005286,-0.012361,-0.719304,1
55.115074158,0.694651,-0.005312,-0.012264,-0.719223,1
55.120090485,0.694645,-0.005264,-0.012410,-0.719227,1
55.125099182,0.694652,-0.005319,-0.012419,-0.719219,1
55.130104065,0.694737,-0.005339,-0.012575,-0.719134,1
55.135105133,0.694751,-0.005370,-0.012542,-0.719121,1
55.140098572,0.694781,-0.005251,-0.012364,-0.719096,1
55.145092010,0.694793,-0.005101,-0.012589,-0.719082,1
55.150074005,0.694797,-0.005028,-0.012955,-0.719072,1
55.155056000,0.694776,-0.005139,-0.013035,-0.719089,1
55.160034180,0.694874,-0.005180,-0.012887,-0.718997,1
55.165004730,0.694928,-0.004756,-0.012936,-0.718947,1
55.169975281,0.694805,-0.004660,-0.012988,-0.719066,1
55.174938202,0.694837,-0.004738,-0.013084,-0.719033,1
55.179897308,0.694976,-0.004624,-0.013107,-0.718898,1
55.184936523,0.695016,-0.004660,-0.013550,-0.718851,1
55.189975739,0.695104,-0.004829,-0.013815,-0.718760,1
55.195003510,0.695209,-0.004657,-0.013142,-0.718673,1
55.200031281,0.695214,-0.004324,-0.012629,-0.718679,1
55.205051422,0.695124,-0.004526,-0.012990,-0.718758,1
55.210071564,0.695272,-0.004903,-0.013470,-0.718603,1
55.215084076,0.695501,-0.004905,-0.013146,-0.718388,1
55.220092773,0.695614,-0.004817,-0.013096,-0.718280,1
55.225093842,0.695635,-0.004631,-0.013179,-0.718260,1
55.230094910,0.695604,-0.004521,-0.012977,-0.718294,1
55.235088348,0.695591,-0.004459,-0.012951,-0.718308,1
55.240077972,0.695625,-0.004487,-0.013155,-0.718271,1
55.245063782,0.695720,-0.004558,-0.013273,-0.718176,1
55.250041962,0.695826,-0.004663,-0.013470,-0.718069,1
55.255020142,0.695877,-0.004576,-0.013317,-0.718023,1
55.259990692,0.695867,-0.004304,-0.013128,-0.718038,1
55.264957428,0.695798,-0.004216,-0.013226,-0.718103,1
55.269920349,0.695776,-0.004288,-0.013538,-0.718118,1
55.274875641,0.695878,-0.004597,-0.013708,-0.718015,1
55.279918671,0.696019,-0.004590,-0.013808,-0.717876,1
55.284954071,0.696060,-0.004461,-0.013755,-0.717838,1
55.289985657,0.696013,-0.004271,-0.013732,-0.717885,1
55.295013428,0.695972,-0.004362,-0.013672,-0.717925,1
55.300033569,0.696025,-0.004355,-0.013855,-0.717871,1
55.305053711,0.696035,-0.004442,-0.014117,-0.717856,1
55.310066223,0.696116,-0.004442,-0.014050,-0.717778,1
55.315071106,0.696152,-0.004370,-0.013882,-0.717747,1
55.320075989,0.696105,-0.004241,-0.013772,-0.717795,1
55.325073242,0.696067,-0.004331,-0.013861,-0.717830,1
55.330070496,0.696091,-0.004345,-0.014033,-0.717803,1
55.335060120,0.696117,-0.004453,-0.014050,-0.717777,1
55.340045929,0.696157,-0.004473,-0.013955,-0.717740,1
55.345020294,0.696179,-0.004443,-0.013954,-0.717719,1
55.349998474,0.696144,-0.004409,-0.014047,-0.717751,1
55.354965210,0.696112,-0.004450,-0.014020,-0.717782,1
55.359935760,0.696109,-0.004454,-0.013954,-0.717786,1
55.364894867,0.696123,-0.004457,-0.014119,-0.717770,1
55.369850159,0.696140,-0.004670,-0.014237,-0.717749,1
55.374889374,0.696247,-0.004662,-0.013984,-0.717650,1
55.379928589,0.696213,-0.004392,-0.013758,-0.717690,1
55.384960175,0.696070,-0.004452,-0.013979,-0.717824,1
55.389987946,0.696129,-0.004765,-0.014157,-0.717762,1
55.395011902,0.696281,-0.004833,-0.013975,-0.717617,1
55.400032043,0.696316,-0.004699,-0.013870,-0.717586,1
55.405044556,0.696271,-0.004693,-0.014110,-0.717625,1
55.410053253,0.696286,-0.004727,-0.014110,-0.717610,1
55.415054321,0.696322,-0.004684,-0.013747,-0.717582,1
55.420055389,0.696284,-0.004709,-0.013774,-0.717619,1
55.425048828,0.696289,-0.004692,-0.013996,-0.717609,1
55.430042267,0.696323,-0.004818,-0.013891,-0.717578,1
55.435028076,0.696319,-0.004748,-0.013681,-0.717586,1
55.440006256,0.696279,-0.004696,-0.013921,-0.717621,1
55.444984436,0.696244,-0.004795,-0.014046,-0.717651,1
55.449954987,0.696259,-0.004982,-0.013876,-0.717639,1
55.454925537,0.696291,-0.004881,-0.013803,-0.717610,1
55.459888458,0.696259,-0.004794,-0.014039,-0.717637,1
55.464847565,0.696226,-0.004905,-0.014176,-0.717666,1
55.469890594,0.696289,-0.005032,-0.013944,-0.717609,1
55.474929810,0.696335,-0.004958,-0.013805,-0.717567,1
55.479965210,0.696287,-0.004886,-0.014064,-0.717609,1
55.484989166,0.696287,-0.005136,-0.014146,-0.717606,1
55.490009308,0.696410,-0.005107,-0.013908,-0.717491,1
55.495033264,0.696452,-0.004967,-0.013797,-0.717453,1
55.500045776,0.696435,-0.004869,-0.013921,-0.717468,1
55.505054474,0.696437,-0.004917,-0.014073,-0.717463,1
55.510066986,0.696492,-0.005068,-0.014080,-0.717408,1
55.515060425,0.696620,-0.005017,-0.014003,-0.717286,1
55.520057678,0.696630,-0.004794,-0.013845,-0.717281,1
55.525051117,0.696551,-0.004825,-0.013887,-0.717356,1
55.530040741,0.696617,-0.005047,-0.014084,-0.717287,1
55.535022736,0.696771,-0.005124,-0.014094,-0.717137,1
55.539997101,0.696817,-0.004952,-0.014056,-0.717094,1
55.544971466,0.696798,-0.005008,-0.014094,-0.717111,1
55.549938202,0.696845,-0.005087,-0.014027,-0.717067,1
55.554904938,0.696883,-0.005049,-0.013925,-0.717032,1
55.559860229,0.696882,-0.004972,-0.014070,-0.717031,1
55.564903259,0.696902,-0.004997,-0.014219,-0.717008,1
55.569938660,0.696958,-0.005043,-0.014043,-0.716957,1
55.574974060,0.697013,-0.004989,-0.013965,-0.716905,1
55.580001831,0.696993,-0.004848,-0.014021,-0.716924,1
55.585025787,0.696959,-0.004905,-0.014134,-0.716955,1
55.590042114,0.696989,-0.004984,-0.014161,-0.716925,1
55.595058441,0.697053,-0.005013,-0.014014,-0.716865,1
55.600067139,0.697079,-0.005006,-0.013996,-0.716840,1
55.605072021,0.697063,-0.005038,-0.014024,-0.716855,1
55.610073090,0.697068,-0.005133,-0.013988,-0.716850,1
55.615066528,0.697088,-0.005149,-0.014066,-0.716829,1
55.620056152,0.697087,-0.005094,-0.014074,-0.716831,1
55.625045776,0.697075,-0.005085,-0.013984,-0.716844,1
55.630023956,0.697033,-0.005099,-0.013909,-0.716886,1
55.635002136,0.697006,-0.005138,-0.013908,-0.716912,1
55.639972687,0.697006,-0.005152,-0.013941,-0.716912,1
55.644943237,0.696980,-0.005158,-0.013886,-0.716938,1
55.649906158,0.696959,-0.005159,-0.013921,-0.716958,1
55.654865265,0.696954,-0.005287,-0.014017,-0.716959,1
55.659908295,0.696979,-0.005360,-0.013928,-0.716936,1
55.664947510,0.696972,-0.005300,-0.013920,-0.716944,1
55.669982910,0.696913,-0.005306,-0.014076,-0.716998,1
55.675010681,0.696895,-0.005364,-0.014041,-0.717015,1
55.680034637,0.696900,-0.005358,-0.013893,-0.717014,1
55.685054779,0.696867,-0.005284,-0.013890,-0.717047,1
55.690067291,0.696811,-0.005294,-0.013947,-0.717099,1
55.695079803,0.696779,-0.005288,-0.013874,-0.717133,1
55.700088501,0.696759,-0.005297,-0.013871,-0.717152,1
55.705089569,0.696761,-0.005274,-0.013977,-0.717148,1
55.710090637,0.696742,-0.005262,-0.014028,-0.717166,1
55.715084076,0.696710,-0.005282,-0.013886,-0.717199,1
55.720069885,0.696670,-0.005267,-0.013822,-0.717239,1
55.725051880,0.696623,-0.005250,-0.013858,-0.717285,1
55.730033875,0.696573,-0.005307,-0.013871,-0.717332,1
55.735008240,0.696534,-0.005384,-0.013834,-0.717370,1
55.739978790,0.696516,-0.005449,-0.013829,-0.717387,1
55.744941711,0.696518,-0.005481,-0.013901,-0.717384,1
55.749900818,0.696507,-0.005468,-0.013975,-0.717393,1
55.754943848,0.696469,-0.005465,-0.013858,-0.717433,1
55.759983063,0.696420,-0.005499,-0.013824,-0.717480,1
55.765018463,0.696399,-0.005479,-0.013926,-0.717499,1
55.770046234,0.696391,-0.005502,-0.013834,-0.717509,1
55.775066376,0.696386,-0.005546,-0.013752,-0.717514,1
55.780086517,0.696382,-0.005503,-0.013797,-0.717518,1
55.785102844,0.696351,-0.005472,-0.013883,-0.717546,1
55.790111542,0.696309,-0.005587,-0.013857,-0.717587,1
55.795116425,0.696320,-0.005573,-0.013754,-0.717578,1
55.800117493,0.696299,-0.005509,-0.013790,-0.717598,1
55.805110931,0.696260,-0.005554,-0.013872,-0.717634,1
55.810104370,0.696259,-0.005578,-0.013817,-0.717636,1
55.815090179,0.696249,-0.005554,-0.013764,-0.717647,1
55.820072174,0.696210,-0.005554,-0.013794,-0.717684,1
55.825046539,0.696179,-0.005548,-0.013785,-0.717715,1
55.830017090,0.696153,-0.005584,-0.013762,-0.717739,1
55.834983826,0.696148,-0.005631,-0.013805,-0.717744,1
55.839942932,0.696143,-0.005606,-0.013802,-0.717748,1
55.844902039,0.696111,-0.005573,-0.013751,-0.717781,1
55.849948883,0.696068,-0.005582,-0.013769,-0.717822,1
55.854984283,0.696053,-0.005575,-0.013728,-0.717837,1
55.860019684,0.696040,-0.005585,-0.013694,-0.717850,1
55.865047455,0.696015,-0.005596,-0.013746,-0.717873,1
55.870071411,0.695993,-0.005611,-0.013758,-0.717894,1
55.875091553,0.695977,-0.005642,-0.013753,-0.717910,1
55.880107880,0.695966,-0.005617,-0.013727,-0.717922,1
55.885120392,0.695942,-0.005598,-0.013720,-0.717945,1
55.890125275,0.695912,-0.005631,-0.013765,-0.717973,1
55.895126343,0.695908,-0.005667,-0.013742,-0.717977,1
55.900123596,0.695901,-0.005649,-0.013736,-0.717984,1
55.905117035,0.695865,-0.005647,-0.013768,-0.718018,1
55.910106659,0.695833,-0.005662,-0.013740,-0.718050,1
55.915084839,0.695812,-0.005686,-0.013714,-0.718071,1
55.920066833,0.695790,-0.005712,-0.013748,-0.718091,1
55.925037384,0.695781,-0.005717,-0.013777,-0.718099,1
55.930007935,0.695768,-0.005744,-0.013775,-0.718111,1
55.934970856,0.695753,-0.005745,-0.013713,-0.718127,1
55.939933777,0.695713,-0.005734,-0.013683,-0.718166,1
55.944976807,0.695677,-0.005743,-0.013712,-0.718201,1
55.950016022,0.695653,-0.005756,-0.013700,-0.718224,1
55.955051422,0.695635,-0.005759,-0.013695,-0.718242,1
55.960075378,0.695624,-0.005764,-0.013702,-0.718253,1
55.965103149,0.695614,-0.005769,-0.013704,-0.718262,1
55.970123291,0.695591,-0.005785,-0.013704,-0.718284,1
55.975135803,0.695570,-0.005785,-0.013697,-0.718304,1
55.980148315,0.695547,-0.005774,-0.013687,-0.718327,1
55.985153198,0.695527,-0.005791,-0.013681,-0.718347,1
55.990154266,0.695525,-0.005804,-0.013655,-0.718349,1
55.995151520,0.695515,-0.005805,-0.013648,-0.718359,1
56.000141144,0.695498,-0.005818,-0.013656,-0.718374,1
56.005123138,0.695490,-0.005817,-0.013642,-0.718383,1
56.010105133,0.695472,-0.005818,-0.013635,-0.718400,1
56.015083313,0.695453,-0.005829,-0.013660,-0.718418,1
56.020053864,0.695438,-0.005845,-0.013669,-0.718433,1
56.025020599,0.695426,-0.005864,-0.013665,-0.718444,1
56.029983521,0.695406,-0.005849,-0.013658,-0.718463,1
56.034942627,0.695378,-0.005842,-0.013654,-0.718491,1
56.039985657,0.695354,-0.005850,-0.013673,-0.718513,1
56.045024872,0.695339,-0.005859,-0.013668,-0.718528,1
56.050056458,0.695325,-0.005858,-0.013660,-0.718542,1
56.055088043,0.695305,-0.005866,-0.013667,-0.718561,1
56.060112000,0.695286,-0.005872,-0.013653,-0.718580,1
56.065135956,0.695270,-0.005874,-0.013644,-0.718595,1
56.070148468,0.695250,-0.005869,-0.013666,-0.718614,1
56.075157166,0.695238,-0.005871,-0.013665,-0.718625,1
56.080162048,0.695229,-0.005873,-0.013663,-0.718635,1
56.085163116,0.695215,-0.005887,-0.013657,-0.718648,1
56.090160370,0.695209,-0.005886,-0.013653,-0.718654,1
56.095153809,0.695197,-0.005892,-0.013680,-0.718665,1
56.100139618,0.695190,-0.005902,-0.013687,-0.718671,1
56.105121613,0.695192,-0.005902,-0.013688,-0.718670,1
56.110095978,0.695187,-0.005905,-0.013698,-0.718674,1
56.115070343,0.695180,-0.005900,-0.013703,-0.718680,1
56.120037079,0.695167,-0.005890,-0.013706,-0.718694,1
56.124996185,0.695148,-0.005889,-0.013718,-0.718711,1
56.129955292,0.695137,-0.005886,-0.013716,-0.718723,1
56.134910583,0.695130,-0.005882,-0.013693,-0.718729,1
56.139949799,0.695120,-0.005883,-0.013695,-0.718739,1
56.144981384,0.695108,-0.005880,-0.013709,-0.718751,1
56.150012970,0.695098,-0.005888,-0.013709,-0.718760,1
56.155036926,0.695092,-0.005890,-0.013697,-0.718766,1
56.160060883,0.695079,-0.005887,-0.013684,-0.718779,1
56.165073395,0.695065,-0.005886,-0.013688,-0.718792,1
56.170085907,0.695055,-0.005888,-0.013686,-0.718802,1
56.175090790,0.695046,-0.005887,-0.013676,-0.718811,1
56.180091858,0.695039,-0.005887,-0.013683,-0.718818,1
56.185092926,0.695032,-0.005887,-0.013689,-0.718825,1
56.190086365,0.695026,-0.005898,-0.013678,-0.718830,1
56.195075989,0.695024,-0.005902,-0.013669,-0.718832,1
56.200061798,0.695019,-0.005896,-0.013676,-0.718837,1
56.205039978,0.695010,-0.005898,-0.013685,-0.718845,1
56.210018158,0.695008,-0.005904,-0.013681,-0.718848,1
56.214984894,0.695007,-0.005900,-0.013677,-0.718849,1
56.219955444,0.695002,-0.005897,-0.013678,-0.718854,1
56.224914551,0.694992,-0.005900,-0.013680,-0.718863,1
56.229869843,0.694985,-0.005903,-0.013679,-0.718870,1
56.234912872,0.694979,-0.005905,-0.013680,-0.718876,1
56.239948273,0.694975,-0.005908,-0.013685,-0.718879,1
56.244976044,0.694973,-0.005906,-0.013681,-0.718881,1
56.250003815,0.694970,-0.005906,-0.013680,-0.718885,1
56.255020142,0.694962,-0.005908,-0.013682,-0.718892,1
56.260040283,0.694957,-0.005913,-0.013685,-0.718897,1
56.265048981,0.694953,-0.005916,-0.013691,-0.718901,1
56.270053864,0.694950,-0.005921,-0.013694,-0.718903,1
56.275058746,0.694953,-0.005923,-0.013688,-0.718901,1
56.280052185,0.694953,-0.005925,-0.013686,-0.718901,1
56.285045624,0.694952,-0.005927,-0.013691,-0.718902,1
56.290031433,0.694952,-0.005926,-0.013696,-0.718901,1
56.295013428,0.694955,-0.005929,-0.013696,-0.718898,1
56.299991608,0.694958,-0.005929,-0.013697,-0.718895,1
56.304962158,0.694959,-0.005929,-0.013700,-0.718894,1
56.309932709,0.694960,-0.005931,-0.013703,-0.718893,1
56.314891815,0.694961,-0.005935,-0.013704,-0.718892,1
56.319850922,0.694966,-0.005934,-0.013707,-0.718888,1
56.324806213,0.694972,-0.005933,-0.013711,-0.718881,1
56.329841614,0.694978,-0.005935,-0.013716,-0.718876,1
56.334880829,0.694982,-0.005937,-0.013715,-0.718872,1
56.339912415,0.694987,-0.005936,-0.013719,-0.718867,1
56.344936371,0.694991,-0.005937,-0.013723,-0.718863,1
56.349956512,0.694995,-0.005935,-0.013727,-0.718859,1
56.354976654,0.695001,-0.005931,-0.013729,-0.718853,1
56.359989166,0.695007,-0.005931,-0.013729,-0.718847,1
56.364994049,0.695013,-0.005930,-0.013730,-0.718842,1
56.369998932,0.695017,-0.005930,-0.013733,-0.718838,1
56.374996185,0.695020,-0.005931,-0.013737,-0.718835,1
56.379993439,0.695025,-0.005931,-0.013737,-0.718830,1
56.384983063,0.695031,-0.005933,-0.013741,-0.718824,1
56.389968872,0.695036,-0.005932,-0.013745,-0.718819,1
56.394947052,0.695041,-0.005933,-0.013747,-0.718814,1
56.399921417,0.695047,-0.005932,-0.013752,-0.718808,1
56.404891968,0.695051,-0.005933,-0.013756,-0.718805,1
56.409858704,0.695054,-0.005935,-0.013758,-0.718801,1
56.414821625,0.695058,-0.005934,-0.013759,-0.718797,1
56.419776917,0.695062,-0.005936,-0.013762,-0.718793,1
56.424816132,0.695065,-0.005939,-0.013766,-0.718790,1
56.429855347,0.695068,-0.005941,-0.013767,-0.718788,1
56.434883118,0.695072,-0.005944,-0.013772,-0.718783,1
56.439910889,0.695077,-0.005947,-0.013775,-0.718779,1
56.444931030,0.695080,-0.005949,-0.013777,-0.718775,1
56.449951172,0.695085,-0.005953,-0.013780,-0.718771,1
56.454963684,0.695089,-0.005957,-0.013785,-0.718767,1
56.459972382,0.695093,-0.005960,-0.013789,-0.718763,1
56.464973450,0.695097,-0.005963,-0.013791,-0.718759,1
56.469974518,0.695101,-0.005964,-0.013793,-0.718755,1
56.474967957,0.695106,-0.005962,-0.013795,-0.718750,1
56.479961395,0.695110,-0.005966,-0.013798,-0.718746,1
56.484947205,0.695113,-0.005969,-0.013801,-0.718743,1
56.489925385,0.695116,-0.005970,-0.013805,-0.718740,1
56.494903564,0.695120,-0.005972,-0.013807,-0.718736,1
56.499874115,0.695126,-0.005972,-0.013810,-0.718731,1
56.504840851,0.695130,-0.005973,-0.013812,-0.718727,1
56.509803772,0.695135,-0.005976,-0.013815,-0.718722,1
56.514759064,0.695139,-0.005979,-0.013817,-0.718717,1
56.519802094,0.695144,-0.005980,-0.013821,-0.718713,1
56.524841309,0.695149,-0.005981,-0.013825,-0.718708,1
56.529876709,0.695153,-0.005985,-0.013829,-0.718704,1
56.534900665,0.695158,-0.005984,-0.013831,-0.718699,1
56.539920807,0.695162,-0.005985,-0.013835,-0.718695,1
56.544940948,0.695166,-0.005987,-0.013836,-0.718691,1
56.549953461,0.695171,-0.005989,-0.013839,-0.718686,1
56.554962158,0.695175,-0.005992,-0.013839,-0.718682,1
56.559963226,0.695179,-0.005995,-0.013842,-0.718678,1
56.564964294,0.695182,-0.005997,-0.013846,-0.718676,1
56.569957733,0.695185,-0.005999,-0.013848,-0.718672,1
56.574947357,0.695189,-0.006000,-0.013853,-0.718668,1
56.579936981,0.695193,-0.006001,-0.013854,-0.718664,1
56.584915161,0.695197,-0.005999,-0.013855,-0.718661,1
56.589897156,0.695199,-0.006002,-0.013861,-0.718658,1
56.594871521,0.695203,-0.006006,-0.013864,-0.718655,1
56.599838257,0.695206,-0.006009,-0.013865,-0.718652,1
56.604797363,0.695209,-0.006010,-0.013867,-0.718648,1
56.609760284,0.695211,-0.006012,-0.013867,-0.718646,1
56.614803314,0.695216,-0.006015,-0.013866,-0.718642,1
56.619834900,0.695220,-0.006018,-0.013868,-0.718638,1
56.624870300,0.695223,-0.006020,-0.013871,-0.718635,1
56.629894257,0.695227,-0.006022,-0.013873,-0.718631,1
56.634922028,0.695231,-0.006024,-0.013876,-0.718628,1
56.639938354,0.695235,-0.006029,-0.013874,-0.718623,1
56.644950867,0.695240,-0.006030,-0.013876,-0.718619,1
56.649963379,0.695243,-0.006031,-0.013877,-0.718615,1
56.654964447,0.695246,-0.006035,-0.013879,-0.718612,1
56.659965515,0.695250,-0.006035,-0.013881,-0.718609,1
56.664955139,0.695254,-0.006040,-0.013884,-0.718605,1
56.669944763,0.695257,-0.006043,-0.013886,-0.718602,1
56.674934387,0.695259,-0.006045,-0.013887,-0.718600,1
56.679912567,0.695261,-0.006045,-0.013891,-0.718598,1
56.684886932,0.695264,-0.006047,-0.013892,-0.718594,1
56.689857483,0.695269,-0.006051,-0.013892,-0.718590,1
56.694824219,0.695272,-0.006052,-0.013893,-0.718587,1
56.699783325,0.695275,-0.006055,-0.013893,-0.718584,1
56.704742432,0.695278,-0.006057,-0.013893,-0.718581,1
56.709781647,0.695281,-0.006059,-0.013897,-0.718578,1
56.714817047,0.695284,-0.006059,-0.013900,-0.718575,1
56.719852448,0.695288,-0.006061,-0.013901,-0.718571,1
56.724880219,0.695292,-0.006061,-0.013902,-0.718567,1
56.729904175,0.695296,-0.006060,-0.013906,-0.718563,1
56.734924316,0.695299,-0.006061,-0.013905,-0.718560,1
56.739936829,0.695302,-0.006062,-0.013905,-0.718558,1
56.744949341,0.695305,-0.006065,-0.013904,-0.718554,1
56.749954224,0.695309,-0.006066,-0.013908,-0.718551,1
56.754955292,0.695311,-0.006068,-0.013911,-0.718548,1
56.759948730,0.695315,-0.006069,-0.013912,-0.718545,1
56.764942169,0.695319,-0.006072,-0.013913,-0.718541,1
56.769924164,0.695322,-0.006076,-0.013916,-0.718538,1
56.774909973,0.695326,-0.006077,-0.013919,-0.718534,1
56.779888153,0.695329,-0.006078,-0.013920,-0.718531,1
56.784858704,0.695332,-0.006078,-0.013923,-0.718528,1
56.789829254,0.695334,-0.006078,-0.013922,-0.718526,1
56.794792175,0.695338,-0.006081,-0.013926,-0.718522,1
56.799751282,0.695341,-0.006082,-0.013927,-0.718519,1
56.804794312,0.695344,-0.006084,-0.013928,-0.718517,1
56.809833527,0.695346,-0.006087,-0.013928,-0.718514,1
56.814865112,0.695349,-0.006090,-0.013931,-0.718511,1
56.819892883,0.695351,-0.006090,-0.013933,-0.718509,1
56.824916840,0.695354,-0.006091,-0.013935,-0.718506,1
56.829936981,0.695358,-0.006092,-0.013934,-0.718503,1
56.834953308,0.695361,-0.006094,-0.013936,-0.718499,1
56.839962006,0.695365,-0.006096,-0.013936,-0.718496,1
56.844966888,0.695368,-0.006096,-0.013938,-0.718493,1
56.849967957,0.695372,-0.006096,-0.013939,-0.718489,1
56.854961395,0.695375,-0.006095,-0.013943,-0.718486,1
56.859954834,0.695377,-0.006098,-0.013946,-0.718484,1
56.864944458,0.695379,-0.006099,-0.013948,-0.718482,1
56.869930267,0.695381,-0.006101,-0.013950,-0.718480,1
56.874908447,0.695383,-0.006101,-0.013951,-0.718478,1
56.879882812,0.695386,-0.006103,-0.013953,-0.718475,1
56.884853363,0.695389,-0.006104,-0.013953,-0.718472,1
56.889820099,0.695393,-0.006104,-0.013954,-0.718468,1
56.894779205,0.695397,-0.006106,-0.013955,-0.718464,1
56.899822235,0.695401,-0.006108,-0.013958,-0.718460,1
56.904861450,0.695404,-0.006112,-0.013959,-0.718458,1
56.909893036,0.695406,-0.006113,-0.013957,-0.718455,1
56.914924622,0.695409,-0.006115,-0.013958,-0.718452,1
56.919948578,0.695413,-0.006116,-0.013958,-0.718449,1
56.924968719,0.695416,-0.006120,-0.013958,-0.718446,1
56.929985046,0.695419,-0.006123,-0.013959,-0.718443,1
56.934993744,0.695422,-0.006126,-0.013960,-0.718439,1
56.939998627,0.695425,-0.006127,-0.013963,-0.718437,1
56.944999695,0.695427,-0.006128,-0.013964,-0.718434,1
56.949996948,0.695431,-0.006129,-0.013965,-0.718431,1
56.954990387,0.695434,-0.006130,-0.013966,-0.718428,1
56.959980011,0.695438,-0.006132,-0.013969,-0.718424,1
56.964965820,0.695440,-0.006130,-0.013971,-0.718423,1
56.969944000,0.695442,-0.006134,-0.013972,-0.718420,1
56.974918365,0.695444,-0.006136,-0.013972,-0.718418,1
56.979888916,0.695447,-0.006138,-0.013973,-0.718415,1
56.984855652,0.695448,-0.006140,-0.013973,-0.718414,1
56.989814758,0.695452,-0.006142,-0.013974,-0.718411,1
56.994857788,0.695455,-0.006144,-0.013977,-0.718408,1
56.999893188,0.695458,-0.006146,-0.013979,-0.718404,1
57.004928589,0.695460,-0.006146,-0.013980,-0.718403,1
57.009960175,0.695464,-0.006145,-0.013979,-0.718399,1
57.014984131,0.695468,-0.006146,-0.013981,-0.718395,1
57.020000458,0.695472,-0.006145,-0.013983,-0.718391,1
57.025020599,0.695476,-0.006144,-0.013983,-0.718387,1
57.030029297,0.695479,-0.006144,-0.013985,-0.718384,1
57.035034180,0.695482,-0.006144,-0.013988,-0.718381,1
57.040035248,0.695484,-0.006143,-0.013991,-0.718379,1
57.045032501,0.695487,-0.006145,-0.013992,-0.718376,1
57.050025940,0.695490,-0.006146,-0.013991,-0.718373,1
57.055015564,0.695493,-0.006148,-0.013993,-0.718371,1
57.059993744,0.695495,-0.006150,-0.013995,-0.718369,1
57.064975739,0.695498,-0.006153,-0.013996,-0.718365,1
57.069950104,0.695502,-0.006156,-0.013997,-0.718362,1
57.074916840,0.695505,-0.006157,-0.014000,-0.718358,1
57.079887390,0.695508,-0.006158,-0.014001,-0.718355,1
57.084846497,0.695511,-0.006156,-0.014003,-0.718353,1
57.089889526,0.695514,-0.006156,-0.014004,-0.718349,1
57.094924927,0.695518,-0.006159,-0.014005,-0.718346,1
57.099960327,0.695520,-0.006160,-0.014007,-0.718343,1
57.104991913,0.695524,-0.006160,-0.014004,-0.718340,1
57.110012054,0.695527,-0.006159,-0.014005,-0.718337,1
57.115032196,0.695530,-0.006163,-0.014007,-0.718334,1
57.120048523,0.695532,-0.006164,-0.014007,-0.718332,1
57.125061035,0.695536,-0.006166,-0.014008,-0.718329,1
57.130065918,0.695539,-0.006166,-0.014009,-0.718326,1
57.135066986,0.695541,-0.006168,-0.014009,-0.718323,1
57.140064240,0.695544,-0.006171,-0.014010,-0.718320,1
57.145053864,0.695547,-0.006172,-0.014012,-0.718317,1
57.150043488,0.695551,-0.006173,-0.014012,-0.718314,1
57.155021667,0.695554,-0.006172,-0.014013,-0.718311,1
57.159999847,0.695556,-0.006173,-0.014012,-0.718309,1
57.164978027,0.695558,-0.006175,-0.014015,-0.718307,1
57.169944763,0.695562,-0.006177,-0.014017,-0.718303,1
57.174903870,0.695565,-0.006181,-0.014018,-0.718300,1
57.179866791,0.695567,-0.006181,-0.014019,-0.718297,1
57.184906006,0.695571,-0.006182,-0.014020,-0.718294,1
57.189945221,0.695575,-0.006182,-0.014022,-0.718290,1
57.194980621,0.695576,-0.006184,-0.014022,-0.718289,1
57.200008392,0.695578,-0.006184,-0.014025,-0.718287,1
57.205036163,0.695581,-0.006185,-0.014024,-0.718284,1
57.210052490,0.695584,-0.006184,-0.014026,-0.718281,1
57.215068817,0.695587,-0.006187,-0.014027,-0.718278,1
57.220081329,0.695589,-0.006186,-0.014028,-0.718276,1
57.225086212,0.695593,-0.006186,-0.014028,-0.718272,1
57.230087280,0.695596,-0.006185,-0.014030,-0.718269,1
57.235084534,0.695599,-0.006187,-0.014030,-0.718267,1
57.240077972,0.695602,-0.006187,-0.014030,-0.718264,1
57.245063782,0.695605,-0.006188,-0.014031,-0.718261,1
57.250049591,0.695607,-0.006186,-0.014033,-0.718259,1
57.255031586,0.695610,-0.006188,-0.014036,-0.718256,1
57.260002136,0.695614,-0.006189,-0.014036,-0.718252,1
57.264976501,0.695616,-0.006189,-0.014039,-0.718250,1
57.269939423,0.695619,-0.006188,-0.014041,-0.718247,1
57.274902344,0.695621,-0.006189,-0.014044,-0.718245,1
57.279941559,0.695625,-0.006188,-0.014044,-0.718241,1
57.284980774,0.695627,-0.006191,-0.014041,-0.718239,1
57.290016174,0.695631,-0.006190,-0.014042,-0.718236,1
57.295043945,0.695635,-0.006193,-0.014043,-0.718232,1
57.300071716,0.695638,-0.006194,-0.014042,-0.718228,1
57.305088043,0.695641,-0.006195,-0.014042,-0.718226,1
57.310104370,0.695644,-0.006192,-0.014043,-0.718222,1
57.315116882,0.695647,-0.006194,-0.014045,-0.718220,1
57.320121765,0.695651,-0.006196,-0.014046,-0.718216,1
57.325122833,0.695655,-0.006195,-0.014047,-0.718212,1
57.330116272,0.695658,-0.006196,-0.014048,-0.718209,1
57.335105896,0.695661,-0.006196,-0.014049,-0.718206,1
57.340091705,0.695664,-0.006196,-0.014050,-0.718204,1
57.345077515,0.695666,-0.006198,-0.014049,-0.718201,1
57.350055695,0.695669,-0.006202,-0.014048,-0.718198,1
57.355022430,0.695671,-0.006203,-0.014050,-0.718196,1
57.359989166,0.695674,-0.006204,-0.014050,-0.718193,1
57.364955902,0.695678,-0.006202,-0.014051,-0.718189,1
57.369911194,0.695681,-0.006202,-0.014053,-0.718186,1
57.374862671,0.695684,-0.006204,-0.014055,-0.718184,1
57.379905701,0.695687,-0.006205,-0.014056,-0.718181,1
57.384941101,0.695689,-0.006206,-0.014058,-0.718179,1
57.389968872,0.695692,-0.006205,-0.014059,-0.718176,1
57.394996643,0.695695,-0.006207,-0.014061,-0.718173,1
57.400012970,0.695698,-0.006207,-0.014063,-0.718170,1
57.405029297,0.695701,-0.006207,-0.014063,-0.718167,1
57.410037994,0.695705,-0.006206,-0.014062,-0.718163,1
57.415046692,0.695707,-0.006208,-0.014061,-0.718161,1
57.420047760,0.695711,-0.006210,-0.014062,-0.718157,1
57.425045013,0.695715,-0.006212,-0.014064,-0.718154,1
57.430030823,0.695718,-0.006213,-0.014065,-0.718150,1
57.435020447,0.695722,-0.006217,-0.014065,-0.718147,1
57.440002441,0.695726,-0.006217,-0.014066,-0.718143,1
57.444984436,0.695729,-0.006217,-0.014065,-0.718140,1
57.449954987,0.695732,-0.006217,-0.014065,-0.718137,1
57.454925537,0.695736,-0.006217,-0.014066,-0.718132,1
57.459888458,0.695740,-0.006217,-0.014066,-0.718129,1
57.464843750,0.695742,-0.006218,-0.014065,-0.718127,1
57.469799042,0.695745,-0.006220,-0.014067,-0.718124,1
57.474838257,0.695748,-0.006219,-0.014069,-0.718121,1
57.479873657,0.695752,-0.006220,-0.014069,-0.718117,1
57.484905243,0.695755,-0.006220,-0.014068,-0.718114,1
57.489933014,0.695758,-0.006222,-0.014069,-0.718112,1
57.494953156,0.695760,-0.006222,-0.014072,-0.718109,1
57.499965668,0.695764,-0.006222,-0.014073,-0.718106,1
57.504981995,0.695767,-0.006221,-0.014072,-0.718103,1
57.509986877,0.695768,-0.006222,-0.014075,-0.718101,1
57.514991760,0.695771,-0.006223,-0.014076,-0.718099,1
57.519989014,0.695773,-0.006224,-0.014079,-0.718097,1
57.524982452,0.695775,-0.006225,-0.014078,-0.718095,1
57.529972076,0.695778,-0.006225,-0.014078,-0.718092,1
57.534954071,0.695780,-0.006224,-0.014078,-0.718090,1
57.539936066,0.695782,-0.006221,-0.014079,-0.718088,1
57.544910431,0.695785,-0.006221,-0.014080,-0.718085,1
57.549877167,0.695788,-0.006220,-0.014080,-0.718082,1
57.554843903,0.695791,-0.006222,-0.014083,-0.718079,1
57.559806824,0.695794,-0.006224,-0.014085,-0.718077,1
57.564762115,0.695796,-0.006224,-0.014084,-0.718075,1
57.569801331,0.695799,-0.006224,-0.014084,-0.718072,1
57.574836731,0.695801,-0.006226,-0.014085,-0.718070,1
57.579868317,0.695803,-0.006226,-0.014084,-0.718068,1
57.584892273,0.695805,-0.006229,-0.014083,-0.718065,1
57.589916229,0.695810,-0.006232,-0.014082,-0.718061,1
57.594932556,0.695814,-0.006231,-0.014083,-0.718057,1
57.599941254,0.695816,-0.006233,-0.014083,-0.718055,1
57.604953766,0.695820,-0.006235,-0.014086,-0.718051,1
57.609954834,0.695822,-0.006236,-0.014088,-0.718049,1
57.614955902,0.695824,-0.006235,-0.014086,-0.718047,1
57.619949341,0.695826,-0.006237,-0.014086,-0.718046,1
57.624935150,0.695828,-0.006237,-0.014085,-0.718043,1
57.629924774,0.695831,-0.006239,-0.014088,-0.718040,1
57.634906769,0.695834,-0.006242,-0.014092,-0.718037,1
57.639877319,0.695837,-0.006244,-0.014093,-0.718035,1
57.644851685,0.695840,-0.006246,-0.014096,-0.718032,1
57.649814606,0.695843,-0.006246,-0.014097,-0.718028,1
57.654781342,0.695846,-0.006247,-0.014096,-0.718026,1
57.659736633,0.695849,-0.006248,-0.014093,-0.718023,1
57.664775848,0.695852,-0.006247,-0.014095,-0.718020,1
57.669811249,0.695855,-0.006245,-0.014094,-0.718017,1
57.674842834,0.695857,-0.006245,-0.014096,-0.718015,1
57.679866791,0.695860,-0.006244,-0.014097,-0.718012,1
57.684890747,0.695864,-0.006245,-0.014098,-0.718008,1
57.689907074,0.695867,-0.006247,-0.014098,-0.718005,1
57.694915771,0.695870,-0.006246,-0.014096,-0.718002,1
57.699924469,0.695873,-0.006247,-0.014094,-0.717999,1
57.704925537,0.695875,-0.006248,-0.014097,-0.717997,1
57.709926605,0.695879,-0.006249,-0.014098,-0.717993,1
57.714920044,0.695883,-0.006248,-0.014099,-0.717990,1
57.719909668,0.695888,-0.006249,-0.014101,-0.717985,1
57.724891663,0.695889,-0.006249,-0.014101,-0.717984,1
57.729873657,0.695891,-0.006248,-0.014099,-0.717981,1
57.734844208,0.695894,-0.006248,-0.014099,-0.717979,1
57.739818573,0.695897,-0.006251,-0.014099,-0.717976,1
57.744781494,0.695901,-0.006252,-0.014098,-0.717972,1
57.749740601,0.695904,-0.006251,-0.014099,-0.717969,1
57.754692078,0.695907,-0.006253,-0.014098,-0.717967,1
57.759735107,0.695909,-0.006256,-0.014099,-0.717964,1
57.764774323,0.695912,-0.006257,-0.014097,-0.717961,1
57.769802094,0.695916,-0.006256,-0.014095,-0.717957,1
57.774829865,0.695919,-0.006257,-0.014096,-0.717955,1
57.779853821,0.695922,-0.006258,-0.014096,-0.717952,1
57.784870148,0.695926,-0.006259,-0.014096,-0.717948,1
57.789882660,0.695930,-0.006262,-0.014097,-0.717944,1
57.794891357,0.695934,-0.006259,-0.014096,-0.717940,1
57.799892426,0.695936,-0.006260,-0.014097,-0.717938,1
57.804889679,0.695939,-0.006261,-0.014097,-0.717935,1
57.809883118,0.695942,-0.006261,-0.014096,-0.717933,1
57.814872742,0.695945,-0.006257,-0.014096,-0.717929,1
57.819858551,0.695948,-0.006256,-0.014096,-0.717926,1
57.824836731,0.695950,-0.006255,-0.014095,-0.717925,1
57.829811096,0.695952,-0.006256,-0.014094,-0.717922,1
57.834781647,0.695956,-0.006255,-0.014091,-0.717919,1
57.839752197,0.695959,-0.006256,-0.014091,-0.717916,1
57.844711304,0.695962,-0.006257,-0.014090,-0.717913,1
57.849666595,0.695966,-0.006257,-0.014090,-0.717910,1
57.854709625,0.695969,-0.006256,-0.014089,-0.717906,1
57.859748840,0.695972,-0.006256,-0.014086,-0.717903,1
57.864776611,0.695976,-0.006257,-0.014082,-0.717900,1
57.869808197,0.695979,-0.006258,-0.014081,-0.717897,1
57.874828339,0.695982,-0.006258,-0.014082,-0.717894,1
57.879848480,0.695985,-0.006258,-0.014080,-0.717891,1
57.884864807,0.695988,-0.006260,-0.014079,-0.717888,1
57.889873505,0.695991,-0.006261,-0.014079,-0.717886,1
57.894878387,0.695994,-0.006263,-0.014080,-0.717882,1
57.899875641,0.695997,-0.006261,-0.014081,-0.717879,1
57.904872894,0.696000,-0.006260,-0.014081,-0.717876,1
57.909866333,0.696003,-0.006259,-0.014081,-0.717873,1
57.914852142,0.696005,-0.006259,-0.014082,-0.717871,1
57.919830322,0.696008,-0.006258,-0.014080,-0.717869,1
57.924812317,0.696011,-0.006259,-0.014080,-0.717866,1
57.929786682,0.696014,-0.006262,-0.014078,-0.717863,1
57.934749603,0.696016,-0.006263,-0.014080,-0.717861,1
57.939712524,0.696018,-0.006264,-0.014080,-0.717859,1
57.944675446,0.696021,-0.006263,-0.014082,-0.717856,1
57.949714661,0.696024,-0.006261,-0.014083,-0.717854,1
57.954750061,0.696026,-0.006262,-0.014083,-0.717851,1
57.959785461,0.696030,-0.006263,-0.014082,-0.717847,1
57.964813232,0.696032,-0.006263,-0.014084,-0.717845,1
57.969837189,0.696037,-0.006263,-0.014085,-0.717840,1
57.974853516,0.696041,-0.006263,-0.014083,-0.717836,1
57.979869843,0.696046,-0.006261,-0.014081,-0.717832,1
57.984882355,0.696048,-0.006261,-0.014083,-0.717830,1
57.989883423,0.696051,-0.006260,-0.014085,-0.717827,1
57.994884491,0.696053,-0.006257,-0.014083,-0.717825,1
57.999877930,0.696056,-0.006256,-0.014084,-0.717822,1
58.004867554,0.696060,-0.006255,-0.014086,-0.717819,1
58.009853363,0.696064,-0.006255,-0.014086,-0.717815,1
58.014835358,0.696067,-0.006253,-0.014089,-0.717812,1
58.019809723,0.696070,-0.006253,-0.014090,-0.717808,1
58.024780273,0.696074,-0.006254,-0.014092,-0.717805,1
58.029747009,0.696077,-0.006254,-0.014094,-0.717802,1
58.034709930,0.696080,-0.006253,-0.014095,-0.717799,1
58.039669037,0.696083,-0.006255,-0.014097,-0.717796,1
58.044712067,0.696085,-0.006254,-0.014098,-0.717793,1
58.049743652,0.696087,-0.006251,-0.014099,-0.717791,1
58.054779053,0.696091,-0.006249,-0.014098,-0.717788,1
58.059810638,0.696094,-0.006250,-0.014099,-0.717785,1
58.064830780,0.696097,-0.006253,-0.014100,-0.717782,1
58.069847107,0.696100,-0.006252,-0.014101,-0.717779,1
58.074863434,0.696104,-0.006252,-0.014102,-0.717775,1
58.079872131,0.696107,-0.006252,-0.014102,-0.717772,1
58.084877014,0.696110,-0.006253,-0.014102,-0.717770,1
58.089874268,0.696112,-0.006253,-0.014103,-0.717767,1
58.094871521,0.696115,-0.006252,-0.014102,-0.717764,1
58.099861145,0.696118,-0.006251,-0.014104,-0.717762,1
58.104843140,0.696122,-0.006250,-0.014103,-0.717758,1
58.109825134,0.696126,-0.006252,-0.014102,-0.717754,1
58.114803314,0.696129,-0.006250,-0.014102,-0.717751,1
58.119773865,0.696132,-0.006251,-0.014100,-0.717748,1
58.124736786,0.696136,-0.006249,-0.014099,-0.717745,1
58.129703522,0.696139,-0.006247,-0.014099,-0.717741,1
58.134658813,0.696141,-0.006247,-0.014099,-0.717740,1
58.139705658,0.696144,-0.006248,-0.014097,-0.717737,1
58.144744873,0.696148,-0.006249,-0.014097,-0.717733,1
58.149772644,0.696152,-0.006246,-0.014097,-0.717729,1
58.154804230,0.696154,-0.006249,-0.014099,-0.717727,1
58.159828186,0.696157,-0.006249,-0.014101,-0.717724,1
58.164848328,0.696160,-0.006248,-0.014100,-0.717721,1
58.169860840,0.696162,-0.006248,-0.014102,-0.717719,1
58.174873352,0.696164,-0.006248,-0.014104,-0.717717,1
58.179878235,0.696166,-0.006250,-0.014104,-0.717715,1
58.184875488,0.696170,-0.006249,-0.014103,-0.717711,1
58.189872742,0.696173,-0.006250,-0.014106,-0.717708,1
58.194866180,0.696176,-0.006250,-0.014106,-0.717705,1
58.199851990,0.696178,-0.006251,-0.014106,-0.717703,1
58.204830170,0.696181,-0.006247,-0.014106,-0.717701,1
58.209808350,0.696183,-0.006248,-0.014108,-0.717699,1
58.214786530,0.696186,-0.006248,-0.014108,-0.717695,1
58.219757080,0.696191,-0.006247,-0.014110,-0.717691,1
58.224723816,0.696195,-0.006247,-0.014109,-0.717687,1
58.229682922,0.696198,-0.006245,-0.014108,-0.717684,1
58.234725952,0.696201,-0.006247,-0.014107,-0.717681,1
58.239761353,0.696203,-0.006250,-0.014107,-0.717679,1
58.244796753,0.696207,-0.006250,-0.014109,-0.717675,1
58.249824524,0.696209,-0.006250,-0.014109,-0.717673,1
58.254848480,0.696212,-0.006248,-0.014110,-0.717671,1
58.259868622,0.696216,-0.006249,-0.014109,-0.717667,1
58.264884949,0.696219,-0.006252,-0.014110,-0.717664,1
58.269897461,0.696221,-0.006250,-0.014110,-0.717661,1
58.274902344,0.696224,-0.006251,-0.014108,-0.717659,1
58.279903412,0.696227,-0.006252,-0.014110,-0.717656,1
58.284900665,0.696231,-0.006252,-0.014110,-0.717652,1
58.289890289,0.696234,-0.006251,-0.014111,-0.717649,1
58.294879913,0.696236,-0.006253,-0.014111,-0.717646,1
58.299858093,0.696239,-0.006253,-0.014111,-0.717644,1
58.304843903,0.696242,-0.006255,-0.014110,-0.717641,1
58.309814453,0.696246,-0.006252,-0.014109,-0.717638,1
58.314788818,0.696249,-0.006252,-0.014109,-0.717634,1
58.319755554,0.696251,-0.006252,-0.014109,-0.717632,1
58.324718475,0.696255,-0.006254,-0.014110,-0.717629,1
58.329761505,0.696258,-0.006256,-0.014108,-0.717626,1
58.334796906,0.696261,-0.006255,-0.014109,-0.717623,1
58.339832306,0.696265,-0.006254,-0.014109,-0.717619,1
58.344860077,0.696267,-0.006252,-0.014109,-0.717616,1
58.349887848,0.696271,-0.006251,-0.014110,-0.717614,1
58.354907990,0.696274,-0.006249,-0.014109,-0.717610,1
58.359924316,0.696277,-0.006250,-0.014109,-0.717607,1
58.364936829,0.696279,-0.006250,-0.014107,-0.717605,1
58.369941711,0.696281,-0.006247,-0.014106,-0.717603,1
58.374942780,0.696285,-0.006248,-0.014109,-0.717600,1
58.379943848,0.696288,-0.006251,-0.014110,-0.717597,1
58.384933472,0.696291,-0.006252,-0.014112,-0.717594,1
58.389923096,0.696293,-0.006254,-0.014114,-0.717592,1
58.394905090,0.696296,-0.006256,-0.014115,-0.717589,1
58.399887085,0.696298,-0.006258,-0.014114,-0.717587,1
58.404865265,0.696300,-0.006257,-0.014115,-0.717585,1
58.409835815,0.696303,-0.006261,-0.014115,-0.717582,1
58.414802551,0.696306,-0.006259,-0.014113,-0.717579,1
58.419765472,0.696307,-0.006258,-0.014114,-0.717578,1
58.424808502,0.696310,-0.006258,-0.014113,-0.717576,1
58.429847717,0.696312,-0.006261,-0.014113,-0.717573,1
58.434883118,0.696316,-0.006262,-0.014111,-0.717569,1
58.439910889,0.696319,-0.006264,-0.014113,-0.717567,1
58.444934845,0.696322,-0.006263,-0.014114,-0.717564,1
58.449954987,0.696324,-0.006262,-0.014113,-0.717561,1
58.454971313,0.696328,-0.006262,-0.014113,-0.717557,1
58.459980011,0.696332,-0.006262,-0.014115,-0.717554,1
58.464988708,0.696335,-0.006265,-0.014114,-0.717551,1
58.469989777,0.696338,-0.006266,-0.014113,-0.717548,1
58.474987030,0.696342,-0.006266,-0.014112,-0.717544,1
58.479980469,0.696345,-0.006266,-0.014113,-0.717541,1
58.484970093,0.696347,-0.006265,-0.014113,-0.717539,1
58.489952087,0.696351,-0.006264,-0.014112,-0.717535,1
58.494926453,0.696353,-0.006264,-0.014113,-0.717534,1
58.499904633,0.696355,-0.006260,-0.014114,-0.717531,1
58.504871368,0.696359,-0.006260,-0.014117,-0.717527,1
58.509830475,0.696362,-0.006260,-0.014117,-0.717524,1
58.514793396,0.696365,-0.006261,-0.014116,-0.717522,1
58.519836426,0.696368,-0.006260,-0.014118,-0.717518,1
58.524875641,0.696371,-0.006259,-0.014118,-0.717515,1
58.529911041,0.696375,-0.006260,-0.014119,-0.717512,1
58.534938812,0.696377,-0.006259,-0.014120,-0.717510,1
58.539966583,0.696379,-0.006258,-0.014118,-0.717508,1
58.544982910,0.696383,-0.006259,-0.014119,-0.717504,1
58.550003052,0.696386,-0.006259,-0.014120,-0.717501,1
58.555015564,0.696389,-0.006256,-0.014122,-0.717498,1
58.560020447,0.696392,-0.006256,-0.014123,-0.717495,1
58.565021515,0.696395,-0.006257,-0.014124,-0.717492,1
58.570018768,0.696398,-0.006258,-0.014123,-0.717489,1
58.575012207,0.696401,-0.006257,-0.014124,-0.717487,1
58.580001831,0.696404,-0.006257,-0.014124,-0.717484,1
58.584980011,0.696407,-0.006259,-0.014125,-0.717481,1
58.589965820,0.696410,-0.006259,-0.014124,-0.717478,1
58.594944000,0.696413,-0.006258,-0.014122,-0.717475,1
58.599914551,0.696417,-0.006260,-0.014122,-0.717471,1
58.604885101,0.696420,-0.006260,-0.014121,-0.717469,1
58.609848022,0.696423,-0.006261,-0.014121,-0.717465,1
58.614807129,0.696426,-0.006260,-0.014118,-0.717463,1
58.619846344,0.696429,-0.006261,-0.014118,-0.717459,1
58.624881744,0.696433,-0.006263,-0.014118,-0.717456,1
58.629909515,0.696436,-0.006264,-0.014117,-0.717453,1
58.634937286,0.696439,-0.006264,-0.014118,-0.717450,1
58.639957428,0.696442,-0.006263,-0.014117,-0.717447,1
58.644973755,0.696444,-0.006265,-0.014116,-0.717445,1
58.649986267,0.696447,-0.006266,-0.014116,-0.717442,1
58.654994965,0.696451,-0.006266,-0.014118,-0.717438,1
58.659996033,0.696454,-0.006267,-0.014117,-0.717435,1
58.664997101,0.696458,-0.006267,-0.014117,-0.717432,1
58.669990540,0.696460,-0.006266,-0.014115,-0.717429,1
58.674980164,0.696464,-0.006266,-0.014116,-0.717426,1
58.679962158,0.696468,-0.006267,-0.014117,-0.717421,1
58.684944153,0.696471,-0.006268,-0.014116,-0.717419,1
58.689922333,0.696473,-0.006271,-0.014118,-0.717417,1
58.694892883,0.696477,-0.006272,-0.014117,-0.717413,1
58.699859619,0.696480,-0.006270,-0.014117,-0.717410,1
58.704822540,0.696484,-0.006270,-0.014116,-0.717406,1
58.709777832,0.696489,-0.006270,-0.014119,-0.717402,1
58.714820862,0.696492,-0.006270,-0.014120,-0.717398,1
58.719856262,0.696496,-0.006272,-0.014119,-0.717395,1
58.724884033,0.696499,-0.006270,-0.014119,-0.717391,1
58.729911804,0.696503,-0.006269,-0.014120,-0.717388,1
58.734931946,0.696505,-0.006267,-0.014120,-0.717385,1
58.739948273,0.696508,-0.006266,-0.014117,-0.717383,1
58.744964600,0.696511,-0.006267,-0.014117,-0.717380,1
58.749973297,0.696514,-0.006269,-0.014117,-0.717377,1
58.754974365,0.696517,-0.006269,-0.014115,-0.717375,1
58.759975433,0.696520,-0.006269,-0.014116,-0.717371,1
58.764968872,0.696524,-0.006269,-0.014116,-0.717368,1
58.769958496,0.696527,-0.006269,-0.014116,-0.717365,1
58.774944305,0.696531,-0.006268,-0.014116,-0.717361,1
58.779926300,0.696532,-0.006268,-0.014116,-0.717359,1
58.784900665,0.696535,-0.006266,-0.014119,-0.717356,1
58.789871216,0.696538,-0.006264,-0.014121,-0.717354,1
58.794841766,0.696542,-0.006263,-0.014120,-0.717350,1
58.799800873,0.696545,-0.006263,-0.014120,-0.717346,1
58.804759979,0.696549,-0.006264,-0.014121,-0.717343,1
58.809799194,0.696553,-0.006262,-0.014121,-0.717339,1
58.814838409,0.696555,-0.006261,-0.014119,-0.717338,1
58.819866180,0.696557,-0.006264,-0.014119,-0.717335,1
58.824893951,0.696561,-0.006264,-0.014118,-0.717331,1
58.829914093,0.696565,-0.006263,-0.014120,-0.717328,1
58.834930420,0.696568,-0.006262,-0.014117,-0.717325,1
58.839946747,0.696571,-0.006262,-0.014119,-0.717322,1
58.844951630,0.696575,-0.006261,-0.014120,-0.717318,1
58.849956512,0.696577,-0.006261,-0.014120,-0.717316,1
58.854953766,0.696580,-0.006261,-0.014122,-0.717313,1
58.859947205,0.696583,-0.006261,-0.014121,-0.717310,1
58.864933014,0.696586,-0.006261,-0.014121,-0.717307,1
58.869918823,0.696590,-0.006263,-0.014121,-0.717304,1
58.874900818,0.696593,-0.006262,-0.014122,-0.717300,1
58.879878998,0.696595,-0.006263,-0.014125,-0.717298,1
58.884849548,0.696597,-0.006264,-0.014125,-0.717296,1
58.889812469,0.696600,-0.006264,-0.014126,-0.717293,1
58.894779205,0.696603,-0.006264,-0.014126,-0.717290,1
58.899738312,0.696605,-0.006265,-0.014126,-0.717289,1
58.904777527,0.696609,-0.006266,-0.014124,-0.717285,1
58.909812927,0.696612,-0.006265,-0.014121,-0.717281,1
58.914844513,0.696617,-0.006269,-0.014120,-0.717277,1
58.919872284,0.696619,-0.006270,-0.014120,-0.717274,1
58.924892426,0.696624,-0.006270,-0.014120,-0.717270,1
58.929908752,0.696626,-0.006270,-0.014120,-0.717268,1
58.934917450,0.696629,-0.006271,-0.014117,-0.717265,1
58.939929962,0.696632,-0.006269,-0.014115,-0.717262,1
58.944931030,0.696635,-0.006268,-0.014116,-0.717260,1
58.949932098,0.696637,-0.006269,-0.014115,-0.717257,1
58.954925537,0.696642,-0.006270,-0.014115,-0.717253,1
58.959911346,0.696645,-0.006269,-0.014113,-0.717250,1
58.964900970,0.696647,-0.006268,-0.014115,-0.717248,1
58.969879150,0.696651,-0.006267,-0.014115,-0.717244,1
58.974853516,0.696655,-0.006264,-0.014115,-0.717240,1
58.979827881,0.696657,-0.006261,-0.014117,-0.717238,1
58.984790802,0.696661,-0.006260,-0.014116,-0.717234,1
58.989757538,0.696663,-0.006259,-0.014116,-0.717233,1
58.994712830,0.696666,-0.006259,-0.014117,-0.717230,1
58.999755859,0.696668,-0.006257,-0.014118,-0.717227,1
59.004787445,0.696671,-0.006257,-0.014116,-0.717225,1
59.009822845,0.696674,-0.006256,-0.014115,-0.717222,1
59.014846802,0.696677,-0.006255,-0.014116,-0.717218,1
59.019874573,0.696681,-0.006256,-0.014112,-0.717215,1
59.024890900,0.696685,-0.006257,-0.014113,-0.717211,1
59.029907227,0.696688,-0.006256,-0.014116,-0.717208,1
59.034915924,0.696692,-0.006255,-0.014117,-0.717205,1
59.039920807,0.696696,-0.006254,-0.014117,-0.717201,1
59.044921875,0.696700,-0.006253,-0.014117,-0.717196,1
59.049915314,0.696704,-0.006254,-0.014117,-0.717192,1
59.054904938,0.696705,-0.006255,-0.014119,-0.717191,1
59.059890747,0.696709,-0.006256,-0.014120,-0.717187,1
59.064872742,0.696713,-0.006253,-0.014121,-0.717184,1
59.069850922,0.696716,-0.006254,-0.014120,-0.717181,1
59.074817657,0.696719,-0.006253,-0.014119,-0.717178,1
59.079788208,0.696721,-0.006251,-0.014119,-0.717176,1
59.084751129,0.696723,-0.006250,-0.014119,-0.717174,1
59.089710236,0.696726,-0.006247,-0.014119,-0.717171,1
59.094753265,0.696729,-0.006246,-0.014119,-0.717168,1
59.099792480,0.696733,-0.006246,-0.014117,-0.717164,1
59.104824066,0.696736,-0.006247,-0.014118,-0.717161,1
59.109851837,0.696740,-0.006247,-0.014119,-0.717157,1
59.114871979,0.696744,-0.006246,-0.014120,-0.717154,1
59.119895935,0.696747,-0.006248,-0.014120,-0.717151,1
59.124908447,0.696750,-0.006247,-0.014120,-0.717148,1
59.129917145,0.696753,-0.006247,-0.014121,-0.717145,1
59.134922028,0.696757,-0.006247,-0.014121,-0.717141,1
59.139923096,0.696760,-0.006249,-0.014122,-0.717138,1
59.144920349,0.696763,-0.006249,-0.014124,-0.717135,1
59.149909973,0.696765,-0.006249,-0.014126,-0.717133,1
59.154899597,0.696768,-0.006252,-0.014126,-0.717130,1
59.159877777,0.696770,-0.006249,-0.014125,-0.717128,1
59.164855957,0.696773,-0.006251,-0.014123,-0.717126,1
59.169830322,0.696776,-0.006252,-0.014124,-0.717123,1
59.174797058,0.696779,-0.006254,-0.014121,-0.717120,1
59.179759979,0.696782,-0.006254,-0.014121,-0.717117,1
59.184719086,0.696783,-0.006254,-0.014120,-0.717116,1
59.189758301,0.696786,-0.006255,-0.014119,-0.717113,1
59.194797516,0.696790,-0.006257,-0.014118,-0.717109,1
59.199832916,0.696792,-0.006258,-0.014119,-0.717107,1
59.204856873,0.696794,-0.006259,-0.014120,-0.717105,1
59.209884644,0.696798,-0.006260,-0.014119,-0.717101,1
59.214900970,0.696803,-0.006259,-0.014118,-0.717096,1
59.219913483,0.696805,-0.006261,-0.014119,-0.717094,1
59.224925995,0.696808,-0.006261,-0.014119,-0.717092,1
59.229930878,0.696810,-0.006262,-0.014118,-0.717089,1
59.234931946,0.696814,-0.006262,-0.014120,-0.717085,1
59.239925385,0.696819,-0.006264,-0.014120,-0.717081,1
59.244915009,0.696822,-0.006262,-0.014121,-0.717078,1
59.249904633,0.696825,-0.006264,-0.014124,-0.717075,1
59.254890442,0.696828,-0.006266,-0.014123,-0.717072,1
59.259868622,0.696830,-0.006266,-0.014124,-0.717070,1
59.264839172,0.696833,-0.006266,-0.014123,-0.717067,1
59.269809723,0.696836,-0.006266,-0.014121,-0.717064,1
59.274772644,0.696839,-0.006266,-0.014121,-0.717061,1
59.279731750,0.696842,-0.006267,-0.014122,-0.717058,1
59.284774780,0.696846,-0.006268,-0.014122,-0.717055,1
59.289813995,0.696848,-0.006270,-0.014121,-0.717053,1
59.294845581,0.696850,-0.006272,-0.014120,-0.717050,1
59.299873352,0.696853,-0.006270,-0.014118,-0.717047,1
59.304897308,0.696856,-0.006271,-0.014118,-0.717045,1
59.309917450,0.696859,-0.006268,-0.014119,-0.717042,1
59.314933777,0.696862,-0.006268,-0.014119,-0.717039,1
59.319942474,0.696863,-0.006269,-0.014119,-0.717038,1
59.324947357,0.696866,-0.006268,-0.014118,-0.717035,1
59.329948425,0.696869,-0.006268,-0.014117,-0.717032,1
59.334945679,0.696873,-0.006265,-0.014117,-0.717028,1
59.339939117,0.696875,-0.006263,-0.014115,-0.717026,1
59.344924927,0.696879,-0.006265,-0.014115,-0.717022,1
59.349906921,0.696882,-0.006267,-0.014112,-0.717020,1
59.354885101,0.696885,-0.006266,-0.014110,-0.717017,1
59.359859467,0.696888,-0.006266,-0.014108,-0.717014,1
59.364826202,0.696893,-0.006268,-0.014108,-0.717009,1
59.369792938,0.696895,-0.006264,-0.014107,-0.717007,1
59.374748230,0.696898,-0.006264,-0.014108,-0.717004,1
59.379795074,0.696902,-0.006263,-0.014106,-0.717001,1
59.384830475,0.696906,-0.006265,-0.014106,-0.716996,1
59.389862061,0.696909,-0.006266,-0.014105,-0.716993,1
59.394893646,0.696913,-0.006265,-0.014103,-0.716989,1
59.399917603,0.696917,-0.006264,-0.014102,-0.716986,1
59.404933929,0.696919,-0.006264,-0.014100,-0.716984,1
59.409954071,0.696922,-0.006265,-0.014101,-0.716981,1
59.414962769,0.696925,-0.006265,-0.014098,-0.716978,1
59.419967651,0.696928,-0.006263,-0.014098,-0.716975,1
59.424968719,0.696930,-0.006266,-0.014101,-0.716973,1
59.429965973,0.696932,-0.006268,-0.014104,-0.716971,1
59.434955597,0.696934,-0.006267,-0.014103,-0.716969,1
59.439945221,0.696938,-0.006267,-0.014101,-0.716965,1
59.444923401,0.696941,-0.006266,-0.014100,-0.716963,1
59.449901581,0.696942,-0.006267,-0.014100,-0.716961,1
59.454875946,0.696945,-0.006267,-0.014099,-0.716958,1
59.459846497,0.696948,-0.006266,-0.014101,-0.716955,1
59.464813232,0.696952,-0.006265,-0.014101,-0.716952,1
59.469776154,0.696955,-0.006267,-0.014101,-0.716949,1
59.474815369,0.696957,-0.006269,-0.014101,-0.716947,1
59.479854584,0.696960,-0.006268,-0.014101,-0.716944,1
59.484889984,0.696963,-0.006269,-0.014101,-0.716941,1
59.489917755,0.696966,-0.006271,-0.014102,-0.716938,1
59.494945526,0.696970,-0.006268,-0.014102,-0.716935,1
59.499961853,0.696972,-0.006269,-0.014103,-0.716932,1
59.504978180,0.696975,-0.006269,-0.014102,-0.716930,1
59.509990692,0.696979,-0.006268,-0.014102,-0.716926,1
59.514995575,0.696983,-0.006268,-0.014102,-0.716921,1
59.520000458,0.696986,-0.006270,-0.014101,-0.716919,1
59.524997711,0.696989,-0.006270,-0.014100,-0.716915,1
59.529991150,0.696992,-0.006270,-0.014101,-0.716913,1
59.534980774,0.696995,-0.006271,-0.014101,-0.716910,1
59.539962769,0.696999,-0.006269,-0.014100,-0.716906,1
59.544944763,0.697002,-0.006267,-0.014099,-0.716903,1
59.549922943,0.697005,-0.006266,-0.014098,-0.716900,1
59.554889679,0.697007,-0.006266,-0.014097,-0.716898,1
59.559856415,0.697011,-0.006264,-0.014098,-0.716894,1
59.564819336,0.697013,-0.006266,-0.014098,-0.716892,1
59.569862366,0.697017,-0.006266,-0.014101,-0.716889,1
59.574901581,0.697019,-0.006264,-0.014102,-0.716887,1
59.579933167,0.697021,-0.006263,-0.014101,-0.716885,1
59.584960938,0.697025,-0.006262,-0.014101,-0.716881,1
59.589988708,0.697028,-0.006264,-0.014099,-0.716878,1
59.595008850,0.697031,-0.006264,-0.014098,-0.716875,1
59.600025177,0.697034,-0.006262,-0.014096,-0.716872,1
59.605037689,0.697038,-0.006262,-0.014096,-0.716869,1
59.610042572,0.697039,-0.006261,-0.014094,-0.716867,1
59.615043640,0.697043,-0.006260,-0.014095,-0.716863,1
59.620040894,0.697046,-0.006260,-0.014095,-0.716860,1
59.625034332,0.697051,-0.006259,-0.014096,-0.716856,1
59.630023956,0.697055,-0.006255,-0.014096,-0.716852,1
59.635005951,0.697058,-0.006255,-0.014096,-0.716849,1
59.639987946,0.697061,-0.006256,-0.014097,-0.716846,1
59.644966125,0.697065,-0.006257,-0.014099,-0.716842,1
59.649932861,0.697068,-0.006256,-0.014099,-0.716839,1
59.654903412,0.697070,-0.006257,-0.014101,-0.716837,1
59.659866333,0.697074,-0.006258,-0.014101,-0.716833,1
59.664909363,0.697076,-0.006257,-0.014102,-0.716831,1
59.669944763,0.697080,-0.006257,-0.014102,-0.716827,1
59.674980164,0.697084,-0.006255,-0.014099,-0.716823,1
59.680011749,0.697088,-0.006256,-0.014101,-0.716820,1
59.685035706,0.697090,-0.006256,-0.014102,-0.716817,1
59.690055847,0.697093,-0.006257,-0.014103,-0.716814,1
59.695075989,0.697096,-0.006255,-0.014101,-0.716812,1
59.700084686,0.697100,-0.006255,-0.014101,-0.716808,1
59.705089569,0.697103,-0.006251,-0.014101,-0.716805,1
59.710090637,0.697106,-0.006250,-0.014099,-0.716802,1
59.715087891,0.697109,-0.006252,-0.014098,-0.716800,1
59.720081329,0.697113,-0.006253,-0.014097,-0.716796,1
59.725074768,0.697115,-0.006251,-0.014099,-0.716793,1
59.730060577,0.697118,-0.006252,-0.014098,-0.716791,1
59.735038757,0.697120,-0.006250,-0.014095,-0.716789,1
59.740016937,0.697123,-0.006251,-0.014096,-0.716786,1
59.744987488,0.697125,-0.006251,-0.014097,-0.716783,1
59.749958038,0.697129,-0.006248,-0.014096,-0.716780,1
59.754917145,0.697133,-0.006247,-0.014095,-0.716776,1
59.759960175,0.697136,-0.006248,-0.014095,-0.716773,1
59.765003204,0.697138,-0.006247,-0.014097,-0.716771,1
59.770034790,0.697142,-0.006246,-0.014097,-0.716767,1
59.775066376,0.697146,-0.006245,-0.014098,-0.716763,1
59.780090332,0.697149,-0.006244,-0.014098,-0.716760,1
59.785110474,0.697153,-0.006243,-0.014100,-0.716757,1
59.790126801,0.697155,-0.006244,-0.014100,-0.716754,1
59.795135498,0.697156,-0.006244,-0.014098,-0.716753,1
59.800144196,0.697160,-0.006244,-0.014097,-0.716750,1
59.805145264,0.697163,-0.006245,-0.014096,-0.716746,1
59.810142517,0.697166,-0.006243,-0.014095,-0.716744,1
59.815135956,0.697168,-0.006242,-0.014094,-0.716742,1
59.820121765,0.697172,-0.006241,-0.014094,-0.716738,1
59.825107574,0.697176,-0.006241,-0.014094,-0.716734,1
59.830089569,0.697179,-0.006241,-0.014094,-0.716731,1
59.835063934,0.697182,-0.006242,-0.014094,-0.716729,1
59.840038300,0.697184,-0.006244,-0.014092,-0.716727,1
59.845001221,0.697187,-0.006246,-0.014091,-0.716724,1
59.849964142,0.697191,-0.006247,-0.014093,-0.716720,1
59.854923248,0.697194,-0.006248,-0.014093,-0.716717,1
59.859958649,0.697196,-0.006248,-0.014093,-0.716715,1
59.864994049,0.697199,-0.006250,-0.014094,-0.716712,1
59.870021820,0.697203,-0.006250,-0.014092,-0.716708,1
59.875049591,0.697206,-0.006249,-0.014091,-0.716706,1
59.880069733,0.697208,-0.006252,-0.014088,-0.716703,1
59.885086060,0.697211,-0.006253,-0.014088,-0.716700,1
59.890094757,0.697215,-0.006251,-0.014087,-0.716697,1
59.895099640,0.697218,-0.006252,-0.014088,-0.716693,1
59.900100708,0.697222,-0.006252,-0.014089,-0.716690,1
59.905097961,0.697225,-0.006250,-0.014089,-0.716687,1
59.910091400,0.697228,-0.006251,-0.014089,-0.716683,1
59.915081024,0.697231,-0.006251,-0.014087,-0.716681,1
59.920063019,0.697234,-0.006250,-0.014087,-0.716678,1
59.925045013,0.697238,-0.006249,-0.014086,-0.716674,1
59.930023193,0.697240,-0.006247,-0.014086,-0.716672,1
59.934993744,0.697244,-0.006247,-0.014085,-0.716668,1
59.939960480,0.697248,-0.006248,-0.014085,-0.716664,1
59.944923401,0.697252,-0.006248,-0.014084,-0.716660,1
59.949878693,0.697255,-0.006249,-0.014082,-0.716657,1
59.954917908,0.697257,-0.006249,-0.014083,-0.716656,1
59.959957123,0.697258,-0.006249,-0.014084,-0.716654,1
59.964984894,0.697261,-0.006250,-0.014082,-0.716652,1
59.970012665,0.697265,-0.006250,-0.014083,-0.716648,1
59.975032806,0.697268,-0.006252,-0.014082,-0.716645,1
59.980045319,0.697272,-0.006254,-0.014082,-0.716641,1
59.985065460,0.697275,-0.006256,-0.014084,-0.716638,1
59.990070343,0.697277,-0.006258,-0.014086,-0.716636,1
59.995075226,0.697281,-0.006258,-0.014088,-0.716632,1
60.000076294,0.697282,-0.006259,-0.014088,-0.716631,1
60.005069733,0.697285,-0.006259,-0.014086,-0.716628,1
60.010063171,0.697289,-0.006261,-0.014087,-0.716624,1
60.015045166,0.697292,-0.006262,-0.014086,-0.716621,1
60.020027161,0.697295,-0.006264,-0.014086,-0.716619,1
60.025005341,0.697297,-0.006265,-0.014086,-0.716616,1
60.029975891,0.697301,-0.006264,-0.014087,-0.716613,1
60.034942627,0.697304,-0.006266,-0.014088,-0.716609,1
60.039905548,0.697307,-0.006267,-0.014088,-0.716607,1
60.044864655,0.697310,-0.006264,-0.014089,-0.716604,1
60.049903870,0.697312,-0.006263,-0.014090,-0.716602,1
60.054943085,0.697316,-0.006264,-0.014090,-0.716598,1
60.059970856,0.697319,-0.006266,-0.014089,-0.716595,1
60.064998627,0.697322,-0.006265,-0.014086,-0.716592,1
60.070018768,0.697326,-0.006267,-0.014086,-0.716588,1
60.075035095,0.697329,-0.006265,-0.014086,-0.716585,1
60.080051422,0.697334,-0.006263,-0.014084,-0.716581,1
60.085060120,0.697337,-0.006261,-0.014085,-0.716577,1
60.090065002,0.697341,-0.006261,-0.014083,-0.716574,1
60.095062256,0.697342,-0.006259,-0.014081,-0.716573,1
60.100059509,0.697345,-0.006256,-0.014082,-0.716570,1
60.105049133,0.697348,-0.006255,-0.014082,-0.716567,1
60.110031128,0.697351,-0.006256,-0.014083,-0.716564,1
60.115016937,0.697354,-0.006258,-0.014083,-0.716561,1
60.119991302,0.697357,-0.006258,-0.014083,-0.716558,1
60.124961853,0.697360,-0.006258,-0.014080,-0.716555,1
60.129932404,0.697363,-0.006257,-0.014080,-0.716552,1
60.134895325,0.697367,-0.006260,-0.014080,-0.716548,1
60.139854431,0.697370,-0.006259,-0.014081,-0.716545,1
60.144893646,0.697374,-0.006260,-0.014080,-0.716542,1
60.149932861,0.697378,-0.006260,-0.014080,-0.716538,1
60.154960632,0.697381,-0.006258,-0.014080,-0.716535,1
60.159988403,0.697384,-0.006257,-0.014081,-0.716532,1
60.165012360,0.697386,-0.006254,-0.014083,-0.716530,1
60.170032501,0.697389,-0.006255,-0.014085,-0.716527,1
60.175045013,0.697392,-0.006257,-0.014086,-0.716524,1
60.180053711,0.697395,-0.006256,-0.014084,-0.716521,1
60.185058594,0.697398,-0.006254,-0.014086,-0.716519,1
60.190055847,0.697400,-0.006255,-0.014085,-0.716516,1
60.195053101,0.697401,-0.006256,-0.014084,-0.716515,1
60.200042725,0.697404,-0.006256,-0.014082,-0.716513,1
60.205032349,0.697407,-0.006255,-0.014084,-0.716510,1
60.210010529,0.697410,-0.006254,-0.014084,-0.716507,1
60.214988708,0.697412,-0.006252,-0.014083,-0.716505,1
60.219963074,0.697416,-0.006253,-0.014083,-0.716501,1
60.224929810,0.697419,-0.006252,-0.014085,-0.716498,1
60.229892731,0.697421,-0.006250,-0.014085,-0.716496,1
60.234851837,0.697425,-0.006251,-0.014085,-0.716492,1
60.239891052,0.697429,-0.006252,-0.014085,-0.716488,1
60.244930267,0.697432,-0.006250,-0.014087,-0.716485,1
60.249961853,0.697435,-0.006251,-0.014087,-0.716483,1
60.254989624,0.697437,-0.006253,-0.014084,-0.716480,1
60.260013580,0.697441,-0.006252,-0.014085,-0.716476,1
60.265029907,0.697443,-0.006251,-0.014082,-0.716474,1
60.270042419,0.697446,-0.006250,-0.014082,-0.716471,1
60.275051117,0.697449,-0.006250,-0.014080,-0.716469,1
60.280056000,0.697452,-0.006247,-0.014081,-0.716466,1
60.285060883,0.697455,-0.006249,-0.014080,-0.716463,1
60.290054321,0.697459,-0.006250,-0.014079,-0.716459,1
60.295047760,0.697461,-0.006250,-0.014078,-0.716457,1
60.300033569,0.697464,-0.006250,-0.014078,-0.716455,1
60.305019379,0.697466,-0.006250,-0.014078,-0.716452,1
60.309993744,0.697470,-0.006249,-0.014079,-0.716448,1
60.314968109,0.697474,-0.006248,-0.014078,-0.716444,1
60.319934845,0.697478,-0.006248,-0.014076,-0.716441,1
60.324901581,0.697481,-0.006249,-0.014079,-0.716438,1
60.329860687,0.697484,-0.006249,-0.014079,-0.716434,1
60.334899902,0.697487,-0.006248,-0.014076,-0.716432,1
60.339939117,0.697490,-0.006250,-0.014079,-0.716429,1
60.344970703,0.697493,-0.006249,-0.014078,-0.716426,1
60.349998474,0.697497,-0.006248,-0.014078,-0.716422,1
60.355022430,0.697500,-0.006247,-0.014078,-0.716419,1
60.360038757,0.697504,-0.006246,-0.014076,-0.716415,1
60.365055084,0.697506,-0.006245,-0.014075,-0.716414,1
60.370063782,0.697509,-0.006246,-0.014073,-0.716410,1
60.375068665,0.697512,-0.006248,-0.014075,-0.716407,1
60.380069733,0.697515,-0.006250,-0.014074,-0.716404,1
60.385063171,0.697520,-0.006251,-0.014073,-0.716400,1
60.390056610,0.697522,-0.006250,-0.014074,-0.716398,1
60.395042419,0.697525,-0.006251,-0.014074,-0.716395,1
60.400020599,0.697529,-0.006248,-0.014073,-0.716391,1
60.405002594,0.697531,-0.006250,-0.014074,-0.716389,1
60.409980774,0.697533,-0.006250,-0.014074,-0.716387,1
60.414947510,0.697536,-0.006252,-0.014073,-0.716385,1
60.419914246,0.697540,-0.006250,-0.014072,-0.716381,1
60.424877167,0.697544,-0.006251,-0.014072,-0.716377,1
60.429916382,0.697547,-0.006250,-0.014072,-0.716373,1
60.434955597,0.697550,-0.006250,-0.014071,-0.716371,1
60.439987183,0.697552,-0.006250,-0.014072,-0.716369,1
60.445014954,0.697554,-0.006250,-0.014073,-0.716366,1
60.450038910,0.697557,-0.006250,-0.014072,-0.716364,1
60.455055237,0.697561,-0.006250,-0.014071,-0.716360,1
60.460071564,0.697565,-0.006250,-0.014070,-0.716356,1
60.465076447,0.697569,-0.006251,-0.014072,-0.716352,1
60.470085144,0.697572,-0.006251,-0.014070,-0.716349,1
60.475086212,0.697575,-0.006253,-0.014068,-0.716346,1
60.480079651,0.697580,-0.006253,-0.014067,-0.716342,1
60.485069275,0.697583,-0.006254,-0.014067,-0.716339,1
60.490055084,0.697587,-0.006254,-0.014066,-0.716335,1
60.495037079,0.697590,-0.006254,-0.014063,-0.716332,1
60.500011444,0.697593,-0.006255,-0.014065,-0.716329,1
60.504985809,0.697595,-0.006255,-0.014068,-0.716327,1
60.509948730,0.697598,-0.006256,-0.014069,-0.716324,1
60.514919281,0.697600,-0.006256,-0.014068,-0.716322,1
60.519878387,0.697605,-0.006256,-0.014070,-0.716318,1
60.524921417,0.697607,-0.006258,-0.014072,-0.716315,1
60.529953003,0.697610,-0.006258,-0.014073,-0.716312,1
60.534988403,0.697615,-0.006256,-0.014074,-0.716308,1
60.540019989,0.697618,-0.006255,-0.014072,-0.716305,1
60.545040131,0.697620,-0.006255,-0.014072,-0.716302,1
60.550060272,0.697624,-0.006255,-0.014073,-0.716299,1
60.555076599,0.697628,-0.006254,-0.014073,-0.716295,1
60.560085297,0.697630,-0.006256,-0.014073,-0.716292,1
60.565086365,0.697634,-0.006256,-0.014073,-0.716289,1
60.570087433,0.697638,-0.006254,-0.014074,-0.716285,1
60.575080872,0.697641,-0.006254,-0.014074,-0.716282,1
60.580074310,0.697644,-0.006253,-0.014076,-0.716279,1
60.585060120,0.697647,-0.006252,-0.014078,-0.716276,1
60.590038300,0.697649,-0.006251,-0.014076,-0.716274,1
60.595012665,0.697654,-0.006254,-0.014077,-0.716270,1
60.599983215,0.697657,-0.006255,-0.014076,-0.716266,1
60.604949951,0.697659,-0.006256,-0.014076,-0.716264,1
60.609909058,0.697662,-0.006255,-0.014074,-0.716261,1
60.614868164,0.697666,-0.006254,-0.014072,-0.716257,1
60.619911194,0.697669,-0.006253,-0.014070,-0.716255,1
60.624946594,0.697672,-0.006252,-0.014070,-0.716252,1
60.629978180,0.697676,-0.006252,-0.014069,-0.716248,1
60.635009766,0.697679,-0.006249,-0.014069,-0.716245,1
60.640029907,0.697682,-0.006247,-0.014067,-0.716242,1
60.645053864,0.697687,-0.006246,-0.014065,-0.716237,1
60.650066376,0.697690,-0.006247,-0.014063,-0.716234,1
60.655075073,0.697693,-0.006247,-0.014063,-0.716231,1
60.660083771,0.697697,-0.006247,-0.014063,-0.716228,1
60.665084839,0.697700,-0.006245,-0.014062,-0.716225,1
60.670078278,0.697704,-0.006244,-0.014061,-0.716221,1
60.675071716,0.697708,-0.006245,-0.014061,-0.716217,1
60.680061340,0.697710,-0.006244,-0.014063,-0.716215,1
60.685043335,0.697712,-0.006244,-0.014063,-0.716213,1
60.690021515,0.697715,-0.006241,-0.014063,-0.716210,1
60.694995880,0.697717,-0.006241,-0.014063,-0.716208,1
60.699962616,0.697720,-0.006238,-0.014062,-0.716205,1
60.704929352,0.697723,-0.006237,-0.014062,-0.716202,1
60.709888458,0.697726,-0.006238,-0.014062,-0.716200,1
60.714931488,0.697730,-0.006235,-0.014064,-0.716196,1
60.719966888,0.697732,-0.006234,-0.014064,-0.716193,1
60.725002289,0.697734,-0.006235,-0.014062,-0.716192,1
60.730033875,0.697738,-0.006233,-0.014062,-0.716188,1
60.735054016,0.697741,-0.006231,-0.014061,-0.716185,1
60.740074158,0.697743,-0.006230,-0.014062,-0.716183,1
60.745090485,0.697748,-0.006229,-0.014062,-0.716179,1
60.750102997,0.697752,-0.006229,-0.014064,-0.716175,1
60.755107880,0.697756,-0.006229,-0.014064,-0.716171,1
60.760108948,0.697758,-0.006227,-0.014063,-0.716168,1
60.765106201,0.697760,-0.006226,-0.014062,-0.716167,1
60.770099640,0.697762,-0.006225,-0.014063,-0.716164,1
60.775089264,0.697764,-0.006224,-0.014061,-0.716163,1
60.780067444,0.697768,-0.006222,-0.014060,-0.716159,1
60.785049438,0.697771,-0.006223,-0.014061,-0.716156,1
60.790023804,0.697774,-0.006223,-0.014062,-0.716153,1
60.794994354,0.697777,-0.006224,-0.014060,-0.716150,1
60.799957275,0.697780,-0.006224,-0.014060,-0.716147,1
60.804920197,0.697784,-0.006226,-0.014059,-0.716144,1
60.809963226,0.697787,-0.006225,-0.014058,-0.716141,1
60.814998627,0.697790,-0.006225,-0.014054,-0.716137,1
60.820034027,0.697793,-0.006225,-0.014055,-0.716135,1
60.825061798,0.697796,-0.006224,-0.014055,-0.716131,1
60.830089569,0.697800,-0.006225,-0.014054,-0.716128,1
60.835109711,0.697803,-0.006224,-0.014055,-0.716124,1
60.840126038,0.697807,-0.006223,-0.014056,-0.716121,1
60.845134735,0.697810,-0.006222,-0.014056,-0.716118,1
60.850143433,0.697812,-0.006224,-0.014056,-0.716116,1
60.855144501,0.697815,-0.006225,-0.014055,-0.716113,1
60.860141754,0.697819,-0.006226,-0.014054,-0.716109,1
60.865135193,0.697822,-0.006225,-0.014056,-0.716106,1
60.870124817,0.697826,-0.006224,-0.014057,-0.716102,1
60.875102997,0.697829,-0.006227,-0.014057,-0.716100,1
60.880084991,0.697831,-0.006225,-0.014058,-0.716097,1
60.885059357,0.697834,-0.006223,-0.014058,-0.716095,1
60.890029907,0.697838,-0.006226,-0.014061,-0.716090,1
60.894992828,0.697841,-0.006225,-0.014062,-0.716088,1
60.899955750,0.697843,-0.006224,-0.014062,-0.716086,1
60.904994965,0.697847,-0.006222,-0.014064,-0.716082,1
60.910034180,0.697851,-0.006220,-0.014063,-0.716078,1
60.915069580,0.697855,-0.006217,-0.014064,-0.716074,1
60.920097351,0.697857,-0.006218,-0.014062,-0.716072,1
60.925125122,0.697860,-0.006215,-0.014060,-0.716070,1
60.930145264,0.697862,-0.006216,-0.014059,-0.716067,1
60.935161591,0.697865,-0.006219,-0.014056,-0.716064,1
60.940174103,0.697868,-0.006220,-0.014053,-0.716062,1
60.945178986,0.697871,-0.006219,-0.014053,-0.716059,1
60.950180054,0.697874,-0.006220,-0.014052,-0.716056,1
60.955181122,0.697876,-0.006218,-0.014052,-0.716054,1
60.960174561,0.697877,-0.006217,-0.014053,-0.716052,1
60.965164185,0.697881,-0.006218,-0.014054,-0.716049,1
60.970146179,0.697884,-0.006218,-0.014057,-0.716046,1
60.975128174,0.697886,-0.006217,-0.014057,-0.716044,1
60.980102539,0.697889,-0.006218,-0.014057,-0.716041,1
60.985073090,0.697893,-0.006218,-0.014058,-0.716037,1
60.990039825,0.697897,-0.006218,-0.014058,-0.716033,1
60.995002747,0.697901,-0.006216,-0.014056,-0.716029,1
61.000045776,0.697904,-0.006213,-0.014055,-0.716027,1
61.005081177,0.697908,-0.006213,-0.014055,-0.716023,1
61.010116577,0.697911,-0.006214,-0.014056,-0.716020,1
61.015148163,0.697914,-0.006215,-0.014056,-0.716017,1
61.020172119,0.697918,-0.006214,-0.014056,-0.716013,1
61.025192261,0.697921,-0.006213,-0.014054,-0.716010,1
61.030212402,0.697924,-0.006213,-0.014053,-0.716007,1
61.035221100,0.697927,-0.006214,-0.014050,-0.716004,1
61.040225983,0.697932,-0.006214,-0.014050,-0.716000,1
61.045227051,0.697935,-0.006214,-0.014050,-0.715996,1
61.050224304,0.697938,-0.006214,-0.014050,-0.715993,1
61.055217743,0.697941,-0.006216,-0.014048,-0.715990,1
61.060203552,0.697943,-0.006216,-0.014050,-0.715988,1
61.065185547,0.697947,-0.006215,-0.014053,-0.715985,1
61.070163727,0.697950,-0.006216,-0.014054,-0.715982,1
61.075141907,0.697952,-0.006215,-0.014055,-0.715979,1
61.080108643,0.697955,-0.006217,-0.014055,-0.715977,1
61.085079193,0.697958,-0.006214,-0.014055,-0.715974,1
61.090042114,0.697960,-0.006212,-0.014053,-0.715972,1
61.094997406,0.697964,-0.006212,-0.014053,-0.715968,1
61.100036621,0.697966,-0.006213,-0.014051,-0.715966,1
61.105068207,0.697970,-0.006214,-0.014050,-0.715962,1
61.110099792,0.697973,-0.006216,-0.014050,-0.715959,1
61.115127563,0.697976,-0.006217,-0.014049,-0.715957,1
61.120147705,0.697978,-0.006217,-0.014048,-0.715954,1
61.125164032,0.697980,-0.006216,-0.014048,-0.715953,1
61.130172729,0.697983,-0.006217,-0.014046,-0.715949,1
61.135185242,0.697986,-0.006218,-0.014047,-0.715947,1
61.140186310,0.697989,-0.006218,-0.014046,-0.715944,1
61.145187378,0.697993,-0.006220,-0.014043,-0.715940,1
61.150180817,0.697996,-0.006221,-0.014042,-0.715937,1
61.155166626,0.697999,-0.006221,-0.014042,-0.715934,1
61.160148621,0.698002,-0.006222,-0.014043,-0.715931,1
61.165130615,0.698005,-0.006223,-0.014046,-0.715928,1
61.170104980,0.698009,-0.006224,-0.014048,-0.715924,1
61.175079346,0.698012,-0.006223,-0.014048,-0.715921,1
61.180046082,0.698015,-0.006225,-0.014046,-0.715918,1
61.185012817,0.698018,-0.006227,-0.014049,-0.715916,1
61.189968109,0.698021,-0.006227,-0.014048,-0.715912,1
61.195011139,0.698024,-0.006227,-0.014048,-0.715910,1
61.200042725,0.698026,-0.006226,-0.014049,-0.715907,1
61.205074310,0.698030,-0.006225,-0.014050,-0.715903,1
61.210098267,0.698032,-0.006224,-0.014052,-0.715901,1
61.215122223,0.698035,-0.006223,-0.014053,-0.715898,1
61.220138550,0.698038,-0.006222,-0.014053,-0.715896,1
61.225147247,0.698042,-0.006221,-0.014054,-0.715892,1
61.230155945,0.698045,-0.006220,-0.014052,-0.715889,1
61.235160828,0.698048,-0.006218,-0.014050,-0.715886,1
61.240154266,0.698052,-0.006214,-0.014052,-0.715882,1
61.245151520,0.698055,-0.006215,-0.014052,-0.715879,1
61.250141144,0.698059,-0.006216,-0.014052,-0.715876,1
61.255123138,0.698060,-0.006215,-0.014054,-0.715874,1
61.260105133,0.698064,-0.006213,-0.014052,-0.715870,1
61.265075684,0.698067,-0.006213,-0.014053,-0.715867,1
61.270050049,0.698071,-0.006211,-0.014052,-0.715863,1
61.275012970,0.698073,-0.006211,-0.014050,-0.715861,1
61.279972076,0.698077,-0.006210,-0.014048,-0.715858,1
61.284931183,0.698081,-0.006209,-0.014046,-0.715854,1
61.289970398,0.698083,-0.006208,-0.014049,-0.715852,1
61.295005798,0.698085,-0.006206,-0.014050,-0.715850,1
61.300037384,0.698089,-0.006205,-0.014051,-0.715846,1
61.305061340,0.698093,-0.006204,-0.014052,-0.715842,1
61.310081482,0.698096,-0.006207,-0.014051,-0.715840,1
61.315101624,0.698099,-0.006206,-0.014049,-0.715837,1
61.320114136,0.698102,-0.006206,-0.014051,-0.715833,1
61.325122833,0.698105,-0.006205,-0.014052,-0.715830,1
61.330123901,0.698107,-0.006206,-0.014052,-0.715828,1
61.335124969,0.698110,-0.006205,-0.014054,-0.715826,1
61.340118408,0.698112,-0.006205,-0.014056,-0.715824,1
61.345108032,0.698115,-0.006205,-0.014055,-0.715821,1
61.350093842,0.698117,-0.006206,-0.014052,-0.715818,1
61.355072021,0.698121,-0.006205,-0.014052,-0.715815,1
61.360054016,0.698123,-0.006211,-0.014052,-0.715813,1
61.365028381,0.698126,-0.006212,-0.014052,-0.715810,1
61.369998932,0.698130,-0.006215,-0.014053,-0.715806,1
61.374961853,0.698133,-0.006216,-0.014054,-0.715803,1
61.379924774,0.698135,-0.006214,-0.014054,-0.715801,1
61.384960175,0.698138,-0.006214,-0.014052,-0.715798,1
61.389999390,0.698141,-0.006212,-0.014051,-0.715795,1
61.395030975,0.698144,-0.006212,-0.014052,-0.715793,1
61.400054932,0.698148,-0.006211,-0.014054,-0.715789,1
61.405082703,0.698151,-0.006210,-0.014053,-0.715786,1
61.410099030,0.698155,-0.006208,-0.014054,-0.715782,1
61.415111542,0.698158,-0.006206,-0.014052,-0.715779,1
61.420116425,0.698162,-0.006206,-0.014053,-0.715775,1
61.425125122,0.698164,-0.006207,-0.014054,-0.715773,1
61.430126190,0.698167,-0.006207,-0.014051,-0.715770,1
61.435115814,0.698170,-0.006208,-0.014050,-0.715767,1
61.440105438,0.698174,-0.006206,-0.014052,-0.715764,1
61.445095062,0.698178,-0.006205,-0.014053,-0.715759,1
61.450077057,0.698182,-0.006205,-0.014053,-0.715755,1
61.455051422,0.698186,-0.006206,-0.014056,-0.715752,1
61.460025787,0.698190,-0.006205,-0.014056,-0.715747,1
61.464988708,0.698193,-0.006203,-0.014055,-0.715745,1
61.469955444,0.698194,-0.006201,-0.014054,-0.715744,1
61.474910736,0.698196,-0.006204,-0.014054,-0.715742,1
61.479953766,0.698199,-0.006200,-0.014056,-0.715739,1
61.484989166,0.698202,-0.006200,-0.014056,-0.715736,1
61.490020752,0.698205,-0.006202,-0.014056,-0.715733,1
61.495044708,0.698209,-0.006202,-0.014055,-0.715729,1
61.500072479,0.698212,-0.006199,-0.014055,-0.715727,1
61.505088806,0.698215,-0.006198,-0.014057,-0.715723,1
61.510101318,0.698218,-0.006196,-0.014059,-0.715720,1
61.515110016,0.698221,-0.006194,-0.014058,-0.715718,1
61.520114899,0.698225,-0.006195,-0.014059,-0.715714,1
61.525115967,0.698229,-0.006196,-0.014062,-0.715710,1
61.530113220,0.698232,-0.006195,-0.014063,-0.715706,1
61.535099030,0.698236,-0.006195,-0.014063,-0.715703,1
61.540088654,0.698239,-0.006196,-0.014063,-0.715700,1
61.545070648,0.698243,-0.006196,-0.014062,-0.715696,1
61.550052643,0.698246,-0.006198,-0.014064,-0.715693,1
61.555023193,0.698250,-0.006199,-0.014066,-0.715689,1
61.559993744,0.698253,-0.006201,-0.014068,-0.715686,1
61.564956665,0.698256,-0.006200,-0.014068,-0.715683,1
61.569915771,0.698259,-0.006199,-0.014068,-0.715680,1
61.574958801,0.698262,-0.006199,-0.014067,-0.715677,1
61.579994202,0.698266,-0.006199,-0.014066,-0.715673,1
61.585025787,0.698268,-0.006196,-0.014065,-0.715671,1
61.590053558,0.698271,-0.006197,-0.014064,-0.715669,1
61.595077515,0.698273,-0.006197,-0.014063,-0.715666,1
61.600097656,0.698277,-0.006195,-0.014061,-0.715663,1
61.605110168,0.698280,-0.006194,-0.014061,-0.715660,1
61.610115051,0.698283,-0.006195,-0.014062,-0.715657,1
61.615119934,0.698285,-0.006196,-0.014061,-0.715655,1
61.620121002,0.698288,-0.006197,-0.014063,-0.715652,1
61.625114441,0.698291,-0.006195,-0.014063,-0.715649,1
61.630104065,0.698293,-0.006195,-0.014063,-0.715647,1
61.635089874,0.698297,-0.006197,-0.014062,-0.715643,1
61.640068054,0.698300,-0.006197,-0.014059,-0.715640,1
61.645046234,0.698303,-0.006197,-0.014058,-0.715637,1
61.650016785,0.698305,-0.006198,-0.014061,-0.715635,1
61.654987335,0.698308,-0.006198,-0.014062,-0.715632,1
61.659950256,0.698312,-0.006201,-0.014062,-0.715628,1
61.664913177,0.698316,-0.006201,-0.014062,-0.715625,1
61.669952393,0.698318,-0.006201,-0.014062,-0.715622,1
61.674991608,0.698321,-0.006201,-0.014063,-0.715620,1
61.680023193,0.698325,-0.006200,-0.014061,-0.715616,1
61.685050964,0.698328,-0.006200,-0.014062,-0.715613,1
61.690078735,0.698331,-0.006201,-0.014061,-0.715610,1
61.695095062,0.698333,-0.006202,-0.014061,-0.715608,1
61.700107574,0.698336,-0.006201,-0.014063,-0.715605,1
61.705116272,0.698339,-0.006204,-0.014061,-0.715602,1
61.710121155,0.698342,-0.006205,-0.014063,-0.715599,1
61.715126038,0.698345,-0.006203,-0.014064,-0.715596,1
61.720119476,0.698349,-0.006202,-0.014065,-0.715592,1
61.725112915,0.698352,-0.006203,-0.014065,-0.715589,1
61.730098724,0.698356,-0.006202,-0.014064,-0.715586,1
61.735084534,0.698359,-0.006202,-0.014060,-0.715583,1
61.740058899,0.698361,-0.006200,-0.014060,-0.715581,1
61.745033264,0.698364,-0.006200,-0.014060,-0.715578,1
61.750000000,0.698366,-0.006199,-0.014059,-0.715576,1
61.754966736,0.698369,-0.006199,-0.014056,-0.715573,1
61.759922028,0.698373,-0.006199,-0.014056,-0.715569,1
61.764965057,0.698376,-0.006199,-0.014057,-0.715566,1
61.770004272,0.698380,-0.006197,-0.014055,-0.715563,1
61.775035858,0.698383,-0.006197,-0.014055,-0.715559,1
61.780067444,0.698387,-0.006197,-0.014055,-0.715556,1
61.785087585,0.698390,-0.006198,-0.014054,-0.715552,1
61.790103912,0.698394,-0.006198,-0.014056,-0.715549,1
61.795124054,0.698398,-0.006199,-0.014054,-0.715545,1
61.800128937,0.698401,-0.006201,-0.014054,-0.715542,1
61.805133820,0.698404,-0.006200,-0.014053,-0.715539,1
61.810134888,0.698408,-0.006199,-0.014054,-0.715535,1
61.815132141,0.698411,-0.006197,-0.014054,-0.715532,1
61.820121765,0.698415,-0.006198,-0.014055,-0.715528,1
61.825111389,0.698418,-0.006201,-0.014058,-0.715525,1
61.830089569,0.698422,-0.006197,-0.014058,-0.715522,1
61.835067749,0.698424,-0.006198,-0.014058,-0.715519,1
61.840038300,0.698426,-0.006197,-0.014060,-0.715517,1
61.845005035,0.698429,-0.006194,-0.014061,-0.715515,1
61.849967957,0.698430,-0.006192,-0.014059,-0.715513,1
61.854923248,0.698434,-0.006191,-0.014059,-0.715510,1
61.859970093,0.698438,-0.006191,-0.014062,-0.715506,1
61.865009308,0.698440,-0.006193,-0.014061,-0.715504,1
61.870040894,0.698443,-0.006195,-0.014063,-0.715501,1
61.875068665,0.698446,-0.006195,-0.014063,-0.715498,1
61.880088806,0.698448,-0.006194,-0.014061,-0.715496,1
61.885112762,0.698452,-0.006193,-0.014060,-0.715492,1
61.890125275,0.698455,-0.006194,-0.014056,-0.715489,1
61.895133972,0.698459,-0.006194,-0.014056,-0.715485,1
61.900138855,0.698462,-0.006196,-0.014059,-0.715482,1
61.905139923,0.698465,-0.006197,-0.014060,-0.715479,1
61.910133362,0.698467,-0.006194,-0.014058,-0.715477,1
61.915126801,0.698471,-0.006192,-0.014058,-0.715474,1
61.920112610,0.698475,-0.006191,-0.014059,-0.715470,1
61.925098419,0.698479,-0.006190,-0.014057,-0.715466,1
61.930072784,0.698482,-0.006193,-0.014057,-0.715463,1
61.935043335,0.698487,-0.006193,-0.014057,-0.715458,1
61.940010071,0.698489,-0.006193,-0.014057,-0.715456,1
61.944976807,0.698493,-0.006195,-0.014055,-0.715452,1
61.949932098,0.698496,-0.006196,-0.014056,-0.715449,1
61.954975128,0.698499,-0.006197,-0.014054,-0.715447,1
61.960010529,0.698502,-0.006195,-0.014055,-0.715443,1
61.965045929,0.698504,-0.006196,-0.014054,-0.715441,1
61.970077515,0.698506,-0.006194,-0.014054,-0.715440,1
61.975101471,0.698508,-0.006194,-0.014054,-0.715438,1
61.980117798,0.698512,-0.006193,-0.014053,-0.715433,1
61.985137939,0.698517,-0.006192,-0.014053,-0.715429,1
61.990146637,0.698521,-0.006192,-0.014052,-0.715425,1
61.995155334,0.698524,-0.006193,-0.014048,-0.715422,1
62.000156403,0.698526,-0.006192,-0.014049,-0.715420,1
62.005153656,0.698529,-0.006192,-0.014048,-0.715417,1
62.010147095,0.698530,-0.006192,-0.014048,-0.715416,1
62.015136719,0.698533,-0.006191,-0.014048,-0.715413,1
62.020118713,0.698537,-0.006192,-0.014048,-0.715409,1
62.025096893,0.698540,-0.006191,-0.014047,-0.715407,1
62.030075073,0.698543,-0.006188,-0.014046,-0.715404,1
62.035041809,0.698546,-0.006190,-0.014046,-0.715401,1
62.040008545,0.698549,-0.006191,-0.014044,-0.715397,1
62.044971466,0.698552,-0.006192,-0.014043,-0.715395,1
62.050014496,0.698555,-0.006188,-0.014045,-0.715392,1
62.055049896,0.698558,-0.006187,-0.014045,-0.715389,1
62.060085297,0.698561,-0.006187,-0.014043,-0.715386,1
62.065116882,0.698564,-0.006189,-0.014042,-0.715383,1
62.070137024,0.698568,-0.006187,-0.014041,-0.715379,1
62.075157166,0.698571,-0.006190,-0.014041,-0.715376,1
62.080173492,0.698576,-0.006189,-0.014041,-0.715372,1
62.085182190,0.698579,-0.006188,-0.014041,-0.715368,1
62.090187073,0.698583,-0.006191,-0.014040,-0.715365,1
62.095188141,0.698586,-0.006191,-0.014039,-0.715361,1
62.100185394,0.698590,-0.006189,-0.014040,-0.715358,1
62.105178833,0.698592,-0.006189,-0.014042,-0.715356,1
62.110164642,0.698595,-0.006191,-0.014040,-0.715352,1
62.115142822,0.698599,-0.006187,-0.014040,-0.715349,1
62.120124817,0.698603,-0.006186,-0.014040,-0.715345,1
62.125095367,0.698607,-0.006187,-0.014038,-0.715341,1
62.130065918,0.698608,-0.006189,-0.014039,-0.715340,1
62.135032654,0.698610,-0.006191,-0.014038,-0.715338,1
62.139995575,0.698615,-0.006190,-0.014038,-0.715334,1
62.145034790,0.698618,-0.006189,-0.014039,-0.715331,1
62.150077820,0.698620,-0.006189,-0.014038,-0.715328,1
62.155113220,0.698623,-0.006187,-0.014039,-0.715326,1
62.160140991,0.698625,-0.006187,-0.014036,-0.715323,1
62.165164948,0.698627,-0.006187,-0.014035,-0.715322,1
62.170185089,0.698629,-0.006184,-0.014034,-0.715319,1
62.175205231,0.698632,-0.006183,-0.014034,-0.715316,1
62.180213928,0.698636,-0.006180,-0.014031,-0.715313,1
62.185218811,0.698639,-0.006180,-0.014031,-0.715310,1
62.190223694,0.698643,-0.006178,-0.014031,-0.715306,1
62.195220947,0.698647,-0.006180,-0.014029,-0.715302,1
62.200214386,0.698650,-0.006180,-0.014028,-0.715299,1
62.205204010,0.698656,-0.006180,-0.014027,-0.715293,1
62.210186005,0.698660,-0.006183,-0.014028,-0.715289,1
62.215171814,0.698663,-0.006183,-0.014028,-0.715286,1
62.220149994,0.698666,-0.006184,-0.014026,-0.715284,1
62.225120544,0.698668,-0.006185,-0.014028,-0.715282,1
62.230087280,0.698670,-0.006185,-0.014028,-0.715280,1
62.235050201,0.698673,-0.006186,-0.014028,-0.715277,1
62.240093231,0.698675,-0.006184,-0.014029,-0.715275,1
62.245132446,0.698678,-0.006179,-0.014028,-0.715272,1
62.250167847,0.698679,-0.006179,-0.014027,-0.715271,1
62.255199432,0.698683,-0.006177,-0.014025,-0.715267,1
62.260223389,0.698686,-0.006179,-0.014023,-0.715265,1
62.265239716,0.698689,-0.006179,-0.014025,-0.715262,1
62.270259857,0.698692,-0.006179,-0.014025,-0.715259,1
62.275268555,0.698696,-0.006177,-0.014024,-0.715255,1
62.280277252,0.698699,-0.006175,-0.014024,-0.715252,1
62.285278320,0.698701,-0.006176,-0.014025,-0.715250,1
62.290279388,0.698704,-0.006174,-0.014024,-0.715247,1
62.295272827,0.698705,-0.006174,-0.014024,-0.715245,1
62.300262451,0.698708,-0.006173,-0.014026,-0.715243,1
62.305248260,0.698711,-0.006176,-0.014026,-0.715239,1
62.310226440,0.698716,-0.006174,-0.014026,-0.715235,1
62.315204620,0.698719,-0.006174,-0.014024,-0.715232,1
62.320171356,0.698722,-0.006171,-0.014023,-0.715230,1
62.325141907,0.698725,-0.006171,-0.014022,-0.715227,1
62.330101013,0.698727,-0.006171,-0.014022,-0.715225,1
62.335056305,0.698730,-0.006169,-0.014023,-0.715222,1
62.340099335,0.698731,-0.006171,-0.014023,-0.715221,1
62.345134735,0.698732,-0.006171,-0.014023,-0.715219,1
62.350162506,0.698736,-0.006172,-0.014020,-0.715215,1
62.355190277,0.698739,-0.006174,-0.014020,-0.715213,1
62.360210419,0.698742,-0.006176,-0.014022,-0.715210,1
62.365226746,0.698744,-0.006175,-0.014023,-0.715208,1
62.370239258,0.698747,-0.006174,-0.014025,-0.715204,1
62.375247955,0.698750,-0.006175,-0.014025,-0.715202,1
62.380249023,0.698752,-0.006176,-0.014027,-0.715200,1
62.385250092,0.698755,-0.006177,-0.014026,-0.715197,1
62.390243530,0.698758,-0.006176,-0.014025,-0.715194,1
62.395233154,0.698760,-0.006175,-0.014022,-0.715192,1
62.400218964,0.698762,-0.006175,-0.014021,-0.715190,1
62.405197144,0.698764,-0.006176,-0.014020,-0.715188,1
62.410175323,0.698766,-0.006177,-0.014021,-0.715186,1
62.415142059,0.698770,-0.006177,-0.014021,-0.715183,1
62.420112610,0.698773,-0.006179,-0.014020,-0.715179,1
62.425071716,0.698777,-0.006179,-0.014019,-0.715176,1
62.430027008,0.698781,-0.006180,-0.014020,-0.715172,1
62.435070038,0.698786,-0.006183,-0.014022,-0.715167,1
62.440105438,0.698788,-0.006184,-0.014021,-0.715165,1
62.445133209,0.698790,-0.006183,-0.014020,-0.715162,1
62.450160980,0.698792,-0.006183,-0.014021,-0.715161,1
62.455181122,0.698794,-0.006182,-0.014021,-0.715159,1
62.460197449,0.698798,-0.006181,-0.014020,-0.715155,1
62.465209961,0.698800,-0.006180,-0.014023,-0.715153,1
62.470218658,0.698803,-0.006180,-0.014023,-0.715150,1
62.475219727,0.698806,-0.006178,-0.014025,-0.715147,1
62.480220795,0.698810,-0.006177,-0.014025,-0.715143,1
62.485214233,0.698813,-0.006180,-0.014024,-0.715140,1
62.490203857,0.698817,-0.006180,-0.014026,-0.715136,1
62.495182037,0.698820,-0.006181,-0.014029,-0.715133,1
62.500164032,0.698823,-0.006179,-0.014030,-0.715131,1
62.505138397,0.698827,-0.006177,-0.014028,-0.715127,1
62.510112762,0.698830,-0.006176,-0.014027,-0.715124,1
62.515079498,0.698834,-0.006177,-0.014027,-0.715120,1
62.520050049,0.698837,-0.006177,-0.014028,-0.715116,1
62.525009155,0.698840,-0.006176,-0.014028,-0.715114,1
62.530048370,0.698843,-0.006175,-0.014029,-0.715111,1
62.535083771,0.698846,-0.006174,-0.014031,-0.715108,1
62.540111542,0.698848,-0.006174,-0.014032,-0.715106,1
62.545139313,0.698851,-0.006173,-0.014031,-0.715103,1
62.550159454,0.698853,-0.006173,-0.014031,-0.715101,1
62.555175781,0.698856,-0.006171,-0.014030,-0.715098,1
62.560184479,0.698859,-0.006173,-0.014031,-0.715095,1
62.565196991,0.698862,-0.006173,-0.014031,-0.715092,1
62.570198059,0.698865,-0.006175,-0.014031,-0.715089,1
62.575195312,0.698869,-0.006175,-0.014030,-0.715085,1
62.580188751,0.698872,-0.006175,-0.014031,-0.715082,1
62.585174561,0.698875,-0.006173,-0.014033,-0.715079,1
62.590156555,0.698878,-0.006171,-0.014033,-0.715077,1
62.595138550,0.698881,-0.006174,-0.014034,-0.715073,1
62.600109100,0.698884,-0.006173,-0.014032,-0.715070,1
62.605083466,0.698888,-0.006172,-0.014032,-0.715067,1
62.610050201,0.698891,-0.006172,-0.014032,-0.715064,1
62.615013123,0.698894,-0.006172,-0.014032,-0.715061,1
62.619972229,0.698896,-0.006174,-0.014033,-0.715059,1
62.625011444,0.698900,-0.006174,-0.014033,-0.715055,1
62.630046844,0.698903,-0.006172,-0.014032,-0.715052,1
62.635078430,0.698907,-0.006172,-0.014033,-0.715048,1
62.640102386,0.698910,-0.006173,-0.014031,-0.715045,1
62.645126343,0.698914,-0.006175,-0.014032,-0.715042,1
62.650142670,0.698916,-0.006174,-0.014034,-0.715039,1
62.655155182,0.698919,-0.006172,-0.014033,-0.715037,1
62.660160065,0.698922,-0.006173,-0.014032,-0.715033,1
62.665164948,0.698926,-0.006176,-0.014034,-0.715029,1
62.670162201,0.698930,-0.006175,-0.014035,-0.715026,1
62.675155640,0.698932,-0.006174,-0.014036,-0.715023,1
62.680145264,0.698936,-0.006173,-0.014037,-0.715020,1
62.685131073,0.698938,-0.006175,-0.014035,-0.715018,1
62.690113068,0.698941,-0.006175,-0.014035,-0.715015,1
62.695087433,0.698945,-0.006175,-0.014035,-0.715011,1
62.700057983,0.698948,-0.006173,-0.014035,-0.715008,1
62.705024719,0.698951,-0.006173,-0.014033,-0.715005,1
62.709983826,0.698955,-0.006175,-0.014034,-0.715001,1
62.714942932,0.698958,-0.006175,-0.014033,-0.714998,1
62.719982147,0.698961,-0.006175,-0.014034,-0.714995,1
62.725017548,0.698965,-0.006174,-0.014032,-0.714991,1
62.730052948,0.698967,-0.006173,-0.014031,-0.714990,1
62.735076904,0.698971,-0.006172,-0.014029,-0.714986,1
62.740100861,0.698973,-0.006174,-0.014029,-0.714984,1
62.745117188,0.698975,-0.006173,-0.014028,-0.714982,1
62.750129700,0.698976,-0.006173,-0.014028,-0.714981,1
62.755138397,0.698979,-0.006173,-0.014028,-0.714978,1
62.760143280,0.698983,-0.006173,-0.014030,-0.714974,1
62.765144348,0.698988,-0.006170,-0.014030,-0.714969,1
62.770137787,0.698991,-0.006171,-0.014029,-0.714967,1
62.775131226,0.698993,-0.006171,-0.014031,-0.714964,1
62.780117035,0.698996,-0.006167,-0.014031,-0.714961,1
62.785102844,0.699000,-0.006167,-0.014032,-0.714957,1
62.790077209,0.699004,-0.006167,-0.014032,-0.714954,1
62.795051575,0.699006,-0.006166,-0.014033,-0.714951,1
62.800018311,0.699009,-0.006167,-0.014034,-0.714948,1
62.804985046,0.699012,-0.006166,-0.014034,-0.714945,1
62.809940338,0.699016,-0.006166,-0.014032,-0.714942,1
62.814983368,0.699019,-0.006168,-0.014031,-0.714939,1
62.820018768,0.699023,-0.006165,-0.014030,-0.714935,1
62.825050354,0.699024,-0.006164,-0.014029,-0.714934,1
62.830078125,0.699026,-0.006164,-0.014029,-0.714932,1
62.835102081,0.699029,-0.006166,-0.014029,-0.714930,1
62.840122223,0.699030,-0.006165,-0.014030,-0.714929,1
62.845138550,0.699032,-0.006165,-0.014026,-0.714926,1
62.850147247,0.699036,-0.006165,-0.014027,-0.714922,1
62.855152130,0.699038,-0.006165,-0.014026,-0.714920,1
62.860149384,0.699040,-0.006165,-0.014027,-0.714918,1
62.865146637,0.699043,-0.006166,-0.014029,-0.714915,1
62.870136261,0.699046,-0.006166,-0.014029,-0.714913,1
62.875122070,0.699050,-0.006163,-0.014031,-0.714909,1
62.880104065,0.699054,-0.006165,-0.014033,-0.714904,1
62.885082245,0.699058,-0.006168,-0.014032,-0.714901,1
62.890056610,0.699061,-0.006167,-0.014032,-0.714897,1
62.895027161,0.699064,-0.006167,-0.014033,-0.714895,1
62.899993896,0.699066,-0.006166,-0.014031,-0.714893,1
62.904953003,0.699069,-0.006167,-0.014032,-0.714890,1
62.909996033,0.699072,-0.006169,-0.014032,-0.714887,1
62.915031433,0.699074,-0.006170,-0.014032,-0.714885,1
62.920066833,0.699077,-0.006168,-0.014031,-0.714882,1
62.925094604,0.699081,-0.006168,-0.014032,-0.714878,1
62.930114746,0.699085,-0.006169,-0.014030,-0.714875,1
62.935134888,0.699086,-0.006168,-0.014029,-0.714873,1
62.940151215,0.699089,-0.006169,-0.014030,-0.714870,1
62.945159912,0.699092,-0.006171,-0.014033,-0.714867,1
62.950164795,0.699095,-0.006172,-0.014035,-0.714865,1
62.955165863,0.699098,-0.006171,-0.014035,-0.714862,1
62.960159302,0.699101,-0.006172,-0.014033,-0.714858,1
62.965152740,0.699105,-0.006173,-0.014034,-0.714855,1
62.970138550,0.699108,-0.006173,-0.014034,-0.714852,1
62.975120544,0.699111,-0.006173,-0.014034,-0.714849,1
62.980094910,0.699114,-0.006175,-0.014035,-0.714846,1
62.985069275,0.699117,-0.006173,-0.014035,-0.714843,1
62.990036011,0.699120,-0.006174,-0.014033,-0.714840,1
62.995002747,0.699123,-0.006174,-0.014036,-0.714837,1
62.999961853,0.699125,-0.006174,-0.014036,-0.714835,1
63.005004883,0.699127,-0.006174,-0.014034,-0.714834,1
63.010036469,0.699129,-0.006172,-0.014033,-0.714831,1
63.015071869,0.699132,-0.006171,-0.014033,-0.714828,1
63.020103455,0.699134,-0.006171,-0.014037,-0.714826,1
63.025123596,0.699136,-0.006170,-0.014035,-0.714824,1
63.030143738,0.699139,-0.006171,-0.014035,-0.714822,1
63.035160065,0.699141,-0.006174,-0.014036,-0.714819,1
63.040168762,0.699144,-0.006175,-0.014037,-0.714816,1
63.045173645,0.699148,-0.006171,-0.014036,-0.714813,1
63.050174713,0.699151,-0.006171,-0.014038,-0.714809,1
63.055171967,0.699156,-0.006170,-0.014038,-0.714805,1
63.060161591,0.699159,-0.006169,-0.014040,-0.714802,1
63.065151215,0.699161,-0.006167,-0.014039,-0.714799,1
63.070129395,0.699164,-0.006166,-0.014036,-0.714797,1
63.075111389,0.699169,-0.006165,-0.014036,-0.714793,1
63.080081940,0.699174,-0.006164,-0.014038,-0.714788,1
63.085052490,0.699177,-0.006164,-0.014036,-0.714784,1
63.090015411,0.699179,-0.006163,-0.014038,-0.714782,1
63.094978333,0.699181,-0.006163,-0.014037,-0.714780,1
63.100017548,0.699184,-0.006160,-0.014036,-0.714777,1
63.105056763,0.699187,-0.006160,-0.014037,-0.714774,1
63.110088348,0.699191,-0.006158,-0.014033,-0.714770,1
63.115116119,0.699194,-0.006158,-0.014035,-0.714767,1
63.120143890,0.699198,-0.006158,-0.014035,-0.714763,1
63.125160217,0.699200,-0.006161,-0.014036,-0.714761,1
63.130176544,0.699202,-0.006161,-0.014034,-0.714759,1
63.135185242,0.699205,-0.006160,-0.014034,-0.714757,1
63.140193939,0.699207,-0.006160,-0.014035,-0.714755,1
63.145195007,0.699210,-0.006163,-0.014036,-0.714752,1
63.150192261,0.699213,-0.006163,-0.014034,-0.714749,1
63.155181885,0.699216,-0.006162,-0.014034,-0.714746,1
63.160167694,0.699219,-0.006161,-0.014037,-0.714743,1
63.165153503,0.699223,-0.006161,-0.014037,-0.714740,1
63.170131683,0.699227,-0.006158,-0.014036,-0.714736,1
63.175102234,0.699230,-0.006159,-0.014037,-0.714732,1
63.180076599,0.699233,-0.006159,-0.014036,-0.714729,1
63.185039520,0.699235,-0.006160,-0.014037,-0.714728,1
63.189998627,0.699237,-0.006159,-0.014038,-0.714725,1
63.195041656,0.699239,-0.006159,-0.014038,-0.714724,1
63.200080872,0.699243,-0.006160,-0.014037,-0.714719,1
63.205112457,0.699246,-0.006160,-0.014037,-0.714717,1
63.210140228,0.699248,-0.006158,-0.014039,-0.714715,1
63.215164185,0.699250,-0.006160,-0.014039,-0.714713,1
63.220188141,0.699253,-0.006160,-0.014040,-0.714710,1
63.225200653,0.699256,-0.006158,-0.014040,-0.714707,1
63.230209351,0.699259,-0.006159,-0.014040,-0.714704,1
63.235218048,0.699264,-0.006159,-0.014039,-0.714700,1
63.240219116,0.699267,-0.006159,-0.014040,-0.714696,1
63.245216370,0.699270,-0.006158,-0.014039,-0.714693,1
63.250205994,0.699273,-0.006160,-0.014040,-0.714690,1
63.255195618,0.699278,-0.006161,-0.014040,-0.714686,1
63.260177612,0.699281,-0.006161,-0.014040,-0.714683,1
63.265159607,0.699284,-0.006160,-0.014039,-0.714679,1
63.270137787,0.699287,-0.006159,-0.014040,-0.714677,1
63.275104523,0.699289,-0.006158,-0.014041,-0.714674,1
63.280075073,0.699293,-0.006156,-0.014039,-0.714671,1
63.285037994,0.699295,-0.006154,-0.014040,-0.714669,1
63.290081024,0.699297,-0.006153,-0.014039,-0.714667,1
63.295120239,0.699300,-0.006154,-0.014039,-0.714664,1
63.300151825,0.699302,-0.006154,-0.014040,-0.714662,1
63.305183411,0.699304,-0.006156,-0.014039,-0.714660,1
63.310203552,0.699306,-0.006153,-0.014039,-0.714658,1
63.315227509,0.699309,-0.006154,-0.014040,-0.714655,1
63.320240021,0.699312,-0.006155,-0.014039,-0.714652,1
63.325252533,0.699314,-0.006154,-0.014038,-0.714650,1
63.330257416,0.699319,-0.006156,-0.014037,-0.714646,1
63.335258484,0.699323,-0.006156,-0.014036,-0.714641,1
63.340255737,0.699327,-0.006157,-0.014034,-0.714637,1
63.345249176,0.699332,-0.006158,-0.014033,-0.714633,1
63.350234985,0.699335,-0.006156,-0.014034,-0.714630,1
63.355220795,0.699338,-0.006155,-0.014033,-0.714627,1
63.360198975,0.699341,-0.006154,-0.014033,-0.714624,1
63.365177155,0.699343,-0.006154,-0.014031,-0.714622,1
63.370143890,0.699345,-0.006153,-0.014030,-0.714620,1
63.375114441,0.699348,-0.006155,-0.014031,-0.714617,1
63.380077362,0.699350,-0.006156,-0.014029,-0.714615,1
63.385120392,0.699355,-0.006159,-0.014031,-0.714611,1
63.390159607,0.699359,-0.006159,-0.014030,-0.714607,1
63.395191193,0.699362,-0.006160,-0.014030,-0.714603,1
63.400222778,0.699363,-0.006160,-0.014029,-0.714602,1
63.405246735,0.699365,-0.006162,-0.014029,-0.714600,1
63.410266876,0.699368,-0.006164,-0.014030,-0.714597,1
63.415283203,0.699371,-0.006163,-0.014030,-0.714595,1
63.420291901,0.699375,-0.006161,-0.014032,-0.714591,1
63.425304413,0.699378,-0.006162,-0.014031,-0.714588,1
63.430305481,0.699381,-0.006164,-0.014032,-0.714584,1
63.435302734,0.699385,-0.006160,-0.014031,-0.714581,1
63.440292358,0.699387,-0.006159,-0.014028,-0.714579,1
63.445281982,0.699390,-0.006161,-0.014029,-0.714576,1
63.450267792,0.699393,-0.006159,-0.014031,-0.714573,1
63.455249786,0.699396,-0.006158,-0.014031,-0.714570,1
63.460220337,0.699398,-0.006155,-0.014030,-0.714568,1
63.465194702,0.699401,-0.006156,-0.014031,-0.714565,1
63.470157623,0.699404,-0.006155,-0.014034,-0.714563,1
63.475116730,0.699407,-0.006154,-0.014033,-0.714559,1
63.480163574,0.699411,-0.006155,-0.014032,-0.714556,1
63.485202789,0.699414,-0.006155,-0.014034,-0.714552,1
63.490238190,0.699417,-0.006152,-0.014032,-0.714550,1
63.495265961,0.699417,-0.006153,-0.014034,-0.714549,1
63.500293732,0.699421,-0.006154,-0.014035,-0.714546,1
63.505310059,0.699424,-0.006155,-0.014035,-0.714543,1
63.510326385,0.699427,-0.006153,-0.014035,-0.714540,1
63.515335083,0.699431,-0.006153,-0.014033,-0.714536,1
63.520343781,0.699434,-0.006153,-0.014035,-0.714533,1
63.525348663,0.699437,-0.006154,-0.014034,-0.714530,1
63.530345917,0.699442,-0.006152,-0.014034,-0.714525,1
63.535331726,0.699444,-0.006151,-0.014034,-0.714523,1
63.540321350,0.699448,-0.006151,-0.014033,-0.714520,1
63.545307159,0.699450,-0.006149,-0.014035,-0.714517,1
63.550289154,0.699451,-0.006150,-0.014033,-0.714516,1
63.555263519,0.699456,-0.006149,-0.014034,-0.714512,1
63.560237885,0.699459,-0.006147,-0.014033,-0.714509,1
63.565200806,0.699462,-0.006147,-0.014032,-0.714505,1
63.570167542,0.699465,-0.006150,-0.014032,-0.714502,1
63.575122833,0.699467,-0.006150,-0.014033,-0.714500,1
63.580165863,0.699470,-0.006153,-0.014033,-0.714497,1
63.585197449,0.699474,-0.006154,-0.014034,-0.714493,1
63.590229034,0.699477,-0.006155,-0.014035,-0.714491,1
63.595252991,0.699480,-0.006154,-0.014033,-0.714488,1
63.600273132,0.699482,-0.006156,-0.014033,-0.714486,1
63.605289459,0.699485,-0.006156,-0.014033,-0.714483,1
63.610301971,0.699488,-0.006158,-0.014037,-0.714480,1
63.615306854,0.699491,-0.006156,-0.014037,-0.714477,1
63.620311737,0.699495,-0.006155,-0.014038,-0.714473,1
63.625308990,0.699499,-0.006156,-0.014040,-0.714469,1
63.630302429,0.699503,-0.006155,-0.014038,-0.714465,1
63.635292053,0.699506,-0.006154,-0.014036,-0.714462,1
63.640277863,0.699510,-0.006154,-0.014035,-0.714458,1
63.645252228,0.699512,-0.006155,-0.014035,-0.714457,1
63.650230408,0.699515,-0.006155,-0.014034,-0.714454,1
63.655197144,0.699516,-0.006154,-0.014035,-0.714452,1
63.660163879,0.699519,-0.006153,-0.014033,-0.714450,1
63.665126801,0.699523,-0.006153,-0.014032,-0.714446,1
63.670082092,0.699525,-0.006153,-0.014032,-0.714444,1
63.675121307,0.699528,-0.006151,-0.014030,-0.714441,1
63.680156708,0.699530,-0.006151,-0.014031,-0.714439,1
63.685184479,0.699533,-0.006149,-0.014029,-0.714436,1
63.690212250,0.699537,-0.006148,-0.014032,-0.714433,1
63.695232391,0.699538,-0.006146,-0.014032,-0.714431,1
63.700248718,0.699541,-0.006147,-0.014030,-0.714428,1
63.705265045,0.699544,-0.006146,-0.014029,-0.714425,1
63.710273743,0.699548,-0.006143,-0.014028,-0.714421,1
63.715274811,0.699550,-0.006145,-0.014027,-0.714419,1
63.720272064,0.699554,-0.006145,-0.014029,-0.714415,1
63.725265503,0.699558,-0.006147,-0.014029,-0.714412,1
63.730255127,0.699561,-0.006146,-0.014029,-0.714409,1
63.735237122,0.699564,-0.006148,-0.014029,-0.714406,1
63.740215302,0.699566,-0.006148,-0.014028,-0.714404,1
63.745193481,0.699568,-0.006150,-0.014027,-0.714401,1
63.750160217,0.699572,-0.006149,-0.014029,-0.714398,1
63.755126953,0.699574,-0.006150,-0.014029,-0.714396,1
63.760089874,0.699576,-0.006151,-0.014029,-0.714394,1
63.765045166,0.699580,-0.006151,-0.014029,-0.714390,1
63.770084381,0.699583,-0.006151,-0.014031,-0.714387,1
63.775115967,0.699586,-0.006149,-0.014031,-0.714384,1
63.780147552,0.699590,-0.006150,-0.014034,-0.714380,1
63.785171509,0.699594,-0.006151,-0.014035,-0.714376,1
63.790195465,0.699596,-0.006151,-0.014035,-0.714374,1
63.795211792,0.699599,-0.006149,-0.014038,-0.714371,1
63.800224304,0.699602,-0.006151,-0.014038,-0.714369,1
63.805233002,0.699603,-0.006152,-0.014035,-0.714367,1
63.810237885,0.699606,-0.006154,-0.014035,-0.714364,1
63.815235138,0.699610,-0.006155,-0.014034,-0.714361,1
63.820224762,0.699613,-0.006153,-0.014031,-0.714358,1
63.825214386,0.699617,-0.006150,-0.014030,-0.714354,1
63.830200195,0.699619,-0.006150,-0.014032,-0.714351,1
63.835178375,0.699623,-0.006150,-0.014033,-0.714348,1
63.840152740,0.699627,-0.006151,-0.014034,-0.714344,1
63.845123291,0.699629,-0.006152,-0.014035,-0.714342,1
63.850090027,0.699631,-0.006150,-0.014034,-0.714340,1
63.855049133,0.699633,-0.006152,-0.014030,-0.714338,1
63.860008240,0.699636,-0.006154,-0.014029,-0.714335,1
63.865043640,0.699639,-0.006152,-0.014028,-0.714332,1
63.870082855,0.699642,-0.006153,-0.014027,-0.714329,1
63.875114441,0.699644,-0.006156,-0.014027,-0.714327,1
63.880138397,0.699646,-0.006156,-0.014025,-0.714325,1
63.885162354,0.699649,-0.006156,-0.014025,-0.714323,1
63.890178680,0.699653,-0.006157,-0.014024,-0.714319,1
63.895191193,0.699656,-0.006156,-0.014025,-0.714316,1
63.900196075,0.699658,-0.006154,-0.014023,-0.714314,1
63.905200958,0.699661,-0.006153,-0.014021,-0.714311,1
63.910198212,0.699663,-0.006152,-0.014021,-0.714309,1
63.915195465,0.699666,-0.006151,-0.014020,-0.714306,1
63.920185089,0.699668,-0.006150,-0.014019,-0.714304,1
63.925170898,0.699671,-0.006150,-0.014019,-0.714301,1
63.930149078,0.699674,-0.006148,-0.014021,-0.714299,1
63.935127258,0.699677,-0.006148,-0.014021,-0.714295,1
63.940101624,0.699680,-0.006148,-0.014019,-0.714292,1
63.945064545,0.699682,-0.006149,-0.014019,-0.714290,1
63.950027466,0.699685,-0.006148,-0.014020,-0.714287,1
63.954986572,0.699689,-0.006146,-0.014021,-0.714284,1
63.960025787,0.699692,-0.006145,-0.014019,-0.714280,1
63.965061188,0.699695,-0.006147,-0.014021,-0.714278,1
63.970096588,0.699697,-0.006148,-0.014023,-0.714276,1
63.975120544,0.699700,-0.006150,-0.014023,-0.714272,1
63.980148315,0.699702,-0.006147,-0.014022,-0.714271,1
63.985164642,0.699705,-0.006147,-0.014021,-0.714268,1
63.990177155,0.699707,-0.006147,-0.014019,-0.714266,1
63.995185852,0.699709,-0.006143,-0.014020,-0.714264,1
64.000190735,0.699711,-0.006142,-0.014022,-0.714262,1
64.005195618,0.699713,-0.006141,-0.014022,-0.714260,1
64.010192871,0.699717,-0.006138,-0.014021,-0.714256,1
64.015182495,0.699720,-0.006138,-0.014020,-0.714254,1
64.020172119,0.699722,-0.006138,-0.014018,-0.714251,1
64.025154114,0.699725,-0.006136,-0.014018,-0.714248,1
64.030128479,0.699728,-0.006135,-0.014017,-0.714245,1
64.035102844,0.699732,-0.006134,-0.014016,-0.714241,1
64.040069580,0.699734,-0.006134,-0.014016,-0.714239,1
64.045036316,0.699737,-0.006131,-0.014014,-0.714237,1
64.049995422,0.699741,-0.006132,-0.014012,-0.714233,1
64.055038452,0.699745,-0.006131,-0.014011,-0.714229,1
64.060073853,0.699749,-0.006130,-0.014009,-0.714225,1
64.065109253,0.699753,-0.006129,-0.014009,-0.714221,1
64.070129395,0.699755,-0.006126,-0.014009,-0.714219,1
64.075157166,0.699759,-0.006125,-0.014006,-0.714216,1
64.080177307,0.699763,-0.006124,-0.014004,-0.714212,1
64.085189819,0.699766,-0.006125,-0.014003,-0.714209,1
64.090194702,0.699768,-0.006129,-0.014003,-0.714206,1
64.095199585,0.699770,-0.006130,-0.014005,-0.714205,1
64.100196838,0.699773,-0.006128,-0.014007,-0.714202,1
64.105194092,0.699775,-0.006128,-0.014007,-0.714200,1
64.110183716,0.699779,-0.006127,-0.014004,-0.714196,1
64.115173340,0.699781,-0.006127,-0.014002,-0.714194,1
64.120155334,0.699784,-0.006127,-0.014002,-0.714191,1
64.125137329,0.699785,-0.006128,-0.014002,-0.714190,1
64.130111694,0.699788,-0.006128,-0.013998,-0.714187,1
64.135078430,0.699791,-0.006127,-0.013996,-0.714185,1
64.140045166,0.699794,-0.006127,-0.013996,-0.714181,1
64.145004272,0.699798,-0.006127,-0.013995,-0.714177,1
64.150047302,0.699801,-0.006126,-0.013995,-0.714174,1
64.155082703,0.699804,-0.006126,-0.013992,-0.714172,1
64.160110474,0.699808,-0.006126,-0.013992,-0.714168,1
64.165145874,0.699811,-0.006126,-0.013992,-0.714165,1
64.170166016,0.699814,-0.006129,-0.013993,-0.714162,1
64.175178528,0.699818,-0.006130,-0.013993,-0.714158,1
64.180198669,0.699821,-0.006129,-0.013991,-0.714155,1
64.185203552,0.699825,-0.006129,-0.013990,-0.714151,1
64.190208435,0.699828,-0.006128,-0.013989,-0.714148,1
64.195213318,0.699831,-0.006127,-0.013988,-0.714145,1
64.200202942,0.699834,-0.006127,-0.013988,-0.714142,1
64.205192566,0.699836,-0.006124,-0.013987,-0.714140,1
64.210182190,0.699839,-0.006125,-0.013988,-0.714138,1
64.215164185,0.699841,-0.006124,-0.013985,-0.714136,1
64.220138550,0.699844,-0.006124,-0.013985,-0.714132,1
64.225105286,0.699847,-0.006124,-0.013988,-0.714130,1
64.230079651,0.699850,-0.006123,-0.013987,-0.714127,1
64.235038757,0.699852,-0.006124,-0.013989,-0.714125,1
64.239997864,0.699855,-0.006125,-0.013987,-0.714122,1
64.245040894,0.699857,-0.006124,-0.013986,-0.714120,1
64.250076294,0.699861,-0.006123,-0.013986,-0.714116,1
64.255104065,0.699862,-0.006123,-0.013988,-0.714114,1
64.260139465,0.699864,-0.006124,-0.013989,-0.714113,1
64.265159607,0.699868,-0.006123,-0.013988,-0.714109,1
64.270179749,0.699872,-0.006125,-0.013990,-0.714105,1
64.275192261,0.699874,-0.006123,-0.013991,-0.714103,1
64.280204773,0.699875,-0.006122,-0.013993,-0.714102,1
64.285209656,0.699877,-0.006123,-0.013994,-0.714100,1
64.290214539,0.699880,-0.006121,-0.013993,-0.714097,1
64.295211792,0.699882,-0.006120,-0.013994,-0.714095,1
64.300201416,0.699886,-0.006121,-0.013994,-0.714092,1
64.305191040,0.699888,-0.006123,-0.013997,-0.714089,1
64.310173035,0.699891,-0.006127,-0.013995,-0.714086,1
64.315155029,0.699894,-0.006125,-0.013996,-0.714083,1
64.320129395,0.699897,-0.006125,-0.013997,-0.714080,1
64.325096130,0.699900,-0.006126,-0.013997,-0.714077,1
64.330062866,0.699902,-0.006126,-0.013997,-0.714075,1
64.335021973,0.699906,-0.006126,-0.013996,-0.714072,1
64.340065002,0.699911,-0.006127,-0.013995,-0.714067,1
64.345108032,0.699914,-0.006126,-0.013994,-0.714064,1
64.350135803,0.699916,-0.006128,-0.013994,-0.714062,1
64.355163574,0.699919,-0.006127,-0.013995,-0.714059,1
64.360183716,0.699923,-0.006126,-0.013995,-0.714055,1
64.365203857,0.699925,-0.006128,-0.013995,-0.714052,1
64.370223999,0.699928,-0.006128,-0.013996,-0.714050,1
64.375228882,0.699931,-0.006127,-0.013997,-0.714047,1
64.380233765,0.699934,-0.006126,-0.013995,-0.714044,1
64.385238647,0.699937,-0.006124,-0.013994,-0.714041,1
64.390235901,0.699941,-0.006122,-0.013990,-0.714038,1
64.395225525,0.699944,-0.006121,-0.013993,-0.714034,1
64.400215149,0.699946,-0.006122,-0.013994,-0.714032,1
64.405189514,0.699950,-0.006122,-0.013993,-0.714029,1
64.410171509,0.699952,-0.006123,-0.013994,-0.714026,1
64.415138245,0.699954,-0.006122,-0.013995,-0.714024,1
64.420112610,0.699957,-0.006122,-0.013995,-0.714022,1
64.425071716,0.699959,-0.006122,-0.013993,-0.714020,1
64.430030823,0.699960,-0.006121,-0.013993,-0.714018,1
64.435073853,0.699963,-0.006121,-0.013993,-0.714016,1
64.440116882,0.699967,-0.006119,-0.013993,-0.714012,1
64.445144653,0.699970,-0.006120,-0.013991,-0.714009,1
64.450172424,0.699971,-0.006117,-0.013990,-0.714008,1
64.455200195,0.699974,-0.006117,-0.013991,-0.714006,1
64.460220337,0.699976,-0.006118,-0.013989,-0.714003,1
64.465232849,0.699980,-0.006118,-0.013987,-0.714000,1
64.470245361,0.699983,-0.006118,-0.013984,-0.713996,1
64.475250244,0.699985,-0.006117,-0.013985,-0.713995,1
64.480255127,0.699988,-0.006117,-0.013983,-0.713992,1
64.485252380,0.699990,-0.006116,-0.013981,-0.713989,1
64.490242004,0.699993,-0.006116,-0.013980,-0.713986,1
64.495231628,0.699998,-0.006115,-0.013979,-0.713982,1
64.500213623,0.699999,-0.006115,-0.013981,-0.713981,1
64.505195618,0.700002,-0.006113,-0.013983,-0.713977,1
64.510169983,0.700004,-0.006110,-0.013985,-0.713976,1
64.515136719,0.700004,-0.006109,-0.013983,-0.713976,1
64.520103455,0.700008,-0.006107,-0.013983,-0.713972,1
64.525062561,0.700010,-0.006109,-0.013982,-0.713970,1
64.530105591,0.700013,-0.006110,-0.013984,-0.713968,1
64.535140991,0.700015,-0.006109,-0.013983,-0.713965,1
64.540176392,0.700020,-0.006109,-0.013984,-0.713960,1
64.545204163,0.700023,-0.006109,-0.013986,-0.713957,1
64.550231934,0.700025,-0.006106,-0.013985,-0.713955,1
64.555252075,0.700028,-0.006105,-0.013988,-0.713953,1
64.560264587,0.700031,-0.006106,-0.013989,-0.713950,1
64.565277100,0.700033,-0.006106,-0.013990,-0.713948,1
64.570281982,0.700035,-0.006107,-0.013990,-0.713945,1
64.575286865,0.700039,-0.006108,-0.013993,-0.713942,1
64.580276489,0.700041,-0.006108,-0.013994,-0.713939,1
64.585266113,0.700045,-0.006109,-0.013994,-0.713936,1
64.590255737,0.700048,-0.006109,-0.013995,-0.713932,1
64.595237732,0.700052,-0.006112,-0.013996,-0.713929,1
64.600212097,0.700054,-0.006113,-0.013997,-0.713926,1
64.605186462,0.700057,-0.006113,-0.013998,-0.713924,1
64.610153198,0.700060,-0.006113,-0.013996,-0.713921,1
64.615119934,0.700063,-0.006114,-0.013995,-0.713918,1
64.620079041,0.700066,-0.006115,-0.013997,-0.713915,1
64.625122070,0.700069,-0.006117,-0.013997,-0.713912,1
64.630157471,0.700072,-0.006117,-0.013996,-0.713909,1
64.635192871,0.700075,-0.006118,-0.013993,-0.713906,1
64.640220642,0.700080,-0.006118,-0.013992,-0.713901,1
64.645248413,0.700084,-0.006119,-0.013990,-0.713898,1
64.650260925,0.700088,-0.006120,-0.013990,-0.713893,1
64.655281067,0.700091,-0.006123,-0.013991,-0.713890,1
64.660293579,0.700093,-0.006126,-0.013991,-0.713888,1
64.665298462,0.700095,-0.006127,-0.013991,-0.713887,1
64.670295715,0.700097,-0.006126,-0.013990,-0.713884,1
64.675292969,0.700101,-0.006125,-0.013988,-0.713881,1
64.680282593,0.700103,-0.006124,-0.013987,-0.713879,1
64.685272217,0.700106,-0.006125,-0.013984,-0.713876,1
64.690254211,0.700110,-0.006124,-0.013984,-0.713872,1
64.695236206,0.700113,-0.006124,-0.013983,-0.713869,1
64.700210571,0.700116,-0.006125,-0.013981,-0.713866,1
64.705177307,0.700120,-0.006121,-0.013980,-0.713862,1
64.710144043,0.700123,-0.006122,-0.013979,-0.713859,1
64.715103149,0.700126,-0.006122,-0.013978,-0.713856,1
64.720153809,0.700128,-0.006119,-0.013980,-0.713854,1
64.725189209,0.700130,-0.006119,-0.013978,-0.713852,1
64.730224609,0.700132,-0.006116,-0.013979,-0.713850,1
64.735252380,0.700135,-0.006115,-0.013979,-0.713848,1
64.740280151,0.700138,-0.006114,-0.013980,-0.713845,1
64.745300293,0.700140,-0.006115,-0.013980,-0.713842,1
64.750312805,0.700144,-0.006114,-0.013979,-0.713839,1
64.755325317,0.700146,-0.006115,-0.013979,-0.713837,1
64.760330200,0.700148,-0.006112,-0.013980,-0.713834,1
64.765335083,0.700152,-0.006113,-0.013984,-0.713831,1
64.770332336,0.700155,-0.006112,-0.013983,-0.713828,1
64.775329590,0.700159,-0.006113,-0.013983,-0.713824,1
64.780319214,0.700162,-0.006112,-0.013983,-0.713821,1
64.785301208,0.700164,-0.006114,-0.013981,-0.713819,1
64.790283203,0.700167,-0.006114,-0.013980,-0.713816,1
64.795257568,0.700171,-0.006113,-0.013981,-0.713812,1
64.800224304,0.700175,-0.006114,-0.013981,-0.713809,1
64.805191040,0.700177,-0.006116,-0.013983,-0.713806,1
64.810150146,0.700180,-0.006114,-0.013982,-0.713803,1
64.815109253,0.700184,-0.006117,-0.013983,-0.713799,1
64.820144653,0.700186,-0.006117,-0.013983,-0.713797,1
64.825180054,0.700189,-0.006118,-0.013984,-0.713794,1
64.830207825,0.700191,-0.006117,-0.013985,-0.713792,1
64.835235596,0.700194,-0.006117,-0.013983,-0.713790,1
64.840255737,0.700197,-0.006118,-0.013983,-0.713787,1
64.845275879,0.700200,-0.006119,-0.013986,-0.713784,1
64.850280762,0.700202,-0.006121,-0.013987,-0.713781,1
64.855293274,0.700204,-0.006123,-0.013987,-0.713779,1
64.860290527,0.700207,-0.006122,-0.013989,-0.713776,1
64.865287781,0.700209,-0.006122,-0.013988,-0.713774,1
64.870277405,0.700213,-0.006121,-0.013988,-0.713771,1
64.875267029,0.700217,-0.006122,-0.013988,-0.713767,1
64.880249023,0.700219,-0.006123,-0.013989,-0.713764,1
64.885231018,0.700223,-0.006124,-0.013987,-0.713761,1
64.890197754,0.700225,-0.006122,-0.013986,-0.713759,1
64.895172119,0.700229,-0.006124,-0.013987,-0.713755,1
64.900131226,0.700232,-0.006123,-0.013986,-0.713752,1
64.905090332,0.700234,-0.006123,-0.013986,-0.713750,1
64.910041809,0.700237,-0.006122,-0.013988,-0.713748,1
64.915077209,0.700238,-0.006123,-0.013989,-0.713746,1
64.920120239,0.700240,-0.006125,-0.013989,-0.713744,1
64.925148010,0.700243,-0.006126,-0.013989,-0.713741,1
64.930175781,0.700247,-0.006128,-0.013988,-0.713738,1
64.935195923,0.700249,-0.006127,-0.013989,-0.713736,1
64.940208435,0.700251,-0.006127,-0.013988,-0.713733,1
64.945220947,0.700255,-0.006128,-0.013989,-0.713730,1
64.950225830,0.700258,-0.006128,-0.013990,-0.713726,1
64.955230713,0.700261,-0.006127,-0.013991,-0.713723,1
64.960227966,0.700264,-0.006127,-0.013990,-0.713721,1
64.965225220,0.700266,-0.006126,-0.013992,-0.713719,1
64.970214844,0.700268,-0.006124,-0.013992,-0.713716,1
64.975196838,0.700271,-0.006124,-0.013993,-0.713714,1
64.980171204,0.700274,-0.006123,-0.013992,-0.713711,1
64.985153198,0.700277,-0.006123,-0.013993,-0.713708,1
64.990119934,0.700281,-0.006124,-0.013993,-0.713704,1
64.995086670,0.700282,-0.006122,-0.013995,-0.713702,1
65.000045776,0.700287,-0.006120,-0.013995,-0.713698,1
65.005004883,0.700290,-0.006120,-0.013994,-0.713695,1
65.010047913,0.700292,-0.006119,-0.013995,-0.713693,1
65.015075684,0.700294,-0.006118,-0.013995,-0.713691,1
65.020111084,0.700297,-0.006116,-0.013995,-0.713688,1
65.025138855,0.700300,-0.006118,-0.013994,-0.713685,1
65.030158997,0.700304,-0.006122,-0.013995,-0.713681,1
65.035179138,0.700306,-0.006124,-0.013994,-0.713679,1
65.040184021,0.700309,-0.006122,-0.013994,-0.713676,1
65.045196533,0.700312,-0.006122,-0.013994,-0.713674,1
65.050201416,0.700315,-0.006122,-0.013993,-0.713670,1
65.055198669,0.700318,-0.006122,-0.013993,-0.713667,1
65.060195923,0.700321,-0.006122,-0.013993,-0.713665,1
65.065185547,0.700323,-0.006119,-0.013995,-0.713663,1
65.070167542,0.700325,-0.006118,-0.013994,-0.713661,1
65.075149536,0.700326,-0.006117,-0.013996,-0.713659,1
65.080123901,0.700329,-0.006117,-0.013996,-0.713657,1
65.085098267,0.700332,-0.006118,-0.013991,-0.713654,1
65.090072632,0.700335,-0.006117,-0.013993,-0.713651,1
65.095039368,0.700339,-0.006116,-0.013990,-0.713647,1
65.099990845,0.700343,-0.006117,-0.013989,-0.713644,1
65.105033875,0.700345,-0.006118,-0.013988,-0.713641,1
65.110069275,0.700348,-0.006119,-0.013989,-0.713639,1
65.115104675,0.700351,-0.006118,-0.013986,-0.713636,1
65.120132446,0.700353,-0.006116,-0.013984,-0.713633,1
65.125152588,0.700357,-0.006114,-0.013982,-0.713630,1
65.130165100,0.700359,-0.006115,-0.013982,-0.713627,1
65.135177612,0.700361,-0.006114,-0.013982,-0.713625,1
65.140190125,0.700364,-0.006116,-0.013982,-0.713623,1
65.145195007,0.700367,-0.006118,-0.013984,-0.713620,1
65.150192261,0.700370,-0.006121,-0.013987,-0.713617,1
65.155189514,0.700373,-0.006122,-0.013987,-0.713614,1
65.160179138,0.700376,-0.006123,-0.013988,-0.713611,1
65.165161133,0.700380,-0.006125,-0.013987,-0.713607,1
65.170143127,0.700383,-0.006125,-0.013985,-0.713603,1
65.175125122,0.700386,-0.006122,-0.013984,-0.713601,1
65.180091858,0.700389,-0.006123,-0.013982,-0.713598,1
65.185058594,0.700393,-0.006122,-0.013980,-0.713595,1
65.190025330,0.700395,-0.006121,-0.013980,-0.713592,1
65.194984436,0.700397,-0.006122,-0.013979,-0.713590,1
65.200019836,0.700400,-0.006121,-0.013978,-0.713588,1
65.205062866,0.700403,-0.006121,-0.013979,-0.713585,1
65.210090637,0.700406,-0.006119,-0.013978,-0.713582,1
65.215118408,0.700409,-0.006118,-0.013977,-0.713578,1
65.220138550,0.700411,-0.006119,-0.013976,-0.713576,1
65.225151062,0.700414,-0.006117,-0.013976,-0.713574,1
65.230171204,0.700418,-0.006117,-0.013975,-0.713570,1
65.235176086,0.700420,-0.006117,-0.013974,-0.713568,1
65.240180969,0.700423,-0.006114,-0.013974,-0.713565,1
65.245178223,0.700425,-0.006115,-0.013975,-0.713563,1
65.250175476,0.700429,-0.006116,-0.013974,-0.713559,1
65.255165100,0.700432,-0.006115,-0.013972,-0.713556,1
65.260147095,0.700435,-0.006114,-0.013972,-0.713553,1
65.265129089,0.700438,-0.006111,-0.013970,-0.713550,1
65.270111084,0.700442,-0.006112,-0.013969,-0.713547,1
65.275077820,0.700444,-0.006113,-0.013967,-0.713545,1
65.280052185,0.700446,-0.006111,-0.013967,-0.713542,1
65.285011292,0.700449,-0.006111,-0.013966,-0.713540,1
65.289970398,0.700451,-0.006110,-0.013964,-0.713537,1
65.295013428,0.700454,-0.006108,-0.013963,-0.713534,1
65.300048828,0.700457,-0.006109,-0.013964,-0.713531,1
65.305076599,0.700460,-0.006108,-0.013963,-0.713529,1
65.310104370,0.700463,-0.006108,-0.013963,-0.713526,1
65.315132141,0.700466,-0.006106,-0.013965,-0.713523,1
65.320152283,0.700468,-0.006103,-0.013964,-0.713521,1
65.325164795,0.700471,-0.006105,-0.013961,-0.713518,1
65.330169678,0.700475,-0.006105,-0.013962,-0.713514,1
65.335174561,0.700478,-0.006106,-0.013962,-0.713512,1
65.340171814,0.700481,-0.006107,-0.013959,-0.713509,1
65.345169067,0.700484,-0.006107,-0.013960,-0.713506,1
65.350158691,0.700486,-0.006108,-0.013959,-0.713503,1
65.355140686,0.700489,-0.006108,-0.013958,-0.713501,1
65.360122681,0.700491,-0.006107,-0.013960,-0.713498,1
65.365097046,0.700494,-0.006107,-0.013961,-0.713495,1
65.370071411,0.700498,-0.006108,-0.013964,-0.713492,1
65.375038147,0.700500,-0.006108,-0.013963,-0.713490,1
65.380004883,0.700503,-0.006108,-0.013964,-0.713487,1
65.384963989,0.700507,-0.006107,-0.013968,-0.713483,1
65.390007019,0.700508,-0.006107,-0.013967,-0.713482,1
65.395042419,0.700511,-0.006109,-0.013967,-0.713479,1
65.400077820,0.700514,-0.006110,-0.013966,-0.713476,1
65.405105591,0.700517,-0.006110,-0.013965,-0.713473,1
65.410125732,0.700518,-0.006111,-0.013965,-0.713472,1
65.415145874,0.700521,-0.006113,-0.013967,-0.713469,1
65.420158386,0.700525,-0.006114,-0.013966,-0.713465,1
65.425163269,0.700526,-0.006114,-0.013965,-0.713464,1
65.430168152,0.700529,-0.006115,-0.013965,-0.713461,1
65.435173035,0.700533,-0.006113,-0.013967,-0.713457,1
65.440162659,0.700535,-0.006116,-0.013966,-0.713455,1
65.445152283,0.700537,-0.006119,-0.013965,-0.713453,1
65.450141907,0.700540,-0.006119,-0.013965,-0.713450,1
65.455123901,0.700542,-0.006119,-0.013967,-0.713448,1
65.460098267,0.700545,-0.006119,-0.013968,-0.713445,1
65.465065002,0.700548,-0.006118,-0.013970,-0.713442,1
65.470031738,0.700551,-0.006119,-0.013970,-0.713440,1
65.474990845,0.700553,-0.006119,-0.013971,-0.713437,1
65.479949951,0.700558,-0.006124,-0.013973,-0.713433,1
65.484992981,0.700561,-0.006124,-0.013973,-0.713429,1
65.490028381,0.700564,-0.006122,-0.013973,-0.713427,1
65.495063782,0.700566,-0.006122,-0.013972,-0.713424,1
65.500091553,0.700569,-0.006123,-0.013971,-0.713422,1
65.505111694,0.700572,-0.006122,-0.013972,-0.713419,1
65.510131836,0.700574,-0.006120,-0.013972,-0.713417,1
65.515144348,0.700577,-0.006121,-0.013974,-0.713414,1
65.520156860,0.700580,-0.006123,-0.013973,-0.713411,1
65.525161743,0.700583,-0.006123,-0.013973,-0.713408,1
65.530166626,0.700586,-0.006121,-0.013973,-0.713405,1
65.535163879,0.700589,-0.006122,-0.013975,-0.713402,1
65.540153503,0.700593,-0.006121,-0.013973,-0.713398,1
65.545135498,0.700597,-0.006124,-0.013972,-0.713394,1
65.550125122,0.700600,-0.006123,-0.013971,-0.713391,1
65.555099487,0.700603,-0.006124,-0.013969,-0.713389,1
65.560073853,0.700606,-0.006126,-0.013969,-0.713386,1
65.565040588,0.700608,-0.006128,-0.013967,-0.713383,1
65.570007324,0.700611,-0.006129,-0.013969,-0.713380,1
65.574966431,0.700614,-0.006128,-0.013969,-0.713378,1
65.580009460,0.700615,-0.006127,-0.013967,-0.713376,1
65.585044861,0.700618,-0.006128,-0.013966,-0.713373,1
65.590080261,0.700622,-0.006128,-0.013968,-0.713370,1
65.595108032,0.700624,-0.006131,-0.013967,-0.713368,1
65.600128174,0.700627,-0.006130,-0.013965,-0.713365,1
65.605155945,0.700631,-0.006129,-0.013965,-0.713361,1
65.610168457,0.700633,-0.006130,-0.013966,-0.713359,1
65.615173340,0.700635,-0.006129,-0.013964,-0.713357,1
65.620178223,0.700637,-0.006129,-0.013967,-0.713355,1
65.625183105,0.700639,-0.006128,-0.013965,-0.713353,1
65.630180359,0.700642,-0.006127,-0.013966,-0.713350,1
65.635169983,0.700646,-0.006126,-0.013966,-0.713346,1
65.640159607,0.700648,-0.006126,-0.013969,-0.713344,1
65.645141602,0.700651,-0.006125,-0.013967,-0.713341,1
65.650115967,0.700653,-0.006127,-0.013969,-0.713339,1
65.655090332,0.700655,-0.006128,-0.013968,-0.713337,1
65.660057068,0.700659,-0.006129,-0.013968,-0.713334,1
65.665016174,0.700660,-0.006130,-0.013966,-0.713332,1
65.669982910,0.700662,-0.006129,-0.013965,-0.713330,1
65.675025940,0.700666,-0.006127,-0.013961,-0.713327,1
65.680061340,0.700667,-0.006126,-0.013962,-0.713325,1
65.685089111,0.700670,-0.006126,-0.013961,-0.713323,1
65.690116882,0.700673,-0.006125,-0.013962,-0.713320,1
65.695144653,0.700676,-0.006130,-0.013961,-0.713317,1
65.700164795,0.700678,-0.006132,-0.013962,-0.713314,1
65.705177307,0.700681,-0.006131,-0.013959,-0.713312,1
65.710189819,0.700684,-0.006130,-0.013960,-0.713309,1
65.715194702,0.700687,-0.006129,-0.013957,-0.713306,1
65.720191956,0.700689,-0.006130,-0.013959,-0.713304,1
65.725189209,0.700692,-0.006128,-0.013961,-0.713301,1
65.730186462,0.700696,-0.006126,-0.013962,-0.713297,1
65.735168457,0.700698,-0.006124,-0.013961,-0.713295,1
65.740150452,0.700700,-0.006124,-0.013961,-0.713293,1
65.745132446,0.700704,-0.006126,-0.013960,-0.713290,1
65.750106812,0.700706,-0.006126,-0.013961,-0.713287,1
65.755073547,0.700708,-0.006122,-0.013962,-0.713285,1
65.760032654,0.700710,-0.006125,-0.013963,-0.713283,1
65.764991760,0.700713,-0.006125,-0.013964,-0.713281,1
65.770034790,0.700715,-0.006125,-0.013965,-0.713278,1
65.775077820,0.700717,-0.006125,-0.013965,-0.713276,1
65.780105591,0.700720,-0.006127,-0.013965,-0.713274,1
65.785140991,0.700723,-0.006126,-0.013962,-0.713271,1
65.790168762,0.700724,-0.006129,-0.013963,-0.713269,1
65.795181274,0.700727,-0.006126,-0.013965,-0.713266,1
65.800193787,0.700731,-0.006124,-0.013966,-0.713263,1
65.805206299,0.700734,-0.006124,-0.013966,-0.713260,1
65.810211182,0.700736,-0.006123,-0.013969,-0.713258,1
65.815216064,0.700738,-0.006121,-0.013969,-0.713256,1
65.820205688,0.700740,-0.006120,-0.013970,-0.713254,1
65.825202942,0.700743,-0.006119,-0.013969,-0.713251,1
65.830192566,0.700746,-0.006119,-0.013970,-0.713248,1
65.835174561,0.700749,-0.006120,-0.013969,-0.713245,1
65.840148926,0.700752,-0.006121,-0.013967,-0.713242,1
65.845130920,0.700754,-0.006122,-0.013970,-0.713240,1
65.850105286,0.700756,-0.006120,-0.013970,-0.713238,1
65.855072021,0.700758,-0.006123,-0.013968,-0.713236,1
65.860031128,0.700762,-0.006122,-0.013967,-0.713232,1
65.865074158,0.700765,-0.006126,-0.013965,-0.713229,1
65.870117188,0.700767,-0.006126,-0.013965,-0.713227,1
65.875152588,0.700770,-0.006126,-0.013964,-0.713225,1
65.880180359,0.700774,-0.006126,-0.013964,-0.713220,1
65.885200500,0.700776,-0.006125,-0.013965,-0.713218,1
65.890220642,0.700779,-0.006126,-0.013968,-0.713215,1
65.895233154,0.700783,-0.006125,-0.013969,-0.713211,1
65.900245667,0.700787,-0.006124,-0.013970,-0.713207,1
65.905258179,0.700789,-0.006122,-0.013972,-0.713205,1
65.910263062,0.700791,-0.006122,-0.013972,-0.713203,1
65.915260315,0.700794,-0.006122,-0.013972,-0.713201,1
65.920249939,0.700796,-0.006122,-0.013972,-0.713199,1
65.925239563,0.700800,-0.006124,-0.013971,-0.713195,1
65.930221558,0.700803,-0.006125,-0.013971,-0.713192,1
65.935203552,0.700806,-0.006124,-0.013973,-0.713189,1
65.940177917,0.700808,-0.006124,-0.013971,-0.713187,1
65.945144653,0.700811,-0.006124,-0.013970,-0.713184,1
65.950111389,0.700814,-0.006122,-0.013971,-0.713180,1
65.955070496,0.700817,-0.006124,-0.013971,-0.713178,1
65.960113525,0.700821,-0.006122,-0.013969,-0.713174,1
65.965156555,0.700824,-0.006120,-0.013970,-0.713171,1
65.970191956,0.700826,-0.006119,-0.013970,-0.713169,1
65.975219727,0.700829,-0.006119,-0.013970,-0.713166,1
65.980247498,0.700832,-0.006119,-0.013972,-0.713163,1
65.985267639,0.700834,-0.006119,-0.013972,-0.713161,1
65.990280151,0.700838,-0.006117,-0.013974,-0.713157,1
65.995292664,0.700841,-0.006115,-0.013976,-0.713154,1
66.000297546,0.700844,-0.006116,-0.013974,-0.713151,1
66.005302429,0.700846,-0.006116,-0.013974,-0.713149,1
66.010299683,0.700851,-0.006114,-0.013975,-0.713145,1
66.015289307,0.700854,-0.006113,-0.013974,-0.713142,1
66.020278931,0.700857,-0.006112,-0.013973,-0.713138,1
66.025260925,0.700860,-0.006112,-0.013972,-0.713136,1
66.030242920,0.700863,-0.006114,-0.013971,-0.713133,1
66.035217285,0.700865,-0.006112,-0.013968,-0.713131,1
66.040191650,0.700868,-0.006112,-0.013967,-0.713128,1
66.045158386,0.700871,-0.006111,-0.013967,-0.713125,1
66.050125122,0.700872,-0.006111,-0.013967,-0.713124,1
66.055084229,0.700874,-0.006112,-0.013965,-0.713122,1
66.060127258,0.700877,-0.006110,-0.013964,-0.713119,1
66.065155029,0.700880,-0.006109,-0.013964,-0.713117,1
66.070190430,0.700884,-0.006110,-0.013963,-0.713113,1
66.075210571,0.700888,-0.006109,-0.013962,-0.713109,1
66.080238342,0.700890,-0.006110,-0.013961,-0.713106,1
66.085250854,0.700893,-0.006108,-0.013961,-0.713104,1
66.090263367,0.700894,-0.006107,-0.013960,-0.713102,1
66.095268250,0.700897,-0.006107,-0.013958,-0.713100,1
66.100265503,0.700900,-0.006105,-0.013960,-0.713097,1
66.105262756,0.700902,-0.006104,-0.013960,-0.713095,1
66.110260010,0.700904,-0.006104,-0.013959,-0.713093,1
66.115249634,0.700907,-0.006104,-0.013959,-0.713090,1
66.120231628,0.700909,-0.006105,-0.013958,-0.713088,1
66.125213623,0.700912,-0.006106,-0.013956,-0.713085,1
66.130187988,0.700915,-0.006105,-0.013953,-0.713082,1
66.135162354,0.700917,-0.006107,-0.013952,-0.713081,1
66.140129089,0.700919,-0.006104,-0.013951,-0.713078,1
66.145088196,0.700923,-0.006103,-0.013952,-0.713074,1
66.150047302,0.700926,-0.006103,-0.013951,-0.713072,1
66.155082703,0.700928,-0.006102,-0.013951,-0.713070,1
66.160118103,0.700929,-0.006102,-0.013950,-0.713068,1
66.165153503,0.700933,-0.006101,-0.013950,-0.713064,1
66.170173645,0.700937,-0.006099,-0.013951,-0.713060,1
66.175193787,0.700939,-0.006099,-0.013946,-0.713059,1
66.180213928,0.700941,-0.006100,-0.013948,-0.713056,1
66.185226440,0.700944,-0.006100,-0.013947,-0.713054,1
66.190231323,0.700946,-0.006100,-0.013947,-0.713052,1
66.195236206,0.700949,-0.006099,-0.013946,-0.713049,1
66.200233459,0.700954,-0.006099,-0.013947,-0.713044,1
66.205230713,0.700956,-0.006097,-0.013947,-0.713042,1
66.210220337,0.700958,-0.006095,-0.013948,-0.713040,1
66.215202332,0.700962,-0.006092,-0.013947,-0.713036,1
66.220184326,0.700966,-0.006093,-0.013948,-0.713032,1
66.225158691,0.700968,-0.006094,-0.013949,-0.713031,1
66.230125427,0.700972,-0.006092,-0.013948,-0.713027,1
66.235099792,0.700975,-0.006091,-0.013949,-0.713024,1
66.240058899,0.700979,-0.006092,-0.013948,-0.713020,1
66.245018005,0.700981,-0.006093,-0.013949,-0.713017,1
66.250053406,0.700984,-0.006091,-0.013950,-0.713015,1
66.255088806,0.700988,-0.006090,-0.013950,-0.713011,1
66.260124207,0.700991,-0.006089,-0.013951,-0.713008,1
66.265151978,0.700996,-0.006086,-0.013951,-0.713003,1
66.270172119,0.700999,-0.006086,-0.013950,-0.713000,1
66.275184631,0.701002,-0.006086,-0.013949,-0.712997,1
66.280197144,0.701004,-0.006083,-0.013948,-0.712995,1
66.285209656,0.701007,-0.006085,-0.013946,-0.712992,1
66.290214539,0.701010,-0.006081,-0.013946,-0.712990,1
66.295211792,0.701014,-0.006081,-0.013948,-0.712986,1
66.300209045,0.701017,-0.006080,-0.013946,-0.712982,1
66.305198669,0.701019,-0.006079,-0.013947,-0.712980,1
66.310188293,0.701022,-0.006080,-0.013944,-0.712977,1
66.315162659,0.701025,-0.006078,-0.013942,-0.712974,1
66.320144653,0.701028,-0.006079,-0.013946,-0.712972,1
66.325111389,0.701030,-0.006079,-0.013946,-0.712969,1
66.330078125,0.701033,-0.006078,-0.013945,-0.712966,1
66.335044861,0.701037,-0.006078,-0.013945,-0.712963,1
66.339996338,0.701040,-0.006075,-0.013948,-0.712960,1
66.345039368,0.701042,-0.006074,-0.013949,-0.712957,1
66.350074768,0.701044,-0.006074,-0.013947,-0.712955,1
66.355102539,0.701048,-0.006073,-0.013947,-0.712952,1
66.360130310,0.701051,-0.006073,-0.013947,-0.712949,1
66.365150452,0.701054,-0.006073,-0.013948,-0.712946,1
66.370170593,0.701057,-0.006071,-0.013949,-0.712943,1
66.375183105,0.701060,-0.006070,-0.013948,-0.712940,1
66.380195618,0.701063,-0.006071,-0.013948,-0.712937,1
66.385192871,0.701066,-0.006069,-0.013948,-0.712934,1
66.390190125,0.701069,-0.006066,-0.013948,-0.712932,1
66.395187378,0.701073,-0.006064,-0.013948,-0.712927,1
66.400177002,0.701076,-0.006063,-0.013950,-0.712925,1
66.405166626,0.701078,-0.006062,-0.013951,-0.712922,1
66.410148621,0.701080,-0.006063,-0.013951,-0.712921,1
66.415122986,0.701084,-0.006066,-0.013952,-0.712917,1
66.420097351,0.701086,-0.006069,-0.013950,-0.712914,1
66.425071716,0.701090,-0.006071,-0.013950,-0.712911,1
66.430030823,0.701093,-0.006070,-0.013950,-0.712908,1
66.434989929,0.701095,-0.006070,-0.013952,-0.712905,1
66.440032959,0.701099,-0.006071,-0.013952,-0.712902,1
66.445068359,0.701101,-0.006072,-0.013952,-0.712899,1
66.450103760,0.701105,-0.006070,-0.013953,-0.712896,1
66.455131531,0.701108,-0.006069,-0.013952,-0.712893,1
66.460151672,0.701110,-0.006070,-0.013951,-0.712890,1
66.465171814,0.701113,-0.006070,-0.013951,-0.712888,1
66.470184326,0.701116,-0.006067,-0.013952,-0.712885,1
66.475189209,0.701120,-0.006066,-0.013952,-0.712881,1
66.480194092,0.701123,-0.006064,-0.013952,-0.712878,1
66.485198975,0.701128,-0.006064,-0.013953,-0.712873,1
66.490188599,0.701132,-0.006062,-0.013951,-0.712870,1
66.495185852,0.701134,-0.006061,-0.013950,-0.712867,1
66.500167847,0.701137,-0.006059,-0.013948,-0.712864,1
66.505157471,0.701140,-0.006059,-0.013950,-0.712861,1
66.510131836,0.701142,-0.006058,-0.013948,-0.712860,1
66.515098572,0.701145,-0.006056,-0.013949,-0.712857,1
66.520065308,0.701148,-0.006055,-0.013947,-0.712854,1
66.525032043,0.701150,-0.006056,-0.013945,-0.712852,1
66.529991150,0.701152,-0.006054,-0.013946,-0.712849,1
66.535034180,0.701155,-0.006054,-0.013948,-0.712846,1
66.540069580,0.701159,-0.006053,-0.013946,-0.712843,1
66.545104980,0.701162,-0.006051,-0.013944,-0.712840,1
66.550125122,0.701165,-0.006051,-0.013944,-0.712837,1
66.555152893,0.701169,-0.006052,-0.013945,-0.712833,1
66.560173035,0.701173,-0.006053,-0.013944,-0.712829,1
66.565185547,0.701176,-0.006052,-0.013946,-0.712826,1
66.570198059,0.701177,-0.006052,-0.013946,-0.712825,1
66.575202942,0.701179,-0.006050,-0.013945,-0.712824,1
66.580200195,0.701182,-0.006050,-0.013945,-0.712821,1
66.585197449,0.701185,-0.006050,-0.013944,-0.712818,1
66.590187073,0.701189,-0.006047,-0.013945,-0.712814,1
66.595169067,0.701191,-0.006047,-0.013946,-0.712811,1
66.600151062,0.701195,-0.006046,-0.013945,-0.712808,1
66.605133057,0.701198,-0.006046,-0.013947,-0.712804,1
66.610099792,0.701200,-0.006049,-0.013946,-0.712802,1
66.615074158,0.701203,-0.006048,-0.013946,-0.712800,1
66.620033264,0.701206,-0.006048,-0.013945,-0.712797,1
66.624992371,0.701209,-0.006048,-0.013947,-0.712793,1
66.630035400,0.701212,-0.006047,-0.013948,-0.712791,1
66.635070801,0.701215,-0.006046,-0.013950,-0.712788,1
66.640098572,0.701217,-0.006047,-0.013951,-0.712786,1
66.645133972,0.701220,-0.006046,-0.013952,-0.712783,1
66.650154114,0.701224,-0.006044,-0.013950,-0.712779,1
66.655174255,0.701227,-0.006045,-0.013951,-0.712776,1
66.660186768,0.701231,-0.006042,-0.013954,-0.712772,1
66.665191650,0.701233,-0.006040,-0.013952,-0.712770,1
66.670196533,0.701235,-0.006040,-0.013954,-0.712768,1
66.675201416,0.701238,-0.006038,-0.013954,-0.712766,1
66.680198669,0.701240,-0.006037,-0.013953,-0.712764,1
66.685188293,0.701243,-0.006038,-0.013953,-0.712760,1
66.690177917,0.701245,-0.006037,-0.013954,-0.712758,1
66.695152283,0.701249,-0.006036,-0.013956,-0.712754,1
66.700134277,0.701251,-0.006037,-0.013955,-0.712752,1
66.705108643,0.701255,-0.006039,-0.013955,-0.712749,1
66.710075378,0.701258,-0.006040,-0.013955,-0.712745,1
66.715034485,0.701260,-0.006040,-0.013956,-0.712743,1
66.720001221,0.701263,-0.006040,-0.013957,-0.712740,1
66.725036621,0.701266,-0.006039,-0.013957,-0.712738,1
66.730079651,0.701269,-0.006037,-0.013956,-0.712735,1
66.735107422,0.701272,-0.006035,-0.013956,-0.712732,1
66.740135193,0.701275,-0.006032,-0.013956,-0.712729,1
66.745162964,0.701277,-0.006031,-0.013956,-0.712726,1
66.750183105,0.701280,-0.006030,-0.013957,-0.712724,1
66.755203247,0.701282,-0.006028,-0.013954,-0.712722,1
66.760215759,0.701286,-0.006027,-0.013952,-0.712718,1
66.765220642,0.701288,-0.006025,-0.013951,-0.712716,1
66.770225525,0.701291,-0.006025,-0.013950,-0.712713,1
66.775222778,0.701294,-0.006024,-0.013950,-0.712711,1
66.780212402,0.701296,-0.006025,-0.013948,-0.712708,1
66.785194397,0.701299,-0.006024,-0.013947,-0.712705,1
66.790184021,0.701303,-0.006023,-0.013947,-0.712702,1
66.795166016,0.701306,-0.006023,-0.013946,-0.712699,1
66.800140381,0.701306,-0.006024,-0.013947,-0.712698,1
66.805114746,0.701310,-0.006023,-0.013947,-0.712695,1
66.810081482,0.701314,-0.006023,-0.013945,-0.712691,1
66.815048218,0.701317,-0.006021,-0.013946,-0.712688,1
66.820091248,0.701320,-0.006022,-0.013946,-0.712685,1
66.825119019,0.701323,-0.006021,-0.013945,-0.712681,1
66.830154419,0.701328,-0.006022,-0.013945,-0.712677,1
66.835182190,0.701329,-0.006024,-0.013943,-0.712676,1
66.840209961,0.701332,-0.006024,-0.013944,-0.712673,1
66.845230103,0.701337,-0.006022,-0.013941,-0.712668,1
66.850242615,0.701340,-0.006023,-0.013942,-0.712665,1
66.855255127,0.701342,-0.006020,-0.013940,-0.712663,1
66.860260010,0.701344,-0.006020,-0.013937,-0.712662,1
66.865257263,0.701346,-0.006019,-0.013938,-0.712659,1
66.870254517,0.701348,-0.006019,-0.013936,-0.712658,1
66.875244141,0.701351,-0.006019,-0.013937,-0.712654,1
66.880226135,0.701355,-0.006018,-0.013935,-0.712651,1
66.885215759,0.701357,-0.006019,-0.013933,-0.712648,1
66.890190125,0.701360,-0.006019,-0.013934,-0.712645,1
66.895164490,0.701361,-0.006019,-0.013932,-0.712644,1
66.900131226,0.701365,-0.006017,-0.013933,-0.712641,1
66.905090332,0.701368,-0.006015,-0.013932,-0.712638,1
66.910049438,0.701372,-0.006017,-0.013932,-0.712634,1
66.915092468,0.701375,-0.006015,-0.013931,-0.712631,1
66.920135498,0.701377,-0.006013,-0.013930,-0.712629,1
66.925163269,0.701379,-0.006014,-0.013930,-0.712627,1
66.930198669,0.701382,-0.006012,-0.013929,-0.712624,1
66.935218811,0.701384,-0.006011,-0.013930,-0.712622,1
66.940238953,0.701387,-0.006013,-0.013931,-0.712620,1
66.945251465,0.701389,-0.006012,-0.013928,-0.712617,1
66.950263977,0.701391,-0.006012,-0.013928,-0.712615,1
66.955268860,0.701395,-0.006012,-0.013925,-0.712612,1
66.960266113,0.701399,-0.006011,-0.013925,-0.712608,1
66.965263367,0.701402,-0.006012,-0.013925,-0.712605,1
66.970260620,0.701405,-0.006012,-0.013925,-0.712601,1
66.975242615,0.701408,-0.006012,-0.013924,-0.712599,1
66.980232239,0.701410,-0.006012,-0.013925,-0.712596,1
66.985206604,0.701413,-0.006014,-0.013926,-0.712594,1
66.990180969,0.701416,-0.006012,-0.013927,-0.712591,1
66.995147705,0.701418,-0.006013,-0.013925,-0.712588,1
67.000114441,0.701421,-0.006014,-0.013926,-0.712586,1
67.005073547,0.701424,-0.006017,-0.013927,-0.712583,1
67.010116577,0.701426,-0.006015,-0.013927,-0.712580,1
67.015151978,0.701428,-0.006014,-0.013925,-0.712579,1
67.020187378,0.701431,-0.006015,-0.013926,-0.712576,1
67.025215149,0.701434,-0.006015,-0.013928,-0.712573,1
67.030242920,0.701437,-0.006018,-0.013926,-0.712570,1
67.035255432,0.701441,-0.006018,-0.013927,-0.712566,1
67.040275574,0.701445,-0.006019,-0.013929,-0.712562,1
67.045280457,0.701447,-0.006019,-0.013929,-0.712560,1
67.050285339,0.701449,-0.006018,-0.013925,-0.712558,1
67.055290222,0.701453,-0.006018,-0.013925,-0.712555,1
67.060279846,0.701455,-0.006018,-0.013924,-0.712552,1
67.065277100,0.701459,-0.006017,-0.013925,-0.712548,1
67.070259094,0.701461,-0.006018,-0.013923,-0.712546,1
67.075241089,0.701464,-0.006017,-0.013918,-0.712544,1
67.080223083,0.701466,-0.006018,-0.013918,-0.712541,1
67.085189819,0.701470,-0.006017,-0.013917,-0.712537,1
67.090164185,0.701473,-0.006016,-0.013917,-0.712534,1
67.095123291,0.701477,-0.006014,-0.013919,-0.712531,1
67.100090027,0.701480,-0.006013,-0.013918,-0.712527,1
67.105125427,0.701484,-0.006011,-0.013917,-0.712524,1
67.110168457,0.701485,-0.006012,-0.013919,-0.712523,1
67.115203857,0.701488,-0.006013,-0.013919,-0.712520,1
67.120231628,0.701491,-0.006013,-0.013918,-0.712517,1
67.125259399,0.701495,-0.006012,-0.013920,-0.712513,1
67.130271912,0.701498,-0.006013,-0.013920,-0.712510,1
67.135292053,0.701502,-0.006014,-0.013920,-0.712506,1
67.140304565,0.701504,-0.006014,-0.013922,-0.712504,1
67.145309448,0.701507,-0.006012,-0.013924,-0.712501,1
67.150314331,0.701510,-0.006012,-0.013923,-0.712498,1
67.155311584,0.701512,-0.006012,-0.013927,-0.712496,1
67.160301208,0.701514,-0.006014,-0.013929,-0.712494,1
67.165283203,0.701518,-0.006014,-0.013929,-0.712490,1
67.170272827,0.701523,-0.006013,-0.013926,-0.712486,1
67.175254822,0.701525,-0.006013,-0.013927,-0.712484,1
67.180229187,0.701528,-0.006013,-0.013925,-0.712480,1
67.185203552,0.701531,-0.006013,-0.013928,-0.712477,1
67.190170288,0.701534,-0.006016,-0.013930,-0.712474,1
67.195137024,0.701538,-0.006014,-0.013930,-0.712470,1
67.200172424,0.701541,-0.006013,-0.013930,-0.712468,1
67.205215454,0.701543,-0.006013,-0.013928,-0.712465,1
67.210250854,0.701547,-0.006014,-0.013929,-0.712462,1
67.215278625,0.701550,-0.006012,-0.013928,-0.712459,1
67.220306396,0.701551,-0.006014,-0.013927,-0.712457,1
67.225318909,0.701554,-0.006015,-0.013926,-0.712455,1
67.230339050,0.701556,-0.006015,-0.013926,-0.712453,1
67.235351562,0.701559,-0.006016,-0.013926,-0.712449,1
67.240356445,0.701563,-0.006016,-0.013928,-0.712446,1
67.245353699,0.701566,-0.006012,-0.013926,-0.712443,1
67.250350952,0.701568,-0.006012,-0.013926,-0.712441,1
67.255348206,0.701571,-0.006011,-0.013927,-0.712438,1
67.260337830,0.701575,-0.006010,-0.013926,-0.712434,1
67.265319824,0.701579,-0.006011,-0.013927,-0.712430,1
67.270301819,0.701582,-0.006011,-0.013926,-0.712428,1
67.275268555,0.701585,-0.006008,-0.013924,-0.712424,1
67.280242920,0.701589,-0.006006,-0.013925,-0.712421,1
67.285209656,0.701590,-0.006004,-0.013927,-0.712420,1
67.290168762,0.701593,-0.006005,-0.013927,-0.712416,1
67.295127869,0.701595,-0.006007,-0.013928,-0.712415,1
67.300163269,0.701598,-0.006006,-0.013928,-0.712412,1
67.305198669,0.701600,-0.006006,-0.013927,-0.712410,1
67.310226440,0.701603,-0.006005,-0.013928,-0.712407,1
67.315254211,0.701605,-0.006005,-0.013929,-0.712405,1
67.320274353,0.701608,-0.006005,-0.013928,-0.712402,1
67.325294495,0.701611,-0.006006,-0.013924,-0.712399,1
67.330299377,0.701613,-0.006007,-0.013926,-0.712396,1
67.335311890,0.701617,-0.006006,-0.013928,-0.712393,1
67.340309143,0.701621,-0.006005,-0.013926,-0.712389,1
67.345306396,0.701624,-0.006006,-0.013928,-0.712386,1
67.350303650,0.701626,-0.006006,-0.013929,-0.712384,1
67.355293274,0.701629,-0.006008,-0.013928,-0.712381,1
67.360275269,0.701631,-0.006008,-0.013926,-0.712379,1
67.365249634,0.701633,-0.006010,-0.013925,-0.712377,1
67.370223999,0.701637,-0.006013,-0.013923,-0.712373,1
67.375198364,0.701639,-0.006013,-0.013923,-0.712371,1
67.380165100,0.701643,-0.006014,-0.013925,-0.712367,1
67.385124207,0.701645,-0.006016,-0.013929,-0.712365,1
67.390083313,0.701648,-0.006016,-0.013929,-0.712362,1
67.395126343,0.701651,-0.006018,-0.013928,-0.712359,1
67.400161743,0.701654,-0.006020,-0.013928,-0.712356,1
67.405189514,0.701658,-0.006020,-0.013931,-0.712353,1
67.410217285,0.701660,-0.006022,-0.013932,-0.712350,1
67.415229797,0.701662,-0.006020,-0.013933,-0.712348,1
67.420249939,0.701666,-0.006020,-0.013932,-0.712345,1
67.425262451,0.701669,-0.006019,-0.013930,-0.712342,1
67.430267334,0.701674,-0.006018,-0.013931,-0.712336,1
67.435272217,0.701678,-0.006020,-0.013931,-0.712333,1
67.440269470,0.701682,-0.006021,-0.013931,-0.712329,1
67.445266724,0.701685,-0.006019,-0.013929,-0.712326,1
67.450256348,0.701686,-0.006020,-0.013932,-0.712324,1
67.455245972,0.701689,-0.006019,-0.013934,-0.712322,1
67.460220337,0.701691,-0.006017,-0.013937,-0.712320,1
67.465194702,0.701693,-0.006016,-0.013938,-0.712318,1
67.470169067,0.701696,-0.006017,-0.013937,-0.712315,1
67.475135803,0.701698,-0.006015,-0.013935,-0.712313,1
67.480094910,0.701700,-0.006014,-0.013936,-0.712311,1
67.485054016,0.701702,-0.006016,-0.013938,-0.712308,1
67.490089417,0.701706,-0.006014,-0.013937,-0.712305,1
67.495132446,0.701708,-0.006014,-0.013934,-0.712303,1
67.500160217,0.701710,-0.006015,-0.013935,-0.712301,1
67.505187988,0.701713,-0.006012,-0.013933,-0.712298,1
67.510208130,0.701716,-0.006014,-0.013934,-0.712295,1
67.515220642,0.701719,-0.006013,-0.013936,-0.712292,1
67.520233154,0.701722,-0.006014,-0.013933,-0.712289,1
67.525245667,0.701725,-0.006015,-0.013933,-0.712286,1
67.530242920,0.701729,-0.006015,-0.013934,-0.712283,1
67.535247803,0.701731,-0.006016,-0.013936,-0.712281,1
67.540237427,0.701732,-0.006016,-0.013936,-0.712279,1
67.545227051,0.701735,-0.006014,-0.013936,-0.712276,1
67.550209045,0.701739,-0.006014,-0.013935,-0.712273,1
67.555191040,0.701740,-0.006011,-0.013935,-0.712271,1
67.560173035,0.701742,-0.006010,-0.013936,-0.712269,1
67.565139771,0.701745,-0.006009,-0.013937,-0.712267,1
67.570106506,0.701747,-0.006010,-0.013937,-0.712264,1
67.575065613,0.701750,-0.006011,-0.013938,-0.712261,1
67.580024719,0.701753,-0.006009,-0.013941,-0.712258,1
67.585067749,0.701756,-0.006010,-0.013939,-0.712256,1
67.590095520,0.701758,-0.006009,-0.013938,-0.712253,1
67.595130920,0.701761,-0.006006,-0.013939,-0.712251,1
67.600151062,0.701764,-0.006004,-0.013938,-0.712248,1
67.605178833,0.701767,-0.006001,-0.013937,-0.712245,1
67.610191345,0.701769,-0.006001,-0.013939,-0.712242,1
67.615203857,0.701772,-0.005999,-0.013941,-0.712240,1
67.620216370,0.701775,-0.005999,-0.013941,-0.712237,1
67.625221252,0.701778,-0.005999,-0.013941,-0.712234,1
67.630226135,0.701781,-0.005997,-0.013942,-0.712231,1
67.635215759,0.701784,-0.005997,-0.013943,-0.712228,1
67.640205383,0.701787,-0.005998,-0.013943,-0.712225,1
67.645195007,0.701791,-0.005999,-0.013943,-0.712221,1
67.650177002,0.701794,-0.006000,-0.013942,-0.712218,1
67.655151367,0.701797,-0.006000,-0.013942,-0.712216,1
67.660125732,0.701800,-0.005999,-0.013942,-0.712213,1
67.665084839,0.701803,-0.006001,-0.013945,-0.712209,1
67.670051575,0.701806,-0.006003,-0.013947,-0.712206,1
67.675010681,0.701809,-0.006002,-0.013947,-0.712203,1
67.680053711,0.701812,-0.006002,-0.013947,-0.712200,1
67.685089111,0.701815,-0.006003,-0.013947,-0.712197,1
67.690116882,0.701817,-0.006002,-0.013949,-0.712195,1
67.695152283,0.701821,-0.006002,-0.013948,-0.712192,1
67.700172424,0.701823,-0.006000,-0.013948,-0.712190,1
67.705184937,0.701827,-0.005999,-0.013950,-0.712186,1
67.710197449,0.701829,-0.005999,-0.013950,-0.712183,1
67.715209961,0.701832,-0.006000,-0.013952,-0.712181,1
67.720214844,0.701835,-0.006001,-0.013951,-0.712177,1
67.725212097,0.701839,-0.006002,-0.013951,-0.712174,1
67.730209351,0.701842,-0.005998,-0.013950,-0.712171,1
67.735206604,0.701845,-0.005999,-0.013951,-0.712167,1
67.740188599,0.701849,-0.006000,-0.013952,-0.712164,1
67.745170593,0.701852,-0.005999,-0.013954,-0.712161,1
67.750144958,0.701855,-0.005999,-0.013954,-0.712158,1
67.755119324,0.701856,-0.006000,-0.013954,-0.712157,1
67.760086060,0.701858,-0.006000,-0.013954,-0.712155,1
67.765052795,0.701861,-0.005999,-0.013955,-0.712152,1
67.770011902,0.701864,-0.006000,-0.013953,-0.712149,1
67.775054932,0.701866,-0.006000,-0.013953,-0.712147,1
67.780090332,0.701869,-0.005999,-0.013952,-0.712145,1
67.785118103,0.701871,-0.006000,-0.013953,-0.712142,1
67.790145874,0.701873,-0.006001,-0.013951,-0.712140,1
67.795166016,0.701876,-0.006002,-0.013954,-0.712137,1
67.800193787,0.701879,-0.006002,-0.013956,-0.712134,1
67.805206299,0.701881,-0.006003,-0.013956,-0.712132,1
67.810211182,0.701884,-0.006004,-0.013954,-0.712129,1
67.815216064,0.701887,-0.006004,-0.013955,-0.712126,1
67.820213318,0.701889,-0.006003,-0.013953,-0.712124,1
67.825210571,0.701892,-0.006002,-0.013953,-0.712122,1
67.830200195,0.701894,-0.006002,-0.013954,-0.712119,1
67.835189819,0.701897,-0.005999,-0.013952,-0.712116,1
67.840171814,0.701900,-0.005999,-0.013949,-0.712113,1
67.845146179,0.701904,-0.005998,-0.013948,-0.712110,1
67.850120544,0.701905,-0.005998,-0.013949,-0.712109,1
67.855087280,0.701908,-0.005998,-0.013950,-0.712105,1
67.860046387,0.701911,-0.005997,-0.013954,-0.712103,1
67.865013123,0.701914,-0.005996,-0.013954,-0.712100,1
67.870056152,0.701916,-0.005995,-0.013952,-0.712098,1
67.875091553,0.701919,-0.005995,-0.013954,-0.712094,1
67.880119324,0.701921,-0.005995,-0.013954,-0.712092,1
67.885147095,0.701925,-0.005993,-0.013955,-0.712089,1
67.890174866,0.701927,-0.005994,-0.013955,-0.712087,1
67.895195007,0.701930,-0.005993,-0.013957,-0.712084,1
67.900207520,0.701932,-0.005992,-0.013956,-0.712082,1
67.905220032,0.701935,-0.005991,-0.013955,-0.712080,1
67.910224915,0.701936,-0.005992,-0.013953,-0.712078,1
67.915222168,0.701940,-0.005990,-0.013951,-0.712074,1
67.920219421,0.701941,-0.005990,-0.013954,-0.712073,1
67.925201416,0.701944,-0.005992,-0.013955,-0.712070,1
67.930191040,0.701947,-0.005994,-0.013957,-0.712067,1
67.935173035,0.701950,-0.005994,-0.013957,-0.712064,1
67.940155029,0.701953,-0.005990,-0.013960,-0.712061,1
67.945121765,0.701957,-0.005990,-0.013958,-0.712057,1
67.950096130,0.701960,-0.005990,-0.013959,-0.712054,1
67.955062866,0.701962,-0.005989,-0.013959,-0.712052,1
67.960021973,0.701965,-0.005990,-0.013960,-0.712049,1
67.965065002,0.701966,-0.005991,-0.013960,-0.712048,1
67.970100403,0.701968,-0.005991,-0.013961,-0.712046,1
67.975128174,0.701970,-0.005992,-0.013962,-0.712044,1
67.980163574,0.701973,-0.005991,-0.013961,-0.712042,1
67.985183716,0.701977,-0.005989,-0.013960,-0.712038,1
67.990203857,0.701979,-0.005987,-0.013958,-0.712036,1
67.995216370,0.701981,-0.005986,-0.013958,-0.712033,1
68.000228882,0.701985,-0.005987,-0.013957,-0.712030,1
68.005233765,0.701988,-0.005986,-0.013958,-0.712027,1
68.010231018,0.701990,-0.005982,-0.013959,-0.712024,1
68.015228271,0.701994,-0.005980,-0.013958,-0.712021,1
68.020217896,0.701997,-0.005980,-0.013959,-0.712018,1
68.025207520,0.701999,-0.005979,-0.013960,-0.712016,1
68.030181885,0.702003,-0.005980,-0.013959,-0.712012,1
68.035163879,0.702008,-0.005979,-0.013958,-0.712007,1
68.040138245,0.702011,-0.005979,-0.013956,-0.712004,1
68.045104980,0.702014,-0.005976,-0.013956,-0.712001,1
68.050064087,0.702017,-0.005976,-0.013957,-0.711998,1
68.055023193,0.702021,-0.005979,-0.013958,-0.711994,1
68.060066223,0.702024,-0.005980,-0.013958,-0.711991,1
68.065101624,0.702029,-0.005980,-0.013959,-0.711987,1
68.070137024,0.702031,-0.005980,-0.013959,-0.711984,1
68.075164795,0.702033,-0.005978,-0.013958,-0.711982,1
68.080192566,0.702037,-0.005977,-0.013959,-0.711978,1
68.085212708,0.702039,-0.005977,-0.013960,-0.711976,1
68.090225220,0.702042,-0.005976,-0.013960,-0.711973,1
68.095237732,0.702045,-0.005977,-0.013959,-0.711971,1
68.100242615,0.702048,-0.005976,-0.013959,-0.711967,1
68.105239868,0.702051,-0.005978,-0.013958,-0.711965,1
68.110237122,0.702055,-0.005978,-0.013960,-0.711961,1
68.115234375,0.702058,-0.005980,-0.013961,-0.711958,1
68.120216370,0.702061,-0.005981,-0.013961,-0.711955,1
68.125198364,0.702064,-0.005981,-0.013960,-0.711952,1
68.130180359,0.702066,-0.005980,-0.013959,-0.711949,1
68.135147095,0.702070,-0.005980,-0.013958,-0.711946,1
68.140121460,0.702073,-0.005978,-0.013958,-0.711943,1
68.145080566,0.702075,-0.005980,-0.013959,-0.711941,1
68.150039673,0.702077,-0.005982,-0.013959,-0.711939,1
68.155082703,0.702079,-0.005981,-0.013960,-0.711937,1
68.160125732,0.702082,-0.005981,-0.013960,-0.711934,1
68.165153503,0.702086,-0.005980,-0.013960,-0.711930,1
68.170188904,0.702089,-0.005978,-0.013962,-0.711927,1
68.175209045,0.702091,-0.005976,-0.013963,-0.711925,1
68.180229187,0.702092,-0.005975,-0.013961,-0.711924,1
68.185241699,0.702096,-0.005972,-0.013962,-0.711920,1
68.190254211,0.702099,-0.005972,-0.013963,-0.711917,1
68.195259094,0.702101,-0.005971,-0.013964,-0.711915,1
68.200256348,0.702104,-0.005972,-0.013964,-0.711913,1
68.205253601,0.702107,-0.005971,-0.013964,-0.711910,1
68.210250854,0.702110,-0.005974,-0.013965,-0.711907,1
68.215232849,0.702112,-0.005972,-0.013967,-0.711904,1
68.220222473,0.702116,-0.005971,-0.013968,-0.711900,1
68.225204468,0.702120,-0.005972,-0.013969,-0.711897,1
68.230178833,0.702123,-0.005968,-0.013970,-0.711894,1
68.235145569,0.702124,-0.005968,-0.013969,-0.711892,1
68.240119934,0.702127,-0.005967,-0.013970,-0.711889,1
68.245079041,0.702130,-0.005965,-0.013970,-0.711887,1
68.250122070,0.702132,-0.005965,-0.013971,-0.711884,1
68.255157471,0.702135,-0.005967,-0.013970,-0.711882,1
68.260192871,0.702138,-0.005968,-0.013971,-0.711879,1
68.265220642,0.702141,-0.005965,-0.013971,-0.711876,1
68.270248413,0.702144,-0.005964,-0.013970,-0.711873,1
68.275268555,0.702146,-0.005966,-0.013971,-0.711871,1
68.280281067,0.702148,-0.005966,-0.013971,-0.711869,1
68.285293579,0.702151,-0.005966,-0.013971,-0.711866,1
68.290298462,0.702154,-0.005966,-0.013970,-0.711863,1
68.295295715,0.702156,-0.005965,-0.013969,-0.711861,1
68.300292969,0.702159,-0.005967,-0.013972,-0.711858,1
68.305282593,0.702162,-0.005967,-0.013972,-0.711855,1
68.310272217,0.702165,-0.005968,-0.013974,-0.711852,1
68.315254211,0.702169,-0.005968,-0.013973,-0.711848,1
68.320228577,0.702172,-0.005967,-0.013974,-0.711845,1
68.325202942,0.702175,-0.005968,-0.013974,-0.711842,1
68.330169678,0.702177,-0.005967,-0.013972,-0.711840,1
68.335136414,0.702180,-0.005966,-0.013972,-0.711838,1
68.340095520,0.702183,-0.005968,-0.013973,-0.711835,1
68.345146179,0.702185,-0.005969,-0.013970,-0.711833,1
68.350181580,0.702188,-0.005972,-0.013968,-0.711830,1
68.355216980,0.702190,-0.005971,-0.013966,-0.711828,1
68.360244751,0.702192,-0.005972,-0.013966,-0.711825,1
68.365264893,0.702196,-0.005973,-0.013964,-0.711822,1
68.370285034,0.702200,-0.005972,-0.013965,-0.711818,1
68.375305176,0.702203,-0.005972,-0.013964,-0.711815,1
68.380317688,0.702206,-0.005972,-0.013963,-0.711812,1
68.385322571,0.702209,-0.005973,-0.013963,-0.711809,1
68.390327454,0.702213,-0.005972,-0.013965,-0.711805,1
68.395324707,0.702216,-0.005974,-0.013966,-0.711802,1
68.400314331,0.702219,-0.005973,-0.013965,-0.711799,1
68.405303955,0.702222,-0.005973,-0.013962,-0.711796,1
68.410293579,0.702225,-0.005973,-0.013962,-0.711793,1
68.415267944,0.702227,-0.005971,-0.013960,-0.711791,1
68.420242310,0.702229,-0.005972,-0.013961,-0.711789,1
68.425216675,0.702231,-0.005976,-0.013963,-0.711788,1
68.430183411,0.702233,-0.005976,-0.013962,-0.711785,1
68.435142517,0.702235,-0.005975,-0.013961,-0.711783,1
68.440185547,0.702237,-0.005972,-0.013961,-0.711781,1
68.445228577,0.702239,-0.005973,-0.013961,-0.711779,1
68.450256348,0.702242,-0.005972,-0.013960,-0.711776,1
68.455291748,0.702244,-0.005973,-0.013961,-0.711774,1
68.460311890,0.702246,-0.005976,-0.013959,-0.711773,1
68.465332031,0.702249,-0.005976,-0.013960,-0.711769,1
68.470344543,0.702252,-0.005977,-0.013959,-0.711767,1
68.475357056,0.702255,-0.005976,-0.013958,-0.711764,1
68.480361938,0.702258,-0.005976,-0.013958,-0.711761,1
68.485366821,0.702261,-0.005975,-0.013960,-0.711757,1
68.490364075,0.702265,-0.005973,-0.013961,-0.711754,1
68.495353699,0.702268,-0.005974,-0.013962,-0.711751,1
68.500343323,0.702272,-0.005974,-0.013964,-0.711747,1
68.505332947,0.702275,-0.005973,-0.013963,-0.711744,1
68.510307312,0.702280,-0.005975,-0.013964,-0.711739,1
68.515281677,0.702283,-0.005972,-0.013965,-0.711736,1
68.520256042,0.702286,-0.005974,-0.013966,-0.711733,1
68.525222778,0.702289,-0.005975,-0.013966,-0.711730,1
68.530181885,0.702293,-0.005974,-0.013965,-0.711726,1
68.535133362,0.702295,-0.005972,-0.013968,-0.711724,1
68.540176392,0.702298,-0.005971,-0.013968,-0.711721,1
68.545211792,0.702300,-0.005972,-0.013967,-0.711719,1
68.550239563,0.702302,-0.005973,-0.013966,-0.711717,1
68.555267334,0.702305,-0.005971,-0.013964,-0.711714,1
68.560287476,0.702307,-0.005972,-0.013964,-0.711712,1
68.565299988,0.702310,-0.005970,-0.013965,-0.711709,1
68.570320129,0.702314,-0.005972,-0.013966,-0.711705,1
68.575325012,0.702318,-0.005972,-0.013968,-0.711702,1
68.580329895,0.702320,-0.005971,-0.013967,-0.711699,1
68.585327148,0.702323,-0.005968,-0.013968,-0.711696,1
68.590324402,0.702326,-0.005967,-0.013966,-0.711693,1
68.595314026,0.702329,-0.005965,-0.013965,-0.711690,1
68.600288391,0.702333,-0.005965,-0.013966,-0.711687,1
68.605270386,0.702336,-0.005963,-0.013967,-0.711684,1
68.610252380,0.702339,-0.005960,-0.013967,-0.711681,1
68.615219116,0.702342,-0.005961,-0.013964,-0.711678,1
68.620185852,0.702344,-0.005959,-0.013963,-0.711675,1
68.625144958,0.702347,-0.005956,-0.013961,-0.711673,1
68.630104065,0.702350,-0.005959,-0.013961,-0.711670,1
68.635147095,0.702354,-0.005960,-0.013960,-0.711666,1
68.640174866,0.702357,-0.005959,-0.013958,-0.711663,1
68.645210266,0.702359,-0.005960,-0.013959,-0.711661,1
68.650230408,0.702362,-0.005961,-0.013960,-0.711658,1
68.655258179,0.702365,-0.005962,-0.013959,-0.711655,1
68.660270691,0.702367,-0.005960,-0.013958,-0.711653,1
68.665283203,0.702369,-0.005960,-0.013957,-0.711652,1
68.670288086,0.702371,-0.005962,-0.013958,-0.711649,1
68.675292969,0.702374,-0.005959,-0.013958,-0.711646,1
68.680290222,0.702377,-0.005958,-0.013956,-0.711643,1
68.685279846,0.702379,-0.005959,-0.013955,-0.711641,1
68.690269470,0.702381,-0.005960,-0.013955,-0.711640,1
68.695251465,0.702383,-0.005959,-0.013955,-0.711637,1
68.700233459,0.702387,-0.005956,-0.013956,-0.711634,1
68.705207825,0.702390,-0.005957,-0.013957,-0.711631,1
68.710182190,0.702391,-0.005959,-0.013958,-0.711629,1
68.715141296,0.702395,-0.005959,-0.013958,-0.711626,1
68.720100403,0.702397,-0.005960,-0.013957,-0.711623,1
68.725051880,0.702398,-0.005959,-0.013957,-0.711622,1
68.730094910,0.702400,-0.005959,-0.013960,-0.711620,1
68.735130310,0.702402,-0.005963,-0.013959,-0.711618,1
68.740158081,0.702404,-0.005963,-0.013959,-0.711616,1
68.745193481,0.702407,-0.005963,-0.013961,-0.711614,1
68.750213623,0.702410,-0.005962,-0.013960,-0.711611,1
68.755226135,0.702412,-0.005959,-0.013958,-0.711608,1
68.760238647,0.702415,-0.005960,-0.013958,-0.711606,1
68.765243530,0.702417,-0.005960,-0.013958,-0.711604,1
68.770248413,0.702420,-0.005961,-0.013958,-0.711601,1
68.775253296,0.702424,-0.005958,-0.013959,-0.711597,1
68.780242920,0.702427,-0.005956,-0.013958,-0.711594,1
68.785232544,0.702431,-0.005952,-0.013955,-0.711591,1
68.790222168,0.702433,-0.005953,-0.013955,-0.711588,1
68.795204163,0.702436,-0.005953,-0.013956,-0.711585,1
68.800178528,0.702438,-0.005952,-0.013955,-0.711583,1
68.805145264,0.702441,-0.005951,-0.013954,-0.711581,1
68.810119629,0.702444,-0.005951,-0.013955,-0.711577,1
68.815086365,0.702447,-0.005951,-0.013956,-0.711575,1
68.820045471,0.702450,-0.005951,-0.013954,-0.711572,1
68.825080872,0.702452,-0.005950,-0.013952,-0.711569,1
68.830116272,0.702454,-0.005949,-0.013952,-0.711568,1
68.835144043,0.702457,-0.005948,-0.013953,-0.711565,1
68.840171814,0.702459,-0.005950,-0.013954,-0.711562,1
68.845191956,0.702462,-0.005949,-0.013955,-0.711559,1
68.850212097,0.702464,-0.005949,-0.013953,-0.711558,1
68.855224609,0.702467,-0.005948,-0.013954,-0.711554,1
68.860229492,0.702471,-0.005946,-0.013956,-0.711551,1
68.865234375,0.702473,-0.005945,-0.013957,-0.711549,1
68.870231628,0.702476,-0.005945,-0.013957,-0.711546,1
68.875228882,0.702478,-0.005945,-0.013956,-0.711544,1
68.880218506,0.702480,-0.005945,-0.013956,-0.711541,1
68.885200500,0.702483,-0.005945,-0.013956,-0.711539,1
68.890182495,0.702485,-0.005948,-0.013955,-0.711537,1
68.895164490,0.702488,-0.005947,-0.013957,-0.711534,1
68.900123596,0.702491,-0.005948,-0.013956,-0.711531,1
68.905097961,0.702493,-0.005948,-0.013957,-0.711529,1
68.910057068,0.702495,-0.005948,-0.013954,-0.711527,1
68.915016174,0.702498,-0.005950,-0.013953,-0.711524,1
68.920059204,0.702501,-0.005949,-0.013954,-0.711522,1
68.925094604,0.702504,-0.005949,-0.013954,-0.711518,1
68.930122375,0.702507,-0.005949,-0.013952,-0.711515,1
68.935157776,0.702510,-0.005949,-0.013952,-0.711512,1
68.940177917,0.702512,-0.005947,-0.013953,-0.711511,1
68.945190430,0.702515,-0.005950,-0.013956,-0.711508,1
68.950202942,0.702517,-0.005950,-0.013960,-0.711506,1
68.955215454,0.702519,-0.005948,-0.013960,-0.711503,1
68.960220337,0.702523,-0.005948,-0.013960,-0.711500,1
68.965217590,0.702527,-0.005947,-0.013960,-0.711495,1
68.970214844,0.702531,-0.005945,-0.013959,-0.711492,1
68.975212097,0.702534,-0.005944,-0.013961,-0.711488,1
68.980201721,0.702537,-0.005942,-0.013959,-0.711485,1
68.985183716,0.702540,-0.005941,-0.013959,-0.711482,1
68.990158081,0.702544,-0.005940,-0.013962,-0.711479,1
68.995140076,0.702546,-0.005939,-0.013963,-0.711477,1
69.000099182,0.702549,-0.005938,-0.013961,-0.711473,1
69.005065918,0.702553,-0.005936,-0.013960,-0.711470,1
69.010032654,0.702555,-0.005936,-0.013960,-0.711468,1
69.015068054,0.702557,-0.005937,-0.013959,-0.711465,1
69.020103455,0.702560,-0.005938,-0.013961,-0.711463,1
69.025138855,0.702562,-0.005939,-0.013961,-0.711460,1
69.030166626,0.702566,-0.005940,-0.013961,-0.711456,1
69.035186768,0.702570,-0.005939,-0.013962,-0.711453,1
69.040206909,0.702573,-0.005940,-0.013962,-0.711450,1
69.045227051,0.702576,-0.005938,-0.013962,-0.711447,1
69.050231934,0.702578,-0.005937,-0.013962,-0.711445,1
69.055236816,0.702580,-0.005935,-0.013962,-0.711443,1
69.060234070,0.702583,-0.005935,-0.013965,-0.711440,1
69.065231323,0.702587,-0.005934,-0.013964,-0.711436,1
69.070220947,0.702590,-0.005932,-0.013962,-0.711433,1
69.075202942,0.702593,-0.005931,-0.013962,-0.711430,1
69.080184937,0.702596,-0.005931,-0.013962,-0.711428,1
69.085166931,0.702599,-0.005934,-0.013961,-0.711424,1
69.090141296,0.702601,-0.005936,-0.013963,-0.711422,1
69.095115662,0.702605,-0.005936,-0.013964,-0.711419,1
69.100074768,0.702608,-0.005938,-0.013962,-0.711416,1
69.105033875,0.702610,-0.005940,-0.013962,-0.711413,1
69.110069275,0.702613,-0.005938,-0.013963,-0.711411,1
69.115112305,0.702616,-0.005938,-0.013964,-0.711408,1
69.120147705,0.702619,-0.005940,-0.013966,-0.711405,1
69.125167847,0.702620,-0.005941,-0.013966,-0.711403,1
69.130195618,0.702622,-0.005938,-0.013968,-0.711401,1
69.135215759,0.702626,-0.005939,-0.013968,-0.711398,1
69.140228271,0.702629,-0.005940,-0.013968,-0.711394,1
69.145240784,0.702633,-0.005939,-0.013968,-0.711391,1
69.150245667,0.702635,-0.005939,-0.013968,-0.711388,1
69.155242920,0.702638,-0.005938,-0.013969,-0.711386,1
69.160240173,0.702641,-0.005937,-0.013971,-0.711383,1
69.165229797,0.702643,-0.005940,-0.013970,-0.711380,1
69.170219421,0.702648,-0.005939,-0.013969,-0.711376,1
69.175201416,0.702649,-0.005940,-0.013969,-0.711374,1
69.180175781,0.702652,-0.005943,-0.013970,-0.711371,1
69.185150146,0.702655,-0.005944,-0.013969,-0.711369,1
69.190116882,0.702658,-0.005943,-0.013970,-0.711366,1
69.195075989,0.702661,-0.005940,-0.013970,-0.711363,1
69.200042725,0.702663,-0.005939,-0.013971,-0.711361,1
69.205085754,0.702666,-0.005940,-0.013974,-0.711358,1
69.210121155,0.702669,-0.005943,-0.013974,-0.711355,1
69.215148926,0.702671,-0.005942,-0.013971,-0.711353,1
69.220176697,0.702674,-0.005943,-0.013972,-0.711350,1
69.225204468,0.702677,-0.005942,-0.013975,-0.711346,1
69.230224609,0.702680,-0.005943,-0.013974,-0.711344,1
69.235237122,0.702683,-0.005943,-0.013975,-0.711341,1
69.240249634,0.702686,-0.005943,-0.013977,-0.711338,1
69.245254517,0.702689,-0.005940,-0.013977,-0.711335,1
69.250251770,0.702692,-0.005940,-0.013978,-0.711332,1
69.255249023,0.702694,-0.005941,-0.013977,-0.711330,1
69.260246277,0.702696,-0.005941,-0.013976,-0.711328,1
69.265228271,0.702699,-0.005942,-0.013976,-0.711325,1
69.270210266,0.702702,-0.005943,-0.013976,-0.711322,1
69.275192261,0.702707,-0.005944,-0.013978,-0.711317,1
69.280158997,0.702709,-0.005943,-0.013978,-0.711315,1
69.285133362,0.702712,-0.005943,-0.013977,-0.711313,1
69.290100098,0.702714,-0.005941,-0.013977,-0.711310,1
69.295051575,0.702716,-0.005944,-0.013976,-0.711308,1
69.300102234,0.702719,-0.005945,-0.013975,-0.711305,1
69.305137634,0.702721,-0.005944,-0.013974,-0.711303,1
69.310165405,0.702725,-0.005942,-0.013975,-0.711300,1
69.315200806,0.702728,-0.005942,-0.013978,-0.711296,1
69.320220947,0.702731,-0.005944,-0.013978,-0.711294,1
69.325241089,0.702736,-0.005944,-0.013977,-0.711289,1
69.330253601,0.702739,-0.005945,-0.013980,-0.711286,1
69.335266113,0.702742,-0.005944,-0.013979,-0.711283,1
69.340270996,0.702745,-0.005942,-0.013982,-0.711279,1
69.345268250,0.702747,-0.005941,-0.013984,-0.711277,1
69.350265503,0.702749,-0.005942,-0.013987,-0.711275,1
69.355262756,0.702752,-0.005940,-0.013988,-0.711272,1
69.360244751,0.702754,-0.005942,-0.013986,-0.711271,1
69.365234375,0.702755,-0.005942,-0.013985,-0.711270,1
69.370208740,0.702757,-0.005943,-0.013986,-0.711268,1
69.375183105,0.702759,-0.005944,-0.013986,-0.711265,1
69.380149841,0.702762,-0.005945,-0.013985,-0.711262,1
69.385124207,0.702765,-0.005945,-0.013987,-0.711260,1
69.390090942,0.702767,-0.005945,-0.013987,-0.711258,1
69.395126343,0.702769,-0.005944,-0.013990,-0.711256,1
69.400169373,0.702772,-0.005941,-0.013993,-0.711253,1
69.405204773,0.702775,-0.005941,-0.013992,-0.711249,1
69.410224915,0.702776,-0.005942,-0.013993,-0.711248,1
69.415252686,0.702780,-0.005942,-0.013993,-0.711245,1
69.420280457,0.702783,-0.005939,-0.013995,-0.711242,1
69.425292969,0.702786,-0.005939,-0.013997,-0.711239,1
69.430297852,0.702789,-0.005940,-0.013997,-0.711236,1
69.435302734,0.702792,-0.005941,-0.013998,-0.711233,1
69.440307617,0.702794,-0.005942,-0.013997,-0.711231,1
69.445304871,0.702797,-0.005943,-0.013993,-0.711228,1
69.450302124,0.702800,-0.005942,-0.013992,-0.711225,1
69.455291748,0.702803,-0.005944,-0.013990,-0.711222,1
69.460273743,0.702806,-0.005944,-0.013990,-0.711219,1
69.465248108,0.702809,-0.005943,-0.013990,-0.711216,1
69.470222473,0.702812,-0.005943,-0.013989,-0.711213,1
69.475196838,0.702816,-0.005941,-0.013988,-0.711210,1
69.480163574,0.702820,-0.005941,-0.013987,-0.711205,1
69.485115051,0.702824,-0.005940,-0.013985,-0.711202,1
69.490165710,0.702827,-0.005942,-0.013984,-0.711198,1
69.495201111,0.702829,-0.005944,-0.013985,-0.711196,1
69.500228882,0.702831,-0.005947,-0.013986,-0.711194,1
69.505264282,0.702834,-0.005945,-0.013985,-0.711192,1
69.510292053,0.702837,-0.005945,-0.013986,-0.711188,1
69.515304565,0.702840,-0.005946,-0.013986,-0.711186,1
69.520324707,0.702843,-0.005948,-0.013985,-0.711183,1
69.525329590,0.702846,-0.005948,-0.013988,-0.711179,1
69.530334473,0.702848,-0.005947,-0.013990,-0.711177,1
69.535339355,0.702851,-0.005946,-0.013991,-0.711175,1
69.540336609,0.702854,-0.005947,-0.013989,-0.711171,1
69.545333862,0.702858,-0.005946,-0.013991,-0.711168,1
69.550323486,0.702861,-0.005945,-0.013990,-0.711165,1
69.555305481,0.702863,-0.005945,-0.013988,-0.711163,1
69.560287476,0.702867,-0.005944,-0.013987,-0.711159,1
69.565269470,0.702872,-0.005944,-0.013989,-0.711154,1
69.570228577,0.702875,-0.005944,-0.013988,-0.711151,1
69.575195312,0.702878,-0.005944,-0.013986,-0.711148,1
69.580162048,0.702880,-0.005945,-0.013984,-0.711146,1
69.585205078,0.702883,-0.005946,-0.013984,-0.711143,1
69.590248108,0.702886,-0.005947,-0.013983,-0.711141,1
69.595275879,0.702889,-0.005946,-0.013982,-0.711137,1
69.600303650,0.702892,-0.005945,-0.013983,-0.711134,1
69.605323792,0.702896,-0.005943,-0.013982,-0.711131,1
69.610351562,0.702898,-0.005941,-0.013985,-0.711128,1
69.615364075,0.702901,-0.005938,-0.013985,-0.711125,1
69.620376587,0.702904,-0.005941,-0.013986,-0.711122,1
69.625381470,0.702906,-0.005941,-0.013986,-0.711120,1
69.630386353,0.702909,-0.005942,-0.013986,-0.711117,1
69.635383606,0.702912,-0.005943,-0.013984,-0.711115,1
69.640373230,0.702913,-0.005944,-0.013984,-0.711113,1
69.645362854,0.702917,-0.005943,-0.013984,-0.711110,1
69.650352478,0.702919,-0.005943,-0.013984,-0.711107,1
69.655334473,0.702922,-0.005943,-0.013983,-0.711105,1
69.660301208,0.702924,-0.005943,-0.013984,-0.711103,1
69.665275574,0.702926,-0.005944,-0.013986,-0.711100,1
69.670242310,0.702930,-0.005944,-0.013985,-0.711097,1
69.675193787,0.702933,-0.005942,-0.013983,-0.711094,1
69.680244446,0.702936,-0.005942,-0.013984,-0.711091,1
69.685279846,0.702938,-0.005942,-0.013985,-0.711089,1
69.690315247,0.702941,-0.005942,-0.013986,-0.711086,1
69.695350647,0.702945,-0.005941,-0.013985,-0.711082,1
69.700370789,0.702948,-0.005943,-0.013985,-0.711079,1
69.705390930,0.702951,-0.005945,-0.013985,-0.711076,1
69.710403442,0.702954,-0.005944,-0.013985,-0.711073,1
69.715415955,0.702958,-0.005943,-0.013986,-0.711069,1
69.720420837,0.702962,-0.005945,-0.013986,-0.711065,1
69.725433350,0.702965,-0.005945,-0.013985,-0.711062,1
69.730430603,0.702968,-0.005943,-0.013985,-0.711059,1
69.735420227,0.702971,-0.005941,-0.013987,-0.711056,1
69.740409851,0.702974,-0.005941,-0.013983,-0.711054,1
69.745399475,0.702976,-0.005941,-0.013986,-0.711051,1
69.750381470,0.702979,-0.005941,-0.013983,-0.711048,1
69.755355835,0.702981,-0.005941,-0.013984,-0.711047,1
69.760330200,0.702986,-0.005941,-0.013985,-0.711042,1
69.765289307,0.702989,-0.005939,-0.013986,-0.711039,1
69.770256042,0.702992,-0.005937,-0.013986,-0.711036,1
69.775215149,0.702994,-0.005938,-0.013985,-0.711034,1
69.780250549,0.702997,-0.005940,-0.013982,-0.711030,1
69.785278320,0.703001,-0.005939,-0.013982,-0.711027,1
69.790313721,0.703003,-0.005940,-0.013985,-0.711025,1
69.795341492,0.703005,-0.005942,-0.013987,-0.711023,1
69.800361633,0.703007,-0.005944,-0.013986,-0.711021,1
69.805374146,0.703012,-0.005945,-0.013983,-0.711016,1
69.810386658,0.703014,-0.005943,-0.013981,-0.711014,1
69.815391541,0.703017,-0.005943,-0.013978,-0.711011,1
69.820396423,0.703021,-0.005941,-0.013980,-0.711007,1
69.825393677,0.703024,-0.005944,-0.013980,-0.711004,1
69.830383301,0.703027,-0.005941,-0.013979,-0.711001,1
69.835372925,0.703031,-0.005943,-0.013980,-0.710997,1
69.840354919,0.703033,-0.005945,-0.013982,-0.710995,1
69.845336914,0.703035,-0.005944,-0.013980,-0.710993,1
69.850318909,0.703039,-0.005946,-0.013980,-0.710989,1
69.855278015,0.703041,-0.005945,-0.013979,-0.710987,1
69.860244751,0.703044,-0.005945,-0.013980,-0.710984,1
69.865211487,0.703045,-0.005946,-0.013978,-0.710983,1
69.870162964,0.703047,-0.005944,-0.013980,-0.710981,1
69.875205994,0.703050,-0.005947,-0.013981,-0.710978,1
69.880241394,0.703054,-0.005946,-0.013982,-0.710975,1
69.885269165,0.703057,-0.005943,-0.013979,-0.710971,1
69.890296936,0.703061,-0.005943,-0.013981,-0.710967,1
69.895317078,0.703064,-0.005946,-0.013983,-0.710964,1
69.900329590,0.703067,-0.005948,-0.013982,-0.710961,1
69.905342102,0.703070,-0.005946,-0.013983,-0.710958,1
69.910354614,0.703071,-0.005950,-0.013981,-0.710957,1
69.915351868,0.703075,-0.005950,-0.013981,-0.710954,1
69.920349121,0.703076,-0.005948,-0.013980,-0.710952,1
69.925346375,0.703079,-0.005949,-0.013980,-0.710949,1
69.930335999,0.703083,-0.005948,-0.013978,-0.710946,1
69.935317993,0.703085,-0.005948,-0.013978,-0.710943,1
69.940299988,0.703086,-0.005948,-0.013979,-0.710942,1
69.945266724,0.703088,-0.005949,-0.013980,-0.710941,1
69.950241089,0.703091,-0.005950,-0.013979,-0.710937,1
69.955207825,0.703093,-0.005946,-0.013983,-0.710935,1
69.960174561,0.703096,-0.005945,-0.013985,-0.710932,1
69.965126038,0.703100,-0.005945,-0.013985,-0.710929,1
69.970169067,0.703104,-0.005943,-0.013983,-0.710924,1
69.975204468,0.703107,-0.005943,-0.013980,-0.710921,1
69.980232239,0.703111,-0.005943,-0.013982,-0.710918,1
69.985252380,0.703115,-0.005942,-0.013983,-0.710914,1
69.990280151,0.703117,-0.005941,-0.013983,-0.710912,1
69.995292664,0.703121,-0.005940,-0.013984,-0.710907,1
70.000305176,0.703124,-0.005936,-0.013985,-0.710905,1
70.005310059,0.703127,-0.005937,-0.013986,-0.710902,1
70.010314941,0.703130,-0.005937,-0.013988,-0.710899,1
70.015312195,0.703133,-0.005937,-0.013987,-0.710896,1
70.020309448,0.703136,-0.005938,-0.013987,-0.710893,1
70.025299072,0.703139,-0.005938,-0.013987,-0.710890,1
70.030288696,0.703142,-0.005935,-0.013988,-0.710887,1
70.035270691,0.703144,-0.005935,-0.013988,-0.710885,1
70.040237427,0.703146,-0.005935,-0.013989,-0.710883,1
70.045211792,0.703148,-0.005936,-0.013990,-0.710881,1
70.050178528,0.703151,-0.005935,-0.013988,-0.710878,1
70.055130005,0.703154,-0.005934,-0.013987,-0.710875,1
70.060096741,0.703156,-0.005936,-0.013986,-0.710873,1
70.065132141,0.703159,-0.005936,-0.013987,-0.710870,1
70.070175171,0.703163,-0.005937,-0.013987,-0.710866,1
70.075202942,0.703166,-0.005936,-0.013988,-0.710863,1
70.080223083,0.703169,-0.005937,-0.013986,-0.710861,1
70.085243225,0.703171,-0.005936,-0.013986,-0.710858,1
70.090263367,0.703173,-0.005936,-0.013985,-0.710857,1
70.095275879,0.703175,-0.005934,-0.013985,-0.710854,1
70.100288391,0.703179,-0.005935,-0.013984,-0.710850,1
70.105285645,0.703182,-0.005938,-0.013985,-0.710847,1
70.110282898,0.703184,-0.005937,-0.013986,-0.710845,1
70.115280151,0.703186,-0.005939,-0.013986,-0.710844,1
70.120269775,0.703189,-0.005940,-0.013985,-0.710841,1
70.125251770,0.703192,-0.005939,-0.013986,-0.710837,1
70.130226135,0.703195,-0.005939,-0.013988,-0.710834,1
70.135200500,0.703198,-0.005936,-0.013986,-0.710831,1
70.140174866,0.703202,-0.005937,-0.013985,-0.710828,1
70.145141602,0.703205,-0.005938,-0.013985,-0.710825,1
